Account_ID,Customer_ID,Branch_ID,Account_Type,Open_Date,Balance,Account_Status
ACC000001,CUST00001,BR008,Savings,2024-01-11,78571.44,Active
ACC000002,CUST00002,BR013,Savings,2024-01-30,323020.19,Inactive
ACC000003,CUST00003,BR025,Savings,2023-08-02,277118.46,Active
ACC000004,CUST00004,BR045,Savings,2017-09-16,12012.60,Active
ACC000005,CUST00005,BR011,Savings,2023-09-27,6541.51,Active
ACC000006,CUST00006,BR015,Fixed Deposit,2022-07-29,722121.14,Active
ACC000007,CUST00007,BR014,Savings,2023-03-13,8282.92,Dormant
ACC000008,CUST00008,BR035,Savings,2021-11-12,11245.15,Active
ACC000009,CUST00009,BR033,Current,2020-06-11,44544.27,Active
ACC000010,CUST00010,BR028,Current,2020-04-24,107071.89,Active
ACC000011,CUST00011,BR001,Savings,2023-12-18,55932.28,Inactive
ACC000012,CUST00012,BR008,Savings,2022-07-10,22288.03,Active
ACC000013,CUST00013,BR049,Salary,2022-03-21,339488.35,Dormant
ACC000014,CUST00014,BR013,Salary,2023-05-10,241668.42,Active
ACC000015,CUST00015,BR021,Savings,2022-06-29,587935.69,Active
ACC000016,CUST00016,BR037,Fixed Deposit,2022-09-16,847295.54,Active
ACC000017,CUST00017,BR043,Current,2023-08-15,145492.07,Inactive
ACC000018,CUST00018,BR049,Salary,2024-05-26,77186.89,Active
ACC000019,CUST00019,BR034,Savings,2018-05-14,11127.15,Dormant
ACC000020,CUST00020,BR038,Savings,2023-11-23,7596.49,Active
ACC000021,CUST00021,BR005,Savings,2023-05-25,20296.24,Inactive
ACC000022,CUST00022,BR037,Savings,2023-05-03,594543.41,Active
ACC000023,CUST00023,BR028,Savings,2024-02-14,18964.87,Active
ACC000024,CUST00024,BR007,Savings,2021-07-04,14957.46,Active
ACC000025,CUST00025,BR035,Salary,2023-07-23,282196.27,Active
ACC000026,CUST00026,BR007,Current,2023-06-15,423155.38,Active
ACC000027,CUST00027,BR027,Savings,2021-09-21,1108491.64,Active
ACC000028,CUST00028,BR017,Salary,2022-11-15,195507.19,Active
ACC000029,CUST00029,BR046,Savings,2022-02-07,1902800.81,Inactive
ACC000030,CUST00030,BR004,Fixed Deposit,2016-09-03,1888391.26,Active
ACC000031,CUST00031,BR033,Savings,2020-06-06,453545.13,Dormant
ACC000032,CUST00032,BR037,Fixed Deposit,2015-08-23,819633.43,Active
ACC000033,CUST00033,BR034,Savings,2024-02-24,69227.25,Active
ACC000034,CUST00034,BR009,Savings,2023-02-12,950940.24,Active
ACC000035,CUST00035,BR040,Savings,2016-04-16,53254.43,Dormant
ACC000036,CUST00036,BR005,Savings,2021-05-05,354761.45,Active
ACC000037,CUST00037,BR042,Savings,2021-07-05,848210.32,Dormant
ACC000038,CUST00038,BR008,Savings,2022-03-14,24653.79,Dormant
ACC000039,CUST00039,BR014,Current,2023-12-14,130389.58,Active
ACC000040,CUST00040,BR028,Savings,2018-09-28,23603.56,Dormant
ACC000041,CUST00041,BR048,Current,2020-10-09,145508.87,Active
ACC000042,CUST00042,BR035,Savings,2023-03-10,135416.87,Inactive
ACC000043,CUST00043,BR024,Salary,2019-06-30,212053.13,Dormant
ACC000044,CUST00044,BR007,Savings,2019-11-17,2033758.23,Inactive
ACC000045,CUST00045,BR012,Savings,2021-08-14,129479.60,Active
ACC000046,CUST00046,BR018,Current,2019-05-09,368518.20,Active
ACC000047,CUST00047,BR030,Savings,2024-06-08,83096.72,Active
ACC000048,CUST00048,BR026,Savings,2017-05-27,4876245.45,Active
ACC000049,CUST00049,BR026,Savings,2022-03-10,125773.11,Active
ACC000050,CUST00050,BR038,Savings,2022-02-26,4450454.99,Active
ACC000051,CUST00051,BR033,Savings,2021-07-03,79347.35,Active
ACC000052,CUST00052,BR034,Savings,2023-10-16,19094.55,Active
ACC000053,CUST00053,BR024,Savings,2023-04-08,3207.15,Active
ACC000054,CUST00054,BR047,Current,2019-10-28,1970812.22,Active
ACC000055,CUST00055,BR036,Savings,2022-10-06,104604.95,Active
ACC000056,CUST00056,BR037,Savings,2024-04-23,19412.96,Active
ACC000057,CUST00057,BR042,Savings,2022-04-19,70600.20,Active
ACC000058,CUST00058,BR043,Savings,2022-10-02,307575.99,Inactive
ACC000059,CUST00059,BR020,Savings,2017-09-30,3249.42,Active
ACC000060,CUST00060,BR030,Fixed Deposit,2023-07-05,1773060.52,Dormant
ACC000061,CUST00061,BR016,Savings,2015-12-21,17278.73,Active
ACC000062,CUST00062,BR012,Savings,2023-08-03,103005.61,Active
ACC000063,CUST00063,BR009,Savings,2021-08-21,1108318.29,Active
ACC000064,CUST00064,BR047,Savings,2024-04-01,2722792.55,Active
ACC000065,CUST00065,BR017,Savings,2022-08-09,18636.33,Active
ACC000066,CUST00066,BR016,Salary,2024-03-02,156662.15,Active
ACC000067,CUST00067,BR006,Fixed Deposit,2020-06-08,915154.80,Dormant
ACC000068,CUST00068,BR027,Salary,2023-09-01,95975.72,Active
ACC000069,CUST00069,BR002,Current,2023-09-17,351672.49,Active
ACC000070,CUST00070,BR027,Savings,2021-02-24,6417.29,Dormant
ACC000071,CUST00071,BR028,Savings,2019-10-08,12614.65,Active
ACC000072,CUST00072,BR009,Savings,2022-05-27,36309.28,Dormant
ACC000073,CUST00073,BR028,Savings,2019-10-12,83766.08,Active
ACC000074,CUST00074,BR021,Savings,2022-06-11,3467.98,Active
ACC000075,CUST00075,BR002,Salary,2022-12-23,24751.51,Dormant
ACC000076,CUST00076,BR049,Savings,2018-11-25,21591.41,Active
ACC000077,CUST00077,BR031,Savings,2018-03-23,21232.97,Inactive
ACC000078,CUST00078,BR039,Fixed Deposit,2023-06-17,585763.56,Active
ACC000079,CUST00079,BR002,Savings,2022-10-08,16817.08,Active
ACC000080,CUST00080,BR005,Savings,2023-06-20,31851.77,Active
ACC000081,CUST00081,BR039,Savings,2023-03-30,16107.78,Active
ACC000082,CUST00082,BR024,Salary,2024-05-18,103885.39,Active
ACC000083,CUST00083,BR024,Savings,2024-06-04,37318.69,Active
ACC000084,CUST00084,BR042,Savings,2021-03-23,452392.27,Dormant
ACC000085,CUST00085,BR018,Fixed Deposit,2023-04-18,253240.25,Active
ACC000086,CUST00086,BR040,Current,2018-07-31,632839.53,Active
ACC000087,CUST00087,BR023,Fixed Deposit,2024-03-24,1217312.10,Active
ACC000088,CUST00088,BR034,Current,2024-04-10,594925.37,Active
ACC000089,CUST00089,BR031,Savings,2024-04-26,14118.42,Active
ACC000090,CUST00090,BR045,Current,2024-04-05,473901.01,Active
ACC000091,CUST00091,BR048,Fixed Deposit,2024-03-12,534788.31,Dormant
ACC000092,CUST00092,BR047,Savings,2024-04-05,314048.53,Active
ACC000093,CUST00093,BR014,Current,2024-04-20,112798.40,Active
ACC000094,CUST00094,BR007,Salary,2019-12-14,168450.06,Active
ACC000095,CUST00095,BR009,Fixed Deposit,2016-11-27,1060762.19,Inactive
ACC000096,CUST00096,BR007,Savings,2023-03-17,8179.31,Active
ACC000097,CUST00097,BR017,Savings,2019-08-29,96314.66,Active
ACC000098,CUST00098,BR004,Savings,2024-02-22,143290.78,Active
ACC000099,CUST00099,BR049,Savings,2024-03-01,23617.88,Inactive
ACC000100,CUST00100,BR029,Savings,2022-07-18,136492.45,Active
ACC000101,CUST00101,BR049,Savings,2020-03-22,40342.27,Active
ACC000102,CUST00102,BR005,Current,2023-02-28,43565.01,Active
ACC000103,CUST00103,BR019,Savings,2022-04-12,152424.62,Active
ACC000104,CUST00104,BR043,Fixed Deposit,2022-03-04,290408.45,Active
ACC000105,CUST00105,BR010,Current,2024-05-18,39515.90,Active
ACC000106,CUST00106,BR008,Savings,2024-03-26,50193.77,Active
ACC000107,CUST00107,BR029,Savings,2024-03-29,4328.32,Active
ACC000108,CUST00108,BR015,Savings,2022-10-15,22616.81,Active
ACC000109,CUST00109,BR037,Savings,2017-07-12,1852519.64,Active
ACC000110,CUST00110,BR038,Savings,2024-02-09,25273.23,Dormant
ACC000111,CUST00111,BR021,Savings,2023-08-10,61922.92,Active
ACC000112,CUST00112,BR026,Savings,2017-11-27,593389.30,Active
ACC000113,CUST00113,BR050,Savings,2015-12-19,7505.13,Active
ACC000114,CUST00114,BR013,Savings,2023-07-11,12934.75,Active
ACC000115,CUST00115,BR018,Savings,2021-05-10,1003130.66,Active
ACC000116,CUST00116,BR041,Savings,2023-04-25,1101666.26,Active
ACC000117,CUST00117,BR006,Salary,2021-08-04,25435.90,Active
ACC000118,CUST00118,BR046,Savings,2019-03-29,703131.21,Active
ACC000119,CUST00119,BR036,Savings,2022-03-13,143732.74,Active
ACC000120,CUST00120,BR022,Savings,2018-08-08,13864.88,Active
ACC000121,CUST00121,BR038,Current,2017-07-02,697592.54,Active
ACC000122,CUST00122,BR049,Savings,2020-10-27,832524.23,Active
ACC000123,CUST00123,BR015,Savings,2024-05-19,6803.90,Active
ACC000124,CUST00124,BR043,Savings,2017-01-20,1182883.56,Active
ACC000125,CUST00125,BR022,Savings,2022-10-13,13932.04,Active
ACC000126,CUST00126,BR027,Salary,2017-01-14,235373.58,Active
ACC000127,CUST00127,BR026,Savings,2021-04-15,996270.70,Active
ACC000128,CUST00128,BR046,Savings,2024-05-20,120470.81,Active
ACC000129,CUST00129,BR019,Savings,2021-12-12,487183.66,Active
ACC000130,CUST00130,BR029,Current,2020-04-29,2339543.15,Active
ACC000131,CUST00131,BR028,Current,2023-05-02,112263.09,Active
ACC000132,CUST00132,BR040,Current,2022-12-03,149862.45,Active
ACC000133,CUST00133,BR041,Savings,2023-03-01,13271.71,Dormant
ACC000134,CUST00134,BR011,Savings,2019-09-28,26052.66,Active
ACC000135,CUST00135,BR017,Savings,2018-04-29,20647.26,Active
ACC000136,CUST00136,BR037,Savings,2022-12-20,125806.37,Active
ACC000137,CUST00137,BR037,Savings,2023-12-15,406026.15,Active
ACC000138,CUST00138,BR050,Savings,2024-04-15,23735.57,Active
ACC000139,CUST00139,BR044,Savings,2023-08-18,16358.25,Active
ACC000140,CUST00140,BR042,Current,2022-08-13,579931.37,Active
ACC000141,CUST00141,BR019,Current,2020-07-26,786029.83,Inactive
ACC000142,CUST00142,BR018,Savings,2021-11-16,3344151.70,Active
ACC000143,CUST00143,BR030,Salary,2022-07-18,95921.27,Active
ACC000144,CUST00144,BR024,Savings,2018-09-07,5540083.48,Active
ACC000145,CUST00145,BR048,Fixed Deposit,2023-01-02,685370.09,Dormant
ACC000146,CUST00146,BR031,Salary,2022-11-13,8318.82,Active
ACC000147,CUST00147,BR041,Savings,2023-12-19,16857.74,Active
ACC000148,CUST00148,BR003,Savings,2019-03-10,34804.79,Active
ACC000149,CUST00149,BR024,Savings,2024-02-25,4968946.17,Active
ACC000150,CUST00150,BR027,Savings,2021-12-06,2127.82,Inactive
ACC000151,CUST00151,BR014,Savings,2021-09-02,82745.25,Dormant
ACC000152,CUST00152,BR042,Savings,2022-02-22,11344.63,Active
ACC000153,CUST00153,BR014,Savings,2016-09-30,9273.88,Dormant
ACC000154,CUST00154,BR014,Current,2021-08-29,1431361.73,Inactive
ACC000155,CUST00155,BR039,Savings,2024-04-05,17131.13,Active
ACC000156,CUST00156,BR043,Savings,2016-05-20,9778.56,Dormant
ACC000157,CUST00157,BR012,Savings,2024-03-15,1146875.79,Inactive
ACC000158,CUST00158,BR029,Salary,2022-03-23,220915.99,Active
ACC000159,CUST00159,BR047,Salary,2022-10-29,246703.06,Active
ACC000160,CUST00160,BR031,Savings,2023-10-27,45270.17,Active
ACC000161,CUST00161,BR021,Fixed Deposit,2019-07-13,790462.72,Inactive
ACC000162,CUST00162,BR025,Savings,2024-05-09,88134.53,Active
ACC000163,CUST00163,BR042,Fixed Deposit,2024-03-22,494464.06,Active
ACC000164,CUST00164,BR027,Salary,2024-04-09,280665.63,Active
ACC000165,CUST00165,BR043,Salary,2023-10-22,48813.35,Active
ACC000166,CUST00166,BR006,Salary,2024-04-13,210515.37,Active
ACC000167,CUST00167,BR036,Salary,2021-07-02,263117.33,Active
ACC000168,CUST00168,BR019,Fixed Deposit,2017-03-13,1449291.08,Active
ACC000169,CUST00169,BR015,Fixed Deposit,2022-12-01,1944247.76,Active
ACC000170,CUST00170,BR028,Savings,2023-08-12,63692.01,Inactive
ACC000171,CUST00171,BR002,Savings,2024-05-26,118597.01,Active
ACC000172,CUST00172,BR022,Current,2021-12-13,460972.07,Dormant
ACC000173,CUST00173,BR002,Savings,2020-04-08,21635.11,Active
ACC000174,CUST00174,BR020,Salary,2023-05-01,43472.63,Active
ACC000175,CUST00175,BR004,Salary,2022-07-07,47303.66,Active
ACC000176,CUST00176,BR018,Salary,2022-09-08,158996.59,Dormant
ACC000177,CUST00177,BR038,Savings,2023-08-04,111775.00,Active
ACC000178,CUST00178,BR014,Current,2024-02-12,695092.43,Active
ACC000179,CUST00179,BR001,Savings,2021-11-06,1124766.87,Inactive
ACC000180,CUST00180,BR036,Salary,2021-06-24,114902.81,Active
ACC000181,CUST00181,BR030,Savings,2022-09-18,79508.90,Inactive
ACC000182,CUST00182,BR027,Savings,2022-08-26,617599.43,Active
ACC000183,CUST00183,BR024,Savings,2020-03-03,20514.05,Active
ACC000184,CUST00184,BR026,Fixed Deposit,2019-01-04,1409563.60,Active
ACC000185,CUST00185,BR041,Savings,2020-05-03,60271.79,Active
ACC000186,CUST00186,BR010,Savings,2021-07-02,811426.86,Active
ACC000187,CUST00187,BR012,Fixed Deposit,2023-04-14,574719.21,Active
ACC000188,CUST00188,BR037,Current,2023-12-29,4286262.88,Inactive
ACC000189,CUST00189,BR005,Savings,2022-03-10,17866.51,Active
ACC000190,CUST00190,BR005,Fixed Deposit,2024-03-04,69235.53,Dormant
ACC000191,CUST00191,BR040,Savings,2024-04-20,90996.53,Active
ACC000192,CUST00192,BR042,Current,2023-06-15,2854693.37,Active
ACC000193,CUST00193,BR046,Current,2024-03-02,680989.26,Inactive
ACC000194,CUST00194,BR034,Salary,2022-03-18,15733.88,Active
ACC000195,CUST00195,BR039,Salary,2023-06-24,240063.64,Active
ACC000196,CUST00196,BR025,Savings,2022-11-05,16752.77,Active
ACC000197,CUST00197,BR038,Savings,2024-04-22,13084.76,Dormant
ACC000198,CUST00198,BR009,Salary,2021-03-09,239863.30,Active
ACC000199,CUST00199,BR043,Savings,2023-12-22,4441.93,Active
ACC000200,CUST00200,BR028,Fixed Deposit,2021-06-20,1184786.74,Active
ACC000201,CUST00201,BR015,Salary,2023-08-06,281971.93,Active
ACC000202,CUST00202,BR003,Current,2024-01-28,402328.13,Dormant
ACC000203,CUST00203,BR012,Savings,2023-05-08,16372.29,Active
ACC000204,CUST00204,BR027,Savings,2021-02-11,97439.65,Active
ACC000205,CUST00205,BR015,Savings,2024-05-26,15207.02,Active
ACC000206,CUST00206,BR029,Savings,2024-04-04,17473.03,Active
ACC000207,CUST00207,BR039,Savings,2018-12-14,57855.30,Dormant
ACC000208,CUST00208,BR008,Fixed Deposit,2017-11-08,563176.94,Active
ACC000209,CUST00209,BR015,Savings,2019-06-16,24477.55,Active
ACC000210,CUST00210,BR024,Fixed Deposit,2022-09-03,1906498.55,Inactive
ACC000211,CUST00211,BR022,Current,2022-09-04,2923645.43,Active
ACC000212,CUST00212,BR029,Savings,2018-03-21,4780089.67,Active
ACC000213,CUST00213,BR034,Savings,2021-08-05,84255.60,Active
ACC000214,CUST00214,BR041,Savings,2018-06-08,338276.15,Active
ACC000215,CUST00215,BR041,Fixed Deposit,2023-08-19,1637341.33,Inactive
ACC000216,CUST00216,BR016,Savings,2022-07-31,66250.82,Active
ACC000217,CUST00217,BR035,Savings,2024-05-12,109446.70,Inactive
ACC000218,CUST00218,BR025,Fixed Deposit,2023-03-29,949665.68,Dormant
ACC000219,CUST00219,BR041,Savings,2023-08-01,702824.18,Active
ACC000220,CUST00220,BR022,Salary,2024-06-22,338795.43,Dormant
ACC000221,CUST00221,BR009,Savings,2022-11-12,13042.92,Active
ACC000222,CUST00222,BR021,Savings,2021-08-05,132116.26,Inactive
ACC000223,CUST00223,BR049,Savings,2023-09-07,37541.49,Active
ACC000224,CUST00224,BR008,Savings,2021-02-01,2464.32,Active
ACC000225,CUST00225,BR045,Savings,2024-06-25,3390676.23,Active
ACC000226,CUST00226,BR028,Savings,2021-12-07,37461.31,Active
ACC000227,CUST00227,BR043,Savings,2022-05-06,10510.73,Active
ACC000228,CUST00228,BR029,Savings,2021-01-09,11100.34,Active
ACC000229,CUST00229,BR005,Current,2023-02-18,192642.96,Active
ACC000230,CUST00230,BR010,Savings,2024-05-23,10267.59,Active
ACC000231,CUST00231,BR024,Current,2023-11-09,288498.46,Active
ACC000232,CUST00232,BR024,Savings,2021-06-19,4247.25,Active
ACC000233,CUST00233,BR018,Fixed Deposit,2017-01-28,1901128.89,Active
ACC000234,CUST00234,BR008,Savings,2022-11-23,51089.51,Inactive
ACC000235,CUST00235,BR013,Fixed Deposit,2016-06-04,383588.13,Active
ACC000236,CUST00236,BR021,Salary,2018-10-06,91095.18,Active
ACC000237,CUST00237,BR041,Salary,2023-05-06,33793.84,Active
ACC000238,CUST00238,BR002,Fixed Deposit,2019-04-27,1915865.79,Active
ACC000239,CUST00239,BR005,Savings,2023-12-04,19166.28,Inactive
ACC000240,CUST00240,BR005,Savings,2022-08-17,350067.82,Dormant
ACC000241,CUST00241,BR009,Fixed Deposit,2023-08-20,863421.55,Active
ACC000242,CUST00242,BR033,Savings,2022-01-09,21381.63,Active
ACC000243,CUST00243,BR046,Savings,2022-07-22,11216.36,Inactive
ACC000244,CUST00244,BR036,Salary,2023-11-30,121440.81,Active
ACC000245,CUST00245,BR038,Salary,2024-06-16,183786.86,Dormant
ACC000246,CUST00246,BR002,Salary,2022-07-01,278700.38,Active
ACC000247,CUST00247,BR027,Savings,2021-02-15,71136.75,Active
ACC000248,CUST00248,BR031,Savings,2024-01-20,666499.77,Active
ACC000249,CUST00249,BR011,Salary,2021-09-05,98436.95,Active
ACC000250,CUST00250,BR047,Savings,2021-02-23,22841.15,Active
ACC000251,CUST00251,BR021,Current,2023-07-15,162208.50,Active
ACC000252,CUST00252,BR025,Savings,2019-03-04,840822.41,Inactive
ACC000253,CUST00253,BR013,Savings,2024-03-26,80530.64,Active
ACC000254,CUST00254,BR026,Savings,2017-10-05,12241.56,Inactive
ACC000255,CUST00255,BR032,Savings,2023-01-29,7059.15,Dormant
ACC000256,CUST00256,BR028,Savings,2024-03-10,414154.13,Active
ACC000257,CUST00257,BR004,Savings,2023-07-13,13369.22,Active
ACC000258,CUST00258,BR049,Current,2023-06-29,153538.80,Active
ACC000259,CUST00259,BR024,Savings,2022-11-05,70323.70,Dormant
ACC000260,CUST00260,BR033,Savings,2016-01-08,11969.78,Active
ACC000261,CUST00261,BR030,Savings,2022-01-31,133016.84,Active
ACC000262,CUST00262,BR040,Savings,2022-07-18,12406.93,Inactive
ACC000263,CUST00263,BR020,Fixed Deposit,2021-09-23,1827604.12,Active
ACC000264,CUST00264,BR047,Salary,2015-11-28,313880.99,Active
ACC000265,CUST00265,BR015,Savings,2020-08-21,97999.67,Inactive
ACC000266,CUST00266,BR010,Savings,2021-05-02,24746.15,Inactive
ACC000267,CUST00267,BR029,Salary,2019-12-21,188580.37,Inactive
ACC000268,CUST00268,BR048,Savings,2016-09-16,92464.63,Active
ACC000269,CUST00269,BR034,Salary,2024-03-21,63098.87,Active
ACC000270,CUST00270,BR044,Current,2023-10-01,114783.73,Active
ACC000271,CUST00271,BR013,Current,2019-07-13,404426.28,Inactive
ACC000272,CUST00272,BR014,Current,2020-04-03,147820.44,Inactive
ACC000273,CUST00273,BR008,Fixed Deposit,2023-06-11,426081.54,Active
ACC000274,CUST00274,BR003,Savings,2019-12-02,7599.79,Active
ACC000275,CUST00275,BR014,Current,2020-01-13,329340.06,Active
ACC000276,CUST00276,BR040,Savings,2020-09-22,2421.85,Dormant
ACC000277,CUST00277,BR004,Fixed Deposit,2023-08-09,1290198.63,Active
ACC000278,CUST00278,BR036,Salary,2024-06-08,24294.83,Active
ACC000279,CUST00279,BR049,Current,2023-06-20,2706514.43,Active
ACC000280,CUST00280,BR015,Salary,2023-11-20,284091.55,Active
ACC000281,CUST00281,BR026,Fixed Deposit,2024-06-16,61340.84,Inactive
ACC000282,CUST00282,BR037,Savings,2022-04-08,114321.08,Dormant
ACC000283,CUST00283,BR009,Salary,2022-05-13,100192.29,Active
ACC000284,CUST00284,BR042,Savings,2022-02-25,20326.45,Active
ACC000285,CUST00285,BR012,Current,2024-02-25,320823.03,Active
ACC000286,CUST00286,BR043,Savings,2021-09-06,1197676.80,Active
ACC000287,CUST00287,BR016,Savings,2019-04-04,22633.43,Dormant
ACC000288,CUST00288,BR042,Savings,2021-02-07,6824.27,Active
ACC000289,CUST00289,BR044,Savings,2023-05-03,13741.99,Active
ACC000290,CUST00290,BR024,Savings,2020-08-26,145257.02,Active
ACC000291,CUST00291,BR027,Savings,2022-02-15,83514.38,Active
ACC000292,CUST00292,BR049,Savings,2019-12-21,803480.05,Active
ACC000293,CUST00293,BR037,Savings,2021-04-12,1810442.48,Active
ACC000294,CUST00294,BR011,Savings,2023-07-01,23275.63,Active
ACC000295,CUST00295,BR006,Savings,2024-04-10,75895.73,Active
ACC000296,CUST00296,BR004,Savings,2024-03-08,101468.98,Active
ACC000297,CUST00297,BR038,Salary,2019-05-29,134538.49,Active
ACC000298,CUST00298,BR003,Savings,2023-11-25,235001.32,Active
ACC000299,CUST00299,BR024,Savings,2020-05-20,62134.65,Active
ACC000300,CUST00300,BR042,Savings,2021-10-29,2627905.77,Active
ACC000301,CUST00301,BR001,Current,2020-07-13,35504.76,Active
ACC000302,CUST00302,BR025,Savings,2022-07-10,14694.24,Active
ACC000303,CUST00303,BR003,Fixed Deposit,2022-12-18,1417418.68,Active
ACC000304,CUST00304,BR007,Savings,2023-06-08,2295672.02,Active
ACC000305,CUST00305,BR026,Savings,2017-07-10,126306.22,Active
ACC000306,CUST00306,BR019,Savings,2024-01-01,121064.54,Active
ACC000307,CUST00307,BR016,Savings,2023-02-16,407416.82,Inactive
ACC000308,CUST00308,BR036,Savings,2020-05-12,126472.57,Dormant
ACC000309,CUST00309,BR023,Savings,2024-04-28,13643.51,Active
ACC000310,CUST00310,BR020,Fixed Deposit,2023-10-03,427387.45,Active
ACC000311,CUST00311,BR030,Salary,2023-12-21,186422.06,Active
ACC000312,CUST00312,BR016,Savings,2022-05-16,28692.82,Active
ACC000313,CUST00313,BR047,Savings,2018-07-29,83339.07,Active
ACC000314,CUST00314,BR013,Savings,2023-10-31,838946.52,Inactive
ACC000315,CUST00315,BR020,Savings,2019-01-30,106271.40,Active
ACC000316,CUST00316,BR045,Savings,2023-10-17,74868.43,Active
ACC000317,CUST00317,BR030,Savings,2018-12-26,9166.29,Active
ACC000318,CUST00318,BR047,Savings,2018-11-07,11712.66,Active
ACC000319,CUST00319,BR037,Savings,2023-06-28,16021.81,Active
ACC000320,CUST00320,BR019,Savings,2020-07-17,723371.80,Active
ACC000321,CUST00321,BR044,Savings,2023-06-15,196752.37,Active
ACC000322,CUST00322,BR011,Savings,2021-07-26,546004.01,Active
ACC000323,CUST00323,BR042,Savings,2017-11-18,33780.53,Inactive
ACC000324,CUST00324,BR009,Current,2020-05-31,3167884.71,Dormant
ACC000325,CUST00325,BR024,Current,2023-04-30,165792.77,Active
ACC000326,CUST00326,BR001,Savings,2017-01-26,23213.96,Active
ACC000327,CUST00327,BR002,Savings,2024-01-12,1192601.65,Active
ACC000328,CUST00328,BR010,Savings,2024-06-21,4263.91,Active
ACC000329,CUST00329,BR024,Fixed Deposit,2019-01-25,1689426.32,Active
ACC000330,CUST00330,BR042,Savings,2016-11-23,8212.31,Active
ACC000331,CUST00331,BR004,Savings,2023-01-10,997560.17,Dormant
ACC000332,CUST00332,BR007,Savings,2016-12-27,63613.48,Inactive
ACC000333,CUST00333,BR003,Savings,2018-04-18,66506.63,Active
ACC000334,CUST00334,BR021,Savings,2024-04-21,13752.95,Active
ACC000335,CUST00335,BR011,Current,2021-01-17,367165.23,Active
ACC000336,CUST00336,BR045,Current,2024-02-29,1399463.69,Inactive
ACC000337,CUST00337,BR005,Savings,2022-08-23,3004.44,Active
ACC000338,CUST00338,BR041,Savings,2022-07-05,140977.06,Active
ACC000339,CUST00339,BR012,Current,2023-10-07,498654.27,Active
ACC000340,CUST00340,BR006,Savings,2023-09-09,592331.22,Active
ACC000341,CUST00341,BR024,Savings,2022-07-01,823496.32,Active
ACC000342,CUST00342,BR006,Savings,2021-09-09,129054.12,Active
ACC000343,CUST00343,BR023,Savings,2022-10-28,306078.26,Inactive
ACC000344,CUST00344,BR025,Current,2021-06-23,432060.71,Active
ACC000345,CUST00345,BR044,Savings,2019-03-17,11882.86,Active
ACC000346,CUST00346,BR028,Fixed Deposit,2021-10-28,125550.66,Active
ACC000347,CUST00347,BR032,Savings,2023-01-16,131776.44,Active
ACC000348,CUST00348,BR040,Salary,2020-06-12,282516.09,Active
ACC000349,CUST00349,BR020,Fixed Deposit,2023-09-05,402750.99,Active
ACC000350,CUST00350,BR019,Savings,2024-04-15,1087563.96,Active
ACC000351,CUST00351,BR026,Savings,2022-06-08,566678.73,Active
ACC000352,CUST00352,BR002,Savings,2024-03-13,3359.71,Active
ACC000353,CUST00353,BR044,Salary,2019-06-10,78622.66,Active
ACC000354,CUST00354,BR025,Savings,2022-02-12,2045489.72,Inactive
ACC000355,CUST00355,BR027,Fixed Deposit,2020-06-21,528138.79,Active
ACC000356,CUST00356,BR007,Salary,2023-08-12,121758.89,Inactive
ACC000357,CUST00357,BR042,Current,2023-12-09,357922.51,Dormant
ACC000358,CUST00358,BR017,Current,2022-04-17,797379.49,Active
ACC000359,CUST00359,BR024,Savings,2024-02-28,87316.62,Active
ACC000360,CUST00360,BR031,Savings,2024-03-31,6307.78,Active
ACC000361,CUST00361,BR022,Salary,2021-02-13,283009.11,Active
ACC000362,CUST00362,BR029,Savings,2018-07-28,4210455.75,Dormant
ACC000363,CUST00363,BR007,Savings,2023-09-11,4923389.37,Active
ACC000364,CUST00364,BR036,Savings,2022-09-20,143587.49,Active
ACC000365,CUST00365,BR043,Savings,2024-06-20,285952.65,Active
ACC000366,CUST00366,BR025,Fixed Deposit,2022-09-12,343162.62,Active
ACC000367,CUST00367,BR035,Current,2020-07-11,666806.90,Active
ACC000368,CUST00368,BR041,Savings,2023-07-11,94879.55,Active
ACC000369,CUST00369,BR040,Savings,2023-08-23,5016.09,Dormant
ACC000370,CUST00370,BR009,Fixed Deposit,2018-12-27,1936647.06,Active
ACC000371,CUST00371,BR025,Savings,2021-11-05,2040.59,Active
ACC000372,CUST00372,BR045,Savings,2020-11-15,272825.21,Active
ACC000373,CUST00373,BR021,Savings,2018-07-29,640768.03,Inactive
ACC000374,CUST00374,BR025,Salary,2021-10-06,29534.90,Active
ACC000375,CUST00375,BR032,Savings,2022-03-10,1129604.81,Active
ACC000376,CUST00376,BR015,Salary,2023-10-13,261137.21,Active
ACC000377,CUST00377,BR033,Fixed Deposit,2019-05-22,354291.25,Active
ACC000378,CUST00378,BR035,Savings,2017-04-11,1930505.39,Active
ACC000379,CUST00379,BR003,Savings,2018-12-02,146834.66,Dormant
ACC000380,CUST00380,BR048,Savings,2023-02-18,28532.41,Active
ACC000381,CUST00381,BR014,Current,2017-02-15,73103.75,Active
ACC000382,CUST00382,BR011,Current,2020-07-19,1365813.62,Dormant
ACC000383,CUST00383,BR009,Current,2016-04-02,469207.61,Active
ACC000384,CUST00384,BR016,Savings,2023-07-29,13471.43,Inactive
ACC000385,CUST00385,BR037,Salary,2020-09-26,139137.05,Active
ACC000386,CUST00386,BR033,Salary,2020-10-27,129872.28,Active
ACC000387,CUST00387,BR050,Savings,2024-02-23,93168.42,Active
ACC000388,CUST00388,BR005,Savings,2021-12-04,168747.50,Active
ACC000389,CUST00389,BR019,Savings,2022-12-08,85209.16,Dormant
ACC000390,CUST00390,BR003,Fixed Deposit,2022-03-06,1303422.11,Active
ACC000391,CUST00391,BR028,Savings,2018-10-10,3625.57,Active
ACC000392,CUST00392,BR042,Current,2023-10-02,732883.36,Inactive
ACC000393,CUST00393,BR041,Current,2024-02-13,559791.04,Active
ACC000394,CUST00394,BR001,Salary,2018-05-30,177055.69,Inactive
ACC000395,CUST00395,BR001,Savings,2023-03-14,1007229.90,Dormant
ACC000396,CUST00396,BR005,Savings,2023-03-15,1139412.44,Active
ACC000397,CUST00397,BR009,Salary,2024-01-13,71681.96,Active
ACC000398,CUST00398,BR034,Savings,2022-11-22,22403.82,Dormant
ACC000399,CUST00399,BR048,Current,2024-06-13,4022674.66,Active
ACC000400,CUST00400,BR049,Current,2023-10-02,271749.12,Dormant
ACC000401,CUST00401,BR018,Savings,2021-09-13,321694.64,Dormant
ACC000402,CUST00402,BR002,Savings,2018-09-04,352455.98,Active
ACC000403,CUST00403,BR019,Savings,2024-04-29,122874.83,Active
ACC000404,CUST00404,BR032,Savings,2024-02-22,24337.54,Active
ACC000405,CUST00405,BR025,Savings,2019-10-02,143481.87,Active
ACC000406,CUST00406,BR002,Salary,2022-12-28,299534.37,Active
ACC000407,CUST00407,BR041,Current,2021-12-23,90992.80,Active
ACC000408,CUST00408,BR035,Salary,2017-09-08,125603.27,Active
ACC000409,CUST00409,BR021,Salary,2023-10-30,35928.24,Inactive
ACC000410,CUST00410,BR045,Savings,2017-11-20,97381.51,Inactive
ACC000411,CUST00411,BR040,Fixed Deposit,2022-09-08,1257519.16,Inactive
ACC000412,CUST00412,BR046,Current,2021-01-21,124525.09,Active
ACC000413,CUST00413,BR011,Savings,2023-10-05,19680.12,Inactive
ACC000414,CUST00414,BR028,Current,2023-02-15,698702.23,Inactive
ACC000415,CUST00415,BR030,Savings,2023-03-03,3487714.81,Active
ACC000416,CUST00416,BR050,Salary,2023-07-04,5936.61,Active
ACC000417,CUST00417,BR003,Current,2019-06-12,3698658.46,Inactive
ACC000418,CUST00418,BR003,Salary,2023-07-12,45461.28,Dormant
ACC000419,CUST00419,BR027,Current,2022-09-24,129732.15,Dormant
ACC000420,CUST00420,BR044,Savings,2017-08-23,122003.67,Dormant
ACC000421,CUST00421,BR019,Current,2019-06-16,104368.16,Inactive
ACC000422,CUST00422,BR019,Savings,2023-05-16,132327.10,Active
ACC000423,CUST00423,BR050,Savings,2023-09-15,97022.50,Dormant
ACC000424,CUST00424,BR002,Savings,2023-05-04,37988.64,Inactive
ACC000425,CUST00425,BR025,Current,2023-08-15,58893.14,Active
ACC000426,CUST00426,BR004,Savings,2023-07-21,476518.90,Active
ACC000427,CUST00427,BR024,Savings,2018-05-19,102715.16,Inactive
ACC000428,CUST00428,BR005,Fixed Deposit,2022-05-20,1973700.07,Active
ACC000429,CUST00429,BR021,Fixed Deposit,2023-07-07,73809.85,Active
ACC000430,CUST00430,BR015,Savings,2021-06-18,2798158.82,Active
ACC000431,CUST00431,BR011,Savings,2020-08-25,21596.59,Active
ACC000432,CUST00432,BR020,Savings,2020-01-07,10782.73,Active
ACC000433,CUST00433,BR039,Fixed Deposit,2020-09-20,1897525.14,Inactive
ACC000434,CUST00434,BR033,Savings,2019-04-02,81172.54,Active
ACC000435,CUST00435,BR036,Current,2018-06-28,392905.13,Dormant
ACC000436,CUST00436,BR050,Fixed Deposit,2019-12-21,1602798.13,Active
ACC000437,CUST00437,BR038,Salary,2022-09-11,26643.46,Active
ACC000438,CUST00438,BR009,Savings,2019-07-22,18310.74,Dormant
ACC000439,CUST00439,BR028,Savings,2022-04-08,11940.80,Active
ACC000440,CUST00440,BR014,Savings,2020-08-20,16173.23,Active
ACC000441,CUST00441,BR040,Current,2024-06-09,45066.78,Inactive
ACC000442,CUST00442,BR018,Fixed Deposit,2017-10-17,1298959.57,Active
ACC000443,CUST00443,BR002,Salary,2023-09-11,105568.49,Active
ACC000444,CUST00444,BR021,Savings,2022-06-15,115314.34,Active
ACC000445,CUST00445,BR031,Salary,2023-02-09,61301.32,Active
ACC000446,CUST00446,BR016,Savings,2024-06-23,94640.00,Active
ACC000447,CUST00447,BR025,Savings,2020-02-02,26456.15,Active
ACC000448,CUST00448,BR023,Current,2023-05-20,60608.95,Active
ACC000449,CUST00449,BR013,Savings,2023-06-08,36545.50,Active
ACC000450,CUST00450,BR004,Current,2022-01-26,754437.07,Active
ACC000451,CUST00451,BR009,Current,2024-05-29,145658.18,Active
ACC000452,CUST00452,BR038,Savings,2024-06-26,2871.67,Active
ACC000453,CUST00453,BR046,Fixed Deposit,2017-08-19,1967455.59,Dormant
ACC000454,CUST00454,BR041,Fixed Deposit,2022-05-28,1409848.85,Dormant
ACC000455,CUST00455,BR015,Savings,2020-08-20,15276.87,Active
ACC000456,CUST00456,BR012,Current,2023-08-12,49813.35,Active
ACC000457,CUST00457,BR012,Savings,2021-11-13,64168.69,Active
ACC000458,CUST00458,BR022,Current,2023-01-17,216728.01,Active
ACC000459,CUST00459,BR041,Fixed Deposit,2021-05-26,356333.59,Active
ACC000460,CUST00460,BR023,Savings,2023-02-12,13597.53,Active
ACC000461,CUST00461,BR011,Salary,2020-02-01,240092.64,Active
ACC000462,CUST00462,BR042,Savings,2019-06-16,925700.84,Dormant
ACC000463,CUST00463,BR017,Salary,2021-10-03,117434.13,Inactive
ACC000464,CUST00464,BR006,Savings,2021-11-24,135809.97,Active
ACC000465,CUST00465,BR011,Salary,2022-08-18,20283.20,Active
ACC000466,CUST00466,BR045,Salary,2023-06-04,216519.62,Active
ACC000467,CUST00467,BR007,Savings,2024-03-13,72380.32,Active
ACC000468,CUST00468,BR028,Savings,2024-06-23,27912.26,Active
ACC000469,CUST00469,BR014,Salary,2021-02-09,254762.27,Inactive
ACC000470,CUST00470,BR032,Savings,2016-09-12,10445.38,Active
ACC000471,CUST00471,BR024,Fixed Deposit,2018-11-17,1945321.83,Dormant
ACC000472,CUST00472,BR004,Savings,2022-07-16,71261.54,Active
ACC000473,CUST00473,BR049,Fixed Deposit,2018-02-03,1679312.35,Active
ACC000474,CUST00474,BR031,Salary,2021-12-09,328337.90,Dormant
ACC000475,CUST00475,BR037,Savings,2023-04-20,131397.99,Dormant
ACC000476,CUST00476,BR012,Savings,2022-02-02,646166.27,Active
ACC000477,CUST00477,BR013,Savings,2022-09-15,14411.36,Active
ACC000478,CUST00478,BR036,Current,2020-08-06,714773.97,Dormant
ACC000479,CUST00479,BR034,Current,2021-09-07,643653.38,Active
ACC000480,CUST00480,BR007,Salary,2024-01-17,44251.55,Active
ACC000481,CUST00481,BR025,Fixed Deposit,2022-04-06,1881694.91,Active
ACC000482,CUST00482,BR040,Savings,2024-06-02,123115.76,Active
ACC000483,CUST00483,BR048,Savings,2023-01-11,40252.99,Inactive
ACC000484,CUST00484,BR045,Savings,2022-05-28,15116.93,Active
ACC000485,CUST00485,BR047,Fixed Deposit,2023-05-19,1705375.85,Active
ACC000486,CUST00486,BR049,Savings,2017-05-02,3994630.10,Inactive
ACC000487,CUST00487,BR026,Savings,2021-12-01,670133.18,Active
ACC000488,CUST00488,BR004,Savings,2017-09-14,70036.77,Inactive
ACC000489,CUST00489,BR030,Fixed Deposit,2019-12-07,1271770.45,Inactive
ACC000490,CUST00490,BR029,Current,2020-09-24,357417.49,Active
ACC000491,CUST00491,BR048,Current,2024-05-06,136197.92,Active
ACC000492,CUST00492,BR015,Savings,2018-05-06,22341.10,Active
ACC000493,CUST00493,BR001,Current,2022-05-01,782578.47,Active
ACC000494,CUST00494,BR020,Fixed Deposit,2024-01-24,1035898.00,Active
ACC000495,CUST00495,BR014,Salary,2022-05-13,77249.96,Dormant
ACC000496,CUST00496,BR033,Savings,2019-10-30,46723.25,Dormant
ACC000497,CUST00497,BR044,Salary,2021-02-25,303076.82,Active
ACC000498,CUST00498,BR042,Salary,2022-07-05,251710.63,Active
ACC000499,CUST00499,BR039,Current,2024-01-18,31852.71,Active
ACC000500,CUST00500,BR017,Savings,2022-09-01,96249.34,Active
ACC000501,CUST00501,BR022,Savings,2024-04-02,184594.51,Dormant
ACC000502,CUST00502,BR020,Savings,2022-11-03,15762.89,Inactive
ACC000503,CUST00503,BR009,Savings,2023-09-27,9110.90,Active
ACC000504,CUST00504,BR006,Savings,2023-07-04,473841.04,Dormant
ACC000505,CUST00505,BR038,Salary,2022-03-21,192833.10,Active
ACC000506,CUST00506,BR005,Salary,2023-08-07,114525.54,Active
ACC000507,CUST00507,BR027,Savings,2019-02-21,57714.07,Inactive
ACC000508,CUST00508,BR030,Savings,2023-04-25,1404106.56,Active
ACC000509,CUST00509,BR012,Savings,2022-06-10,119717.19,Active
ACC000510,CUST00510,BR049,Savings,2024-06-22,2414.11,Active
ACC000511,CUST00511,BR028,Salary,2022-02-06,6685.39,Active
ACC000512,CUST00512,BR001,Savings,2023-02-16,113064.62,Active
ACC000513,CUST00513,BR015,Salary,2020-04-03,17532.72,Active
ACC000514,CUST00514,BR011,Savings,2018-06-04,364932.14,Active
ACC000515,CUST00515,BR034,Savings,2023-04-13,10335.66,Active
ACC000516,CUST00516,BR011,Savings,2024-04-01,21171.36,Active
ACC000517,CUST00517,BR047,Current,2020-09-07,293870.30,Dormant
ACC000518,CUST00518,BR041,Savings,2024-05-30,21890.38,Active
ACC000519,CUST00519,BR002,Savings,2020-03-13,50192.04,Active
ACC000520,CUST00520,BR045,Savings,2022-10-30,3683894.67,Dormant
ACC000521,CUST00521,BR043,Savings,2022-05-30,15915.27,Active
ACC000522,CUST00522,BR008,Savings,2017-10-12,86017.82,Active
ACC000523,CUST00523,BR013,Current,2021-04-25,73916.08,Active
ACC000524,CUST00524,BR031,Salary,2019-04-18,304200.40,Active
ACC000525,CUST00525,BR010,Savings,2023-06-01,143824.64,Active
ACC000526,CUST00526,BR030,Savings,2016-09-29,19543.87,Inactive
ACC000527,CUST00527,BR044,Fixed Deposit,2017-06-23,1220091.44,Active
ACC000528,CUST00528,BR043,Savings,2019-02-05,39011.40,Active
ACC000529,CUST00529,BR024,Savings,2022-10-06,73735.36,Active
ACC000530,CUST00530,BR031,Savings,2024-01-02,844970.43,Active
ACC000531,CUST00531,BR011,Fixed Deposit,2024-01-16,724264.51,Dormant
ACC000532,CUST00532,BR040,Salary,2022-04-26,8504.51,Active
ACC000533,CUST00533,BR032,Savings,2023-01-22,181370.15,Active
ACC000534,CUST00534,BR046,Savings,2024-04-15,61919.28,Dormant
ACC000535,CUST00535,BR022,Savings,2024-06-27,23518.95,Active
ACC000536,CUST00536,BR031,Savings,2023-10-06,5509120.10,Active
ACC000537,CUST00537,BR042,Savings,2021-05-11,78090.67,Active
ACC000538,CUST00538,BR016,Savings,2017-11-04,36604.50,Active
ACC000539,CUST00539,BR016,Savings,2024-01-09,39553.47,Active
ACC000540,CUST00540,BR008,Salary,2019-11-21,7080.56,Active
ACC000541,CUST00541,BR001,Savings,2021-12-09,20040.10,Active
ACC000542,CUST00542,BR014,Current,2019-09-21,48525.94,Active
ACC000543,CUST00543,BR036,Savings,2023-07-14,9967.85,Inactive
ACC000544,CUST00544,BR007,Savings,2020-01-22,68874.42,Dormant
ACC000545,CUST00545,BR024,Savings,2019-02-17,930039.66,Active
ACC000546,CUST00546,BR007,Salary,2023-03-12,61453.86,Inactive
ACC000547,CUST00547,BR046,Current,2021-08-18,220907.52,Inactive
ACC000548,CUST00548,BR050,Savings,2023-03-01,129589.76,Active
ACC000549,CUST00549,BR034,Savings,2021-09-15,94385.07,Active
ACC000550,CUST00550,BR038,Savings,2022-11-14,44405.34,Active
ACC000551,CUST00551,BR033,Savings,2022-03-01,2190.55,Active
ACC000552,CUST00552,BR022,Savings,2018-03-19,161766.99,Inactive
ACC000553,CUST00553,BR020,Savings,2019-11-03,1054154.93,Active
ACC000554,CUST00554,BR014,Salary,2023-03-22,187878.77,Active
ACC000555,CUST00555,BR012,Salary,2024-04-20,349879.36,Active
ACC000556,CUST00556,BR031,Salary,2023-06-06,72192.80,Inactive
ACC000557,CUST00557,BR028,Savings,2016-05-12,1002448.22,Active
ACC000558,CUST00558,BR013,Savings,2021-08-20,82989.79,Active
ACC000559,CUST00559,BR045,Savings,2024-05-10,4829.44,Dormant
ACC000560,CUST00560,BR044,Savings,2021-06-25,1106863.40,Active
ACC000561,CUST00561,BR045,Savings,2020-06-02,148541.77,Inactive
ACC000562,CUST00562,BR036,Savings,2024-01-05,16800.88,Active
ACC000563,CUST00563,BR046,Savings,2024-01-23,99932.97,Inactive
ACC000564,CUST00564,BR019,Savings,2023-12-28,7024.12,Active
ACC000565,CUST00565,BR025,Savings,2021-06-19,9508.69,Active
ACC000566,CUST00566,BR022,Savings,2019-05-10,620747.75,Active
ACC000567,CUST00567,BR040,Fixed Deposit,2023-05-06,915717.77,Active
ACC000568,CUST00568,BR034,Current,2023-04-04,29174.17,Active
ACC000569,CUST00569,BR035,Savings,2017-07-25,5683.28,Active
ACC000570,CUST00570,BR019,Current,2022-07-15,1049315.42,Active
ACC000571,CUST00571,BR008,Savings,2018-07-15,132435.96,Active
ACC000572,CUST00572,BR044,Savings,2023-12-22,4499.02,Dormant
ACC000573,CUST00573,BR002,Savings,2024-04-14,14389.59,Active
ACC000574,CUST00574,BR019,Salary,2022-03-22,326450.38,Inactive
ACC000575,CUST00575,BR001,Salary,2023-10-13,316436.06,Active
ACC000576,CUST00576,BR014,Savings,2023-06-14,88981.97,Dormant
ACC000577,CUST00577,BR010,Current,2018-12-06,714315.07,Active
ACC000578,CUST00578,BR036,Savings,2018-01-22,3634091.90,Active
ACC000579,CUST00579,BR026,Savings,2024-06-04,1166377.46,Active
ACC000580,CUST00580,BR005,Salary,2021-03-17,240906.66,Active
ACC000581,CUST00581,BR019,Salary,2023-09-07,49801.46,Active
ACC000582,CUST00582,BR043,Fixed Deposit,2022-01-07,1133705.85,Active
ACC000583,CUST00583,BR041,Savings,2024-03-29,111560.19,Active
ACC000584,CUST00584,BR036,Salary,2019-12-03,292902.07,Active
ACC000585,CUST00585,BR020,Savings,2023-05-31,349484.47,Active
ACC000586,CUST00586,BR011,Savings,2017-11-29,25844.40,Active
ACC000587,CUST00587,BR049,Savings,2021-10-13,17054.24,Dormant
ACC000588,CUST00588,BR005,Savings,2024-02-08,250547.52,Dormant
ACC000589,CUST00589,BR042,Current,2024-06-08,563171.63,Active
ACC000590,CUST00590,BR022,Savings,2023-10-18,50942.85,Active
ACC000591,CUST00591,BR028,Savings,2019-09-21,4032.57,Active
ACC000592,CUST00592,BR018,Savings,2023-12-12,19462.20,Active
ACC000593,CUST00593,BR050,Savings,2020-11-09,23007.13,Active
ACC000594,CUST00594,BR035,Savings,2022-04-10,11601.32,Active
ACC000595,CUST00595,BR002,Current,2022-07-28,562231.75,Active
ACC000596,CUST00596,BR035,Salary,2021-02-28,338111.93,Active
ACC000597,CUST00597,BR050,Salary,2024-01-22,38260.01,Inactive
ACC000598,CUST00598,BR024,Savings,2020-06-24,55635.80,Active
ACC000599,CUST00599,BR009,Fixed Deposit,2022-04-30,133338.19,Active
ACC000600,CUST00600,BR023,Current,2023-05-03,708878.32,Active
ACC000601,CUST00601,BR043,Savings,2023-11-29,73600.35,Inactive
ACC000602,CUST00602,BR042,Savings,2021-04-27,3894526.72,Active
ACC000603,CUST00603,BR035,Savings,2022-08-16,24813.40,Inactive
ACC000604,CUST00604,BR017,Savings,2023-08-25,87973.86,Inactive
ACC000605,CUST00605,BR039,Current,2021-12-08,671939.81,Inactive
ACC000606,CUST00606,BR018,Savings,2021-06-05,48529.39,Active
ACC000607,CUST00607,BR027,Savings,2022-08-26,21775.68,Inactive
ACC000608,CUST00608,BR011,Savings,2018-01-24,16821.57,Active
ACC000609,CUST00609,BR009,Savings,2023-07-02,11579.17,Dormant
ACC000610,CUST00610,BR026,Savings,2024-02-25,13407.25,Active
ACC000611,CUST00611,BR006,Savings,2022-08-09,146619.88,Dormant
ACC000612,CUST00612,BR010,Savings,2024-05-13,4173447.31,Active
ACC000613,CUST00613,BR047,Savings,2021-08-04,25543.33,Active
ACC000614,CUST00614,BR009,Savings,2023-07-20,46632.28,Active
ACC000615,CUST00615,BR039,Fixed Deposit,2024-01-09,261431.79,Active
ACC000616,CUST00616,BR031,Fixed Deposit,2022-12-29,1455498.53,Active
ACC000617,CUST00617,BR028,Salary,2022-02-02,105654.64,Active
ACC000618,CUST00618,BR023,Salary,2024-04-02,347528.95,Active
ACC000619,CUST00619,BR017,Savings,2021-06-11,103142.02,Active
ACC000620,CUST00620,BR001,Savings,2019-04-16,165938.68,Dormant
ACC000621,CUST00621,BR042,Fixed Deposit,2018-07-29,1739920.52,Active
ACC000622,CUST00622,BR038,Current,2022-03-03,109802.14,Dormant
ACC000623,CUST00623,BR026,Salary,2024-06-27,105371.30,Active
ACC000624,CUST00624,BR036,Fixed Deposit,2019-03-07,1780334.27,Inactive
ACC000625,CUST00625,BR043,Savings,2022-01-19,10392.42,Active
ACC000626,CUST00626,BR026,Fixed Deposit,2023-12-14,1355794.69,Active
ACC000627,CUST00627,BR025,Salary,2020-06-11,25464.96,Active
ACC000628,CUST00628,BR005,Fixed Deposit,2021-04-07,459852.40,Active
ACC000629,CUST00629,BR042,Savings,2023-04-21,933686.53,Inactive
ACC000630,CUST00630,BR029,Salary,2024-04-03,302214.78,Active
ACC000631,CUST00631,BR039,Savings,2018-06-26,12131.62,Active
ACC000632,CUST00632,BR042,Savings,2021-03-01,238852.86,Inactive
ACC000633,CUST00633,BR026,Salary,2023-05-03,118208.54,Active
ACC000634,CUST00634,BR019,Salary,2023-07-26,95685.75,Active
ACC000635,CUST00635,BR030,Savings,2017-03-10,8171.40,Active
ACC000636,CUST00636,BR005,Salary,2019-10-16,214760.21,Inactive
ACC000637,CUST00637,BR045,Savings,2023-06-06,970463.75,Active
ACC000638,CUST00638,BR044,Savings,2023-10-21,9365.11,Inactive
ACC000639,CUST00639,BR015,Fixed Deposit,2024-03-09,1076563.40,Active
ACC000640,CUST00640,BR045,Savings,2019-10-08,1103215.50,Active
ACC000641,CUST00641,BR036,Salary,2020-04-16,230959.37,Active
ACC000642,CUST00642,BR013,Salary,2024-05-14,228064.74,Active
ACC000643,CUST00643,BR016,Savings,2017-07-14,35595.83,Active
ACC000644,CUST00644,BR032,Salary,2024-06-21,215736.50,Active
ACC000645,CUST00645,BR032,Fixed Deposit,2024-02-09,411800.73,Inactive
ACC000646,CUST00646,BR026,Savings,2022-09-07,210271.23,Active
ACC000647,CUST00647,BR033,Savings,2024-03-04,24429.75,Active
ACC000648,CUST00648,BR030,Savings,2017-10-12,81928.97,Active
ACC000649,CUST00649,BR024,Current,2018-08-02,540960.12,Inactive
ACC000650,CUST00650,BR022,Savings,2021-08-05,274183.49,Active
ACC000651,CUST00651,BR026,Savings,2021-07-16,805808.51,Active
ACC000652,CUST00652,BR047,Savings,2024-03-10,3942834.57,Active
ACC000653,CUST00653,BR031,Current,2021-11-23,648246.06,Inactive
ACC000654,CUST00654,BR032,Current,2021-05-30,461304.02,Active
ACC000655,CUST00655,BR014,Fixed Deposit,2022-11-23,288293.79,Active
ACC000656,CUST00656,BR024,Savings,2018-04-26,19155.36,Active
ACC000657,CUST00657,BR039,Savings,2023-01-25,6283.93,Active
ACC000658,CUST00658,BR021,Savings,2024-04-06,3466.11,Dormant
ACC000659,CUST00659,BR030,Savings,2017-06-29,12496.60,Active
ACC000660,CUST00660,BR037,Savings,2015-11-18,7502.38,Active
ACC000661,CUST00661,BR042,Savings,2024-06-13,111154.67,Active
ACC000662,CUST00662,BR034,Savings,2022-06-13,12558.17,Active
ACC000663,CUST00663,BR017,Salary,2022-08-19,221633.38,Active
ACC000664,CUST00664,BR031,Savings,2024-04-11,1199807.86,Inactive
ACC000665,CUST00665,BR040,Salary,2019-11-20,268260.54,Dormant
ACC000666,CUST00666,BR041,Salary,2017-08-30,183976.94,Active
ACC000667,CUST00667,BR030,Savings,2022-12-25,18900.89,Active
ACC000668,CUST00668,BR038,Salary,2023-12-12,76632.26,Active
ACC000669,CUST00669,BR041,Savings,2024-02-26,580578.32,Inactive
ACC000670,CUST00670,BR024,Savings,2021-03-28,70783.43,Active
ACC000671,CUST00671,BR019,Savings,2023-07-19,144432.49,Active
ACC000672,CUST00672,BR050,Savings,2022-06-08,83134.68,Active
ACC000673,CUST00673,BR027,Current,2024-04-08,312196.27,Active
ACC000674,CUST00674,BR025,Fixed Deposit,2024-02-29,1364514.67,Active
ACC000675,CUST00675,BR044,Salary,2023-10-30,89902.87,Inactive
ACC000676,CUST00676,BR012,Savings,2022-12-13,16558.64,Active
ACC000677,CUST00677,BR032,Current,2019-02-26,660662.26,Active
ACC000678,CUST00678,BR019,Fixed Deposit,2020-08-08,1859311.46,Dormant
ACC000679,CUST00679,BR032,Savings,2021-06-27,594312.62,Active
ACC000680,CUST00680,BR003,Savings,2024-06-08,23961.53,Active
ACC000681,CUST00681,BR035,Savings,2021-04-15,22803.65,Inactive
ACC000682,CUST00682,BR025,Fixed Deposit,2018-09-17,857629.75,Active
ACC000683,CUST00683,BR034,Salary,2024-04-23,271108.81,Active
ACC000684,CUST00684,BR047,Current,2022-09-28,33166.14,Dormant
ACC000685,CUST00685,BR013,Salary,2024-05-07,67306.44,Inactive
ACC000686,CUST00686,BR021,Savings,2019-09-02,599427.94,Active
ACC000687,CUST00687,BR038,Savings,2022-11-24,107386.25,Inactive
ACC000688,CUST00688,BR011,Savings,2022-06-03,204389.65,Active
ACC000689,CUST00689,BR023,Current,2023-11-15,137272.96,Active
ACC000690,CUST00690,BR036,Fixed Deposit,2020-10-18,1759149.67,Active
ACC000691,CUST00691,BR045,Salary,2020-05-09,222208.64,Inactive
ACC000692,CUST00692,BR036,Savings,2023-06-26,77854.53,Active
ACC000693,CUST00693,BR047,Salary,2022-05-30,274848.95,Active
ACC000694,CUST00694,BR010,Fixed Deposit,2023-01-19,1600423.80,Active
ACC000695,CUST00695,BR025,Savings,2023-10-14,30420.93,Active
ACC000696,CUST00696,BR021,Savings,2024-01-18,42319.51,Active
ACC000697,CUST00697,BR050,Salary,2022-11-09,250783.76,Active
ACC000698,CUST00698,BR034,Savings,2020-12-15,107734.03,Active
ACC000699,CUST00699,BR013,Salary,2023-06-21,80391.07,Dormant
ACC000700,CUST00700,BR045,Savings,2020-06-11,20185.49,Active
ACC000701,CUST00701,BR042,Savings,2024-05-26,4937.39,Active
ACC000702,CUST00702,BR048,Salary,2023-03-28,265195.40,Active
ACC000703,CUST00703,BR003,Savings,2018-12-10,23984.27,Active
ACC000704,CUST00704,BR047,Savings,2017-07-20,917692.24,Active
ACC000705,CUST00705,BR012,Salary,2020-06-14,13662.32,Active
ACC000706,CUST00706,BR044,Current,2024-02-06,609458.70,Inactive
ACC000707,CUST00707,BR033,Salary,2023-10-26,109029.00,Dormant
ACC000708,CUST00708,BR021,Savings,2024-01-20,876014.75,Active
ACC000709,CUST00709,BR037,Current,2023-12-29,50940.10,Active
ACC000710,CUST00710,BR029,Salary,2021-07-09,156762.37,Active
ACC000711,CUST00711,BR020,Salary,2023-06-04,329382.79,Active
ACC000712,CUST00712,BR036,Current,2023-04-26,85287.11,Dormant
ACC000713,CUST00713,BR009,Savings,2021-08-05,33898.22,Active
ACC000714,CUST00714,BR026,Savings,2024-05-06,16605.87,Inactive
ACC000715,CUST00715,BR045,Savings,2019-08-26,641145.95,Dormant
ACC000716,CUST00716,BR025,Savings,2024-05-23,20566.37,Active
ACC000717,CUST00717,BR048,Current,2015-07-07,85704.64,Active
ACC000718,CUST00718,BR034,Savings,2021-08-06,147609.03,Active
ACC000719,CUST00719,BR004,Fixed Deposit,2020-10-24,986020.46,Dormant
ACC000720,CUST00720,BR006,Savings,2023-12-07,984147.63,Active
ACC000721,CUST00721,BR037,Current,2020-10-18,523202.22,Active
ACC000722,CUST00722,BR009,Savings,2022-04-14,49482.29,Active
ACC000723,CUST00723,BR036,Current,2024-05-06,314238.54,Inactive
ACC000724,CUST00724,BR044,Savings,2020-12-21,8315.50,Active
ACC000725,CUST00725,BR021,Savings,2019-12-26,10433.39,Active
ACC000726,CUST00726,BR040,Savings,2017-09-04,3730.41,Active
ACC000727,CUST00727,BR008,Savings,2023-07-23,1152492.68,Inactive
ACC000728,CUST00728,BR008,Salary,2023-03-26,245028.10,Active
ACC000729,CUST00729,BR035,Fixed Deposit,2024-03-27,786687.94,Active
ACC000730,CUST00730,BR043,Savings,2024-04-19,1827376.59,Inactive
ACC000731,CUST00731,BR013,Salary,2020-11-13,344994.78,Dormant
ACC000732,CUST00732,BR043,Savings,2023-06-20,3109.62,Dormant
ACC000733,CUST00733,BR025,Savings,2024-03-02,56954.59,Active
ACC000734,CUST00734,BR035,Savings,2022-01-20,126243.93,Active
ACC000735,CUST00735,BR016,Savings,2022-08-10,58927.97,Active
ACC000736,CUST00736,BR044,Savings,2022-06-24,27661.03,Dormant
ACC000737,CUST00737,BR017,Salary,2018-12-02,223464.54,Active
ACC000738,CUST00738,BR026,Salary,2024-06-28,213105.23,Active
ACC000739,CUST00739,BR015,Salary,2016-12-10,287327.19,Active
ACC000740,CUST00740,BR035,Current,2021-12-20,91156.71,Active
ACC000741,CUST00741,BR045,Salary,2022-07-19,6538.33,Active
ACC000742,CUST00742,BR011,Salary,2022-01-23,96274.63,Active
ACC000743,CUST00743,BR047,Savings,2023-01-27,20810.02,Active
ACC000744,CUST00744,BR048,Savings,2022-05-12,514578.39,Inactive
ACC000745,CUST00745,BR018,Salary,2018-08-04,332224.88,Active
ACC000746,CUST00746,BR006,Savings,2020-05-01,83888.15,Active
ACC000747,CUST00747,BR024,Savings,2022-06-19,36216.42,Active
ACC000748,CUST00748,BR027,Current,2018-05-09,739473.55,Active
ACC000749,CUST00749,BR049,Savings,2024-06-27,104716.97,Active
ACC000750,CUST00750,BR016,Savings,2024-02-15,10448.71,Active
ACC000751,CUST00751,BR040,Current,2023-08-14,232465.79,Inactive
ACC000752,CUST00752,BR029,Savings,2015-06-26,1162781.86,Inactive
ACC000753,CUST00753,BR048,Fixed Deposit,2022-02-04,1830075.62,Active
ACC000754,CUST00754,BR026,Savings,2019-11-30,23438.55,Dormant
ACC000755,CUST00755,BR045,Salary,2022-05-30,189275.40,Inactive
ACC000756,CUST00756,BR008,Savings,2023-09-01,396990.80,Inactive
ACC000757,CUST00757,BR002,Savings,2023-12-06,6402.90,Dormant
ACC000758,CUST00758,BR045,Fixed Deposit,2024-04-22,1186736.03,Dormant
ACC000759,CUST00759,BR046,Current,2024-05-27,52637.55,Inactive
ACC000760,CUST00760,BR011,Savings,2023-08-16,411611.95,Active
ACC000761,CUST00761,BR011,Savings,2023-08-25,69117.24,Active
ACC000762,CUST00762,BR019,Savings,2017-07-26,16282.66,Active
ACC000763,CUST00763,BR030,Savings,2022-10-25,13216.27,Active
ACC000764,CUST00764,BR038,Savings,2023-03-14,15998.75,Active
ACC000765,CUST00765,BR036,Savings,2021-12-15,1007134.93,Active
ACC000766,CUST00766,BR004,Savings,2022-10-08,88606.92,Active
ACC000767,CUST00767,BR022,Current,2018-05-21,28339.02,Active
ACC000768,CUST00768,BR040,Current,2022-11-17,57882.33,Active
ACC000769,CUST00769,BR024,Savings,2024-05-10,149531.03,Active
ACC000770,CUST00770,BR036,Savings,2018-02-18,112660.25,Active
ACC000771,CUST00771,BR034,Salary,2023-03-28,262090.37,Active
ACC000772,CUST00772,BR006,Savings,2022-12-03,62677.66,Active
ACC000773,CUST00773,BR021,Current,2023-06-15,85377.33,Active
ACC000774,CUST00774,BR034,Savings,2024-04-16,5882.19,Active
ACC000775,CUST00775,BR013,Savings,2022-09-02,12965.86,Active
ACC000776,CUST00776,BR027,Savings,2023-03-25,23872.85,Active
ACC000777,CUST00777,BR013,Savings,2023-12-07,2453928.31,Inactive
ACC000778,CUST00778,BR050,Savings,2020-10-11,41132.17,Active
ACC000779,CUST00779,BR012,Fixed Deposit,2020-01-29,853835.58,Active
ACC000780,CUST00780,BR009,Savings,2022-03-30,38039.01,Active
ACC000781,CUST00781,BR048,Savings,2023-06-14,103272.45,Dormant
ACC000782,CUST00782,BR002,Savings,2022-06-13,144374.66,Active
ACC000783,CUST00783,BR002,Savings,2023-07-22,39867.91,Active
ACC000784,CUST00784,BR012,Savings,2024-03-04,14435.14,Active
ACC000785,CUST00785,BR018,Savings,2023-09-25,73362.70,Active
ACC000786,CUST00786,BR012,Savings,2020-11-18,11750.11,Active
ACC000787,CUST00787,BR031,Current,2023-08-16,171191.96,Dormant
ACC000788,CUST00788,BR050,Salary,2022-06-22,226103.35,Active
ACC000789,CUST00789,BR047,Current,2024-06-03,302943.60,Active
ACC000790,CUST00790,BR044,Savings,2023-12-09,631619.87,Dormant
ACC000791,CUST00791,BR048,Current,2023-12-15,476236.17,Active
ACC000792,CUST00792,BR019,Salary,2023-10-20,239996.27,Active
ACC000793,CUST00793,BR018,Savings,2023-08-01,22931.23,Active
ACC000794,CUST00794,BR036,Savings,2023-01-09,57678.09,Active
ACC000795,CUST00795,BR020,Savings,2024-03-25,77597.74,Dormant
ACC000796,CUST00796,BR004,Fixed Deposit,2021-11-06,77798.04,Active
ACC000797,CUST00797,BR041,Savings,2022-02-27,47302.45,Active
ACC000798,CUST00798,BR035,Savings,2023-07-06,17389.93,Active
ACC000799,CUST00799,BR030,Savings,2023-08-10,311465.15,Dormant
ACC000800,CUST00800,BR015,Current,2024-02-13,1371960.96,Active
ACC000801,CUST00801,BR043,Savings,2019-06-07,132338.00,Active
ACC000802,CUST00802,BR023,Fixed Deposit,2019-03-19,1752543.12,Dormant
ACC000803,CUST00803,BR033,Savings,2024-02-08,70784.74,Active
ACC000804,CUST00804,BR020,Savings,2022-05-01,41761.37,Active
ACC000805,CUST00805,BR031,Salary,2019-01-25,233460.42,Inactive
ACC000806,CUST00806,BR022,Savings,2022-12-21,54713.89,Dormant
ACC000807,CUST00807,BR032,Current,2021-09-13,378245.84,Active
ACC000808,CUST00808,BR026,Fixed Deposit,2023-09-11,758323.15,Active
ACC000809,CUST00809,BR042,Savings,2019-02-08,106182.37,Active
ACC000810,CUST00810,BR049,Salary,2020-07-15,233601.14,Active
ACC000811,CUST00811,BR013,Savings,2024-01-09,10410.61,Active
ACC000812,CUST00812,BR006,Fixed Deposit,2024-02-21,630429.39,Inactive
ACC000813,CUST00813,BR036,Savings,2023-02-12,194255.58,Active
ACC000814,CUST00814,BR016,Savings,2024-03-10,92676.25,Active
ACC000815,CUST00815,BR028,Savings,2018-10-04,67148.39,Active
ACC000816,CUST00816,BR027,Savings,2022-08-21,46788.78,Inactive
ACC000817,CUST00817,BR010,Savings,2023-11-22,21326.70,Active
ACC000818,CUST00818,BR027,Savings,2024-04-23,82103.90,Active
ACC000819,CUST00819,BR033,Fixed Deposit,2023-09-25,1345551.15,Active
ACC000820,CUST00820,BR001,Savings,2024-02-27,285290.04,Active
ACC000821,CUST00821,BR037,Salary,2020-02-26,177575.28,Active
ACC000822,CUST00822,BR031,Savings,2024-01-11,18765.14,Active
ACC000823,CUST00823,BR034,Savings,2022-04-08,8283.57,Dormant
ACC000824,CUST00824,BR043,Current,2021-01-26,742282.30,Inactive
ACC000825,CUST00825,BR035,Salary,2022-08-09,316930.87,Active
ACC000826,CUST00826,BR027,Current,2024-06-30,2130296.45,Dormant
ACC000827,CUST00827,BR048,Salary,2022-12-06,188767.06,Dormant
ACC000828,CUST00828,BR037,Savings,2022-08-09,7584.77,Dormant
ACC000829,CUST00829,BR006,Savings,2023-10-31,36811.31,Inactive
ACC000830,CUST00830,BR017,Savings,2023-07-27,858587.75,Active
ACC000831,CUST00831,BR029,Savings,2019-08-28,970034.81,Dormant
ACC000832,CUST00832,BR003,Savings,2021-06-24,938452.05,Inactive
ACC000833,CUST00833,BR016,Savings,2023-05-30,69653.74,Inactive
ACC000834,CUST00834,BR042,Salary,2020-05-03,13442.17,Inactive
ACC000835,CUST00835,BR031,Salary,2022-06-21,345087.67,Dormant
ACC000836,CUST00836,BR017,Savings,2023-07-25,11219.70,Active
ACC000837,CUST00837,BR034,Savings,2020-01-16,8007.45,Active
ACC000838,CUST00838,BR042,Savings,2021-01-03,16615.00,Active
ACC000839,CUST00839,BR026,Current,2023-11-02,71484.70,Active
ACC000840,CUST00840,BR022,Savings,2021-10-22,15877.23,Inactive
ACC000841,CUST00841,BR001,Current,2018-05-20,436568.25,Active
ACC000842,CUST00842,BR017,Savings,2022-09-24,5761.24,Active
ACC000843,CUST00843,BR041,Savings,2023-04-03,17357.86,Active
ACC000844,CUST00844,BR049,Salary,2021-04-20,157312.86,Dormant
ACC000845,CUST00845,BR030,Savings,2024-06-15,6454.57,Active
ACC000846,CUST00846,BR043,Current,2022-10-21,317890.93,Active
ACC000847,CUST00847,BR025,Savings,2020-03-13,63220.82,Active
ACC000848,CUST00848,BR032,Current,2021-09-29,1135521.16,Dormant
ACC000849,CUST00849,BR050,Salary,2023-04-16,110959.03,Active
ACC000850,CUST00850,BR003,Savings,2023-03-28,14412.34,Active
ACC000851,CUST00851,BR042,Fixed Deposit,2020-06-08,1682593.74,Active
ACC000852,CUST00852,BR026,Current,2023-01-05,1039710.22,Active
ACC000853,CUST00853,BR047,Savings,2023-08-08,296938.75,Active
ACC000854,CUST00854,BR008,Fixed Deposit,2022-07-05,766336.85,Dormant
ACC000855,CUST00855,BR042,Savings,2022-05-30,133871.01,Active
ACC000856,CUST00856,BR013,Savings,2022-03-19,133352.54,Active
ACC000857,CUST00857,BR041,Savings,2019-05-24,4509.60,Active
ACC000858,CUST00858,BR003,Savings,2023-09-21,17939.84,Dormant
ACC000859,CUST00859,BR020,Savings,2020-08-10,1001508.66,Active
ACC000860,CUST00860,BR022,Savings,2023-12-09,40695.02,Active
ACC000861,CUST00861,BR044,Savings,2017-10-15,104243.56,Active
ACC000862,CUST00862,BR032,Fixed Deposit,2021-12-09,1573291.80,Dormant
ACC000863,CUST00863,BR012,Savings,2021-10-09,50953.46,Inactive
ACC000864,CUST00864,BR038,Fixed Deposit,2018-07-11,528994.80,Active
ACC000865,CUST00865,BR013,Savings,2023-05-18,772039.27,Active
ACC000866,CUST00866,BR035,Salary,2024-02-15,57007.92,Active
ACC000867,CUST00867,BR005,Current,2023-08-14,3491855.53,Active
ACC000868,CUST00868,BR029,Savings,2022-09-27,72665.84,Active
ACC000869,CUST00869,BR002,Savings,2016-12-21,5145343.09,Active
ACC000870,CUST00870,BR019,Savings,2024-03-19,46057.16,Active
ACC000871,CUST00871,BR041,Salary,2020-12-12,20683.18,Inactive
ACC000872,CUST00872,BR039,Salary,2022-03-09,347727.32,Active
ACC000873,CUST00873,BR001,Savings,2020-06-01,139092.58,Active
ACC000874,CUST00874,BR033,Savings,2023-06-11,5014601.39,Active
ACC000875,CUST00875,BR010,Savings,2022-05-16,23850.52,Active
ACC000876,CUST00876,BR042,Savings,2021-01-18,122238.83,Active
ACC000877,CUST00877,BR007,Savings,2022-12-18,1156956.22,Active
ACC000878,CUST00878,BR005,Savings,2024-02-08,24297.41,Active
ACC000879,CUST00879,BR021,Savings,2022-10-22,81872.60,Inactive
ACC000880,CUST00880,BR025,Savings,2022-02-03,120666.12,Active
ACC000881,CUST00881,BR040,Savings,2021-05-30,21952.88,Active
ACC000882,CUST00882,BR018,Savings,2017-05-25,2969.01,Active
ACC000883,CUST00883,BR030,Salary,2024-02-16,299138.91,Dormant
ACC000884,CUST00884,BR040,Salary,2021-10-06,259950.93,Active
ACC000885,CUST00885,BR014,Savings,2021-07-18,855238.22,Active
ACC000886,CUST00886,BR016,Salary,2019-03-21,193917.53,Active
ACC000887,CUST00887,BR027,Savings,2021-01-31,863292.21,Active
ACC000888,CUST00888,BR026,Savings,2023-03-07,141236.58,Active
ACC000889,CUST00889,BR036,Savings,2023-07-17,2514.26,Active
ACC000890,CUST00890,BR016,Savings,2020-03-13,14107.81,Active
ACC000891,CUST00891,BR037,Savings,2023-09-11,15479.19,Active
ACC000892,CUST00892,BR024,Current,2023-03-03,39571.77,Active
ACC000893,CUST00893,BR022,Salary,2023-09-06,184208.73,Inactive
ACC000894,CUST00894,BR014,Current,2024-03-14,186402.97,Dormant
ACC000895,CUST00895,BR024,Savings,2021-04-30,6957.21,Dormant
ACC000896,CUST00896,BR012,Savings,2016-05-09,137015.37,Active
ACC000897,CUST00897,BR016,Fixed Deposit,2024-05-29,1940744.72,Inactive
ACC000898,CUST00898,BR049,Savings,2020-06-06,86235.39,Active
ACC000899,CUST00899,BR018,Savings,2024-02-24,18276.95,Active
ACC000900,CUST00900,BR046,Savings,2023-10-17,5592.59,Active
ACC000901,CUST00901,BR045,Fixed Deposit,2018-03-27,433747.01,Active
ACC000902,CUST00902,BR012,Savings,2019-07-06,45417.40,Dormant
ACC000903,CUST00903,BR032,Current,2024-02-04,4451084.99,Active
ACC000904,CUST00904,BR035,Fixed Deposit,2022-03-30,195099.94,Active
ACC000905,CUST00905,BR013,Savings,2024-02-08,148418.47,Active
ACC000906,CUST00906,BR038,Savings,2024-05-25,52564.51,Active
ACC000907,CUST00907,BR036,Savings,2023-09-08,111767.23,Dormant
ACC000908,CUST00908,BR031,Savings,2024-02-15,730457.58,Active
ACC000909,CUST00909,BR011,Savings,2024-06-11,12275.94,Active
ACC000910,CUST00910,BR043,Savings,2018-01-11,118072.67,Active
ACC000911,CUST00911,BR017,Savings,2022-05-06,138640.93,Active
ACC000912,CUST00912,BR024,Savings,2022-03-24,77671.34,Active
ACC000913,CUST00913,BR050,Savings,2021-12-06,82047.60,Active
ACC000914,CUST00914,BR042,Savings,2021-01-18,144267.45,Inactive
ACC000915,CUST00915,BR037,Savings,2023-09-07,21282.75,Active
ACC000916,CUST00916,BR009,Savings,2019-11-30,17582.21,Active
ACC000917,CUST00917,BR006,Salary,2024-04-12,235441.08,Active
ACC000918,CUST00918,BR002,Savings,2022-04-18,62910.18,Inactive
ACC000919,CUST00919,BR032,Salary,2023-08-01,14028.74,Active
ACC000920,CUST00920,BR046,Fixed Deposit,2023-06-22,660497.49,Inactive
ACC000921,CUST00921,BR029,Savings,2017-10-25,429968.31,Active
ACC000922,CUST00922,BR019,Salary,2023-10-06,58779.54,Inactive
ACC000923,CUST00923,BR006,Savings,2024-05-24,1522331.65,Active
ACC000924,CUST00924,BR049,Salary,2023-06-29,234684.17,Active
ACC000925,CUST00925,BR030,Savings,2020-05-28,5435.21,Active
ACC000926,CUST00926,BR003,Savings,2023-11-14,106318.19,Active
ACC000927,CUST00927,BR002,Current,2018-10-26,118430.02,Inactive
ACC000928,CUST00928,BR042,Savings,2022-03-02,93627.95,Inactive
ACC000929,CUST00929,BR008,Savings,2017-07-30,1377666.22,Active
ACC000930,CUST00930,BR028,Savings,2022-11-30,18894.44,Active
ACC000931,CUST00931,BR047,Savings,2018-01-05,10554.15,Dormant
ACC000932,CUST00932,BR045,Savings,2022-03-02,17016.97,Active
ACC000933,CUST00933,BR019,Savings,2023-09-11,33923.30,Active
ACC000934,CUST00934,BR039,Savings,2020-12-12,2374.35,Active
ACC000935,CUST00935,BR045,Savings,2021-03-20,1166152.63,Active
ACC000936,CUST00936,BR019,Salary,2020-11-01,35416.80,Dormant
ACC000937,CUST00937,BR033,Savings,2023-12-10,26927.40,Active
ACC000938,CUST00938,BR046,Savings,2019-03-31,68195.39,Active
ACC000939,CUST00939,BR031,Savings,2019-10-21,869564.41,Inactive
ACC000940,CUST00940,BR012,Savings,2023-10-26,34909.09,Active
ACC000941,CUST00941,BR045,Savings,2021-07-01,187549.47,Active
ACC000942,CUST00942,BR005,Savings,2023-11-07,23936.88,Active
ACC000943,CUST00943,BR033,Savings,2021-12-06,48361.58,Active
ACC000944,CUST00944,BR001,Savings,2018-05-16,8914.75,Inactive
ACC000945,CUST00945,BR043,Current,2018-01-26,764416.76,Active
ACC000946,CUST00946,BR011,Current,2024-06-18,141334.78,Active
ACC000947,CUST00947,BR038,Salary,2024-01-21,344169.93,Active
ACC000948,CUST00948,BR047,Salary,2020-10-18,284911.41,Active
ACC000949,CUST00949,BR012,Savings,2024-04-06,81458.77,Active
ACC000950,CUST00950,BR033,Savings,2024-03-01,230717.74,Active
ACC000951,CUST00951,BR009,Current,2023-11-25,274616.78,Active
ACC000952,CUST00952,BR032,Savings,2021-08-01,84900.44,Inactive
ACC000953,CUST00953,BR036,Salary,2021-05-11,194303.14,Active
ACC000954,CUST00954,BR012,Savings,2020-11-26,822570.06,Active
ACC000955,CUST00955,BR044,Salary,2020-06-27,11634.38,Inactive
ACC000956,CUST00956,BR005,Savings,2024-05-18,16203.20,Dormant
ACC000957,CUST00957,BR047,Savings,2023-05-18,31726.03,Active
ACC000958,CUST00958,BR023,Savings,2023-10-22,4233.01,Active
ACC000959,CUST00959,BR007,Salary,2022-09-26,33944.35,Inactive
ACC000960,CUST00960,BR005,Current,2017-03-10,687072.79,Active
ACC000961,CUST00961,BR040,Current,2023-06-23,42552.98,Inactive
ACC000962,CUST00962,BR013,Fixed Deposit,2022-11-14,1562975.45,Active
ACC000963,CUST00963,BR002,Salary,2019-12-08,196363.50,Active
ACC000964,CUST00964,BR025,Current,2022-05-17,519191.06,Dormant
ACC000965,CUST00965,BR032,Savings,2024-05-19,963252.27,Active
ACC000966,CUST00966,BR032,Savings,2024-04-26,146271.80,Dormant
ACC000967,CUST00967,BR004,Savings,2023-07-15,177834.51,Active
ACC000968,CUST00968,BR021,Current,2016-02-07,93549.84,Active
ACC000969,CUST00969,BR002,Current,2024-06-27,128681.41,Inactive
ACC000970,CUST00970,BR023,Fixed Deposit,2021-04-09,1609970.85,Active
ACC000971,CUST00971,BR005,Salary,2020-03-16,95131.01,Inactive
ACC000972,CUST00972,BR043,Savings,2021-01-15,112395.78,Active
ACC000973,CUST00973,BR038,Savings,2019-10-02,679991.00,Active
ACC000974,CUST00974,BR007,Savings,2021-09-21,54626.28,Active
ACC000975,CUST00975,BR040,Fixed Deposit,2024-03-09,982562.32,Dormant
ACC000976,CUST00976,BR019,Savings,2021-07-24,979721.82,Active
ACC000977,CUST00977,BR046,Current,2022-10-02,117226.32,Active
ACC000978,CUST00978,BR028,Salary,2022-10-27,116173.51,Active
ACC000979,CUST00979,BR043,Salary,2021-11-08,17343.57,Active
ACC000980,CUST00980,BR049,Fixed Deposit,2015-11-14,465171.74,Dormant
ACC000981,CUST00981,BR014,Savings,2023-12-04,565416.98,Active
ACC000982,CUST00982,BR050,Fixed Deposit,2023-02-12,534249.31,Dormant
ACC000983,CUST00983,BR030,Savings,2024-03-17,87058.61,Active
ACC000984,CUST00984,BR005,Salary,2023-08-20,13890.66,Dormant
ACC000985,CUST00985,BR044,Savings,2017-09-11,56134.76,Active
ACC000986,CUST00986,BR030,Savings,2020-06-07,75626.83,Active
ACC000987,CUST00987,BR009,Savings,2023-12-12,14299.68,Active
ACC000988,CUST00988,BR002,Savings,2020-05-20,779184.67,Active
ACC000989,CUST00989,BR043,Current,2023-05-30,1077101.24,Active
ACC000990,CUST00990,BR037,Savings,2018-03-31,24659.39,Active
ACC000991,CUST00991,BR032,Savings,2023-07-17,143313.12,Active
ACC000992,CUST00992,BR048,Savings,2021-06-09,907082.31,Active
ACC000993,CUST00993,BR029,Savings,2024-06-14,1067222.48,Active
ACC000994,CUST00994,BR021,Current,2023-12-01,4044248.62,Active
ACC000995,CUST00995,BR046,Savings,2021-04-21,8762.83,Active
ACC000996,CUST00996,BR004,Current,2023-02-27,108703.19,Active
ACC000997,CUST00997,BR045,Current,2022-11-09,434931.82,Active
ACC000998,CUST00998,BR026,Savings,2020-04-15,114415.81,Active
ACC000999,CUST00999,BR011,Savings,2020-06-01,16772.45,Inactive
ACC001000,CUST01000,BR018,Current,2023-11-07,64668.09,Inactive
ACC001001,CUST01001,BR046,Savings,2024-05-15,2104.17,Inactive
ACC001002,CUST01002,BR023,Salary,2023-12-23,310536.00,Dormant
ACC001003,CUST01003,BR042,Savings,2020-11-13,41179.33,Active
ACC001004,CUST01004,BR041,Savings,2019-08-14,104827.23,Active
ACC001005,CUST01005,BR049,Savings,2023-05-05,22269.27,Active
ACC001006,CUST01006,BR017,Savings,2023-01-17,27832.95,Inactive
ACC001007,CUST01007,BR012,Fixed Deposit,2022-03-02,1229790.44,Inactive
ACC001008,CUST01008,BR041,Salary,2021-06-13,68241.36,Active
ACC001009,CUST01009,BR040,Salary,2020-07-15,233664.81,Active
ACC001010,CUST01010,BR001,Savings,2023-09-11,1190054.50,Dormant
ACC001011,CUST01011,BR015,Savings,2023-10-20,3741.16,Active
ACC001012,CUST01012,BR028,Fixed Deposit,2020-07-10,1628273.63,Active
ACC001013,CUST01013,BR027,Savings,2022-07-21,931060.84,Active
ACC001014,CUST01014,BR016,Savings,2023-08-26,38506.32,Active
ACC001015,CUST01015,BR045,Salary,2023-01-24,162960.39,Active
ACC001016,CUST01016,BR005,Savings,2017-01-27,49999.92,Active
ACC001017,CUST01017,BR043,Savings,2023-12-28,12286.47,Active
ACC001018,CUST01018,BR025,Savings,2024-04-24,127302.77,Dormant
ACC001019,CUST01019,BR017,Savings,2023-03-02,2548035.95,Active
ACC001020,CUST01020,BR028,Salary,2021-01-09,56691.74,Active
ACC001021,CUST01021,BR028,Savings,2018-09-03,16749.09,Active
ACC001022,CUST01022,BR028,Current,2023-11-06,62716.74,Dormant
ACC001023,CUST01023,BR041,Current,2022-09-03,84259.06,Inactive
ACC001024,CUST01024,BR017,Savings,2022-08-27,775239.65,Active
ACC001025,CUST01025,BR046,Savings,2023-10-29,686290.97,Active
ACC001026,CUST01026,BR006,Fixed Deposit,2024-05-13,1845605.89,Active
ACC001027,CUST01027,BR043,Savings,2017-11-03,16395.04,Active
ACC001028,CUST01028,BR016,Savings,2019-05-25,277478.18,Dormant
ACC001029,CUST01029,BR008,Savings,2016-04-05,91462.81,Inactive
ACC001030,CUST01030,BR046,Fixed Deposit,2022-07-21,1161636.78,Inactive
ACC001031,CUST01031,BR003,Savings,2022-04-04,6111.15,Active
ACC001032,CUST01032,BR014,Salary,2023-11-09,223693.81,Active
ACC001033,CUST01033,BR039,Current,2021-11-29,102521.84,Active
ACC001034,CUST01034,BR014,Savings,2019-10-15,21688.87,Inactive
ACC001035,CUST01035,BR020,Savings,2024-06-24,844646.46,Active
ACC001036,CUST01036,BR023,Savings,2022-04-10,18756.77,Dormant
ACC001037,CUST01037,BR018,Savings,2018-09-14,66395.17,Active
ACC001038,CUST01038,BR041,Salary,2022-09-26,270411.98,Active
ACC001039,CUST01039,BR044,Savings,2024-03-10,53088.77,Dormant
ACC001040,CUST01040,BR030,Salary,2024-02-27,194444.67,Active
ACC001041,CUST01041,BR016,Savings,2022-05-13,20471.88,Active
ACC001042,CUST01042,BR033,Savings,2022-08-03,73154.46,Active
ACC001043,CUST01043,BR038,Savings,2020-03-29,11213.08,Active
ACC001044,CUST01044,BR026,Savings,2024-03-15,727364.24,Active
ACC001045,CUST01045,BR029,Savings,2023-05-22,4819.66,Dormant
ACC001046,CUST01046,BR048,Salary,2023-03-18,261008.14,Dormant
ACC001047,CUST01047,BR008,Savings,2021-12-26,104975.99,Active
ACC001048,CUST01048,BR047,Savings,2023-01-30,114790.75,Inactive
ACC001049,CUST01049,BR020,Current,2021-04-09,525168.59,Inactive
ACC001050,CUST01050,BR014,Savings,2024-05-08,42327.02,Active
ACC001051,CUST01051,BR020,Savings,2023-01-31,11310.83,Dormant
ACC001052,CUST01052,BR029,Savings,2022-07-11,58458.77,Active
ACC001053,CUST01053,BR004,Savings,2023-02-09,49035.17,Active
ACC001054,CUST01054,BR039,Salary,2020-05-19,105848.38,Active
ACC001055,CUST01055,BR047,Savings,2022-12-12,285005.39,Active
ACC001056,CUST01056,BR037,Fixed Deposit,2021-11-18,1757824.20,Active
ACC001057,CUST01057,BR040,Salary,2023-01-03,197293.20,Active
ACC001058,CUST01058,BR031,Savings,2021-03-17,145993.61,Inactive
ACC001059,CUST01059,BR030,Fixed Deposit,2023-12-16,434966.65,Active
ACC001060,CUST01060,BR031,Savings,2021-03-15,62216.99,Active
ACC001061,CUST01061,BR043,Savings,2020-11-07,131906.21,Active
ACC001062,CUST01062,BR020,Salary,2016-07-08,16407.15,Active
ACC001063,CUST01063,BR011,Savings,2022-04-30,18056.48,Active
ACC001064,CUST01064,BR040,Salary,2022-07-19,167572.97,Active
ACC001065,CUST01065,BR018,Savings,2024-01-31,78574.42,Active
ACC001066,CUST01066,BR029,Savings,2023-11-06,471947.05,Active
ACC001067,CUST01067,BR036,Salary,2022-02-25,217546.87,Active
ACC001068,CUST01068,BR046,Savings,2023-01-07,7411.27,Active
ACC001069,CUST01069,BR022,Salary,2022-12-15,307343.48,Active
ACC001070,CUST01070,BR031,Current,2019-02-04,659590.16,Active
ACC001071,CUST01071,BR041,Current,2023-12-23,1816589.32,Active
ACC001072,CUST01072,BR027,Savings,2023-07-25,21866.95,Active
ACC001073,CUST01073,BR029,Fixed Deposit,2024-01-02,147761.89,Dormant
ACC001074,CUST01074,BR026,Savings,2017-08-03,367400.21,Active
ACC001075,CUST01075,BR037,Savings,2023-01-18,43878.02,Active
ACC001076,CUST01076,BR044,Savings,2018-06-10,19963.13,Active
ACC001077,CUST01077,BR034,Savings,2024-01-18,4670921.61,Active
ACC001078,CUST01078,BR040,Fixed Deposit,2019-04-20,655198.84,Active
ACC001079,CUST01079,BR006,Savings,2021-03-16,17689.52,Active
ACC001080,CUST01080,BR019,Savings,2022-09-22,6858.14,Active
ACC001081,CUST01081,BR002,Savings,2021-08-28,148219.08,Active
ACC001082,CUST01082,BR033,Savings,2023-06-08,1167176.25,Active
ACC001083,CUST01083,BR049,Current,2020-05-28,340314.55,Active
ACC001084,CUST01084,BR016,Savings,2023-08-03,24500.21,Active
ACC001085,CUST01085,BR015,Salary,2022-09-08,150088.21,Active
ACC001086,CUST01086,BR046,Savings,2018-09-12,147768.31,Inactive
ACC001087,CUST01087,BR030,Savings,2023-03-09,1182199.35,Dormant
ACC001088,CUST01088,BR009,Savings,2016-07-13,2068.60,Active
ACC001089,CUST01089,BR034,Salary,2018-04-13,128790.09,Active
ACC001090,CUST01090,BR032,Salary,2020-09-06,338004.97,Active
ACC001091,CUST01091,BR009,Fixed Deposit,2024-01-29,1116239.82,Active
ACC001092,CUST01092,BR048,Salary,2020-10-28,348046.17,Dormant
ACC001093,CUST01093,BR008,Savings,2020-01-25,2910130.62,Inactive
ACC001094,CUST01094,BR020,Savings,2024-01-07,60351.83,Dormant
ACC001095,CUST01095,BR019,Salary,2024-03-27,333926.57,Active
ACC001096,CUST01096,BR003,Savings,2020-10-08,95850.81,Active
ACC001097,CUST01097,BR009,Current,2024-06-01,473448.97,Active
ACC001098,CUST01098,BR047,Savings,2023-06-06,66533.63,Active
ACC001099,CUST01099,BR022,Savings,2023-01-18,43050.48,Active
ACC001100,CUST01100,BR011,Savings,2024-04-09,104303.27,Active
ACC001101,CUST01101,BR008,Savings,2017-06-04,83936.56,Inactive
ACC001102,CUST01102,BR034,Savings,2024-06-28,69346.90,Active
ACC001103,CUST01103,BR002,Salary,2020-08-15,341393.84,Active
ACC001104,CUST01104,BR039,Current,2016-10-27,140525.05,Active
ACC001105,CUST01105,BR027,Savings,2022-11-21,134830.12,Active
ACC001106,CUST01106,BR011,Savings,2019-02-02,121369.95,Active
ACC001107,CUST01107,BR011,Savings,2021-11-01,45676.69,Active
ACC001108,CUST01108,BR007,Savings,2022-09-07,1945757.16,Dormant
ACC001109,CUST01109,BR049,Savings,2020-11-08,16079.51,Dormant
ACC001110,CUST01110,BR004,Salary,2020-03-06,43185.55,Active
ACC001111,CUST01111,BR002,Savings,2022-11-19,5623.65,Active
ACC001112,CUST01112,BR009,Fixed Deposit,2022-04-22,1636068.89,Active
ACC001113,CUST01113,BR024,Savings,2024-05-07,692078.03,Active
ACC001114,CUST01114,BR001,Savings,2022-02-20,50878.94,Inactive
ACC001115,CUST01115,BR018,Savings,2023-08-29,16389.84,Active
ACC001116,CUST01116,BR033,Savings,2023-09-20,4287.14,Active
ACC001117,CUST01117,BR045,Current,2023-07-02,107807.54,Active
ACC001118,CUST01118,BR033,Savings,2024-05-14,10445.92,Active
ACC001119,CUST01119,BR018,Savings,2021-03-14,11136.82,Dormant
ACC001120,CUST01120,BR045,Savings,2018-03-28,40289.07,Active
ACC001121,CUST01121,BR027,Current,2024-06-28,88616.84,Active
ACC001122,CUST01122,BR042,Savings,2023-05-28,114772.87,Active
ACC001123,CUST01123,BR023,Current,2023-10-22,42215.99,Active
ACC001124,CUST01124,BR013,Salary,2024-01-02,324533.27,Active
ACC001125,CUST01125,BR013,Savings,2022-03-06,312661.84,Active
ACC001126,CUST01126,BR024,Savings,2023-03-11,55496.37,Dormant
ACC001127,CUST01127,BR026,Savings,2022-01-02,455560.28,Active
ACC001128,CUST01128,BR048,Current,2022-05-25,189300.66,Active
ACC001129,CUST01129,BR009,Savings,2018-11-07,4601.79,Active
ACC001130,CUST01130,BR002,Savings,2023-09-09,109736.06,Active
ACC001131,CUST01131,BR042,Current,2020-12-11,165299.17,Active
ACC001132,CUST01132,BR008,Savings,2022-10-18,106312.75,Dormant
ACC001133,CUST01133,BR004,Current,2022-12-09,75355.64,Active
ACC001134,CUST01134,BR006,Savings,2015-06-16,111374.27,Active
ACC001135,CUST01135,BR016,Current,2023-01-02,2672309.43,Dormant
ACC001136,CUST01136,BR028,Savings,2024-01-06,479886.91,Active
ACC001137,CUST01137,BR031,Savings,2016-09-03,977674.23,Active
ACC001138,CUST01138,BR040,Current,2022-05-30,604799.72,Active
ACC001139,CUST01139,BR025,Current,2023-03-01,51278.57,Active
ACC001140,CUST01140,BR020,Savings,2016-07-27,75764.69,Active
ACC001141,CUST01141,BR025,Fixed Deposit,2024-01-05,1185318.94,Active
ACC001142,CUST01142,BR030,Savings,2020-06-05,15883.46,Active
ACC001143,CUST01143,BR044,Savings,2023-07-27,14538.51,Active
ACC001144,CUST01144,BR039,Savings,2024-02-10,23522.97,Inactive
ACC001145,CUST01145,BR017,Salary,2024-02-21,294981.64,Active
ACC001146,CUST01146,BR004,Salary,2022-11-26,253852.51,Active
ACC001147,CUST01147,BR038,Current,2023-02-22,439886.99,Dormant
ACC001148,CUST01148,BR024,Savings,2022-06-12,13940.67,Dormant
ACC001149,CUST01149,BR004,Savings,2024-05-02,9056.61,Active
ACC001150,CUST01150,BR043,Savings,2021-12-17,80195.03,Active
ACC001151,CUST01151,BR040,Savings,2022-11-10,123227.06,Active
ACC001152,CUST01152,BR041,Savings,2023-03-07,612557.12,Dormant
ACC001153,CUST01153,BR048,Savings,2021-09-30,89735.03,Active
ACC001154,CUST01154,BR023,Current,2019-04-25,566055.42,Active
ACC001155,CUST01155,BR003,Savings,2023-09-28,9523.12,Active
ACC001156,CUST01156,BR036,Savings,2020-02-26,181392.51,Active
ACC001157,CUST01157,BR009,Savings,2021-03-14,2991746.53,Active
ACC001158,CUST01158,BR024,Fixed Deposit,2017-09-19,995621.28,Active
ACC001159,CUST01159,BR008,Salary,2019-05-28,40993.76,Dormant
ACC001160,CUST01160,BR024,Savings,2023-02-12,38555.39,Dormant
ACC001161,CUST01161,BR013,Current,2024-01-14,3716038.79,Active
ACC001162,CUST01162,BR009,Savings,2022-02-19,13455.55,Inactive
ACC001163,CUST01163,BR043,Savings,2021-07-29,118606.90,Active
ACC001164,CUST01164,BR032,Salary,2018-11-15,68768.57,Active
ACC001165,CUST01165,BR031,Savings,2022-03-01,138064.48,Active
ACC001166,CUST01166,BR015,Current,2018-10-29,483806.16,Dormant
ACC001167,CUST01167,BR011,Fixed Deposit,2022-10-11,381969.25,Active
ACC001168,CUST01168,BR029,Savings,2022-11-19,146780.32,Active
ACC001169,CUST01169,BR029,Salary,2019-06-15,134196.72,Active
ACC001170,CUST01170,BR012,Savings,2023-03-18,136698.26,Active
ACC001171,CUST01171,BR035,Fixed Deposit,2023-12-06,544165.99,Active
ACC001172,CUST01172,BR003,Savings,2021-08-27,7751.04,Active
ACC001173,CUST01173,BR018,Salary,2024-02-21,63870.51,Inactive
ACC001174,CUST01174,BR017,Savings,2018-07-17,8841.95,Active
ACC001175,CUST01175,BR001,Savings,2024-03-09,646415.34,Inactive
ACC001176,CUST01176,BR031,Savings,2024-03-06,11899.42,Active
ACC001177,CUST01177,BR006,Savings,2022-08-02,21016.60,Dormant
ACC001178,CUST01178,BR029,Savings,2020-02-17,798793.85,Active
ACC001179,CUST01179,BR032,Current,2021-09-14,141549.89,Dormant
ACC001180,CUST01180,BR049,Salary,2023-08-23,235349.45,Dormant
ACC001181,CUST01181,BR010,Fixed Deposit,2024-04-24,1537810.72,Active
ACC001182,CUST01182,BR014,Savings,2019-09-09,29135.75,Active
ACC001183,CUST01183,BR041,Savings,2021-01-02,23248.06,Active
ACC001184,CUST01184,BR039,Salary,2017-07-26,142148.87,Active
ACC001185,CUST01185,BR019,Current,2021-07-30,59832.13,Active
ACC001186,CUST01186,BR027,Savings,2017-06-21,114113.54,Active
ACC001187,CUST01187,BR025,Current,2017-11-29,310960.63,Active
ACC001188,CUST01188,BR031,Savings,2021-10-26,554804.29,Active
ACC001189,CUST01189,BR018,Savings,2020-11-10,791253.28,Active
ACC001190,CUST01190,BR022,Savings,2020-12-19,30562.36,Active
ACC001191,CUST01191,BR019,Savings,2023-10-27,11532.04,Active
ACC001192,CUST01192,BR012,Savings,2023-03-11,437941.71,Inactive
ACC001193,CUST01193,BR045,Savings,2024-05-04,136260.11,Inactive
ACC001194,CUST01194,BR035,Savings,2020-02-26,46992.69,Active
ACC001195,CUST01195,BR049,Savings,2021-11-21,39256.70,Active
ACC001196,CUST01196,BR029,Salary,2023-12-08,31626.49,Active
ACC001197,CUST01197,BR044,Fixed Deposit,2020-06-27,304944.22,Active
ACC001198,CUST01198,BR017,Fixed Deposit,2019-04-19,1115248.03,Active
ACC001199,CUST01199,BR005,Savings,2021-06-03,84800.85,Dormant
ACC001200,CUST01200,BR011,Savings,2023-09-07,532242.28,Active
ACC001201,CUST01201,BR011,Savings,2015-04-13,13491.98,Active
ACC001202,CUST01202,BR014,Current,2023-02-11,83988.04,Active
ACC001203,CUST01203,BR034,Salary,2023-07-25,185244.69,Inactive
ACC001204,CUST01204,BR004,Current,2023-09-11,164384.60,Active
ACC001205,CUST01205,BR013,Savings,2015-11-13,6287.56,Inactive
ACC001206,CUST01206,BR005,Current,2016-04-04,717920.88,Active
ACC001207,CUST01207,BR003,Salary,2023-09-28,281594.60,Active
ACC001208,CUST01208,BR035,Savings,2017-08-08,622053.23,Active
ACC001209,CUST01209,BR001,Savings,2022-03-18,5309.25,Active
ACC001210,CUST01210,BR018,Savings,2021-01-30,117678.38,Active
ACC001211,CUST01211,BR032,Fixed Deposit,2024-05-21,1169510.42,Active
ACC001212,CUST01212,BR039,Savings,2023-09-04,988115.78,Active
ACC001213,CUST01213,BR012,Current,2023-01-02,583599.40,Active
ACC001214,CUST01214,BR002,Savings,2022-11-14,20833.76,Active
ACC001215,CUST01215,BR038,Savings,2019-08-04,12064.60,Dormant
ACC001216,CUST01216,BR048,Savings,2022-09-04,86065.74,Dormant
ACC001217,CUST01217,BR013,Savings,2022-08-12,4343.90,Active
ACC001218,CUST01218,BR009,Savings,2024-06-06,122164.44,Active
ACC001219,CUST01219,BR049,Savings,2024-03-15,17297.34,Active
ACC001220,CUST01220,BR043,Savings,2023-04-17,19823.03,Active
ACC001221,CUST01221,BR012,Savings,2020-07-02,25581.65,Active
ACC001222,CUST01222,BR010,Current,2021-07-02,74389.46,Active
ACC001223,CUST01223,BR028,Savings,2019-03-22,41825.96,Active
ACC001224,CUST01224,BR016,Savings,2020-07-07,14358.77,Inactive
ACC001225,CUST01225,BR024,Fixed Deposit,2022-09-15,1181582.21,Active
ACC001226,CUST01226,BR049,Fixed Deposit,2024-06-13,173534.39,Inactive
ACC001227,CUST01227,BR049,Savings,2024-01-12,70083.30,Inactive
ACC001228,CUST01228,BR025,Fixed Deposit,2022-10-20,1191337.84,Inactive
ACC001229,CUST01229,BR009,Savings,2018-10-17,72279.85,Active
ACC001230,CUST01230,BR032,Current,2024-03-05,61164.58,Active
ACC001231,CUST01231,BR042,Fixed Deposit,2018-10-06,1233840.72,Inactive
ACC001232,CUST01232,BR013,Savings,2020-01-29,4751.74,Active
ACC001233,CUST01233,BR046,Savings,2023-12-09,62689.83,Dormant
ACC001234,CUST01234,BR016,Savings,2021-12-06,992331.19,Active
ACC001235,CUST01235,BR042,Savings,2020-09-08,37617.00,Active
ACC001236,CUST01236,BR038,Current,2018-10-21,628102.13,Active
ACC001237,CUST01237,BR026,Savings,2018-03-23,65328.20,Active
ACC001238,CUST01238,BR017,Fixed Deposit,2022-08-18,1992641.61,Active
ACC001239,CUST01239,BR049,Current,2016-11-13,4375160.35,Inactive
ACC001240,CUST01240,BR018,Savings,2023-08-31,809629.24,Active
ACC001241,CUST01241,BR001,Savings,2024-03-24,45796.83,Active
ACC001242,CUST01242,BR011,Current,2023-04-22,1291920.31,Active
ACC001243,CUST01243,BR029,Savings,2023-04-06,46715.53,Inactive
ACC001244,CUST01244,BR027,Savings,2023-12-05,24542.37,Active
ACC001245,CUST01245,BR006,Savings,2019-01-04,49434.26,Active
ACC001246,CUST01246,BR044,Savings,2018-02-12,145793.81,Active
ACC001247,CUST01247,BR007,Salary,2015-12-30,153721.24,Inactive
ACC001248,CUST01248,BR031,Salary,2021-08-08,99083.10,Active
ACC001249,CUST01249,BR024,Savings,2021-11-26,108523.89,Active
ACC001250,CUST01250,BR030,Savings,2023-06-30,5301242.15,Active
ACC001251,CUST01251,BR034,Savings,2024-01-23,126912.73,Inactive
ACC001252,CUST01252,BR043,Current,2022-02-28,42553.35,Active
ACC001253,CUST01253,BR041,Savings,2024-01-10,11890.76,Inactive
ACC001254,CUST01254,BR026,Salary,2022-02-06,324335.72,Dormant
ACC001255,CUST01255,BR047,Savings,2023-06-13,1162799.75,Active
ACC001256,CUST01256,BR003,Current,2017-08-03,373938.11,Active
ACC001257,CUST01257,BR029,Savings,2021-01-25,7991.42,Active
ACC001258,CUST01258,BR006,Savings,2024-05-01,72329.58,Active
ACC001259,CUST01259,BR047,Savings,2022-10-08,69473.03,Active
ACC001260,CUST01260,BR006,Savings,2018-02-20,66261.14,Active
ACC001261,CUST01261,BR022,Savings,2023-08-17,598875.21,Active
ACC001262,CUST01262,BR028,Savings,2021-12-06,533002.52,Dormant
ACC001263,CUST01263,BR048,Salary,2024-01-01,146206.22,Active
ACC001264,CUST01264,BR025,Savings,2022-11-17,107190.07,Active
ACC001265,CUST01265,BR021,Savings,2023-10-04,75655.76,Active
ACC001266,CUST01266,BR038,Fixed Deposit,2020-01-02,773283.05,Active
ACC001267,CUST01267,BR015,Fixed Deposit,2020-06-28,1214089.30,Active
ACC001268,CUST01268,BR003,Savings,2021-09-22,140655.73,Active
ACC001269,CUST01269,BR031,Savings,2024-03-27,4954.73,Dormant
ACC001270,CUST01270,BR046,Current,2023-05-12,601412.37,Active
ACC001271,CUST01271,BR047,Current,2024-02-14,292570.33,Active
ACC001272,CUST01272,BR022,Savings,2024-01-05,3638.24,Inactive
ACC001273,CUST01273,BR019,Savings,2023-12-14,138722.49,Active
ACC001274,CUST01274,BR049,Savings,2024-04-30,118074.47,Active
ACC001275,CUST01275,BR011,Savings,2023-07-05,23180.78,Dormant
ACC001276,CUST01276,BR048,Salary,2024-01-24,309126.17,Dormant
ACC001277,CUST01277,BR028,Savings,2023-02-10,564992.28,Active
ACC001278,CUST01278,BR033,Current,2021-06-13,27889.26,Inactive
ACC001279,CUST01279,BR003,Savings,2020-09-17,8254.76,Active
ACC001280,CUST01280,BR050,Savings,2024-03-02,5301.36,Active
ACC001281,CUST01281,BR018,Savings,2021-02-10,248351.12,Dormant
ACC001282,CUST01282,BR042,Savings,2023-12-09,68429.41,Active
ACC001283,CUST01283,BR045,Current,2021-10-21,774112.67,Active
ACC001284,CUST01284,BR020,Savings,2021-10-27,393484.94,Active
ACC001285,CUST01285,BR002,Salary,2023-05-04,123214.14,Active
ACC001286,CUST01286,BR038,Savings,2024-01-24,14913.43,Active
ACC001287,CUST01287,BR008,Savings,2022-12-07,11328.52,Active
ACC001288,CUST01288,BR003,Savings,2024-02-10,19118.23,Dormant
ACC001289,CUST01289,BR008,Current,2022-03-12,3210211.24,Active
ACC001290,CUST01290,BR003,Fixed Deposit,2023-05-19,266509.71,Active
ACC001291,CUST01291,BR045,Salary,2019-07-05,220815.95,Active
ACC001292,CUST01292,BR043,Savings,2019-09-15,3931090.17,Active
ACC001293,CUST01293,BR036,Savings,2022-04-30,104345.80,Active
ACC001294,CUST01294,BR017,Savings,2017-07-05,1114324.91,Dormant
ACC001295,CUST01295,BR045,Fixed Deposit,2024-06-06,1367707.17,Active
ACC001296,CUST01296,BR013,Savings,2023-04-05,475089.42,Active
ACC001297,CUST01297,BR010,Savings,2024-03-28,48102.09,Inactive
ACC001298,CUST01298,BR008,Savings,2021-03-30,17261.93,Active
ACC001299,CUST01299,BR022,Savings,2024-05-24,34412.89,Active
ACC001300,CUST01300,BR025,Current,2023-05-12,1312227.15,Active
ACC001301,CUST01301,BR007,Current,2022-09-26,565456.40,Active
ACC001302,CUST01302,BR004,Savings,2024-06-08,52522.36,Active
ACC001303,CUST01303,BR036,Salary,2023-10-13,106943.14,Active
ACC001304,CUST01304,BR033,Salary,2024-03-06,108482.10,Inactive
ACC001305,CUST01305,BR047,Savings,2023-05-31,94667.46,Active
ACC001306,CUST01306,BR012,Savings,2024-06-06,884339.58,Active
ACC001307,CUST01307,BR046,Current,2020-12-17,507869.45,Active
ACC001308,CUST01308,BR006,Savings,2023-04-07,3836963.11,Active
ACC001309,CUST01309,BR006,Fixed Deposit,2024-04-30,312601.67,Active
ACC001310,CUST01310,BR047,Current,2023-04-23,82032.93,Active
ACC001311,CUST01311,BR026,Current,2024-03-30,99624.96,Active
ACC001312,CUST01312,BR016,Savings,2022-06-17,821899.26,Active
ACC001313,CUST01313,BR044,Fixed Deposit,2024-03-21,935070.60,Active
ACC001314,CUST01314,BR033,Salary,2022-04-02,117722.55,Active
ACC001315,CUST01315,BR044,Salary,2023-10-03,58737.75,Active
ACC001316,CUST01316,BR017,Savings,2023-11-19,120329.11,Active
ACC001317,CUST01317,BR003,Savings,2021-12-28,44795.10,Active
ACC001318,CUST01318,BR030,Savings,2018-01-15,13249.34,Active
ACC001319,CUST01319,BR001,Savings,2024-05-19,16318.95,Active
ACC001320,CUST01320,BR032,Savings,2024-05-24,9501.88,Active
ACC001321,CUST01321,BR024,Savings,2022-09-09,13464.53,Dormant
ACC001322,CUST01322,BR011,Salary,2023-11-06,342782.73,Active
ACC001323,CUST01323,BR019,Savings,2022-01-22,23509.37,Dormant
ACC001324,CUST01324,BR031,Savings,2022-11-16,10236.35,Active
ACC001325,CUST01325,BR021,Savings,2024-04-24,566127.39,Inactive
ACC001326,CUST01326,BR007,Fixed Deposit,2020-07-10,179909.92,Active
ACC001327,CUST01327,BR004,Savings,2019-11-05,42168.55,Active
ACC001328,CUST01328,BR019,Savings,2023-10-06,11769.28,Active
ACC001329,CUST01329,BR012,Salary,2019-08-25,242581.40,Inactive
ACC001330,CUST01330,BR013,Salary,2023-12-03,333433.89,Inactive
ACC001331,CUST01331,BR038,Savings,2019-08-18,460538.10,Active
ACC001332,CUST01332,BR010,Savings,2024-04-19,16702.01,Active
ACC001333,CUST01333,BR020,Salary,2020-02-09,198571.77,Active
ACC001334,CUST01334,BR028,Savings,2023-10-08,1011114.38,Active
ACC001335,CUST01335,BR016,Salary,2021-04-11,89000.92,Active
ACC001336,CUST01336,BR014,Salary,2022-08-16,181465.75,Active
ACC001337,CUST01337,BR022,Savings,2023-10-28,252422.37,Active
ACC001338,CUST01338,BR024,Savings,2024-06-17,1184077.69,Active
ACC001339,CUST01339,BR042,Savings,2024-02-24,96310.07,Active
ACC001340,CUST01340,BR008,Savings,2023-04-24,68522.20,Active
ACC001341,CUST01341,BR005,Savings,2023-09-09,65211.66,Active
ACC001342,CUST01342,BR003,Savings,2023-12-15,17349.45,Active
ACC001343,CUST01343,BR029,Salary,2022-04-06,87391.70,Inactive
ACC001344,CUST01344,BR011,Salary,2022-10-11,192260.56,Active
ACC001345,CUST01345,BR048,Fixed Deposit,2022-10-30,663292.23,Active
ACC001346,CUST01346,BR049,Savings,2024-03-10,73688.56,Active
ACC001347,CUST01347,BR001,Savings,2023-09-02,70878.05,Active
ACC001348,CUST01348,BR017,Savings,2021-05-18,27059.82,Active
ACC001349,CUST01349,BR003,Salary,2021-03-14,69503.65,Inactive
ACC001350,CUST01350,BR042,Savings,2023-10-01,2828.93,Active
ACC001351,CUST01351,BR039,Savings,2023-11-06,40099.66,Dormant
ACC001352,CUST01352,BR040,Salary,2015-09-01,343895.13,Dormant
ACC001353,CUST01353,BR012,Salary,2024-04-10,348381.09,Active
ACC001354,CUST01354,BR047,Fixed Deposit,2024-03-30,833749.66,Inactive
ACC001355,CUST01355,BR014,Savings,2019-11-25,6858.85,Active
ACC001356,CUST01356,BR029,Savings,2023-03-27,122046.24,Active
ACC001357,CUST01357,BR030,Savings,2017-08-31,97878.28,Active
ACC001358,CUST01358,BR019,Salary,2021-05-07,199357.07,Active
ACC001359,CUST01359,BR010,Savings,2022-07-16,22387.61,Active
ACC001360,CUST01360,BR009,Savings,2017-08-28,294381.36,Active
ACC001361,CUST01361,BR001,Savings,2022-01-24,72967.55,Active
ACC001362,CUST01362,BR041,Current,2017-04-15,95308.65,Dormant
ACC001363,CUST01363,BR046,Savings,2023-04-04,58571.44,Dormant
ACC001364,CUST01364,BR031,Salary,2024-01-22,176814.25,Active
ACC001365,CUST01365,BR003,Savings,2021-12-07,4037.05,Active
ACC001366,CUST01366,BR002,Savings,2021-12-16,16032.41,Active
ACC001367,CUST01367,BR044,Savings,2017-03-04,852622.70,Active
ACC001368,CUST01368,BR023,Savings,2021-10-07,407969.60,Active
ACC001369,CUST01369,BR012,Salary,2023-10-04,28664.19,Active
ACC001370,CUST01370,BR020,Savings,2019-03-10,21102.35,Active
ACC001371,CUST01371,BR017,Current,2024-06-16,356737.13,Active
ACC001372,CUST01372,BR021,Savings,2023-10-21,15480.97,Active
ACC001373,CUST01373,BR028,Current,2019-11-01,534282.58,Active
ACC001374,CUST01374,BR021,Savings,2023-03-28,120607.88,Active
ACC001375,CUST01375,BR042,Salary,2024-02-05,38008.91,Dormant
ACC001376,CUST01376,BR035,Savings,2019-01-11,1186310.19,Dormant
ACC001377,CUST01377,BR048,Savings,2021-05-12,672915.95,Active
ACC001378,CUST01378,BR031,Savings,2021-04-14,235782.51,Dormant
ACC001379,CUST01379,BR030,Current,2024-04-13,71002.18,Dormant
ACC001380,CUST01380,BR004,Savings,2022-12-13,11592.43,Active
ACC001381,CUST01381,BR028,Savings,2023-07-20,818552.56,Inactive
ACC001382,CUST01382,BR002,Savings,2022-05-02,4940.99,Active
ACC001383,CUST01383,BR049,Savings,2019-08-10,4505710.46,Active
ACC001384,CUST01384,BR047,Savings,2022-08-08,1016520.08,Active
ACC001385,CUST01385,BR042,Savings,2024-06-10,97993.71,Dormant
ACC001386,CUST01386,BR030,Salary,2018-07-05,104651.34,Active
ACC001387,CUST01387,BR028,Salary,2019-06-20,347112.42,Active
ACC001388,CUST01388,BR040,Savings,2021-02-07,766140.47,Active
ACC001389,CUST01389,BR030,Savings,2022-12-29,8924.30,Active
ACC001390,CUST01390,BR042,Salary,2019-10-14,60217.61,Active
ACC001391,CUST01391,BR016,Current,2021-12-06,119525.88,Active
ACC001392,CUST01392,BR036,Salary,2021-08-23,215579.92,Active
ACC001393,CUST01393,BR037,Savings,2016-06-16,94763.15,Active
ACC001394,CUST01394,BR026,Salary,2024-05-31,215230.64,Dormant
ACC001395,CUST01395,BR007,Savings,2024-01-19,7032.14,Dormant
ACC001396,CUST01396,BR038,Current,2023-08-09,56419.90,Active
ACC001397,CUST01397,BR044,Fixed Deposit,2024-03-31,52925.02,Active
ACC001398,CUST01398,BR042,Salary,2024-05-26,77644.50,Active
ACC001399,CUST01399,BR042,Savings,2024-02-25,5161.22,Dormant
ACC001400,CUST01400,BR040,Savings,2016-03-20,68192.18,Inactive
ACC001401,CUST01401,BR014,Savings,2019-05-05,734898.30,Dormant
ACC001402,CUST01402,BR050,Savings,2024-03-15,5663.89,Dormant
ACC001403,CUST01403,BR021,Savings,2024-06-18,974856.81,Active
ACC001404,CUST01404,BR005,Fixed Deposit,2023-02-15,1227053.90,Active
ACC001405,CUST01405,BR009,Salary,2020-10-24,197086.71,Active
ACC001406,CUST01406,BR044,Salary,2023-11-28,248511.60,Active
ACC001407,CUST01407,BR027,Savings,2022-12-07,100205.01,Active
ACC001408,CUST01408,BR045,Savings,2023-12-09,56900.87,Active
ACC001409,CUST01409,BR026,Savings,2023-11-25,9100.08,Dormant
ACC001410,CUST01410,BR030,Savings,2020-04-13,8218.94,Active
ACC001411,CUST01411,BR050,Savings,2020-11-18,21042.97,Active
ACC001412,CUST01412,BR045,Current,2023-04-11,53121.47,Active
ACC001413,CUST01413,BR041,Savings,2021-02-18,17072.67,Active
ACC001414,CUST01414,BR028,Salary,2017-09-09,323363.08,Active
ACC001415,CUST01415,BR017,Salary,2017-07-11,319196.33,Active
ACC001416,CUST01416,BR027,Savings,2023-12-17,23675.99,Active
ACC001417,CUST01417,BR049,Savings,2021-09-26,21229.28,Active
ACC001418,CUST01418,BR011,Savings,2022-11-16,12135.02,Active
ACC001419,CUST01419,BR005,Savings,2024-01-31,86625.48,Active
ACC001420,CUST01420,BR001,Fixed Deposit,2022-08-26,144217.16,Active
ACC001421,CUST01421,BR017,Savings,2020-03-02,559345.03,Active
ACC001422,CUST01422,BR038,Savings,2023-07-22,9808.61,Inactive
ACC001423,CUST01423,BR039,Salary,2023-05-19,125340.49,Active
ACC001424,CUST01424,BR024,Savings,2023-10-07,5030220.38,Active
ACC001425,CUST01425,BR030,Current,2022-01-05,2660803.71,Active
ACC001426,CUST01426,BR012,Salary,2018-12-17,41968.48,Active
ACC001427,CUST01427,BR019,Savings,2023-03-02,648308.07,Active
ACC001428,CUST01428,BR006,Savings,2023-06-13,28910.71,Active
ACC001429,CUST01429,BR048,Savings,2021-12-19,28078.69,Active
ACC001430,CUST01430,BR043,Current,2019-03-03,132971.29,Inactive
ACC001431,CUST01431,BR013,Savings,2024-04-15,86789.01,Active
ACC001432,CUST01432,BR048,Savings,2024-03-29,130296.83,Active
ACC001433,CUST01433,BR017,Savings,2024-01-22,418419.42,Active
ACC001434,CUST01434,BR003,Savings,2024-05-08,13082.24,Active
ACC001435,CUST01435,BR022,Fixed Deposit,2021-09-13,1882394.73,Active
ACC001436,CUST01436,BR026,Savings,2022-06-08,2451477.17,Active
ACC001437,CUST01437,BR026,Savings,2021-10-26,390882.07,Inactive
ACC001438,CUST01438,BR008,Savings,2023-01-08,993782.72,Active
ACC001439,CUST01439,BR021,Savings,2020-02-02,1038164.52,Active
ACC001440,CUST01440,BR002,Savings,2016-11-29,4204.96,Active
ACC001441,CUST01441,BR030,Savings,2019-07-16,109573.98,Active
ACC001442,CUST01442,BR035,Current,2024-04-29,129717.68,Active
ACC001443,CUST01443,BR004,Salary,2022-03-31,227487.93,Active
ACC001444,CUST01444,BR030,Savings,2019-10-18,95229.53,Dormant
ACC001445,CUST01445,BR032,Savings,2021-04-01,18873.97,Active
ACC001446,CUST01446,BR032,Savings,2024-03-11,2427922.14,Active
ACC001447,CUST01447,BR012,Savings,2022-01-30,602664.12,Active
ACC001448,CUST01448,BR022,Savings,2024-01-05,5320955.60,Active
ACC001449,CUST01449,BR008,Savings,2021-08-12,1098142.39,Active
ACC001450,CUST01450,BR024,Savings,2016-02-15,16851.24,Active
ACC001451,CUST01451,BR009,Savings,2018-06-02,5024618.11,Active
ACC001452,CUST01452,BR019,Salary,2024-02-25,138049.74,Active
ACC001453,CUST01453,BR013,Savings,2024-05-28,31948.50,Active
ACC001454,CUST01454,BR020,Savings,2023-09-19,17732.10,Active
ACC001455,CUST01455,BR021,Current,2021-12-30,44714.31,Active
ACC001456,CUST01456,BR005,Savings,2020-11-27,9546.47,Active
ACC001457,CUST01457,BR039,Savings,2021-06-17,1078882.30,Dormant
ACC001458,CUST01458,BR028,Savings,2022-11-27,58059.84,Dormant
ACC001459,CUST01459,BR050,Salary,2021-03-12,169150.70,Active
ACC001460,CUST01460,BR037,Fixed Deposit,2024-01-05,1599576.52,Dormant
ACC001461,CUST01461,BR034,Savings,2020-01-06,1407045.54,Dormant
ACC001462,CUST01462,BR027,Savings,2019-02-21,2037.25,Inactive
ACC001463,CUST01463,BR032,Savings,2020-02-15,153394.57,Dormant
ACC001464,CUST01464,BR038,Savings,2020-11-03,3434.28,Active
ACC001465,CUST01465,BR019,Savings,2021-09-25,14870.87,Active
ACC001466,CUST01466,BR042,Savings,2016-12-03,136648.96,Active
ACC001467,CUST01467,BR021,Current,2017-02-23,398319.13,Dormant
ACC001468,CUST01468,BR026,Salary,2020-04-26,294385.67,Active
ACC001469,CUST01469,BR007,Savings,2018-07-14,3825.20,Active
ACC001470,CUST01470,BR015,Savings,2024-02-28,550190.87,Active
ACC001471,CUST01471,BR004,Savings,2019-10-24,80758.37,Active
ACC001472,CUST01472,BR045,Salary,2020-09-03,299560.47,Inactive
ACC001473,CUST01473,BR008,Savings,2017-01-23,113263.66,Active
ACC001474,CUST01474,BR008,Fixed Deposit,2022-12-16,1291201.96,Active
ACC001475,CUST01475,BR015,Savings,2023-07-22,1169446.29,Active
ACC001476,CUST01476,BR042,Savings,2023-07-01,16969.51,Active
ACC001477,CUST01477,BR043,Current,2022-11-05,65043.09,Active
ACC001478,CUST01478,BR049,Savings,2020-03-31,2382.55,Active
ACC001479,CUST01479,BR010,Savings,2022-05-02,11552.38,Active
ACC001480,CUST01480,BR033,Savings,2022-08-04,355067.31,Active
ACC001481,CUST01481,BR037,Current,2021-06-17,28911.21,Dormant
ACC001482,CUST01482,BR030,Salary,2022-10-15,65248.97,Inactive
ACC001483,CUST01483,BR036,Savings,2019-02-18,23788.39,Active
ACC001484,CUST01484,BR004,Fixed Deposit,2023-03-30,131048.53,Dormant
ACC001485,CUST01485,BR019,Savings,2023-12-27,494027.62,Active
ACC001486,CUST01486,BR007,Current,2020-10-04,741036.36,Active
ACC001487,CUST01487,BR037,Savings,2023-06-29,49690.08,Active
ACC001488,CUST01488,BR026,Savings,2024-06-02,1134147.77,Inactive
ACC001489,CUST01489,BR011,Savings,2023-01-15,813153.43,Active
ACC001490,CUST01490,BR007,Fixed Deposit,2023-09-17,718385.77,Active
ACC001491,CUST01491,BR011,Current,2018-12-27,169544.41,Active
ACC001492,CUST01492,BR031,Savings,2021-08-26,1163226.22,Active
ACC001493,CUST01493,BR039,Savings,2022-07-03,2667155.91,Active
ACC001494,CUST01494,BR002,Savings,2022-08-09,126132.15,Inactive
ACC001495,CUST01495,BR050,Salary,2024-05-02,172075.08,Active
ACC001496,CUST01496,BR017,Savings,2024-02-21,1171854.05,Active
ACC001497,CUST01497,BR034,Savings,2022-12-26,20617.94,Active
ACC001498,CUST01498,BR002,Current,2022-11-15,146351.94,Active
ACC001499,CUST01499,BR016,Savings,2024-02-28,104588.54,Active
ACC001500,CUST01500,BR041,Savings,2022-03-27,4602.56,Active
ACC001501,CUST01501,BR044,Savings,2024-06-02,135060.81,Active
ACC001502,CUST01502,BR038,Savings,2024-02-12,10524.79,Active
ACC001503,CUST01503,BR008,Current,2023-06-06,159834.83,Active
ACC001504,CUST01504,BR040,Salary,2022-08-11,120884.85,Active
ACC001505,CUST01505,BR003,Savings,2023-12-19,94201.11,Active
ACC001506,CUST01506,BR023,Fixed Deposit,2019-12-22,1629212.18,Inactive
ACC001507,CUST01507,BR050,Current,2023-10-04,207016.71,Dormant
ACC001508,CUST01508,BR038,Savings,2024-02-23,13567.59,Active
ACC001509,CUST01509,BR025,Salary,2018-03-08,153996.54,Active
ACC001510,CUST01510,BR037,Savings,2021-02-02,72049.54,Active
ACC001511,CUST01511,BR009,Savings,2020-08-09,50222.27,Inactive
ACC001512,CUST01512,BR035,Savings,2023-11-15,912572.83,Active
ACC001513,CUST01513,BR033,Savings,2020-08-08,57445.60,Active
ACC001514,CUST01514,BR030,Savings,2020-12-29,23818.82,Dormant
ACC001515,CUST01515,BR020,Fixed Deposit,2023-11-10,1888083.88,Active
ACC001516,CUST01516,BR004,Savings,2019-08-21,9816.94,Active
ACC001517,CUST01517,BR004,Savings,2022-08-08,569427.53,Dormant
ACC001518,CUST01518,BR031,Savings,2019-04-16,20404.82,Active
ACC001519,CUST01519,BR045,Savings,2024-05-14,10746.36,Active
ACC001520,CUST01520,BR041,Savings,2022-12-29,140798.57,Active
ACC001521,CUST01521,BR013,Current,2020-08-26,142790.94,Active
ACC001522,CUST01522,BR014,Savings,2021-10-29,12451.90,Active
ACC001523,CUST01523,BR031,Savings,2023-02-28,1790462.50,Active
ACC001524,CUST01524,BR040,Savings,2023-02-12,54702.00,Active
ACC001525,CUST01525,BR011,Salary,2022-02-13,47894.40,Active
ACC001526,CUST01526,BR007,Savings,2024-02-10,9107.59,Active
ACC001527,CUST01527,BR027,Savings,2022-12-26,51968.93,Active
ACC001528,CUST01528,BR038,Fixed Deposit,2023-04-11,1577744.93,Active
ACC001529,CUST01529,BR009,Savings,2024-06-18,46763.09,Inactive
ACC001530,CUST01530,BR014,Salary,2022-01-01,237293.92,Active
ACC001531,CUST01531,BR023,Salary,2023-08-19,33443.84,Active
ACC001532,CUST01532,BR026,Savings,2023-11-30,141667.03,Dormant
ACC001533,CUST01533,BR037,Savings,2023-11-29,84014.54,Dormant
ACC001534,CUST01534,BR038,Salary,2022-01-21,244085.03,Dormant
ACC001535,CUST01535,BR015,Salary,2022-08-01,17464.73,Inactive
ACC001536,CUST01536,BR007,Savings,2023-12-30,4388.36,Inactive
ACC001537,CUST01537,BR040,Savings,2024-03-14,21807.96,Active
ACC001538,CUST01538,BR002,Salary,2017-02-22,35067.06,Inactive
ACC001539,CUST01539,BR036,Salary,2024-06-21,191965.41,Active
ACC001540,CUST01540,BR028,Fixed Deposit,2023-12-23,804338.97,Active
ACC001541,CUST01541,BR007,Savings,2017-01-14,974207.46,Inactive
ACC001542,CUST01542,BR035,Savings,2019-09-01,17749.05,Active
ACC001543,CUST01543,BR013,Savings,2022-04-19,49908.76,Active
ACC001544,CUST01544,BR005,Salary,2022-02-08,334390.94,Active
ACC001545,CUST01545,BR020,Current,2020-11-05,88896.09,Active
ACC001546,CUST01546,BR019,Savings,2021-12-24,4863871.30,Dormant
ACC001547,CUST01547,BR035,Savings,2022-06-08,136080.19,Active
ACC001548,CUST01548,BR004,Salary,2021-11-12,77438.73,Inactive
ACC001549,CUST01549,BR022,Savings,2020-09-17,52711.38,Active
ACC001550,CUST01550,BR047,Savings,2023-09-20,680929.13,Dormant
ACC001551,CUST01551,BR037,Fixed Deposit,2023-11-05,1663216.03,Active
ACC001552,CUST01552,BR048,Savings,2023-04-28,30576.37,Active
ACC001553,CUST01553,BR007,Current,2022-04-23,180714.47,Active
ACC001554,CUST01554,BR002,Salary,2023-12-20,51901.05,Active
ACC001555,CUST01555,BR044,Savings,2021-10-18,57460.67,Active
ACC001556,CUST01556,BR009,Savings,2023-08-09,370867.65,Active
ACC001557,CUST01557,BR023,Savings,2016-05-27,14699.99,Active
ACC001558,CUST01558,BR027,Savings,2024-04-12,4800.31,Active
ACC001559,CUST01559,BR004,Savings,2022-10-03,5308805.40,Dormant
ACC001560,CUST01560,BR042,Salary,2019-09-20,38231.79,Active
ACC001561,CUST01561,BR043,Savings,2024-01-14,23967.26,Active
ACC001562,CUST01562,BR029,Fixed Deposit,2021-07-12,1439948.13,Active
ACC001563,CUST01563,BR018,Current,2021-05-09,76437.11,Active
ACC001564,CUST01564,BR032,Savings,2017-09-27,573888.50,Active
ACC001565,CUST01565,BR014,Savings,2024-03-06,50778.38,Active
ACC001566,CUST01566,BR049,Savings,2016-07-14,42202.91,Inactive
ACC001567,CUST01567,BR025,Salary,2019-10-24,123226.93,Active
ACC001568,CUST01568,BR025,Fixed Deposit,2022-04-05,1335516.19,Active
ACC001569,CUST01569,BR004,Savings,2023-12-25,941127.59,Active
ACC001570,CUST01570,BR049,Savings,2021-12-28,46188.36,Active
ACC001571,CUST01571,BR007,Savings,2023-05-08,354983.30,Active
ACC001572,CUST01572,BR037,Savings,2022-05-29,476723.15,Dormant
ACC001573,CUST01573,BR009,Savings,2024-03-06,16851.60,Active
ACC001574,CUST01574,BR019,Savings,2020-11-28,7006.43,Active
ACC001575,CUST01575,BR042,Fixed Deposit,2020-11-09,1109436.60,Dormant
ACC001576,CUST01576,BR012,Fixed Deposit,2021-07-01,1651757.90,Active
ACC001577,CUST01577,BR036,Savings,2021-11-11,9830.16,Inactive
ACC001578,CUST01578,BR005,Savings,2024-03-05,139969.46,Active
ACC001579,CUST01579,BR041,Savings,2024-05-29,13315.04,Active
ACC001580,CUST01580,BR012,Savings,2020-06-04,71080.53,Dormant
ACC001581,CUST01581,BR004,Savings,2022-03-05,1146707.00,Dormant
ACC001582,CUST01582,BR039,Current,2018-07-08,301512.68,Dormant
ACC001583,CUST01583,BR014,Savings,2023-07-05,29183.95,Active
ACC001584,CUST01584,BR002,Savings,2024-02-05,121508.04,Active
ACC001585,CUST01585,BR019,Savings,2024-04-09,922525.22,Active
ACC001586,CUST01586,BR039,Savings,2021-05-13,871856.25,Active
ACC001587,CUST01587,BR014,Savings,2022-10-25,74672.68,Active
ACC001588,CUST01588,BR005,Savings,2024-03-09,138245.30,Active
ACC001589,CUST01589,BR035,Savings,2023-09-22,115665.60,Dormant
ACC001590,CUST01590,BR034,Savings,2020-06-18,22097.37,Active
ACC001591,CUST01591,BR050,Current,2019-02-19,141377.67,Active
ACC001592,CUST01592,BR047,Current,2022-04-19,212682.06,Active
ACC001593,CUST01593,BR031,Fixed Deposit,2024-05-08,1011688.70,Inactive
ACC001594,CUST01594,BR050,Savings,2023-12-11,14465.97,Active
ACC001595,CUST01595,BR021,Savings,2021-11-18,823550.59,Active
ACC001596,CUST01596,BR050,Savings,2020-08-18,46049.96,Active
ACC001597,CUST01597,BR046,Fixed Deposit,2018-08-19,471203.12,Active
ACC001598,CUST01598,BR011,Salary,2022-07-09,212065.20,Dormant
ACC001599,CUST01599,BR045,Savings,2021-01-28,18375.94,Active
ACC001600,CUST01600,BR007,Savings,2024-05-20,104076.69,Active
ACC001601,CUST01601,BR048,Savings,2023-12-10,6738.18,Dormant
ACC001602,CUST01602,BR033,Savings,2019-04-24,5503.80,Active
ACC001603,CUST01603,BR025,Savings,2021-01-31,115157.27,Active
ACC001604,CUST01604,BR020,Current,2023-01-11,692711.82,Active
ACC001605,CUST01605,BR019,Savings,2023-08-01,6099.80,Active
ACC001606,CUST01606,BR028,Savings,2024-01-31,2679.35,Inactive
ACC001607,CUST01607,BR019,Current,2019-07-25,135556.73,Active
ACC001608,CUST01608,BR015,Savings,2023-03-07,1078660.19,Dormant
ACC001609,CUST01609,BR039,Salary,2023-04-05,61044.95,Active
ACC001610,CUST01610,BR024,Salary,2024-01-13,213912.33,Active
ACC001611,CUST01611,BR019,Current,2023-06-02,680170.63,Active
ACC001612,CUST01612,BR017,Savings,2019-08-14,3860.86,Active
ACC001613,CUST01613,BR047,Current,2023-06-08,110482.05,Active
ACC001614,CUST01614,BR044,Current,2023-06-26,680705.24,Active
ACC001615,CUST01615,BR021,Savings,2023-07-10,3524331.81,Active
ACC001616,CUST01616,BR001,Fixed Deposit,2022-03-13,1808388.36,Inactive
ACC001617,CUST01617,BR031,Salary,2021-12-26,61203.56,Active
ACC001618,CUST01618,BR006,Savings,2023-12-04,81069.50,Active
ACC001619,CUST01619,BR040,Savings,2022-01-21,878815.06,Dormant
ACC001620,CUST01620,BR038,Savings,2023-02-10,2023.95,Active
ACC001621,CUST01621,BR043,Current,2023-09-07,132726.02,Active
ACC001622,CUST01622,BR007,Savings,2023-11-15,25009.74,Active
ACC001623,CUST01623,BR043,Savings,2021-10-26,143933.83,Inactive
ACC001624,CUST01624,BR026,Savings,2022-02-16,15824.21,Active
ACC001625,CUST01625,BR016,Savings,2023-12-13,72260.99,Active
ACC001626,CUST01626,BR017,Savings,2021-06-23,665674.99,Active
ACC001627,CUST01627,BR018,Savings,2023-02-22,2451172.28,Active
ACC001628,CUST01628,BR015,Savings,2023-11-04,41120.74,Active
ACC001629,CUST01629,BR022,Savings,2017-01-21,63238.62,Active
ACC001630,CUST01630,BR022,Savings,2024-01-12,10506.97,Active
ACC001631,CUST01631,BR024,Current,2021-07-07,244567.59,Inactive
ACC001632,CUST01632,BR011,Savings,2022-10-01,5501.08,Active
ACC001633,CUST01633,BR002,Savings,2019-09-10,14089.21,Dormant
ACC001634,CUST01634,BR020,Current,2023-12-30,694661.30,Active
ACC001635,CUST01635,BR025,Salary,2024-02-29,269201.12,Active
ACC001636,CUST01636,BR047,Savings,2023-09-20,80763.47,Inactive
ACC001637,CUST01637,BR007,Savings,2023-10-27,68187.24,Inactive
ACC001638,CUST01638,BR033,Fixed Deposit,2019-03-22,1826548.59,Inactive
ACC001639,CUST01639,BR031,Savings,2024-05-16,66577.64,Active
ACC001640,CUST01640,BR019,Savings,2023-06-07,103975.37,Inactive
ACC001641,CUST01641,BR024,Fixed Deposit,2019-01-30,1850985.47,Inactive
ACC001642,CUST01642,BR029,Savings,2018-06-06,335335.15,Active
ACC001643,CUST01643,BR007,Savings,2022-09-15,149699.27,Active
ACC001644,CUST01644,BR031,Salary,2023-11-15,144434.92,Dormant
ACC001645,CUST01645,BR027,Current,2021-09-01,499892.88,Active
ACC001646,CUST01646,BR001,Current,2024-02-21,34404.50,Dormant
ACC001647,CUST01647,BR042,Savings,2024-02-26,13531.68,Active
ACC001648,CUST01648,BR007,Current,2020-10-13,30362.90,Active
ACC001649,CUST01649,BR011,Savings,2018-11-30,7557.09,Active
ACC001650,CUST01650,BR034,Savings,2024-02-21,794816.88,Active
ACC001651,CUST01651,BR019,Savings,2024-03-19,8926.35,Dormant
ACC001652,CUST01652,BR042,Savings,2022-01-04,68530.01,Active
ACC001653,CUST01653,BR039,Savings,2022-07-29,141093.57,Active
ACC001654,CUST01654,BR034,Savings,2023-12-29,97367.80,Active
ACC001655,CUST01655,BR001,Salary,2020-03-27,227481.13,Active
ACC001656,CUST01656,BR004,Current,2020-06-01,323734.16,Dormant
ACC001657,CUST01657,BR041,Current,2021-12-11,467053.10,Active
ACC001658,CUST01658,BR024,Savings,2022-02-19,102327.77,Dormant
ACC001659,CUST01659,BR038,Savings,2019-02-07,112204.24,Active
ACC001660,CUST01660,BR034,Salary,2021-02-09,327341.12,Active
ACC001661,CUST01661,BR048,Fixed Deposit,2020-05-14,338131.32,Active
ACC001662,CUST01662,BR040,Savings,2022-05-15,650066.63,Dormant
ACC001663,CUST01663,BR033,Salary,2024-05-25,155729.54,Active
ACC001664,CUST01664,BR036,Salary,2023-03-15,18351.85,Active
ACC001665,CUST01665,BR034,Savings,2021-06-01,7527.36,Inactive
ACC001666,CUST01666,BR028,Savings,2022-12-29,5563.72,Active
ACC001667,CUST01667,BR042,Savings,2023-11-30,102222.27,Active
ACC001668,CUST01668,BR014,Fixed Deposit,2019-08-07,1739918.30,Active
ACC001669,CUST01669,BR029,Salary,2017-12-16,93367.45,Active
ACC001670,CUST01670,BR033,Fixed Deposit,2021-11-10,406337.87,Active
ACC001671,CUST01671,BR003,Savings,2021-06-24,19090.55,Active
ACC001672,CUST01672,BR039,Current,2021-12-17,75253.30,Active
ACC001673,CUST01673,BR003,Savings,2023-11-30,30199.03,Inactive
ACC001674,CUST01674,BR027,Savings,2023-07-28,1013333.39,Active
ACC001675,CUST01675,BR035,Salary,2022-12-30,298800.23,Active
ACC001676,CUST01676,BR021,Savings,2024-05-25,32980.82,Active
ACC001677,CUST01677,BR026,Salary,2022-11-30,28891.08,Active
ACC001678,CUST01678,BR047,Savings,2022-06-11,762156.40,Inactive
ACC001679,CUST01679,BR027,Savings,2021-07-01,24120.76,Active
ACC001680,CUST01680,BR030,Savings,2021-08-07,10261.00,Active
ACC001681,CUST01681,BR012,Savings,2020-03-28,31671.99,Inactive
ACC001682,CUST01682,BR014,Savings,2022-10-14,23522.13,Active
ACC001683,CUST01683,BR013,Savings,2021-04-14,222853.06,Active
ACC001684,CUST01684,BR018,Current,2021-09-24,56685.96,Inactive
ACC001685,CUST01685,BR019,Savings,2020-06-27,123233.60,Active
ACC001686,CUST01686,BR050,Savings,2022-12-10,8260.95,Active
ACC001687,CUST01687,BR010,Fixed Deposit,2023-01-08,863247.24,Active
ACC001688,CUST01688,BR022,Salary,2023-08-12,293535.03,Active
ACC001689,CUST01689,BR017,Savings,2019-04-07,129303.36,Inactive
ACC001690,CUST01690,BR031,Savings,2021-01-02,20999.84,Active
ACC001691,CUST01691,BR021,Savings,2020-04-15,12618.39,Active
ACC001692,CUST01692,BR022,Savings,2022-06-23,18834.32,Active
ACC001693,CUST01693,BR035,Savings,2024-04-21,8255.77,Active
ACC001694,CUST01694,BR028,Savings,2018-11-10,104043.23,Active
ACC001695,CUST01695,BR044,Savings,2022-09-03,729826.18,Active
ACC001696,CUST01696,BR050,Savings,2022-07-04,149587.58,Active
ACC001697,CUST01697,BR039,Savings,2021-07-20,6987.96,Active
ACC001698,CUST01698,BR043,Salary,2020-04-11,115362.14,Inactive
ACC001699,CUST01699,BR030,Savings,2020-12-19,2783.67,Active
ACC001700,CUST01700,BR006,Fixed Deposit,2023-09-26,1332308.15,Active
ACC001701,CUST01701,BR036,Savings,2018-09-23,1087124.07,Active
ACC001702,CUST01702,BR044,Savings,2023-05-06,24711.96,Active
ACC001703,CUST01703,BR025,Fixed Deposit,2021-08-02,1260940.05,Active
ACC001704,CUST01704,BR039,Current,2020-01-31,4425524.44,Active
ACC001705,CUST01705,BR039,Savings,2023-05-21,21387.07,Inactive
ACC001706,CUST01706,BR049,Savings,2023-11-29,17129.78,Inactive
ACC001707,CUST01707,BR020,Fixed Deposit,2021-08-19,1694659.60,Inactive
ACC001708,CUST01708,BR025,Savings,2021-05-27,14725.55,Inactive
ACC001709,CUST01709,BR044,Savings,2022-12-30,70072.15,Active
ACC001710,CUST01710,BR042,Current,2018-03-24,1291270.82,Active
ACC001711,CUST01711,BR044,Salary,2022-11-03,68669.44,Inactive
ACC001712,CUST01712,BR028,Fixed Deposit,2022-01-08,1700226.03,Active
ACC001713,CUST01713,BR046,Savings,2021-04-15,73115.90,Active
ACC001714,CUST01714,BR044,Savings,2019-06-13,17161.76,Active
ACC001715,CUST01715,BR033,Savings,2021-03-16,9946.68,Dormant
ACC001716,CUST01716,BR032,Savings,2023-01-19,6316.17,Active
ACC001717,CUST01717,BR019,Current,2022-05-11,727775.71,Inactive
ACC001718,CUST01718,BR029,Savings,2023-03-27,75914.49,Active
ACC001719,CUST01719,BR048,Current,2021-10-20,148644.83,Active
ACC001720,CUST01720,BR032,Current,2022-05-24,592523.16,Active
ACC001721,CUST01721,BR037,Savings,2018-12-21,49413.25,Dormant
ACC001722,CUST01722,BR007,Savings,2023-08-12,12103.63,Active
ACC001723,CUST01723,BR026,Current,2023-09-28,230809.51,Active
ACC001724,CUST01724,BR008,Savings,2018-10-19,282341.23,Inactive
ACC001725,CUST01725,BR045,Savings,2024-06-30,33334.09,Active
ACC001726,CUST01726,BR050,Salary,2024-05-08,235287.40,Active
ACC001727,CUST01727,BR018,Current,2016-07-10,361526.37,Active
ACC001728,CUST01728,BR030,Salary,2022-03-05,38248.87,Active
ACC001729,CUST01729,BR015,Savings,2023-04-19,8350.05,Active
ACC001730,CUST01730,BR039,Savings,2022-12-28,7241.71,Active
ACC001731,CUST01731,BR023,Savings,2020-07-31,16473.67,Active
ACC001732,CUST01732,BR011,Savings,2020-02-03,62386.58,Active
ACC001733,CUST01733,BR036,Savings,2024-05-09,963542.67,Inactive
ACC001734,CUST01734,BR029,Savings,2021-12-25,74255.39,Active
ACC001735,CUST01735,BR028,Savings,2021-02-04,13927.34,Dormant
ACC001736,CUST01736,BR016,Current,2018-09-01,106517.49,Active
ACC001737,CUST01737,BR014,Salary,2021-04-27,100038.39,Active
ACC001738,CUST01738,BR036,Savings,2017-09-07,72207.54,Active
ACC001739,CUST01739,BR041,Savings,2024-02-21,179952.57,Active
ACC001740,CUST01740,BR035,Current,2020-04-22,447035.96,Active
ACC001741,CUST01741,BR012,Salary,2024-05-29,300701.79,Active
ACC001742,CUST01742,BR044,Savings,2022-09-02,5361.26,Dormant
ACC001743,CUST01743,BR002,Savings,2022-06-05,589240.70,Active
ACC001744,CUST01744,BR002,Savings,2017-06-14,2204245.55,Dormant
ACC001745,CUST01745,BR002,Salary,2024-05-24,110303.69,Active
ACC001746,CUST01746,BR030,Savings,2021-07-28,98425.71,Active
ACC001747,CUST01747,BR019,Current,2024-02-28,95208.16,Active
ACC001748,CUST01748,BR029,Current,2020-09-03,1223480.44,Active
ACC001749,CUST01749,BR016,Savings,2016-07-22,131827.72,Active
ACC001750,CUST01750,BR034,Fixed Deposit,2024-04-28,354961.43,Active
ACC001751,CUST01751,BR046,Fixed Deposit,2021-12-16,884634.41,Active
ACC001752,CUST01752,BR019,Savings,2023-11-21,19306.92,Active
ACC001753,CUST01753,BR041,Salary,2024-04-03,320056.97,Active
ACC001754,CUST01754,BR047,Savings,2024-01-14,96640.63,Active
ACC001755,CUST01755,BR007,Savings,2023-01-07,133399.29,Dormant
ACC001756,CUST01756,BR022,Savings,2022-10-25,45299.19,Active
ACC001757,CUST01757,BR039,Fixed Deposit,2018-12-03,1095337.60,Inactive
ACC001758,CUST01758,BR024,Savings,2024-03-19,9982.30,Active
ACC001759,CUST01759,BR044,Current,2023-06-26,644106.45,Active
ACC001760,CUST01760,BR041,Salary,2020-04-22,66601.27,Active
ACC001761,CUST01761,BR024,Savings,2023-08-30,6933.09,Dormant
ACC001762,CUST01762,BR010,Savings,2024-03-15,5450739.87,Active
ACC001763,CUST01763,BR034,Savings,2021-05-05,21954.66,Active
ACC001764,CUST01764,BR014,Fixed Deposit,2022-10-10,387114.64,Active
ACC001765,CUST01765,BR032,Savings,2023-07-14,979241.13,Inactive
ACC001766,CUST01766,BR024,Fixed Deposit,2024-01-20,1169317.71,Active
ACC001767,CUST01767,BR036,Fixed Deposit,2022-06-18,966919.96,Active
ACC001768,CUST01768,BR016,Savings,2023-09-28,11550.03,Active
ACC001769,CUST01769,BR046,Salary,2022-04-15,66931.17,Active
ACC001770,CUST01770,BR047,Current,2018-11-01,97766.01,Inactive
ACC001771,CUST01771,BR038,Savings,2021-06-18,5137.16,Active
ACC001772,CUST01772,BR013,Fixed Deposit,2020-07-10,1646736.01,Active
ACC001773,CUST01773,BR039,Savings,2023-06-24,4935.13,Active
ACC001774,CUST01774,BR013,Savings,2022-03-28,74095.66,Active
ACC001775,CUST01775,BR018,Salary,2019-07-26,239252.95,Active
ACC001776,CUST01776,BR017,Salary,2019-12-14,76778.69,Inactive
ACC001777,CUST01777,BR029,Savings,2019-02-17,46861.65,Active
ACC001778,CUST01778,BR011,Savings,2023-08-29,49031.79,Active
ACC001779,CUST01779,BR044,Savings,2020-12-29,95946.52,Active
ACC001780,CUST01780,BR033,Savings,2022-11-05,145877.73,Active
ACC001781,CUST01781,BR037,Current,2016-10-29,134934.76,Active
ACC001782,CUST01782,BR043,Savings,2024-03-22,91759.28,Active
ACC001783,CUST01783,BR015,Savings,2023-04-20,96122.74,Active
ACC001784,CUST01784,BR048,Fixed Deposit,2023-05-24,290496.83,Active
ACC001785,CUST01785,BR004,Savings,2024-03-20,12582.83,Active
ACC001786,CUST01786,BR013,Savings,2021-02-10,67106.40,Inactive
ACC001787,CUST01787,BR025,Fixed Deposit,2023-12-03,460947.77,Active
ACC001788,CUST01788,BR018,Savings,2022-02-09,88086.78,Inactive
ACC001789,CUST01789,BR003,Savings,2024-03-16,10486.46,Active
ACC001790,CUST01790,BR039,Fixed Deposit,2016-10-20,1439162.09,Inactive
ACC001791,CUST01791,BR029,Savings,2020-10-05,101969.11,Inactive
ACC001792,CUST01792,BR010,Current,2021-08-09,200811.68,Active
ACC001793,CUST01793,BR021,Current,2022-12-25,798886.85,Inactive
ACC001794,CUST01794,BR009,Savings,2024-06-16,148711.13,Active
ACC001795,CUST01795,BR048,Fixed Deposit,2024-06-12,633816.36,Active
ACC001796,CUST01796,BR044,Fixed Deposit,2022-04-18,244661.61,Active
ACC001797,CUST01797,BR027,Salary,2021-05-23,260916.47,Active
ACC001798,CUST01798,BR002,Savings,2021-07-04,824831.26,Active
ACC001799,CUST01799,BR037,Savings,2024-03-11,106660.06,Active
ACC001800,CUST01800,BR011,Savings,2019-05-15,19138.57,Active
ACC001801,CUST01801,BR049,Current,2023-08-13,3446165.19,Inactive
ACC001802,CUST01802,BR042,Fixed Deposit,2024-06-17,858551.38,Active
ACC001803,CUST01803,BR002,Salary,2016-12-30,282292.49,Active
ACC001804,CUST01804,BR021,Savings,2021-02-01,17918.06,Active
ACC001805,CUST01805,BR042,Savings,2023-09-02,2301.56,Active
ACC001806,CUST01806,BR050,Current,2020-02-19,587251.94,Inactive
ACC001807,CUST01807,BR035,Savings,2022-06-16,48218.04,Active
ACC001808,CUST01808,BR020,Savings,2019-02-19,2671969.58,Inactive
ACC001809,CUST01809,BR009,Savings,2021-05-20,122417.97,Active
ACC001810,CUST01810,BR025,Savings,2023-10-01,21367.49,Active
ACC001811,CUST01811,BR006,Salary,2023-04-08,219848.20,Active
ACC001812,CUST01812,BR032,Savings,2024-04-25,39662.27,Active
ACC001813,CUST01813,BR033,Savings,2024-01-22,12901.02,Dormant
ACC001814,CUST01814,BR027,Fixed Deposit,2022-04-17,948479.76,Active
ACC001815,CUST01815,BR020,Savings,2016-11-29,13323.89,Active
ACC001816,CUST01816,BR047,Savings,2017-08-06,72849.89,Active
ACC001817,CUST01817,BR009,Fixed Deposit,2022-12-25,422146.51,Active
ACC001818,CUST01818,BR048,Savings,2022-03-16,4128903.70,Active
ACC001819,CUST01819,BR034,Savings,2023-08-27,17088.17,Active
ACC001820,CUST01820,BR014,Fixed Deposit,2022-10-13,1928198.86,Active
ACC001821,CUST01821,BR002,Current,2020-12-07,55845.52,Inactive
ACC001822,CUST01822,BR025,Savings,2021-05-20,6764.58,Active
ACC001823,CUST01823,BR006,Savings,2018-04-27,104864.02,Active
ACC001824,CUST01824,BR009,Savings,2023-01-15,127983.66,Active
ACC001825,CUST01825,BR021,Savings,2023-01-08,79765.75,Active
ACC001826,CUST01826,BR013,Savings,2023-12-16,2612160.19,Active
ACC001827,CUST01827,BR048,Savings,2020-05-13,23381.53,Active
ACC001828,CUST01828,BR012,Savings,2023-11-06,13569.84,Inactive
ACC001829,CUST01829,BR034,Savings,2023-07-27,16591.07,Active
ACC001830,CUST01830,BR043,Current,2016-10-15,543384.84,Inactive
ACC001831,CUST01831,BR012,Fixed Deposit,2017-04-03,955695.20,Active
ACC001832,CUST01832,BR001,Current,2020-12-15,414046.06,Active
ACC001833,CUST01833,BR030,Savings,2022-08-29,105984.17,Active
ACC001834,CUST01834,BR022,Savings,2020-11-27,894718.81,Active
ACC001835,CUST01835,BR043,Savings,2020-04-29,121860.07,Active
ACC001836,CUST01836,BR042,Salary,2021-06-27,5402.56,Inactive
ACC001837,CUST01837,BR046,Current,2021-08-11,1060890.87,Active
ACC001838,CUST01838,BR012,Current,2023-10-04,350326.87,Active
ACC001839,CUST01839,BR047,Fixed Deposit,2023-10-23,131151.92,Active
ACC001840,CUST01840,BR035,Savings,2024-05-31,146835.48,Active
ACC001841,CUST01841,BR007,Salary,2023-07-09,163154.73,Active
ACC001842,CUST01842,BR035,Current,2018-01-26,839861.53,Inactive
ACC001843,CUST01843,BR027,Savings,2022-09-28,4712246.43,Dormant
ACC001844,CUST01844,BR046,Savings,2017-11-09,88085.10,Active
ACC001845,CUST01845,BR049,Savings,2024-05-02,52821.65,Active
ACC001846,CUST01846,BR042,Savings,2017-09-20,1022989.46,Active
ACC001847,CUST01847,BR009,Current,2024-04-22,716905.05,Active
ACC001848,CUST01848,BR010,Fixed Deposit,2019-01-25,956159.64,Active
ACC001849,CUST01849,BR007,Savings,2021-06-06,116996.91,Active
ACC001850,CUST01850,BR048,Savings,2023-08-17,55136.86,Dormant
ACC001851,CUST01851,BR003,Fixed Deposit,2020-08-05,1105095.81,Dormant
ACC001852,CUST01852,BR046,Current,2022-12-04,4427020.34,Active
ACC001853,CUST01853,BR047,Savings,2019-02-09,114284.50,Inactive
ACC001854,CUST01854,BR027,Savings,2024-01-22,7881.84,Active
ACC001855,CUST01855,BR041,Salary,2022-11-29,287922.22,Inactive
ACC001856,CUST01856,BR046,Savings,2023-04-21,146700.07,Active
ACC001857,CUST01857,BR007,Savings,2024-05-30,12097.99,Active
ACC001858,CUST01858,BR043,Salary,2022-01-05,98731.23,Active
ACC001859,CUST01859,BR008,Savings,2023-02-17,22663.86,Dormant
ACC001860,CUST01860,BR023,Savings,2021-07-25,27643.03,Active
ACC001861,CUST01861,BR048,Savings,2019-02-05,60285.90,Active
ACC001862,CUST01862,BR007,Savings,2024-06-12,42760.43,Active
ACC001863,CUST01863,BR023,Salary,2022-05-18,34832.00,Inactive
ACC001864,CUST01864,BR041,Savings,2024-06-20,126113.81,Active
ACC001865,CUST01865,BR048,Fixed Deposit,2023-12-01,1891665.07,Inactive
ACC001866,CUST01866,BR040,Savings,2020-04-01,13636.53,Active
ACC001867,CUST01867,BR041,Savings,2021-12-08,12944.12,Active
ACC001868,CUST01868,BR046,Savings,2021-09-27,4958.45,Inactive
ACC001869,CUST01869,BR002,Savings,2024-01-04,274551.43,Inactive
ACC001870,CUST01870,BR049,Savings,2022-04-08,1014255.30,Active
ACC001871,CUST01871,BR046,Salary,2022-09-19,272737.29,Active
ACC001872,CUST01872,BR035,Salary,2022-12-15,39845.27,Active
ACC001873,CUST01873,BR006,Savings,2023-09-28,110642.95,Active
ACC001874,CUST01874,BR018,Salary,2022-12-11,37343.87,Inactive
ACC001875,CUST01875,BR014,Savings,2019-11-17,71337.14,Inactive
ACC001876,CUST01876,BR036,Savings,2022-11-16,15620.22,Active
ACC001877,CUST01877,BR037,Current,2021-03-24,677880.00,Inactive
ACC001878,CUST01878,BR024,Savings,2022-09-17,95122.55,Active
ACC001879,CUST01879,BR021,Salary,2024-04-24,271158.01,Dormant
ACC001880,CUST01880,BR033,Fixed Deposit,2019-05-18,1714841.55,Active
ACC001881,CUST01881,BR046,Salary,2024-03-12,84193.97,Dormant
ACC001882,CUST01882,BR004,Current,2023-01-23,376255.47,Active
ACC001883,CUST01883,BR029,Savings,2024-06-15,2038.51,Active
ACC001884,CUST01884,BR023,Savings,2018-12-23,331334.14,Active
ACC001885,CUST01885,BR032,Current,2016-09-23,342116.61,Active
ACC001886,CUST01886,BR035,Savings,2022-05-19,14940.31,Active
ACC001887,CUST01887,BR044,Fixed Deposit,2021-09-12,930605.04,Active
ACC001888,CUST01888,BR008,Savings,2022-11-22,2166.34,Active
ACC001889,CUST01889,BR016,Savings,2021-12-24,132365.48,Active
ACC001890,CUST01890,BR022,Savings,2023-07-31,116714.73,Active
ACC001891,CUST01891,BR045,Salary,2019-03-13,326239.81,Dormant
ACC001892,CUST01892,BR017,Savings,2021-05-23,139828.59,Inactive
ACC001893,CUST01893,BR006,Current,2018-08-05,122592.64,Dormant
ACC001894,CUST01894,BR004,Savings,2020-05-10,82650.83,Active
ACC001895,CUST01895,BR025,Current,2023-08-19,609657.50,Active
ACC001896,CUST01896,BR040,Savings,2020-10-01,23899.05,Active
ACC001897,CUST01897,BR024,Savings,2020-04-03,73796.08,Dormant
ACC001898,CUST01898,BR029,Savings,2024-02-01,123335.37,Active
ACC001899,CUST01899,BR023,Current,2024-06-26,672717.50,Active
ACC001900,CUST01900,BR010,Current,2020-08-04,128370.12,Active
ACC001901,CUST01901,BR043,Savings,2020-11-17,4319.27,Dormant
ACC001902,CUST01902,BR003,Salary,2021-01-05,340042.57,Active
ACC001903,CUST01903,BR034,Savings,2024-02-19,90288.66,Active
ACC001904,CUST01904,BR034,Salary,2023-10-23,150852.97,Active
ACC001905,CUST01905,BR019,Salary,2022-03-05,67935.18,Active
ACC001906,CUST01906,BR021,Savings,2021-12-09,5595179.41,Active
ACC001907,CUST01907,BR004,Savings,2023-12-02,89158.08,Active
ACC001908,CUST01908,BR035,Savings,2024-03-25,692357.63,Active
ACC001909,CUST01909,BR013,Savings,2017-03-19,100364.55,Active
ACC001910,CUST01910,BR034,Salary,2019-11-07,243374.29,Active
ACC001911,CUST01911,BR012,Savings,2021-04-14,97867.39,Active
ACC001912,CUST01912,BR041,Savings,2020-08-30,591387.52,Active
ACC001913,CUST01913,BR016,Savings,2022-02-12,499469.80,Dormant
ACC001914,CUST01914,BR003,Savings,2018-03-06,127107.91,Active
ACC001915,CUST01915,BR046,Current,2023-08-23,116931.48,Active
ACC001916,CUST01916,BR045,Salary,2023-12-01,203496.09,Active
ACC001917,CUST01917,BR039,Savings,2020-07-07,19672.34,Active
ACC001918,CUST01918,BR045,Savings,2020-12-06,3336364.23,Active
ACC001919,CUST01919,BR021,Savings,2023-01-03,99715.80,Active
ACC001920,CUST01920,BR035,Current,2021-12-13,326841.20,Active
ACC001921,CUST01921,BR006,Current,2020-03-21,37036.15,Dormant
ACC001922,CUST01922,BR008,Salary,2021-12-31,17229.19,Active
ACC001923,CUST01923,BR028,Salary,2024-05-28,341201.79,Active
ACC001924,CUST01924,BR033,Fixed Deposit,2023-09-03,678107.67,Active
ACC001925,CUST01925,BR010,Savings,2023-10-21,117849.96,Inactive
ACC001926,CUST01926,BR004,Savings,2022-05-26,37677.79,Dormant
ACC001927,CUST01927,BR022,Savings,2018-05-28,21272.05,Active
ACC001928,CUST01928,BR019,Savings,2022-02-11,14554.06,Inactive
ACC001929,CUST01929,BR027,Savings,2023-04-08,110915.99,Active
ACC001930,CUST01930,BR010,Savings,2019-06-11,13075.00,Active
ACC001931,CUST01931,BR050,Savings,2020-11-04,5533873.39,Active
ACC001932,CUST01932,BR002,Salary,2020-07-30,303520.76,Active
ACC001933,CUST01933,BR040,Savings,2024-03-25,77324.05,Active
ACC001934,CUST01934,BR041,Salary,2022-01-05,200364.93,Active
ACC001935,CUST01935,BR041,Savings,2019-10-13,115142.92,Active
ACC001936,CUST01936,BR028,Savings,2020-03-06,752982.16,Active
ACC001937,CUST01937,BR009,Current,2021-04-09,780200.79,Active
ACC001938,CUST01938,BR029,Savings,2019-03-01,28230.16,Active
ACC001939,CUST01939,BR014,Savings,2017-05-30,120644.86,Inactive
ACC001940,CUST01940,BR030,Current,2023-11-29,143138.91,Active
ACC001941,CUST01941,BR010,Savings,2022-11-02,485282.43,Active
ACC001942,CUST01942,BR013,Savings,2016-12-31,82435.47,Inactive
ACC001943,CUST01943,BR002,Current,2021-07-11,582276.60,Active
ACC001944,CUST01944,BR050,Savings,2023-01-05,100979.77,Dormant
ACC001945,CUST01945,BR030,Fixed Deposit,2021-03-06,1008489.65,Active
ACC001946,CUST01946,BR034,Fixed Deposit,2019-09-30,1737445.58,Active
ACC001947,CUST01947,BR004,Savings,2020-08-07,145951.22,Active
ACC001948,CUST01948,BR014,Salary,2021-07-17,128855.68,Active
ACC001949,CUST01949,BR022,Savings,2022-04-07,610938.09,Active
ACC001950,CUST01950,BR027,Savings,2023-11-19,59629.74,Active
ACC001951,CUST01951,BR045,Salary,2024-01-26,333674.07,Active
ACC001952,CUST01952,BR049,Savings,2020-01-30,6222.56,Dormant
ACC001953,CUST01953,BR045,Savings,2022-02-24,221357.64,Dormant
ACC001954,CUST01954,BR043,Savings,2023-10-19,23637.53,Active
ACC001955,CUST01955,BR040,Savings,2022-07-20,14348.28,Dormant
ACC001956,CUST01956,BR019,Salary,2024-06-25,149270.94,Active
ACC001957,CUST01957,BR038,Salary,2022-11-01,191080.33,Inactive
ACC001958,CUST01958,BR002,Savings,2020-01-16,18799.81,Active
ACC001959,CUST01959,BR029,Savings,2021-05-18,223156.48,Active
ACC001960,CUST01960,BR006,Savings,2021-01-01,21723.81,Active
ACC001961,CUST01961,BR002,Current,2021-07-31,231481.98,Dormant
ACC001962,CUST01962,BR045,Current,2023-09-23,625724.55,Active
ACC001963,CUST01963,BR009,Fixed Deposit,2022-08-13,901566.13,Inactive
ACC001964,CUST01964,BR043,Salary,2019-09-21,175480.07,Active
ACC001965,CUST01965,BR016,Savings,2022-08-13,11540.00,Active
ACC001966,CUST01966,BR001,Savings,2022-04-13,41715.44,Active
ACC001967,CUST01967,BR041,Current,2024-02-20,2876570.90,Active
ACC001968,CUST01968,BR004,Fixed Deposit,2023-07-11,789809.57,Active
ACC001969,CUST01969,BR001,Savings,2019-08-18,135454.39,Active
ACC001970,CUST01970,BR041,Savings,2018-02-18,4655118.00,Active
ACC001971,CUST01971,BR031,Savings,2023-05-28,20757.45,Active
ACC001972,CUST01972,BR001,Savings,2019-03-29,100803.08,Active
ACC001973,CUST01973,BR008,Savings,2024-03-23,73778.38,Active
ACC001974,CUST01974,BR026,Savings,2024-01-30,559544.64,Active
ACC001975,CUST01975,BR028,Savings,2024-05-05,12422.58,Active
ACC001976,CUST01976,BR019,Fixed Deposit,2017-10-25,959167.82,Active
ACC001977,CUST01977,BR049,Savings,2023-05-25,3907028.87,Active
ACC001978,CUST01978,BR006,Current,2021-03-07,678657.04,Active
ACC001979,CUST01979,BR017,Fixed Deposit,2022-05-23,336736.56,Inactive
ACC001980,CUST01980,BR049,Savings,2024-05-12,87754.56,Active
ACC001981,CUST01981,BR023,Fixed Deposit,2021-09-04,1530333.04,Inactive
ACC001982,CUST01982,BR010,Fixed Deposit,2020-09-06,210108.14,Active
ACC001983,CUST01983,BR041,Salary,2022-11-12,325463.61,Active
ACC001984,CUST01984,BR012,Savings,2022-09-02,95890.04,Active
ACC001985,CUST01985,BR032,Savings,2022-03-07,34248.40,Active
ACC001986,CUST01986,BR028,Savings,2021-02-01,29006.08,Active
ACC001987,CUST01987,BR005,Savings,2022-06-17,25152.83,Active
ACC001988,CUST01988,BR027,Savings,2019-01-21,19270.77,Active
ACC001989,CUST01989,BR040,Savings,2024-02-29,3245545.06,Active
ACC001990,CUST01990,BR045,Savings,2022-07-26,3785.43,Active
ACC001991,CUST01991,BR027,Savings,2022-08-17,55338.27,Active
ACC001992,CUST01992,BR036,Current,2022-07-23,200152.63,Active
ACC001993,CUST01993,BR015,Current,2022-05-12,1562323.04,Active
ACC001994,CUST01994,BR002,Savings,2020-03-03,23667.33,Active
ACC001995,CUST01995,BR034,Savings,2023-12-04,38883.48,Inactive
ACC001996,CUST01996,BR046,Savings,2023-10-20,128951.77,Active
ACC001997,CUST01997,BR021,Salary,2022-02-03,92511.94,Active
ACC001998,CUST01998,BR039,Savings,2023-07-23,610015.46,Active
ACC001999,CUST01999,BR047,Salary,2021-11-03,281143.01,Dormant
ACC002000,CUST02000,BR028,Savings,2022-09-04,62310.32,Inactive
ACC002001,CUST02001,BR002,Salary,2022-12-07,331276.29,Inactive
ACC002002,CUST02002,BR041,Savings,2023-09-28,13811.63,Active
ACC002003,CUST02003,BR018,Savings,2022-01-06,84529.07,Dormant
ACC002004,CUST02004,BR008,Savings,2022-03-31,13290.14,Active
ACC002005,CUST02005,BR036,Savings,2023-10-15,1125814.80,Active
ACC002006,CUST02006,BR042,Savings,2024-02-03,24444.75,Dormant
ACC002007,CUST02007,BR032,Savings,2023-11-04,64112.05,Active
ACC002008,CUST02008,BR006,Savings,2021-04-09,127168.69,Active
ACC002009,CUST02009,BR026,Savings,2020-09-22,330770.42,Dormant
ACC002010,CUST02010,BR006,Savings,2017-04-11,2058150.46,Active
ACC002011,CUST02011,BR042,Savings,2023-12-30,92724.03,Active
ACC002012,CUST02012,BR003,Savings,2022-08-21,224428.27,Active
ACC002013,CUST02013,BR025,Salary,2021-01-15,167206.36,Active
ACC002014,CUST02014,BR043,Savings,2023-10-11,20962.15,Dormant
ACC002015,CUST02015,BR015,Savings,2019-03-02,77339.30,Active
ACC002016,CUST02016,BR026,Savings,2019-11-25,47851.14,Active
ACC002017,CUST02017,BR036,Salary,2020-09-11,23354.84,Active
ACC002018,CUST02018,BR013,Salary,2021-04-23,10385.43,Active
ACC002019,CUST02019,BR039,Savings,2024-04-13,20045.69,Active
ACC002020,CUST02020,BR007,Fixed Deposit,2022-02-05,1236412.92,Active
ACC002021,CUST02021,BR045,Salary,2023-05-30,153788.14,Active
ACC002022,CUST02022,BR041,Savings,2022-06-28,74568.71,Inactive
ACC002023,CUST02023,BR012,Current,2021-04-10,59756.62,Active
ACC002024,CUST02024,BR026,Salary,2021-02-15,78046.01,Dormant
ACC002025,CUST02025,BR005,Savings,2020-01-08,13743.33,Active
ACC002026,CUST02026,BR001,Savings,2023-06-04,130885.08,Active
ACC002027,CUST02027,BR014,Savings,2024-02-14,19723.95,Active
ACC002028,CUST02028,BR042,Savings,2015-11-21,59492.89,Inactive
ACC002029,CUST02029,BR014,Fixed Deposit,2023-12-16,203088.92,Active
ACC002030,CUST02030,BR008,Savings,2022-01-27,15764.50,Active
ACC002031,CUST02031,BR018,Savings,2021-09-18,103187.01,Active
ACC002032,CUST02032,BR026,Savings,2016-11-08,858852.91,Active
ACC002033,CUST02033,BR037,Fixed Deposit,2023-07-20,727901.37,Active
ACC002034,CUST02034,BR013,Current,2022-08-29,477193.87,Dormant
ACC002035,CUST02035,BR001,Savings,2022-07-03,4521.89,Active
ACC002036,CUST02036,BR015,Savings,2022-12-28,60108.94,Active
ACC002037,CUST02037,BR031,Savings,2022-12-09,681881.09,Active
ACC002038,CUST02038,BR021,Salary,2022-08-23,329642.46,Active
ACC002039,CUST02039,BR050,Current,2022-12-29,630904.98,Active
ACC002040,CUST02040,BR024,Savings,2022-11-15,7740.89,Active
ACC002041,CUST02041,BR029,Savings,2022-10-02,9957.99,Active
ACC002042,CUST02042,BR010,Savings,2022-03-14,134800.97,Inactive
ACC002043,CUST02043,BR045,Salary,2023-10-11,211264.02,Active
ACC002044,CUST02044,BR007,Savings,2021-04-18,88179.35,Active
ACC002045,CUST02045,BR046,Savings,2017-06-07,3953.70,Active
ACC002046,CUST02046,BR043,Current,2024-03-01,430002.04,Active
ACC002047,CUST02047,BR041,Savings,2024-02-29,2151494.13,Active
ACC002048,CUST02048,BR007,Savings,2022-06-11,97358.19,Active
ACC002049,CUST02049,BR014,Current,2023-04-05,78997.06,Inactive
ACC002050,CUST02050,BR012,Fixed Deposit,2023-04-15,1383952.03,Active
ACC002051,CUST02051,BR043,Savings,2023-12-20,21028.79,Active
ACC002052,CUST02052,BR028,Savings,2021-09-17,49768.77,Dormant
ACC002053,CUST02053,BR003,Savings,2022-05-16,55701.61,Active
ACC002054,CUST02054,BR028,Savings,2020-11-19,735400.13,Active
ACC002055,CUST02055,BR003,Savings,2017-10-22,1000623.57,Active
ACC002056,CUST02056,BR047,Savings,2022-08-04,103288.71,Active
ACC002057,CUST02057,BR031,Savings,2023-11-08,3978.61,Active
ACC002058,CUST02058,BR007,Savings,2021-12-14,24178.18,Dormant
ACC002059,CUST02059,BR005,Salary,2021-01-05,41392.16,Active
ACC002060,CUST02060,BR017,Savings,2024-05-17,215277.97,Active
ACC002061,CUST02061,BR019,Savings,2016-11-21,326937.61,Active
ACC002062,CUST02062,BR016,Savings,2023-05-12,1092101.30,Active
ACC002063,CUST02063,BR020,Savings,2024-06-10,231913.86,Active
ACC002064,CUST02064,BR045,Savings,2019-08-24,16837.31,Active
ACC002065,CUST02065,BR029,Savings,2024-06-11,872694.82,Active
ACC002066,CUST02066,BR041,Fixed Deposit,2022-02-25,1261024.18,Dormant
ACC002067,CUST02067,BR005,Savings,2022-07-30,103691.66,Active
ACC002068,CUST02068,BR008,Current,2021-06-24,662427.58,Active
ACC002069,CUST02069,BR024,Salary,2019-12-18,124902.26,Active
ACC002070,CUST02070,BR008,Savings,2023-04-08,16606.30,Inactive
ACC002071,CUST02071,BR001,Savings,2024-04-08,1038108.60,Dormant
ACC002072,CUST02072,BR034,Salary,2024-02-04,14250.52,Inactive
ACC002073,CUST02073,BR043,Current,2021-08-17,3727639.25,Inactive
ACC002074,CUST02074,BR035,Savings,2023-05-02,107951.00,Inactive
ACC002075,CUST02075,BR033,Savings,2023-06-15,137806.20,Active
ACC002076,CUST02076,BR017,Savings,2023-12-10,7708.30,Dormant
ACC002077,CUST02077,BR013,Salary,2023-01-24,37200.79,Active
ACC002078,CUST02078,BR031,Savings,2023-11-13,126990.29,Active
ACC002079,CUST02079,BR016,Savings,2022-10-31,117928.58,Active
ACC002080,CUST02080,BR005,Savings,2024-01-23,104773.58,Active
ACC002081,CUST02081,BR026,Salary,2018-12-30,344182.04,Active
ACC002082,CUST02082,BR031,Savings,2023-12-24,1007816.99,Active
ACC002083,CUST02083,BR044,Savings,2024-03-09,126775.66,Active
ACC002084,CUST02084,BR032,Salary,2023-10-18,212419.33,Active
ACC002085,CUST02085,BR019,Savings,2020-08-15,513084.82,Active
ACC002086,CUST02086,BR023,Current,2024-04-10,702538.82,Active
ACC002087,CUST02087,BR028,Savings,2024-03-04,13223.78,Active
ACC002088,CUST02088,BR013,Salary,2024-01-18,87664.83,Active
ACC002089,CUST02089,BR034,Savings,2024-04-08,20113.84,Active
ACC002090,CUST02090,BR041,Current,2024-06-12,111763.88,Inactive
ACC002091,CUST02091,BR046,Savings,2023-11-16,13327.10,Inactive
ACC002092,CUST02092,BR017,Savings,2021-07-09,133221.72,Active
ACC002093,CUST02093,BR032,Savings,2023-01-17,18463.68,Active
ACC002094,CUST02094,BR013,Fixed Deposit,2023-03-16,1123126.61,Active
ACC002095,CUST02095,BR028,Savings,2017-06-13,7572.77,Active
ACC002096,CUST02096,BR005,Fixed Deposit,2023-02-28,262522.27,Active
ACC002097,CUST02097,BR014,Savings,2023-01-03,4067.64,Inactive
ACC002098,CUST02098,BR019,Salary,2021-05-05,130653.92,Active
ACC002099,CUST02099,BR023,Savings,2017-04-24,132422.32,Inactive
ACC002100,CUST02100,BR025,Salary,2023-08-30,109084.55,Active
ACC002101,CUST02101,BR018,Savings,2020-09-04,27938.30,Active
ACC002102,CUST02102,BR040,Savings,2021-03-15,2438.75,Active
ACC002103,CUST02103,BR028,Salary,2019-05-05,27183.93,Active
ACC002104,CUST02104,BR046,Savings,2023-08-12,82628.84,Dormant
ACC002105,CUST02105,BR035,Savings,2024-04-20,4278.94,Active
ACC002106,CUST02106,BR032,Fixed Deposit,2021-07-03,1117736.81,Inactive
ACC002107,CUST02107,BR039,Savings,2022-07-04,127565.70,Active
ACC002108,CUST02108,BR023,Savings,2024-01-01,696773.43,Active
ACC002109,CUST02109,BR002,Savings,2024-06-22,574229.67,Active
ACC002110,CUST02110,BR025,Fixed Deposit,2019-10-02,145872.54,Active
ACC002111,CUST02111,BR006,Current,2024-02-06,3633915.71,Active
ACC002112,CUST02112,BR015,Fixed Deposit,2022-02-13,1933645.91,Active
ACC002113,CUST02113,BR004,Salary,2023-01-01,257845.13,Active
ACC002114,CUST02114,BR004,Savings,2019-08-21,70296.53,Active
ACC002115,CUST02115,BR012,Savings,2024-06-13,43924.93,Active
ACC002116,CUST02116,BR037,Savings,2023-08-14,5084.20,Active
ACC002117,CUST02117,BR016,Current,2023-08-17,3646413.16,Active
ACC002118,CUST02118,BR012,Savings,2020-05-02,11835.00,Active
ACC002119,CUST02119,BR035,Savings,2023-11-27,96315.01,Inactive
ACC002120,CUST02120,BR002,Savings,2022-08-04,297677.15,Active
ACC002121,CUST02121,BR009,Savings,2023-01-23,9504.23,Active
ACC002122,CUST02122,BR012,Savings,2022-08-16,119298.79,Active
ACC002123,CUST02123,BR025,Current,2023-09-20,4239373.18,Active
ACC002124,CUST02124,BR035,Savings,2021-06-20,80788.47,Active
ACC002125,CUST02125,BR037,Savings,2022-12-18,34690.00,Active
ACC002126,CUST02126,BR032,Salary,2018-05-28,143061.14,Inactive
ACC002127,CUST02127,BR027,Savings,2021-12-04,1045938.29,Dormant
ACC002128,CUST02128,BR028,Salary,2018-03-27,339978.01,Active
ACC002129,CUST02129,BR042,Savings,2019-04-20,2159767.57,Active
ACC002130,CUST02130,BR026,Savings,2023-05-08,3807.74,Dormant
ACC002131,CUST02131,BR016,Fixed Deposit,2022-03-16,596222.14,Active
ACC002132,CUST02132,BR042,Current,2022-06-27,333971.42,Active
ACC002133,CUST02133,BR031,Savings,2018-01-16,82280.28,Active
ACC002134,CUST02134,BR010,Savings,2021-12-11,813662.04,Active
ACC002135,CUST02135,BR024,Savings,2022-12-10,537496.82,Dormant
ACC002136,CUST02136,BR019,Savings,2022-04-11,114624.85,Active
ACC002137,CUST02137,BR049,Fixed Deposit,2024-05-01,396958.65,Active
ACC002138,CUST02138,BR010,Savings,2023-07-06,48399.95,Active
ACC002139,CUST02139,BR018,Savings,2020-05-26,2401545.33,Inactive
ACC002140,CUST02140,BR003,Savings,2018-06-02,23289.92,Inactive
ACC002141,CUST02141,BR028,Savings,2017-12-08,94959.26,Active
ACC002142,CUST02142,BR047,Savings,2023-03-24,46380.86,Active
ACC002143,CUST02143,BR006,Savings,2021-11-29,49441.27,Active
ACC002144,CUST02144,BR036,Savings,2023-07-17,122318.38,Active
ACC002145,CUST02145,BR043,Savings,2021-09-27,109070.75,Active
ACC002146,CUST02146,BR002,Salary,2023-11-17,202400.71,Active
ACC002147,CUST02147,BR004,Savings,2020-09-12,979368.20,Active
ACC002148,CUST02148,BR016,Savings,2016-02-26,83473.04,Active
ACC002149,CUST02149,BR027,Savings,2019-10-20,3132.13,Active
ACC002150,CUST02150,BR050,Salary,2017-06-14,334616.45,Active
ACC002151,CUST02151,BR002,Savings,2017-08-21,35532.92,Inactive
ACC002152,CUST02152,BR014,Fixed Deposit,2017-11-17,1929258.88,Dormant
ACC002153,CUST02153,BR039,Fixed Deposit,2019-03-06,1176802.84,Active
ACC002154,CUST02154,BR035,Savings,2020-12-28,4529.54,Dormant
ACC002155,CUST02155,BR001,Savings,2017-11-27,991834.94,Active
ACC002156,CUST02156,BR023,Savings,2021-11-28,11799.69,Active
ACC002157,CUST02157,BR038,Fixed Deposit,2023-10-23,1391039.57,Inactive
ACC002158,CUST02158,BR007,Current,2022-02-09,4480623.10,Active
ACC002159,CUST02159,BR005,Current,2021-07-19,203118.76,Dormant
ACC002160,CUST02160,BR032,Savings,2023-06-05,100024.02,Active
ACC002161,CUST02161,BR031,Savings,2021-10-06,7035.77,Dormant
ACC002162,CUST02162,BR016,Savings,2021-06-12,67301.13,Inactive
ACC002163,CUST02163,BR046,Savings,2016-11-22,24618.79,Active
ACC002164,CUST02164,BR009,Savings,2021-07-29,137693.97,Active
ACC002165,CUST02165,BR046,Current,2023-01-27,224540.29,Active
ACC002166,CUST02166,BR020,Current,2022-03-10,39699.05,Active
ACC002167,CUST02167,BR023,Savings,2020-12-13,2466532.34,Active
ACC002168,CUST02168,BR046,Current,2022-11-05,93352.20,Inactive
ACC002169,CUST02169,BR021,Savings,2023-04-23,396962.90,Active
ACC002170,CUST02170,BR032,Savings,2022-06-03,107041.80,Active
ACC002171,CUST02171,BR032,Salary,2023-04-07,346843.17,Active
ACC002172,CUST02172,BR024,Savings,2024-05-04,97388.70,Active
ACC002173,CUST02173,BR013,Savings,2024-04-25,1337372.52,Active
ACC002174,CUST02174,BR034,Savings,2021-11-18,15990.70,Active
ACC002175,CUST02175,BR030,Current,2020-09-03,48525.86,Dormant
ACC002176,CUST02176,BR022,Savings,2024-02-27,452466.08,Active
ACC002177,CUST02177,BR039,Current,2023-07-18,368901.90,Inactive
ACC002178,CUST02178,BR042,Savings,2023-05-11,71938.72,Inactive
ACC002179,CUST02179,BR001,Savings,2017-09-07,20503.60,Inactive
ACC002180,CUST02180,BR028,Savings,2024-05-06,8653.98,Active
ACC002181,CUST02181,BR033,Savings,2024-03-01,21957.39,Active
ACC002182,CUST02182,BR004,Savings,2022-07-30,38249.40,Active
ACC002183,CUST02183,BR025,Savings,2024-01-10,3004284.85,Active
ACC002184,CUST02184,BR006,Savings,2020-10-31,29977.07,Active
ACC002185,CUST02185,BR011,Savings,2022-08-20,145602.37,Active
ACC002186,CUST02186,BR024,Savings,2019-07-17,589555.35,Active
ACC002187,CUST02187,BR005,Savings,2021-12-31,426421.37,Active
ACC002188,CUST02188,BR012,Savings,2020-05-05,68151.42,Active
ACC002189,CUST02189,BR033,Savings,2022-09-22,93132.90,Active
ACC002190,CUST02190,BR012,Savings,2023-04-22,1097078.35,Active
ACC002191,CUST02191,BR005,Savings,2023-05-21,1127389.40,Inactive
ACC002192,CUST02192,BR049,Savings,2023-01-04,516832.36,Dormant
ACC002193,CUST02193,BR050,Salary,2019-04-25,278983.87,Active
ACC002194,CUST02194,BR005,Savings,2023-07-02,10978.61,Active
ACC002195,CUST02195,BR025,Savings,2019-12-06,147110.46,Inactive
ACC002196,CUST02196,BR037,Fixed Deposit,2023-06-05,1578012.50,Active
ACC002197,CUST02197,BR021,Savings,2017-12-21,8381.45,Active
ACC002198,CUST02198,BR038,Savings,2023-07-28,18903.38,Active
ACC002199,CUST02199,BR040,Salary,2023-04-30,148218.97,Active
ACC002200,CUST02200,BR003,Salary,2020-12-06,128553.15,Inactive
ACC002201,CUST02201,BR010,Savings,2022-03-16,24939.91,Active
ACC002202,CUST02202,BR020,Salary,2017-07-17,48874.93,Inactive
ACC002203,CUST02203,BR009,Savings,2022-08-30,293374.34,Active
ACC002204,CUST02204,BR050,Savings,2022-07-25,50281.69,Active
ACC002205,CUST02205,BR004,Savings,2023-12-26,195243.40,Inactive
ACC002206,CUST02206,BR037,Savings,2021-10-18,81645.54,Active
ACC002207,CUST02207,BR049,Savings,2020-05-06,19484.01,Inactive
ACC002208,CUST02208,BR009,Savings,2024-03-06,965481.33,Active
ACC002209,CUST02209,BR026,Savings,2020-01-03,307617.72,Inactive
ACC002210,CUST02210,BR011,Savings,2024-04-19,12736.77,Active
ACC002211,CUST02211,BR014,Savings,2018-05-21,79255.44,Dormant
ACC002212,CUST02212,BR001,Savings,2023-10-21,1023408.98,Active
ACC002213,CUST02213,BR036,Savings,2020-04-24,241991.19,Active
ACC002214,CUST02214,BR023,Savings,2022-03-16,14528.93,Active
ACC002215,CUST02215,BR040,Savings,2023-02-17,63014.12,Dormant
ACC002216,CUST02216,BR008,Salary,2024-05-28,138936.49,Inactive
ACC002217,CUST02217,BR038,Savings,2020-01-19,11452.45,Active
ACC002218,CUST02218,BR047,Savings,2020-08-08,4233891.36,Active
ACC002219,CUST02219,BR042,Savings,2023-04-16,2087594.72,Active
ACC002220,CUST02220,BR010,Savings,2024-06-24,12352.38,Active
ACC002221,CUST02221,BR043,Current,2023-11-11,204907.85,Active
ACC002222,CUST02222,BR023,Fixed Deposit,2022-08-11,183985.87,Active
ACC002223,CUST02223,BR017,Fixed Deposit,2023-08-29,365298.93,Active
ACC002224,CUST02224,BR019,Salary,2020-08-07,255275.14,Inactive
ACC002225,CUST02225,BR031,Salary,2020-07-17,222541.15,Active
ACC002226,CUST02226,BR029,Savings,2019-05-25,1116183.40,Active
ACC002227,CUST02227,BR015,Savings,2016-01-24,2922.80,Active
ACC002228,CUST02228,BR036,Savings,2020-05-04,140439.50,Inactive
ACC002229,CUST02229,BR045,Savings,2023-07-04,36118.27,Dormant
ACC002230,CUST02230,BR005,Current,2018-03-27,41932.07,Active
ACC002231,CUST02231,BR036,Current,2023-12-19,45815.58,Active
ACC002232,CUST02232,BR001,Savings,2023-04-05,607497.81,Active
ACC002233,CUST02233,BR022,Savings,2023-07-07,10107.68,Active
ACC002234,CUST02234,BR045,Salary,2019-02-06,306373.07,Active
ACC002235,CUST02235,BR023,Savings,2022-09-01,888563.78,Active
ACC002236,CUST02236,BR023,Savings,2023-10-30,125799.26,Active
ACC002237,CUST02237,BR045,Savings,2023-09-30,18414.40,Active
ACC002238,CUST02238,BR035,Savings,2024-02-09,108106.51,Active
ACC002239,CUST02239,BR015,Fixed Deposit,2019-08-11,1414313.17,Active
ACC002240,CUST02240,BR008,Savings,2022-02-08,102579.98,Active
ACC002241,CUST02241,BR008,Savings,2024-01-10,6668.57,Inactive
ACC002242,CUST02242,BR031,Salary,2024-04-23,141812.32,Active
ACC002243,CUST02243,BR014,Savings,2022-08-26,9419.12,Active
ACC002244,CUST02244,BR018,Current,2023-04-11,1439329.05,Inactive
ACC002245,CUST02245,BR011,Salary,2023-04-09,225299.02,Active
ACC002246,CUST02246,BR011,Savings,2024-01-31,82607.57,Active
ACC002247,CUST02247,BR030,Savings,2023-10-20,652821.05,Active
ACC002248,CUST02248,BR024,Salary,2023-08-28,267463.30,Active
ACC002249,CUST02249,BR005,Savings,2021-03-13,110508.53,Active
ACC002250,CUST02250,BR012,Savings,2021-01-13,16315.36,Active
ACC002251,CUST02251,BR010,Savings,2018-11-27,1838939.15,Active
ACC002252,CUST02252,BR046,Savings,2023-03-27,1135278.03,Dormant
ACC002253,CUST02253,BR011,Salary,2021-12-19,111867.70,Active
ACC002254,CUST02254,BR040,Fixed Deposit,2021-07-20,574803.70,Active
ACC002255,CUST02255,BR013,Savings,2024-02-26,3915.52,Active
ACC002256,CUST02256,BR009,Savings,2023-08-17,10853.33,Active
ACC002257,CUST02257,BR042,Savings,2023-11-12,34174.42,Active
ACC002258,CUST02258,BR016,Savings,2022-05-18,3814.75,Active
ACC002259,CUST02259,BR006,Savings,2022-05-24,18132.25,Active
ACC002260,CUST02260,BR003,Salary,2022-11-27,152219.66,Dormant
ACC002261,CUST02261,BR034,Savings,2023-06-04,11288.72,Inactive
ACC002262,CUST02262,BR030,Savings,2019-06-19,27298.76,Dormant
ACC002263,CUST02263,BR045,Savings,2024-01-28,579982.51,Active
ACC002264,CUST02264,BR038,Savings,2018-06-05,5245.77,Active
ACC002265,CUST02265,BR024,Savings,2024-05-08,24905.08,Active
ACC002266,CUST02266,BR021,Savings,2024-05-10,9549.98,Active
ACC002267,CUST02267,BR011,Savings,2017-06-27,992166.05,Dormant
ACC002268,CUST02268,BR032,Savings,2019-10-01,3103916.42,Active
ACC002269,CUST02269,BR003,Salary,2019-05-25,114437.74,Active
ACC002270,CUST02270,BR004,Savings,2024-06-08,8558.25,Inactive
ACC002271,CUST02271,BR047,Savings,2018-06-19,5422.31,Active
ACC002272,CUST02272,BR010,Salary,2023-07-10,223822.16,Inactive
ACC002273,CUST02273,BR020,Salary,2024-04-20,204581.31,Active
ACC002274,CUST02274,BR041,Savings,2021-10-25,16545.87,Active
ACC002275,CUST02275,BR040,Savings,2018-09-07,2214291.06,Active
ACC002276,CUST02276,BR009,Fixed Deposit,2024-01-22,892730.72,Active
ACC002277,CUST02277,BR008,Current,2021-01-12,255213.09,Active
ACC002278,CUST02278,BR042,Savings,2024-01-03,104660.57,Active
ACC002279,CUST02279,BR046,Salary,2023-07-04,201692.89,Active
ACC002280,CUST02280,BR005,Current,2023-03-08,84210.74,Active
ACC002281,CUST02281,BR042,Savings,2019-07-28,23582.03,Active
ACC002282,CUST02282,BR049,Savings,2023-09-22,104122.88,Active
ACC002283,CUST02283,BR020,Savings,2023-12-29,972975.33,Active
ACC002284,CUST02284,BR011,Salary,2019-08-16,116527.75,Inactive
ACC002285,CUST02285,BR047,Current,2021-12-29,224513.70,Active
ACC002286,CUST02286,BR043,Current,2022-11-30,333268.82,Inactive
ACC002287,CUST02287,BR034,Current,2017-10-30,555006.56,Dormant
ACC002288,CUST02288,BR036,Salary,2023-09-08,39520.50,Active
ACC002289,CUST02289,BR030,Fixed Deposit,2023-01-11,1988517.10,Active
ACC002290,CUST02290,BR041,Salary,2023-11-21,109182.67,Dormant
ACC002291,CUST02291,BR034,Salary,2024-01-06,174164.74,Dormant
ACC002292,CUST02292,BR006,Savings,2022-07-12,122326.71,Dormant
ACC002293,CUST02293,BR039,Savings,2020-09-21,6737.45,Active
ACC002294,CUST02294,BR026,Savings,2022-01-26,20517.73,Active
ACC002295,CUST02295,BR006,Fixed Deposit,2023-09-14,889040.98,Dormant
ACC002296,CUST02296,BR030,Savings,2023-12-18,9233.67,Active
ACC002297,CUST02297,BR014,Savings,2016-03-31,2622.60,Active
ACC002298,CUST02298,BR036,Salary,2024-01-29,235096.94,Active
ACC002299,CUST02299,BR031,Savings,2018-07-22,117690.97,Active
ACC002300,CUST02300,BR001,Savings,2023-09-05,3293724.74,Active
ACC002301,CUST02301,BR005,Salary,2018-07-01,273653.63,Active
ACC002302,CUST02302,BR007,Savings,2018-05-09,878139.86,Dormant
ACC002303,CUST02303,BR009,Current,2022-11-21,146060.14,Active
ACC002304,CUST02304,BR039,Savings,2019-11-09,11423.60,Dormant
ACC002305,CUST02305,BR006,Savings,2023-04-13,134742.16,Inactive
ACC002306,CUST02306,BR035,Savings,2022-04-13,16394.65,Dormant
ACC002307,CUST02307,BR032,Savings,2024-04-11,54436.59,Active
ACC002308,CUST02308,BR007,Savings,2022-01-31,55103.77,Active
ACC002309,CUST02309,BR034,Savings,2021-11-04,199137.87,Active
ACC002310,CUST02310,BR010,Current,2024-05-08,359415.42,Active
ACC002311,CUST02311,BR017,Fixed Deposit,2021-10-30,641158.77,Active
ACC002312,CUST02312,BR037,Fixed Deposit,2021-04-20,928934.35,Active
ACC002313,CUST02313,BR014,Savings,2019-09-26,94022.66,Active
ACC002314,CUST02314,BR036,Savings,2023-10-27,22278.44,Active
ACC002315,CUST02315,BR043,Savings,2022-03-30,22600.70,Inactive
ACC002316,CUST02316,BR024,Savings,2021-08-26,19716.33,Active
ACC002317,CUST02317,BR002,Savings,2024-04-04,84073.49,Active
ACC002318,CUST02318,BR019,Current,2019-11-28,64257.81,Active
ACC002319,CUST02319,BR026,Fixed Deposit,2022-02-06,299177.58,Active
ACC002320,CUST02320,BR025,Savings,2018-07-23,1010574.86,Active
ACC002321,CUST02321,BR044,Current,2020-12-14,53455.65,Active
ACC002322,CUST02322,BR024,Savings,2023-07-29,89468.84,Active
ACC002323,CUST02323,BR002,Salary,2021-07-06,191970.55,Active
ACC002324,CUST02324,BR012,Fixed Deposit,2019-05-05,468498.04,Active
ACC002325,CUST02325,BR037,Savings,2021-03-30,23607.04,Dormant
ACC002326,CUST02326,BR010,Savings,2022-12-23,570022.16,Active
ACC002327,CUST02327,BR048,Savings,2023-06-11,483907.11,Active
ACC002328,CUST02328,BR043,Salary,2023-04-05,233393.75,Active
ACC002329,CUST02329,BR049,Savings,2019-08-31,28485.88,Dormant
ACC002330,CUST02330,BR010,Salary,2024-01-02,92715.92,Active
ACC002331,CUST02331,BR038,Current,2024-04-22,444087.79,Active
ACC002332,CUST02332,BR025,Current,2022-07-03,785900.57,Active
ACC002333,CUST02333,BR028,Current,2022-11-01,152880.33,Active
ACC002334,CUST02334,BR037,Current,2024-01-19,85938.94,Active
ACC002335,CUST02335,BR035,Fixed Deposit,2024-03-06,1184040.59,Dormant
ACC002336,CUST02336,BR002,Fixed Deposit,2020-11-20,1468026.59,Active
ACC002337,CUST02337,BR028,Savings,2020-09-04,383502.01,Active
ACC002338,CUST02338,BR013,Savings,2023-02-26,771724.24,Active
ACC002339,CUST02339,BR025,Savings,2023-12-08,4857897.13,Active
ACC002340,CUST02340,BR048,Savings,2023-09-18,39974.87,Inactive
ACC002341,CUST02341,BR029,Savings,2022-09-04,2827.51,Active
ACC002342,CUST02342,BR018,Salary,2021-10-11,152208.92,Dormant
ACC002343,CUST02343,BR046,Current,2024-05-25,1091820.47,Active
ACC002344,CUST02344,BR009,Savings,2024-04-08,878213.81,Dormant
ACC002345,CUST02345,BR025,Savings,2018-01-22,2992.12,Active
ACC002346,CUST02346,BR026,Salary,2023-09-26,332472.70,Inactive
ACC002347,CUST02347,BR015,Savings,2024-01-13,13945.42,Active
ACC002348,CUST02348,BR007,Fixed Deposit,2024-04-24,1172432.08,Active
ACC002349,CUST02349,BR006,Savings,2023-01-19,18800.05,Dormant
ACC002350,CUST02350,BR043,Salary,2021-03-26,273892.31,Active
ACC002351,CUST02351,BR014,Salary,2022-07-16,347442.53,Active
ACC002352,CUST02352,BR047,Current,2020-10-19,2685344.36,Active
ACC002353,CUST02353,BR007,Savings,2019-09-25,8197.88,Active
ACC002354,CUST02354,BR026,Fixed Deposit,2022-12-29,769838.69,Active
ACC002355,CUST02355,BR011,Salary,2018-03-11,195036.52,Active
ACC002356,CUST02356,BR035,Salary,2023-07-25,177030.75,Active
ACC002357,CUST02357,BR035,Savings,2023-09-07,336285.24,Dormant
ACC002358,CUST02358,BR049,Savings,2024-03-20,90242.43,Inactive
ACC002359,CUST02359,BR012,Savings,2019-08-17,182789.83,Inactive
ACC002360,CUST02360,BR048,Fixed Deposit,2022-12-29,1548340.37,Active
ACC002361,CUST02361,BR044,Salary,2023-05-01,28253.45,Active
ACC002362,CUST02362,BR026,Savings,2022-01-08,106129.09,Active
ACC002363,CUST02363,BR035,Savings,2019-12-28,15491.91,Active
ACC002364,CUST02364,BR011,Savings,2023-02-07,4735406.80,Active
ACC002365,CUST02365,BR029,Savings,2019-06-29,9761.66,Dormant
ACC002366,CUST02366,BR042,Fixed Deposit,2017-10-30,995349.92,Active
ACC002367,CUST02367,BR030,Savings,2023-02-23,5806517.48,Active
ACC002368,CUST02368,BR016,Savings,2021-10-01,3053274.98,Active
ACC002369,CUST02369,BR003,Savings,2020-01-24,119636.60,Dormant
ACC002370,CUST02370,BR035,Savings,2023-04-24,177894.78,Inactive
ACC002371,CUST02371,BR009,Fixed Deposit,2022-07-03,1294912.85,Dormant
ACC002372,CUST02372,BR005,Savings,2019-07-28,124049.19,Inactive
ACC002373,CUST02373,BR045,Salary,2022-05-05,178868.30,Active
ACC002374,CUST02374,BR025,Savings,2024-01-12,19402.71,Dormant
ACC002375,CUST02375,BR018,Savings,2022-06-05,10960.55,Active
ACC002376,CUST02376,BR040,Savings,2021-02-23,3794053.57,Active
ACC002377,CUST02377,BR032,Fixed Deposit,2022-04-07,1671949.44,Active
ACC002378,CUST02378,BR042,Current,2022-01-07,312592.72,Active
ACC002379,CUST02379,BR016,Savings,2020-01-29,6277.31,Active
ACC002380,CUST02380,BR047,Savings,2021-07-26,134205.18,Active
ACC002381,CUST02381,BR018,Salary,2024-05-27,331784.12,Dormant
ACC002382,CUST02382,BR034,Savings,2022-03-11,454674.55,Dormant
ACC002383,CUST02383,BR041,Fixed Deposit,2017-05-05,938426.44,Active
ACC002384,CUST02384,BR015,Savings,2023-04-28,14835.25,Active
ACC002385,CUST02385,BR011,Current,2023-09-07,457049.88,Active
ACC002386,CUST02386,BR012,Savings,2021-06-20,483006.59,Active
ACC002387,CUST02387,BR015,Fixed Deposit,2024-05-15,1059690.09,Dormant
ACC002388,CUST02388,BR033,Savings,2022-10-02,230537.31,Inactive
ACC002389,CUST02389,BR017,Savings,2024-05-18,228712.07,Active
ACC002390,CUST02390,BR019,Savings,2018-09-22,117014.07,Active
ACC002391,CUST02391,BR033,Savings,2021-09-24,17466.32,Active
ACC002392,CUST02392,BR013,Salary,2022-09-20,310583.15,Active
ACC002393,CUST02393,BR014,Savings,2021-08-15,30820.99,Active
ACC002394,CUST02394,BR007,Savings,2021-10-21,74667.29,Active
ACC002395,CUST02395,BR007,Savings,2020-07-24,13274.47,Dormant
ACC002396,CUST02396,BR010,Savings,2024-02-23,13197.76,Active
ACC002397,CUST02397,BR012,Savings,2021-07-03,4150565.99,Active
ACC002398,CUST02398,BR031,Savings,2024-05-09,9505.81,Inactive
ACC002399,CUST02399,BR024,Savings,2023-08-23,138325.54,Active
ACC002400,CUST02400,BR009,Salary,2024-03-08,223669.73,Active
ACC002401,CUST02401,BR027,Current,2021-05-07,141970.96,Active
ACC002402,CUST02402,BR046,Savings,2024-04-19,1868118.48,Active
ACC002403,CUST02403,BR047,Savings,2023-03-01,65110.25,Active
ACC002404,CUST02404,BR012,Current,2024-05-16,120661.24,Active
ACC002405,CUST02405,BR002,Current,2021-06-18,126142.77,Active
ACC002406,CUST02406,BR041,Savings,2021-02-27,66286.31,Active
ACC002407,CUST02407,BR021,Current,2022-04-16,2885084.31,Active
ACC002408,CUST02408,BR014,Salary,2023-07-06,74538.66,Active
ACC002409,CUST02409,BR019,Savings,2022-06-04,85353.96,Active
ACC002410,CUST02410,BR010,Savings,2024-01-18,46228.51,Active
ACC002411,CUST02411,BR029,Savings,2022-05-28,108479.81,Active
ACC002412,CUST02412,BR033,Savings,2024-04-02,23710.85,Active
ACC002413,CUST02413,BR046,Savings,2016-12-24,24560.59,Active
ACC002414,CUST02414,BR039,Current,2022-04-30,2995471.76,Active
ACC002415,CUST02415,BR025,Savings,2021-06-23,19785.26,Active
ACC002416,CUST02416,BR014,Fixed Deposit,2019-05-22,732731.13,Active
ACC002417,CUST02417,BR034,Savings,2020-04-19,12915.19,Active
ACC002418,CUST02418,BR021,Savings,2022-06-21,593194.49,Active
ACC002419,CUST02419,BR010,Savings,2018-04-24,9511.87,Inactive
ACC002420,CUST02420,BR048,Savings,2022-11-16,31267.92,Active
ACC002421,CUST02421,BR036,Savings,2021-09-21,84093.09,Active
ACC002422,CUST02422,BR030,Savings,2022-04-26,30393.24,Dormant
ACC002423,CUST02423,BR038,Savings,2018-09-21,49267.61,Active
ACC002424,CUST02424,BR040,Savings,2022-02-03,8559.03,Active
ACC002425,CUST02425,BR038,Current,2023-11-03,585396.46,Inactive
ACC002426,CUST02426,BR042,Savings,2020-05-03,2679251.11,Active
ACC002427,CUST02427,BR020,Current,2022-04-15,2479588.74,Active
ACC002428,CUST02428,BR015,Salary,2022-07-18,60840.19,Inactive
ACC002429,CUST02429,BR017,Salary,2024-06-25,190529.27,Active
ACC002430,CUST02430,BR029,Salary,2022-03-26,160454.94,Active
ACC002431,CUST02431,BR005,Savings,2024-01-09,1007248.06,Active
ACC002432,CUST02432,BR047,Fixed Deposit,2024-01-31,126187.85,Inactive
ACC002433,CUST02433,BR034,Current,2021-08-22,122382.18,Active
ACC002434,CUST02434,BR026,Savings,2017-11-13,18690.78,Active
ACC002435,CUST02435,BR049,Savings,2023-06-29,870075.91,Active
ACC002436,CUST02436,BR029,Current,2023-11-17,359216.44,Active
ACC002437,CUST02437,BR023,Savings,2021-02-12,2493.16,Active
ACC002438,CUST02438,BR002,Current,2022-02-15,208522.82,Inactive
ACC002439,CUST02439,BR021,Salary,2022-05-07,244455.74,Active
ACC002440,CUST02440,BR006,Savings,2022-08-12,23928.02,Active
ACC002441,CUST02441,BR043,Fixed Deposit,2019-01-16,741215.43,Active
ACC002442,CUST02442,BR004,Savings,2024-03-03,39553.85,Active
ACC002443,CUST02443,BR038,Fixed Deposit,2017-02-09,1919959.39,Dormant
ACC002444,CUST02444,BR008,Salary,2023-10-22,318276.73,Inactive
ACC002445,CUST02445,BR009,Savings,2023-11-03,373231.23,Active
ACC002446,CUST02446,BR026,Salary,2022-05-07,309534.58,Active
ACC002447,CUST02447,BR009,Savings,2023-12-22,19353.57,Inactive
ACC002448,CUST02448,BR040,Savings,2016-09-22,628556.64,Active
ACC002449,CUST02449,BR014,Fixed Deposit,2019-04-21,484128.01,Active
ACC002450,CUST02450,BR010,Salary,2019-07-06,99085.07,Dormant
ACC002451,CUST02451,BR026,Savings,2019-12-08,5230581.51,Active
ACC002452,CUST02452,BR010,Savings,2017-08-13,72471.13,Active
ACC002453,CUST02453,BR023,Fixed Deposit,2024-01-01,1238606.16,Dormant
ACC002454,CUST02454,BR014,Current,2022-10-07,144161.40,Active
ACC002455,CUST02455,BR002,Current,2024-06-13,2131416.94,Active
ACC002456,CUST02456,BR036,Savings,2019-09-18,745067.43,Active
ACC002457,CUST02457,BR005,Savings,2018-11-23,22356.42,Inactive
ACC002458,CUST02458,BR024,Savings,2023-12-21,18798.85,Active
ACC002459,CUST02459,BR040,Savings,2023-05-16,7975.18,Active
ACC002460,CUST02460,BR027,Savings,2023-07-01,81505.09,Active
ACC002461,CUST02461,BR011,Fixed Deposit,2022-04-09,325321.43,Active
ACC002462,CUST02462,BR003,Salary,2015-04-05,16692.38,Inactive
ACC002463,CUST02463,BR029,Savings,2024-03-31,12845.13,Inactive
ACC002464,CUST02464,BR044,Savings,2020-02-26,142707.97,Active
ACC002465,CUST02465,BR007,Savings,2018-06-07,23912.85,Active
ACC002466,CUST02466,BR004,Savings,2024-04-27,300743.89,Inactive
ACC002467,CUST02467,BR036,Salary,2024-02-25,16368.77,Active
ACC002468,CUST02468,BR034,Salary,2022-03-16,239439.53,Dormant
ACC002469,CUST02469,BR007,Savings,2023-09-30,90557.52,Active
ACC002470,CUST02470,BR006,Savings,2024-06-30,10380.03,Active
ACC002471,CUST02471,BR022,Current,2023-03-27,73842.04,Active
ACC002472,CUST02472,BR013,Savings,2018-01-17,116223.09,Inactive
ACC002473,CUST02473,BR012,Salary,2021-10-29,303808.83,Active
ACC002474,CUST02474,BR039,Savings,2019-08-17,51363.74,Active
ACC002475,CUST02475,BR050,Salary,2017-07-22,94724.03,Inactive
ACC002476,CUST02476,BR028,Savings,2021-08-31,181371.39,Active
ACC002477,CUST02477,BR031,Current,2018-12-08,601834.21,Active
ACC002478,CUST02478,BR041,Salary,2017-02-11,243788.86,Active
ACC002479,CUST02479,BR043,Savings,2020-11-10,6976.73,Active
ACC002480,CUST02480,BR016,Salary,2021-06-03,233945.02,Inactive
ACC002481,CUST02481,BR045,Current,2019-02-23,750002.77,Active
ACC002482,CUST02482,BR003,Current,2022-10-29,71692.20,Active
ACC002483,CUST02483,BR032,Salary,2024-05-26,139601.47,Active
ACC002484,CUST02484,BR005,Savings,2021-12-23,17941.85,Active
ACC002485,CUST02485,BR048,Savings,2021-03-12,100375.34,Dormant
ACC002486,CUST02486,BR004,Savings,2021-02-12,48378.30,Active
ACC002487,CUST02487,BR012,Savings,2023-08-20,146940.03,Active
ACC002488,CUST02488,BR008,Current,2023-05-13,1977036.91,Dormant
ACC002489,CUST02489,BR009,Current,2016-12-01,182970.02,Active
ACC002490,CUST02490,BR027,Savings,2023-01-19,24877.54,Dormant
ACC002491,CUST02491,BR017,Savings,2022-10-15,832687.64,Inactive
ACC002492,CUST02492,BR045,Savings,2023-10-05,42856.61,Inactive
ACC002493,CUST02493,BR008,Salary,2022-03-23,207438.62,Active
ACC002494,CUST02494,BR019,Savings,2022-06-26,22249.68,Dormant
ACC002495,CUST02495,BR020,Salary,2023-12-13,349815.53,Active
ACC002496,CUST02496,BR037,Fixed Deposit,2022-12-11,1558724.48,Active
ACC002497,CUST02497,BR002,Current,2020-05-28,490611.08,Dormant
ACC002498,CUST02498,BR013,Savings,2018-08-05,27947.90,Active
ACC002499,CUST02499,BR006,Savings,2021-02-22,2997.47,Inactive
ACC002500,CUST02500,BR043,Salary,2024-01-21,306169.02,Active
ACC002501,CUST02501,BR043,Savings,2024-01-04,28439.16,Active
ACC002502,CUST02502,BR015,Savings,2024-06-30,2180.36,Active
ACC002503,CUST02503,BR028,Savings,2023-06-19,134148.53,Active
ACC002504,CUST02504,BR045,Salary,2023-04-07,220620.85,Dormant
ACC002505,CUST02505,BR043,Savings,2017-02-26,952019.36,Active
ACC002506,CUST02506,BR041,Current,2023-07-27,682795.27,Active
ACC002507,CUST02507,BR028,Current,2024-06-21,1189857.70,Dormant
ACC002508,CUST02508,BR036,Salary,2018-01-04,122331.29,Dormant
ACC002509,CUST02509,BR027,Savings,2017-12-21,4769.85,Active
ACC002510,CUST02510,BR035,Savings,2023-10-15,4621567.06,Active
ACC002511,CUST02511,BR026,Fixed Deposit,2023-07-22,913574.42,Active
ACC002512,CUST02512,BR002,Current,2023-03-31,696280.90,Active
ACC002513,CUST02513,BR023,Salary,2023-03-13,243704.84,Dormant
ACC002514,CUST02514,BR007,Salary,2023-04-04,200392.53,Dormant
ACC002515,CUST02515,BR003,Savings,2022-05-30,110322.43,Active
ACC002516,CUST02516,BR011,Savings,2020-08-12,3327542.07,Dormant
ACC002517,CUST02517,BR040,Savings,2022-07-31,7427.15,Active
ACC002518,CUST02518,BR002,Savings,2024-04-18,656933.54,Inactive
ACC002519,CUST02519,BR048,Current,2023-06-27,98412.66,Active
ACC002520,CUST02520,BR041,Savings,2023-08-24,142847.98,Dormant
ACC002521,CUST02521,BR007,Salary,2018-04-16,287365.83,Dormant
ACC002522,CUST02522,BR012,Salary,2023-12-28,91319.05,Active
ACC002523,CUST02523,BR035,Current,2023-08-07,59627.27,Dormant
ACC002524,CUST02524,BR036,Current,2022-10-21,110740.89,Inactive
ACC002525,CUST02525,BR022,Salary,2019-12-08,120833.26,Dormant
ACC002526,CUST02526,BR009,Savings,2020-03-16,1083277.50,Active
ACC002527,CUST02527,BR016,Savings,2024-02-28,919195.42,Active
ACC002528,CUST02528,BR028,Savings,2019-11-20,18647.18,Active
ACC002529,CUST02529,BR014,Savings,2022-02-05,22133.70,Active
ACC002530,CUST02530,BR038,Savings,2023-08-26,131654.07,Active
ACC002531,CUST02531,BR039,Savings,2022-02-07,1326073.74,Active
ACC002532,CUST02532,BR012,Savings,2021-09-20,74442.86,Dormant
ACC002533,CUST02533,BR040,Salary,2020-10-31,325093.52,Active
ACC002534,CUST02534,BR020,Savings,2024-01-10,13364.47,Active
ACC002535,CUST02535,BR037,Salary,2020-04-03,342714.31,Active
ACC002536,CUST02536,BR002,Savings,2024-03-14,2549898.87,Active
ACC002537,CUST02537,BR012,Savings,2024-05-20,466796.33,Active
ACC002538,CUST02538,BR039,Salary,2016-03-17,48219.25,Active
ACC002539,CUST02539,BR008,Current,2021-08-22,278873.07,Active
ACC002540,CUST02540,BR043,Savings,2020-04-21,116342.85,Dormant
ACC002541,CUST02541,BR007,Savings,2023-11-07,21596.33,Active
ACC002542,CUST02542,BR035,Current,2020-09-28,112032.47,Active
ACC002543,CUST02543,BR007,Savings,2024-04-30,92703.04,Inactive
ACC002544,CUST02544,BR006,Savings,2024-05-06,53697.43,Active
ACC002545,CUST02545,BR046,Current,2017-12-06,67396.08,Dormant
ACC002546,CUST02546,BR011,Savings,2021-10-24,57394.28,Active
ACC002547,CUST02547,BR028,Salary,2024-05-27,152875.02,Active
ACC002548,CUST02548,BR036,Fixed Deposit,2023-03-29,739064.90,Active
ACC002549,CUST02549,BR009,Fixed Deposit,2023-12-24,990833.11,Active
ACC002550,CUST02550,BR049,Fixed Deposit,2022-08-17,943145.42,Active
ACC002551,CUST02551,BR019,Savings,2023-07-30,57587.64,Active
ACC002552,CUST02552,BR013,Savings,2023-05-21,9479.74,Active
ACC002553,CUST02553,BR044,Salary,2022-08-11,288743.78,Active
ACC002554,CUST02554,BR043,Savings,2022-09-17,78363.03,Inactive
ACC002555,CUST02555,BR036,Savings,2019-12-19,14984.96,Active
ACC002556,CUST02556,BR042,Savings,2021-03-14,20372.32,Active
ACC002557,CUST02557,BR022,Savings,2017-03-21,450575.24,Active
ACC002558,CUST02558,BR033,Salary,2023-10-16,229975.66,Active
ACC002559,CUST02559,BR003,Current,2024-04-21,204629.31,Inactive
ACC002560,CUST02560,BR046,Savings,2021-10-18,57949.93,Dormant
ACC002561,CUST02561,BR012,Savings,2022-07-10,12522.78,Active
ACC002562,CUST02562,BR035,Current,2019-11-10,541835.09,Dormant
ACC002563,CUST02563,BR029,Current,2024-03-14,298384.43,Active
ACC002564,CUST02564,BR021,Fixed Deposit,2016-08-13,733945.35,Active
ACC002565,CUST02565,BR017,Savings,2019-09-10,765102.49,Active
ACC002566,CUST02566,BR034,Current,2023-09-28,130814.56,Active
ACC002567,CUST02567,BR038,Savings,2022-11-12,9136.80,Active
ACC002568,CUST02568,BR025,Salary,2021-08-16,200170.25,Active
ACC002569,CUST02569,BR046,Current,2016-10-25,182145.54,Active
ACC002570,CUST02570,BR029,Savings,2018-08-25,188888.66,Active
ACC002571,CUST02571,BR043,Savings,2019-08-07,40064.69,Active
ACC002572,CUST02572,BR034,Current,2021-12-09,3166940.20,Inactive
ACC002573,CUST02573,BR008,Salary,2017-09-21,39574.59,Active
ACC002574,CUST02574,BR045,Savings,2020-04-07,614476.99,Active
ACC002575,CUST02575,BR039,Current,2024-03-30,128185.59,Active
ACC002576,CUST02576,BR036,Current,2021-06-19,58857.51,Active
ACC002577,CUST02577,BR036,Savings,2023-09-09,91599.75,Active
ACC002578,CUST02578,BR031,Savings,2024-01-04,8499.31,Active
ACC002579,CUST02579,BR021,Savings,2022-12-08,8479.49,Dormant
ACC002580,CUST02580,BR013,Savings,2019-08-02,42899.63,Active
ACC002581,CUST02581,BR024,Savings,2019-12-09,144215.93,Active
ACC002582,CUST02582,BR022,Savings,2020-05-13,444196.82,Dormant
ACC002583,CUST02583,BR006,Fixed Deposit,2024-04-30,1612176.47,Inactive
ACC002584,CUST02584,BR046,Savings,2018-11-03,443520.93,Active
ACC002585,CUST02585,BR007,Savings,2021-11-17,678215.45,Dormant
ACC002586,CUST02586,BR040,Fixed Deposit,2023-10-06,1077096.21,Active
ACC002587,CUST02587,BR019,Savings,2021-10-04,9058.98,Active
ACC002588,CUST02588,BR025,Current,2016-01-09,134312.67,Active
ACC002589,CUST02589,BR034,Savings,2022-05-27,110985.58,Dormant
ACC002590,CUST02590,BR040,Salary,2023-08-11,348110.36,Active
ACC002591,CUST02591,BR005,Salary,2023-12-08,331488.66,Active
ACC002592,CUST02592,BR006,Salary,2024-05-13,73895.92,Active
ACC002593,CUST02593,BR037,Current,2022-03-01,197305.95,Active
ACC002594,CUST02594,BR049,Savings,2021-01-30,20007.17,Active
ACC002595,CUST02595,BR021,Savings,2022-07-23,10966.14,Active
ACC002596,CUST02596,BR032,Savings,2024-01-06,297560.38,Active
ACC002597,CUST02597,BR036,Fixed Deposit,2022-05-03,238835.94,Active
ACC002598,CUST02598,BR012,Savings,2023-07-21,48247.88,Active
ACC002599,CUST02599,BR046,Savings,2018-06-24,36564.79,Active
ACC002600,CUST02600,BR036,Current,2022-09-17,83893.84,Active
ACC002601,CUST02601,BR009,Savings,2024-03-18,16283.24,Active
ACC002602,CUST02602,BR002,Current,2022-12-27,723519.48,Active
ACC002603,CUST02603,BR004,Savings,2021-10-28,5849354.91,Active
ACC002604,CUST02604,BR036,Savings,2023-08-21,22080.48,Active
ACC002605,CUST02605,BR032,Salary,2023-12-09,82371.05,Active
ACC002606,CUST02606,BR016,Savings,2023-07-25,1136643.00,Inactive
ACC002607,CUST02607,BR031,Current,2023-02-17,781524.37,Active
ACC002608,CUST02608,BR008,Current,2015-09-17,60482.03,Active
ACC002609,CUST02609,BR021,Salary,2023-12-21,35095.23,Active
ACC002610,CUST02610,BR004,Savings,2022-11-25,34345.63,Active
ACC002611,CUST02611,BR021,Salary,2023-09-01,68614.02,Active
ACC002612,CUST02612,BR037,Savings,2024-05-08,97427.79,Active
ACC002613,CUST02613,BR037,Current,2022-06-23,739343.16,Active
ACC002614,CUST02614,BR039,Fixed Deposit,2022-12-28,358704.15,Active
ACC002615,CUST02615,BR047,Current,2021-02-10,723232.82,Active
ACC002616,CUST02616,BR050,Fixed Deposit,2020-04-30,1061723.27,Active
ACC002617,CUST02617,BR043,Savings,2023-07-18,1143840.91,Active
ACC002618,CUST02618,BR029,Savings,2021-07-08,7707.54,Dormant
ACC002619,CUST02619,BR026,Savings,2024-03-13,8047.26,Active
ACC002620,CUST02620,BR038,Savings,2023-03-26,10606.24,Active
ACC002621,CUST02621,BR036,Current,2023-07-21,1447348.12,Active
ACC002622,CUST02622,BR009,Fixed Deposit,2019-01-23,1355541.21,Active
ACC002623,CUST02623,BR026,Fixed Deposit,2022-02-19,331461.55,Active
ACC002624,CUST02624,BR037,Savings,2022-10-23,38298.19,Active
ACC002625,CUST02625,BR003,Savings,2019-03-19,973291.54,Inactive
ACC002626,CUST02626,BR007,Savings,2022-10-26,2097455.86,Active
ACC002627,CUST02627,BR002,Current,2018-07-13,649455.92,Active
ACC002628,CUST02628,BR044,Savings,2022-05-15,136330.20,Active
ACC002629,CUST02629,BR021,Savings,2020-01-05,73362.97,Active
ACC002630,CUST02630,BR006,Salary,2021-09-13,311176.21,Active
ACC002631,CUST02631,BR011,Fixed Deposit,2023-09-18,1237324.58,Inactive
ACC002632,CUST02632,BR014,Fixed Deposit,2021-02-20,584888.13,Active
ACC002633,CUST02633,BR038,Savings,2022-01-17,2804271.04,Dormant
ACC002634,CUST02634,BR007,Current,2017-04-21,139295.99,Active
ACC002635,CUST02635,BR023,Salary,2024-01-10,290927.73,Dormant
ACC002636,CUST02636,BR004,Savings,2019-08-26,10890.35,Active
ACC002637,CUST02637,BR014,Savings,2023-12-10,207222.74,Active
ACC002638,CUST02638,BR028,Savings,2024-03-03,2346.72,Active
ACC002639,CUST02639,BR020,Salary,2016-04-25,155641.12,Dormant
ACC002640,CUST02640,BR012,Savings,2023-08-21,538513.67,Active
ACC002641,CUST02641,BR010,Savings,2020-03-14,21616.65,Active
ACC002642,CUST02642,BR001,Savings,2023-02-10,39037.71,Active
ACC002643,CUST02643,BR025,Salary,2021-06-25,161150.62,Active
ACC002644,CUST02644,BR018,Current,2023-11-12,115424.90,Active
ACC002645,CUST02645,BR019,Savings,2024-02-19,1114041.52,Active
ACC002646,CUST02646,BR030,Savings,2022-07-09,24667.28,Active
ACC002647,CUST02647,BR023,Savings,2023-07-14,116714.63,Active
ACC002648,CUST02648,BR026,Salary,2022-08-20,327498.58,Active
ACC002649,CUST02649,BR012,Savings,2023-05-16,129332.48,Active
ACC002650,CUST02650,BR007,Savings,2024-05-16,14682.50,Active
ACC002651,CUST02651,BR003,Savings,2023-09-02,119432.38,Active
ACC002652,CUST02652,BR017,Savings,2020-06-13,132304.92,Active
ACC002653,CUST02653,BR040,Savings,2023-08-23,22204.37,Active
ACC002654,CUST02654,BR035,Current,2021-07-27,116119.06,Active
ACC002655,CUST02655,BR050,Savings,2024-01-14,12230.93,Active
ACC002656,CUST02656,BR001,Savings,2024-03-28,7069.52,Inactive
ACC002657,CUST02657,BR030,Savings,2023-01-22,949237.44,Active
ACC002658,CUST02658,BR023,Savings,2024-05-22,41409.08,Active
ACC002659,CUST02659,BR045,Fixed Deposit,2024-01-11,547979.21,Active
ACC002660,CUST02660,BR034,Salary,2021-09-08,16352.65,Active
ACC002661,CUST02661,BR037,Savings,2024-05-10,21300.64,Active
ACC002662,CUST02662,BR022,Savings,2023-12-23,118292.86,Active
ACC002663,CUST02663,BR045,Fixed Deposit,2024-02-11,1966250.65,Active
ACC002664,CUST02664,BR049,Salary,2020-03-20,124511.99,Active
ACC002665,CUST02665,BR005,Current,2022-04-10,125571.92,Active
ACC002666,CUST02666,BR033,Salary,2024-03-18,107448.22,Inactive
ACC002667,CUST02667,BR011,Current,2019-12-11,3204876.37,Dormant
ACC002668,CUST02668,BR019,Current,2022-03-25,101515.50,Active
ACC002669,CUST02669,BR018,Savings,2022-04-05,129472.71,Active
ACC002670,CUST02670,BR048,Salary,2023-11-25,252045.58,Active
ACC002671,CUST02671,BR044,Savings,2023-07-19,59056.38,Active
ACC002672,CUST02672,BR018,Current,2022-06-19,339225.49,Active
ACC002673,CUST02673,BR032,Savings,2019-05-17,16505.32,Active
ACC002674,CUST02674,BR003,Salary,2016-07-19,81618.13,Active
ACC002675,CUST02675,BR017,Savings,2024-06-14,86446.87,Inactive
ACC002676,CUST02676,BR015,Savings,2022-06-16,22844.47,Active
ACC002677,CUST02677,BR035,Savings,2019-03-04,23311.07,Active
ACC002678,CUST02678,BR027,Savings,2024-02-18,53649.66,Inactive
ACC002679,CUST02679,BR039,Savings,2021-11-28,493444.41,Active
ACC002680,CUST02680,BR017,Savings,2024-06-05,21096.79,Active
ACC002681,CUST02681,BR026,Savings,2021-11-24,1007662.61,Dormant
ACC002682,CUST02682,BR001,Savings,2020-09-21,701536.83,Dormant
ACC002683,CUST02683,BR049,Savings,2022-09-18,8016.47,Active
ACC002684,CUST02684,BR033,Savings,2020-12-23,14641.74,Active
ACC002685,CUST02685,BR042,Current,2021-03-24,480023.20,Active
ACC002686,CUST02686,BR050,Salary,2021-11-19,92339.38,Active
ACC002687,CUST02687,BR025,Savings,2021-12-04,129573.84,Active
ACC002688,CUST02688,BR006,Savings,2018-11-21,823418.54,Active
ACC002689,CUST02689,BR042,Salary,2019-08-09,107185.20,Active
ACC002690,CUST02690,BR041,Savings,2021-05-21,18612.17,Active
ACC002691,CUST02691,BR048,Salary,2019-06-05,167870.70,Active
ACC002692,CUST02692,BR043,Salary,2021-01-24,116116.17,Inactive
ACC002693,CUST02693,BR009,Savings,2024-04-26,58142.88,Dormant
ACC002694,CUST02694,BR024,Current,2024-01-05,32064.72,Active
ACC002695,CUST02695,BR005,Current,2021-07-04,238803.99,Active
ACC002696,CUST02696,BR024,Savings,2020-03-27,13787.49,Dormant
ACC002697,CUST02697,BR018,Savings,2022-05-23,4099711.71,Active
ACC002698,CUST02698,BR022,Savings,2019-10-28,24611.83,Active
ACC002699,CUST02699,BR025,Savings,2024-01-14,47595.26,Active
ACC002700,CUST02700,BR009,Current,2021-11-20,673745.75,Inactive
ACC002701,CUST02701,BR022,Savings,2022-08-09,2735030.29,Active
ACC002702,CUST02702,BR012,Savings,2024-04-04,563134.54,Active
ACC002703,CUST02703,BR020,Savings,2022-02-06,30772.36,Active
ACC002704,CUST02704,BR009,Salary,2023-08-21,268829.95,Active
ACC002705,CUST02705,BR008,Savings,2022-06-19,111018.18,Active
ACC002706,CUST02706,BR013,Savings,2023-09-23,18346.64,Active
ACC002707,CUST02707,BR014,Savings,2024-01-11,5257089.37,Active
ACC002708,CUST02708,BR007,Fixed Deposit,2023-06-10,981371.48,Active
ACC002709,CUST02709,BR032,Savings,2017-08-09,15414.56,Dormant
ACC002710,CUST02710,BR029,Current,2023-10-04,148499.11,Dormant
ACC002711,CUST02711,BR018,Savings,2020-11-08,2274463.64,Inactive
ACC002712,CUST02712,BR044,Savings,2023-02-22,294518.80,Active
ACC002713,CUST02713,BR042,Savings,2019-11-15,1385244.37,Active
ACC002714,CUST02714,BR015,Savings,2021-04-16,127974.45,Dormant
ACC002715,CUST02715,BR027,Salary,2022-06-27,221414.01,Inactive
ACC002716,CUST02716,BR045,Savings,2020-12-18,3707.83,Inactive
ACC002717,CUST02717,BR042,Savings,2022-09-19,96699.40,Active
ACC002718,CUST02718,BR047,Fixed Deposit,2021-01-18,1697454.41,Dormant
ACC002719,CUST02719,BR002,Savings,2023-02-11,19957.70,Active
ACC002720,CUST02720,BR034,Savings,2023-07-23,119702.76,Inactive
ACC002721,CUST02721,BR013,Salary,2024-03-03,297767.76,Active
ACC002722,CUST02722,BR047,Savings,2021-09-14,21880.97,Dormant
ACC002723,CUST02723,BR009,Savings,2024-05-13,74210.36,Inactive
ACC002724,CUST02724,BR010,Current,2024-02-23,81616.84,Active
ACC002725,CUST02725,BR013,Savings,2022-06-27,11269.62,Active
ACC002726,CUST02726,BR045,Current,2020-07-31,277236.62,Active
ACC002727,CUST02727,BR028,Savings,2020-07-16,721235.10,Dormant
ACC002728,CUST02728,BR003,Savings,2023-03-15,105169.47,Inactive
ACC002729,CUST02729,BR013,Savings,2020-12-12,6006.04,Active
ACC002730,CUST02730,BR042,Savings,2021-03-24,2020174.88,Active
ACC002731,CUST02731,BR012,Savings,2022-09-14,146553.45,Active
ACC002732,CUST02732,BR035,Savings,2021-09-29,573595.01,Active
ACC002733,CUST02733,BR010,Fixed Deposit,2023-07-15,1634297.54,Active
ACC002734,CUST02734,BR002,Savings,2023-05-31,6038.01,Active
ACC002735,CUST02735,BR048,Savings,2023-07-25,34710.51,Dormant
ACC002736,CUST02736,BR026,Savings,2024-05-26,3925806.88,Active
ACC002737,CUST02737,BR004,Current,2024-01-12,3473817.15,Active
ACC002738,CUST02738,BR008,Savings,2019-09-20,41676.33,Active
ACC002739,CUST02739,BR001,Savings,2022-03-14,99259.60,Active
ACC002740,CUST02740,BR036,Current,2023-07-20,92578.01,Active
ACC002741,CUST02741,BR043,Savings,2019-02-07,96134.44,Active
ACC002742,CUST02742,BR043,Savings,2018-09-03,873378.21,Active
ACC002743,CUST02743,BR017,Savings,2018-06-26,7709.46,Active
ACC002744,CUST02744,BR028,Fixed Deposit,2023-03-18,1422859.04,Active
ACC002745,CUST02745,BR018,Current,2022-10-28,43483.65,Active
ACC002746,CUST02746,BR038,Savings,2021-02-28,3833.58,Active
ACC002747,CUST02747,BR009,Current,2020-06-02,403163.07,Active
ACC002748,CUST02748,BR042,Savings,2024-05-12,15845.29,Active
ACC002749,CUST02749,BR037,Savings,2023-04-11,1932521.62,Active
ACC002750,CUST02750,BR037,Current,2016-07-08,60844.53,Active
ACC002751,CUST02751,BR011,Salary,2023-04-14,177638.89,Active
ACC002752,CUST02752,BR029,Fixed Deposit,2024-05-19,1262720.78,Dormant
ACC002753,CUST02753,BR035,Savings,2024-05-17,27667.19,Active
ACC002754,CUST02754,BR044,Savings,2024-02-26,57231.71,Active
ACC002755,CUST02755,BR041,Current,2021-04-22,999669.37,Dormant
ACC002756,CUST02756,BR041,Savings,2022-06-10,48672.92,Dormant
ACC002757,CUST02757,BR023,Current,2019-02-14,775062.77,Active
ACC002758,CUST02758,BR041,Current,2023-11-14,555285.89,Active
ACC002759,CUST02759,BR027,Fixed Deposit,2023-07-01,1300704.59,Active
ACC002760,CUST02760,BR026,Savings,2024-03-30,18835.06,Active
ACC002761,CUST02761,BR025,Savings,2022-12-30,353385.07,Inactive
ACC002762,CUST02762,BR027,Current,2023-09-18,104458.87,Active
ACC002763,CUST02763,BR018,Fixed Deposit,2018-09-02,1866953.66,Active
ACC002764,CUST02764,BR037,Salary,2024-06-22,342688.94,Active
ACC002765,CUST02765,BR045,Savings,2023-07-21,111767.78,Active
ACC002766,CUST02766,BR034,Current,2023-05-26,132364.16,Active
ACC002767,CUST02767,BR040,Savings,2022-11-04,85792.19,Active
ACC002768,CUST02768,BR026,Savings,2021-12-29,3609.57,Active
ACC002769,CUST02769,BR019,Current,2024-03-27,249998.01,Inactive
ACC002770,CUST02770,BR026,Fixed Deposit,2024-03-13,584060.87,Active
ACC002771,CUST02771,BR018,Savings,2019-10-30,3041126.04,Active
ACC002772,CUST02772,BR034,Salary,2022-10-22,173833.77,Active
ACC002773,CUST02773,BR038,Savings,2022-10-10,1761287.69,Active
ACC002774,CUST02774,BR043,Savings,2023-08-25,1131441.59,Active
ACC002775,CUST02775,BR011,Fixed Deposit,2024-04-18,1896609.13,Active
ACC002776,CUST02776,BR008,Savings,2021-02-20,6649.16,Dormant
ACC002777,CUST02777,BR019,Savings,2023-05-16,112515.53,Active
ACC002778,CUST02778,BR003,Savings,2021-09-25,6458.70,Active
ACC002779,CUST02779,BR010,Savings,2023-06-04,101848.36,Active
ACC002780,CUST02780,BR007,Savings,2021-08-03,13482.13,Active
ACC002781,CUST02781,BR034,Savings,2021-11-25,460729.52,Active
ACC002782,CUST02782,BR001,Current,2024-03-31,1004802.74,Inactive
ACC002783,CUST02783,BR046,Current,2021-01-10,141238.69,Active
ACC002784,CUST02784,BR006,Current,2024-06-04,119958.53,Inactive
ACC002785,CUST02785,BR013,Salary,2023-11-05,252402.16,Active
ACC002786,CUST02786,BR030,Current,2023-10-16,1219739.74,Active
ACC002787,CUST02787,BR043,Current,2023-03-16,92049.86,Active
ACC002788,CUST02788,BR035,Savings,2023-01-04,801002.09,Active
ACC002789,CUST02789,BR037,Fixed Deposit,2023-07-05,1621792.72,Active
ACC002790,CUST02790,BR042,Savings,2022-12-11,689980.32,Active
ACC002791,CUST02791,BR003,Savings,2019-02-19,97440.58,Active
ACC002792,CUST02792,BR011,Current,2024-03-02,728459.05,Inactive
ACC002793,CUST02793,BR029,Savings,2023-12-30,15335.04,Active
ACC002794,CUST02794,BR034,Current,2019-02-09,38161.02,Active
ACC002795,CUST02795,BR037,Salary,2020-09-06,165406.11,Active
ACC002796,CUST02796,BR030,Savings,2024-03-04,22215.92,Active
ACC002797,CUST02797,BR029,Fixed Deposit,2024-05-09,925193.21,Active
ACC002798,CUST02798,BR048,Savings,2023-07-31,717783.55,Dormant
ACC002799,CUST02799,BR048,Savings,2019-01-23,42930.57,Active
ACC002800,CUST02800,BR018,Salary,2024-06-06,344908.32,Active
ACC002801,CUST02801,BR005,Savings,2023-06-04,85777.75,Active
ACC002802,CUST02802,BR046,Savings,2023-05-03,58944.64,Active
ACC002803,CUST02803,BR029,Current,2023-11-18,75954.60,Active
ACC002804,CUST02804,BR047,Salary,2023-02-11,40289.83,Dormant
ACC002805,CUST02805,BR027,Savings,2023-05-13,86215.61,Active
ACC002806,CUST02806,BR024,Current,2023-03-24,26301.09,Active
ACC002807,CUST02807,BR041,Savings,2017-09-18,23637.79,Active
ACC002808,CUST02808,BR045,Savings,2024-04-12,893092.48,Active
ACC002809,CUST02809,BR016,Savings,2017-11-18,8299.58,Active
ACC002810,CUST02810,BR009,Savings,2017-04-26,79345.06,Inactive
ACC002811,CUST02811,BR045,Savings,2024-01-05,19745.60,Active
ACC002812,CUST02812,BR005,Savings,2020-12-18,350125.74,Active
ACC002813,CUST02813,BR010,Current,2023-04-09,143310.84,Active
ACC002814,CUST02814,BR021,Fixed Deposit,2024-03-24,1771392.06,Active
ACC002815,CUST02815,BR032,Salary,2019-08-21,169349.01,Active
ACC002816,CUST02816,BR024,Salary,2018-01-26,96955.38,Inactive
ACC002817,CUST02817,BR044,Savings,2024-06-07,7317.94,Active
ACC002818,CUST02818,BR045,Savings,2023-01-25,54719.34,Inactive
ACC002819,CUST02819,BR020,Salary,2022-04-22,341197.93,Dormant
ACC002820,CUST02820,BR030,Current,2020-08-13,51620.96,Active
ACC002821,CUST02821,BR044,Current,2023-09-17,4308262.96,Active
ACC002822,CUST02822,BR017,Savings,2023-12-05,525457.41,Dormant
ACC002823,CUST02823,BR039,Savings,2021-10-10,70801.14,Active
ACC002824,CUST02824,BR011,Savings,2023-10-08,440350.71,Active
ACC002825,CUST02825,BR035,Savings,2022-09-24,14888.76,Dormant
ACC002826,CUST02826,BR010,Savings,2020-09-08,3093.10,Active
ACC002827,CUST02827,BR010,Current,2024-01-29,64387.65,Active
ACC002828,CUST02828,BR016,Savings,2019-06-28,610616.90,Inactive
ACC002829,CUST02829,BR043,Fixed Deposit,2015-08-05,1925374.16,Active
ACC002830,CUST02830,BR040,Salary,2023-02-10,29761.05,Active
ACC002831,CUST02831,BR015,Current,2020-11-03,119583.43,Active
ACC002832,CUST02832,BR011,Savings,2024-02-06,470385.17,Active
ACC002833,CUST02833,BR024,Savings,2023-04-22,34015.41,Active
ACC002834,CUST02834,BR010,Savings,2023-10-21,78332.63,Dormant
ACC002835,CUST02835,BR049,Savings,2021-11-16,128890.69,Active
ACC002836,CUST02836,BR020,Savings,2024-02-06,130861.20,Active
ACC002837,CUST02837,BR032,Fixed Deposit,2023-07-09,879509.70,Active
ACC002838,CUST02838,BR041,Savings,2023-11-30,13987.81,Active
ACC002839,CUST02839,BR028,Savings,2019-02-26,73397.41,Inactive
ACC002840,CUST02840,BR010,Salary,2017-10-30,325819.81,Active
ACC002841,CUST02841,BR011,Savings,2018-09-04,41097.80,Active
ACC002842,CUST02842,BR033,Savings,2024-05-04,760323.77,Active
ACC002843,CUST02843,BR029,Current,2020-08-21,72536.36,Active
ACC002844,CUST02844,BR045,Current,2017-08-11,2993727.06,Active
ACC002845,CUST02845,BR002,Fixed Deposit,2021-09-06,624517.24,Active
ACC002846,CUST02846,BR046,Savings,2024-02-13,170092.45,Inactive
ACC002847,CUST02847,BR013,Savings,2022-04-06,532080.24,Active
ACC002848,CUST02848,BR018,Salary,2018-04-11,100756.17,Active
ACC002849,CUST02849,BR011,Salary,2023-12-31,279104.23,Active
ACC002850,CUST02850,BR004,Current,2023-11-21,120514.20,Active
ACC002851,CUST02851,BR015,Savings,2020-03-31,1609066.93,Active
ACC002852,CUST02852,BR014,Savings,2021-09-02,32010.22,Inactive
ACC002853,CUST02853,BR008,Fixed Deposit,2021-04-28,363380.07,Active
ACC002854,CUST02854,BR026,Savings,2020-05-22,88236.40,Active
ACC002855,CUST02855,BR013,Salary,2024-03-17,195415.71,Active
ACC002856,CUST02856,BR007,Fixed Deposit,2024-06-26,1512529.88,Active
ACC002857,CUST02857,BR048,Fixed Deposit,2016-09-06,1493729.75,Active
ACC002858,CUST02858,BR002,Savings,2023-07-15,558051.98,Active
ACC002859,CUST02859,BR049,Savings,2023-02-10,12725.53,Dormant
ACC002860,CUST02860,BR042,Savings,2024-01-06,20682.25,Active
ACC002861,CUST02861,BR027,Fixed Deposit,2022-11-17,1146420.23,Active
ACC002862,CUST02862,BR035,Salary,2022-10-11,210707.72,Inactive
ACC002863,CUST02863,BR002,Savings,2017-05-02,1041790.27,Active
ACC002864,CUST02864,BR035,Savings,2023-05-21,549903.84,Dormant
ACC002865,CUST02865,BR029,Savings,2023-03-23,92652.69,Active
ACC002866,CUST02866,BR039,Fixed Deposit,2023-06-09,444510.49,Active
ACC002867,CUST02867,BR009,Salary,2022-02-20,152433.84,Active
ACC002868,CUST02868,BR027,Savings,2022-08-06,125663.67,Inactive
ACC002869,CUST02869,BR032,Savings,2024-06-19,93261.76,Active
ACC002870,CUST02870,BR032,Salary,2023-04-28,242567.95,Active
ACC002871,CUST02871,BR005,Current,2024-04-17,219127.70,Active
ACC002872,CUST02872,BR016,Fixed Deposit,2023-05-14,434160.42,Active
ACC002873,CUST02873,BR035,Savings,2021-08-24,18492.89,Active
ACC002874,CUST02874,BR019,Savings,2022-12-21,3928.84,Active
ACC002875,CUST02875,BR021,Salary,2019-11-13,79386.99,Active
ACC002876,CUST02876,BR026,Savings,2022-10-08,782285.96,Dormant
ACC002877,CUST02877,BR017,Savings,2024-04-14,3160939.49,Dormant
ACC002878,CUST02878,BR013,Savings,2024-04-27,21346.54,Inactive
ACC002879,CUST02879,BR016,Savings,2023-11-12,15208.11,Active
ACC002880,CUST02880,BR027,Salary,2020-03-20,149614.32,Active
ACC002881,CUST02881,BR001,Salary,2022-01-15,288258.83,Active
ACC002882,CUST02882,BR038,Savings,2022-07-18,1080697.58,Inactive
ACC002883,CUST02883,BR019,Current,2024-06-21,750254.39,Active
ACC002884,CUST02884,BR028,Savings,2021-08-19,50996.87,Active
ACC002885,CUST02885,BR034,Savings,2023-05-21,15376.40,Dormant
ACC002886,CUST02886,BR028,Savings,2023-04-11,77762.89,Active
ACC002887,CUST02887,BR009,Current,2023-08-10,114190.62,Active
ACC002888,CUST02888,BR036,Fixed Deposit,2023-07-02,1194700.29,Active
ACC002889,CUST02889,BR008,Current,2022-09-03,34823.35,Active
ACC002890,CUST02890,BR050,Savings,2017-01-14,111897.41,Active
ACC002891,CUST02891,BR041,Savings,2021-05-22,83679.87,Active
ACC002892,CUST02892,BR025,Current,2023-02-05,43939.18,Inactive
ACC002893,CUST02893,BR028,Fixed Deposit,2021-06-26,1456041.66,Dormant
ACC002894,CUST02894,BR009,Current,2020-08-12,105212.77,Active
ACC002895,CUST02895,BR001,Savings,2019-08-19,25159.43,Active
ACC002896,CUST02896,BR016,Savings,2022-03-17,129324.88,Active
ACC002897,CUST02897,BR050,Fixed Deposit,2024-03-30,285662.05,Dormant
ACC002898,CUST02898,BR046,Current,2020-03-25,40547.23,Active
ACC002899,CUST02899,BR044,Savings,2023-12-15,147477.60,Active
ACC002900,CUST02900,BR021,Current,2023-07-04,104028.91,Active
ACC002901,CUST02901,BR041,Salary,2022-11-26,280490.19,Active
ACC002902,CUST02902,BR031,Savings,2022-08-03,24066.13,Active
ACC002903,CUST02903,BR034,Savings,2023-07-18,531681.88,Active
ACC002904,CUST02904,BR020,Current,2022-11-11,276215.81,Active
ACC002905,CUST02905,BR003,Savings,2024-06-29,24638.32,Dormant
ACC002906,CUST02906,BR014,Savings,2024-06-06,50954.09,Dormant
ACC002907,CUST02907,BR039,Salary,2019-08-23,153089.08,Inactive
ACC002908,CUST02908,BR005,Savings,2023-09-30,35944.63,Active
ACC002909,CUST02909,BR028,Current,2015-10-24,589208.16,Inactive
ACC002910,CUST02910,BR027,Savings,2019-07-25,37793.75,Dormant
ACC002911,CUST02911,BR004,Savings,2023-09-14,29236.60,Active
ACC002912,CUST02912,BR018,Salary,2021-12-25,78817.91,Active
ACC002913,CUST02913,BR038,Current,2018-10-07,2260223.07,Active
ACC002914,CUST02914,BR038,Current,2019-09-05,307998.58,Active
ACC002915,CUST02915,BR040,Savings,2024-04-03,10409.80,Dormant
ACC002916,CUST02916,BR039,Salary,2021-06-29,304801.14,Dormant
ACC002917,CUST02917,BR011,Fixed Deposit,2022-02-06,585493.77,Active
ACC002918,CUST02918,BR011,Savings,2021-11-12,18733.99,Active
ACC002919,CUST02919,BR040,Fixed Deposit,2024-02-07,740177.63,Active
ACC002920,CUST02920,BR011,Savings,2020-08-22,15462.46,Inactive
ACC002921,CUST02921,BR023,Savings,2021-04-17,21597.57,Dormant
ACC002922,CUST02922,BR005,Salary,2024-02-13,237965.62,Inactive
ACC002923,CUST02923,BR005,Savings,2021-12-26,95101.70,Active
ACC002924,CUST02924,BR030,Savings,2023-08-31,124414.96,Active
ACC002925,CUST02925,BR018,Salary,2020-03-14,181552.37,Active
ACC002926,CUST02926,BR007,Savings,2017-11-13,14705.33,Dormant
ACC002927,CUST02927,BR049,Fixed Deposit,2018-07-09,713267.71,Active
ACC002928,CUST02928,BR035,Savings,2020-12-21,58142.19,Active
ACC002929,CUST02929,BR047,Savings,2019-05-17,96088.95,Dormant
ACC002930,CUST02930,BR024,Current,2024-03-11,135609.54,Active
ACC002931,CUST02931,BR006,Current,2023-05-04,769530.04,Active
ACC002932,CUST02932,BR048,Salary,2022-09-11,256332.27,Active
ACC002933,CUST02933,BR048,Fixed Deposit,2022-09-24,986238.61,Active
ACC002934,CUST02934,BR035,Current,2024-05-17,467957.69,Active
ACC002935,CUST02935,BR016,Salary,2021-09-25,57119.35,Active
ACC002936,CUST02936,BR033,Savings,2020-01-13,11609.91,Active
ACC002937,CUST02937,BR014,Savings,2019-10-26,53295.96,Active
ACC002938,CUST02938,BR049,Salary,2024-04-25,118685.78,Active
ACC002939,CUST02939,BR026,Fixed Deposit,2022-10-04,183620.09,Active
ACC002940,CUST02940,BR041,Savings,2024-02-06,34959.17,Dormant
ACC002941,CUST02941,BR019,Salary,2021-11-24,160396.38,Dormant
ACC002942,CUST02942,BR032,Savings,2019-05-07,131676.60,Active
ACC002943,CUST02943,BR016,Current,2021-11-24,760021.30,Inactive
ACC002944,CUST02944,BR032,Savings,2021-12-09,786637.05,Active
ACC002945,CUST02945,BR027,Savings,2024-05-18,16207.92,Active
ACC002946,CUST02946,BR017,Savings,2023-12-13,714025.87,Active
ACC002947,CUST02947,BR030,Salary,2021-04-25,92198.69,Active
ACC002948,CUST02948,BR003,Current,2017-09-20,176941.93,Active
ACC002949,CUST02949,BR032,Salary,2017-04-24,8207.82,Active
ACC002950,CUST02950,BR007,Current,2022-11-15,797811.11,Active
ACC002951,CUST02951,BR038,Savings,2017-12-20,100227.33,Inactive
ACC002952,CUST02952,BR026,Savings,2023-07-04,620994.55,Active
ACC002953,CUST02953,BR012,Savings,2024-04-03,66324.54,Dormant
ACC002954,CUST02954,BR021,Salary,2022-04-11,82523.40,Active
ACC002955,CUST02955,BR048,Savings,2023-02-23,902255.63,Active
ACC002956,CUST02956,BR028,Salary,2022-02-15,44393.06,Dormant
ACC002957,CUST02957,BR050,Savings,2018-08-03,121030.72,Active
ACC002958,CUST02958,BR005,Current,2021-07-24,73540.97,Active
ACC002959,CUST02959,BR015,Current,2021-02-04,539534.94,Active
ACC002960,CUST02960,BR007,Savings,2021-11-08,144388.46,Active
ACC002961,CUST02961,BR041,Savings,2018-04-21,2608263.67,Active
ACC002962,CUST02962,BR017,Savings,2020-01-11,140295.42,Active
ACC002963,CUST02963,BR006,Salary,2023-09-07,319766.76,Active
ACC002964,CUST02964,BR049,Salary,2021-01-03,126681.27,Active
ACC002965,CUST02965,BR018,Savings,2023-02-11,45235.76,Active
ACC002966,CUST02966,BR005,Fixed Deposit,2023-05-01,509654.56,Active
ACC002967,CUST02967,BR049,Savings,2024-03-26,23458.68,Active
ACC002968,CUST02968,BR010,Savings,2024-03-23,69496.05,Active
ACC002969,CUST02969,BR012,Current,2023-05-07,457818.96,Active
ACC002970,CUST02970,BR017,Savings,2023-10-26,24934.35,Dormant
ACC002971,CUST02971,BR035,Salary,2023-09-01,134694.03,Inactive
ACC002972,CUST02972,BR045,Savings,2021-11-27,4075723.56,Active
ACC002973,CUST02973,BR042,Savings,2018-12-23,85867.82,Active
ACC002974,CUST02974,BR026,Fixed Deposit,2023-12-13,50864.20,Inactive
ACC002975,CUST02975,BR035,Savings,2022-03-01,5438.35,Active
ACC002976,CUST02976,BR007,Savings,2024-03-24,106350.34,Active
ACC002977,CUST02977,BR014,Savings,2017-06-14,808479.42,Active
ACC002978,CUST02978,BR011,Current,2024-01-27,78602.59,Inactive
ACC002979,CUST02979,BR031,Savings,2019-12-23,1019522.74,Inactive
ACC002980,CUST02980,BR021,Current,2023-10-04,111281.72,Active
ACC002981,CUST02981,BR037,Current,2016-08-11,351771.66,Dormant
ACC002982,CUST02982,BR016,Savings,2017-01-08,40118.05,Active
ACC002983,CUST02983,BR012,Savings,2022-11-22,478393.79,Active
ACC002984,CUST02984,BR038,Salary,2019-03-04,150721.05,Active
ACC002985,CUST02985,BR018,Fixed Deposit,2021-01-12,484980.55,Active
ACC002986,CUST02986,BR002,Salary,2023-10-19,276724.86,Dormant
ACC002987,CUST02987,BR009,Current,2024-02-24,728496.14,Active
ACC002988,CUST02988,BR044,Savings,2022-06-26,240171.72,Active
ACC002989,CUST02989,BR008,Savings,2023-03-13,15222.66,Active
ACC002990,CUST02990,BR038,Savings,2019-10-12,893201.34,Active
ACC002991,CUST02991,BR047,Current,2020-09-29,568066.68,Active
ACC002992,CUST02992,BR027,Savings,2022-09-04,75363.49,Active
ACC002993,CUST02993,BR020,Savings,2020-10-14,116065.38,Active
ACC002994,CUST02994,BR037,Savings,2024-02-27,6061.71,Active
ACC002995,CUST02995,BR020,Current,2021-11-26,99121.75,Active
ACC002996,CUST02996,BR039,Savings,2022-09-08,17267.02,Active
ACC002997,CUST02997,BR033,Savings,2020-02-08,106416.79,Active
ACC002998,CUST02998,BR027,Current,2022-06-04,49391.98,Active
ACC002999,CUST02999,BR013,Savings,2023-05-15,21781.00,Active
ACC003000,CUST03000,BR001,Savings,2021-12-24,661307.41,Active
ACC003001,CUST03001,BR025,Savings,2023-06-20,16868.04,Active
ACC003002,CUST03002,BR008,Savings,2023-11-03,20083.29,Inactive
ACC003003,CUST03003,BR008,Savings,2023-12-15,73329.08,Active
ACC003004,CUST03004,BR049,Fixed Deposit,2023-12-25,1657788.17,Dormant
ACC003005,CUST03005,BR044,Savings,2023-11-16,23022.81,Active
ACC003006,CUST03006,BR025,Salary,2023-09-05,51058.75,Active
ACC003007,CUST03007,BR031,Salary,2015-09-27,221974.28,Active
ACC003008,CUST03008,BR044,Savings,2021-02-27,5794.93,Active
ACC003009,CUST03009,BR007,Savings,2020-08-24,62569.94,Active
ACC003010,CUST03010,BR045,Savings,2017-07-14,93443.87,Active
ACC003011,CUST03011,BR041,Savings,2024-04-30,145026.28,Active
ACC003012,CUST03012,BR018,Savings,2020-07-24,16662.68,Dormant
ACC003013,CUST03013,BR019,Savings,2022-02-05,6803.87,Active
ACC003014,CUST03014,BR007,Salary,2021-07-25,116647.96,Active
ACC003015,CUST03015,BR006,Savings,2019-07-29,4423.63,Dormant
ACC003016,CUST03016,BR001,Savings,2020-12-28,148089.58,Active
ACC003017,CUST03017,BR032,Savings,2019-06-22,141058.92,Active
ACC003018,CUST03018,BR020,Savings,2021-10-09,56027.95,Active
ACC003019,CUST03019,BR006,Savings,2024-02-25,91147.63,Active
ACC003020,CUST03020,BR007,Savings,2021-08-22,4297561.21,Inactive
ACC003021,CUST03021,BR023,Savings,2023-10-26,133299.82,Active
ACC003022,CUST03022,BR030,Current,2019-08-04,143397.23,Active
ACC003023,CUST03023,BR009,Savings,2022-07-03,63496.79,Dormant
ACC003024,CUST03024,BR013,Current,2023-06-01,138972.32,Active
ACC003025,CUST03025,BR006,Current,2022-10-06,96978.94,Active
ACC003026,CUST03026,BR048,Savings,2021-08-29,695530.13,Active
ACC003027,CUST03027,BR025,Savings,2022-11-07,138346.95,Inactive
ACC003028,CUST03028,BR041,Salary,2017-06-30,111915.23,Active
ACC003029,CUST03029,BR024,Savings,2023-12-28,65404.95,Active
ACC003030,CUST03030,BR010,Savings,2023-02-23,16665.54,Active
ACC003031,CUST03031,BR011,Savings,2023-09-15,1764202.91,Active
ACC003032,CUST03032,BR012,Savings,2020-07-11,12839.61,Active
ACC003033,CUST03033,BR045,Fixed Deposit,2022-04-24,1575877.06,Active
ACC003034,CUST03034,BR027,Salary,2022-12-26,195433.64,Dormant
ACC003035,CUST03035,BR030,Fixed Deposit,2021-06-16,1731308.44,Inactive
ACC003036,CUST03036,BR003,Savings,2021-11-26,8862.06,Active
ACC003037,CUST03037,BR020,Savings,2024-06-24,47491.03,Active
ACC003038,CUST03038,BR047,Salary,2023-10-30,23790.55,Active
ACC003039,CUST03039,BR022,Savings,2020-05-31,145382.37,Active
ACC003040,CUST03040,BR017,Savings,2018-05-09,3538300.26,Active
ACC003041,CUST03041,BR042,Savings,2020-02-27,108269.09,Active
ACC003042,CUST03042,BR035,Savings,2018-09-10,29411.75,Inactive
ACC003043,CUST03043,BR020,Current,2023-10-25,32567.65,Active
ACC003044,CUST03044,BR034,Savings,2024-01-08,246575.32,Inactive
ACC003045,CUST03045,BR050,Fixed Deposit,2017-02-16,636689.94,Inactive
ACC003046,CUST03046,BR024,Salary,2023-08-07,107068.06,Active
ACC003047,CUST03047,BR008,Savings,2023-11-03,19530.18,Active
ACC003048,CUST03048,BR032,Savings,2023-04-06,47334.49,Active
ACC003049,CUST03049,BR013,Fixed Deposit,2024-06-27,979301.82,Active
ACC003050,CUST03050,BR040,Fixed Deposit,2018-07-15,322330.27,Active
ACC003051,CUST03051,BR020,Savings,2018-09-19,86041.87,Active
ACC003052,CUST03052,BR038,Savings,2023-04-26,3583963.01,Active
ACC003053,CUST03053,BR041,Salary,2022-11-16,195888.65,Active
ACC003054,CUST03054,BR049,Current,2018-03-07,119995.71,Active
ACC003055,CUST03055,BR034,Savings,2023-12-19,41568.21,Inactive
ACC003056,CUST03056,BR015,Fixed Deposit,2023-04-17,777813.67,Active
ACC003057,CUST03057,BR044,Fixed Deposit,2023-07-02,1110877.50,Active
ACC003058,CUST03058,BR049,Savings,2020-10-15,87867.20,Active
ACC003059,CUST03059,BR036,Fixed Deposit,2024-06-01,544327.83,Active
ACC003060,CUST03060,BR039,Savings,2024-02-04,928682.56,Active
ACC003061,CUST03061,BR035,Savings,2022-12-03,588424.84,Active
ACC003062,CUST03062,BR012,Current,2019-06-22,134129.76,Active
ACC003063,CUST03063,BR030,Savings,2019-04-13,153347.21,Active
ACC003064,CUST03064,BR013,Savings,2017-11-27,90172.50,Active
ACC003065,CUST03065,BR038,Salary,2024-05-31,209398.01,Active
ACC003066,CUST03066,BR030,Current,2023-01-28,32437.25,Active
ACC003067,CUST03067,BR005,Fixed Deposit,2020-09-11,1763995.58,Active
ACC003068,CUST03068,BR006,Savings,2021-09-07,7922.37,Active
ACC003069,CUST03069,BR001,Savings,2021-08-13,45676.05,Active
ACC003070,CUST03070,BR011,Salary,2023-11-16,328494.93,Active
ACC003071,CUST03071,BR037,Savings,2023-01-21,116023.38,Active
ACC003072,CUST03072,BR007,Savings,2018-06-30,37640.06,Active
ACC003073,CUST03073,BR007,Savings,2020-09-16,15233.65,Inactive
ACC003074,CUST03074,BR025,Savings,2023-04-14,3286.24,Active
ACC003075,CUST03075,BR015,Savings,2016-08-25,21538.83,Active
ACC003076,CUST03076,BR027,Savings,2021-08-27,864650.62,Active
ACC003077,CUST03077,BR031,Fixed Deposit,2023-07-20,1531377.15,Active
ACC003078,CUST03078,BR029,Salary,2018-04-11,6746.31,Inactive
ACC003079,CUST03079,BR033,Savings,2020-11-07,3747298.73,Active
ACC003080,CUST03080,BR030,Current,2019-09-17,755600.51,Active
ACC003081,CUST03081,BR050,Current,2020-09-15,123835.60,Active
ACC003082,CUST03082,BR007,Salary,2020-07-21,23279.47,Active
ACC003083,CUST03083,BR017,Savings,2021-06-25,8992.21,Active
ACC003084,CUST03084,BR047,Current,2024-05-01,364913.79,Active
ACC003085,CUST03085,BR029,Savings,2021-07-18,253408.01,Active
ACC003086,CUST03086,BR012,Salary,2021-06-19,184062.39,Active
ACC003087,CUST03087,BR034,Savings,2020-02-17,1291240.12,Dormant
ACC003088,CUST03088,BR027,Salary,2019-07-30,244162.64,Active
ACC003089,CUST03089,BR031,Salary,2024-03-21,208907.59,Inactive
ACC003090,CUST03090,BR026,Savings,2023-01-04,17994.82,Dormant
ACC003091,CUST03091,BR047,Savings,2022-01-09,9670.35,Dormant
ACC003092,CUST03092,BR034,Savings,2024-05-08,84015.25,Dormant
ACC003093,CUST03093,BR022,Salary,2023-10-08,189561.91,Active
ACC003094,CUST03094,BR039,Current,2023-06-01,2859686.34,Active
ACC003095,CUST03095,BR029,Savings,2024-06-06,998733.15,Active
ACC003096,CUST03096,BR027,Fixed Deposit,2020-10-11,1349632.41,Active
ACC003097,CUST03097,BR023,Savings,2022-06-04,14823.87,Dormant
ACC003098,CUST03098,BR010,Fixed Deposit,2023-05-10,1005358.34,Active
ACC003099,CUST03099,BR012,Savings,2017-08-03,65047.81,Inactive
ACC003100,CUST03100,BR049,Savings,2021-09-23,17153.60,Active
ACC003101,CUST03101,BR032,Savings,2024-05-29,120094.92,Active
ACC003102,CUST03102,BR008,Current,2023-05-04,98476.38,Active
ACC003103,CUST03103,BR012,Savings,2021-09-28,4445.46,Active
ACC003104,CUST03104,BR012,Salary,2021-09-22,65080.64,Dormant
ACC003105,CUST03105,BR044,Salary,2021-11-17,216885.22,Active
ACC003106,CUST03106,BR030,Savings,2021-03-29,4651.66,Active
ACC003107,CUST03107,BR050,Savings,2023-03-14,18962.11,Active
ACC003108,CUST03108,BR014,Savings,2022-07-14,132161.81,Active
ACC003109,CUST03109,BR008,Current,2018-03-30,238273.39,Dormant
ACC003110,CUST03110,BR001,Savings,2022-11-06,22253.05,Active
ACC003111,CUST03111,BR004,Savings,2022-10-24,418194.79,Active
ACC003112,CUST03112,BR039,Fixed Deposit,2023-04-25,447305.19,Inactive
ACC003113,CUST03113,BR035,Savings,2022-03-14,14964.37,Inactive
ACC003114,CUST03114,BR004,Savings,2022-12-27,953095.39,Inactive
ACC003115,CUST03115,BR029,Fixed Deposit,2019-04-22,931362.37,Active
ACC003116,CUST03116,BR023,Savings,2022-12-26,45825.10,Active
ACC003117,CUST03117,BR029,Fixed Deposit,2024-05-13,913256.99,Dormant
ACC003118,CUST03118,BR024,Savings,2021-07-15,80042.04,Active
ACC003119,CUST03119,BR037,Current,2023-03-04,60455.47,Active
ACC003120,CUST03120,BR050,Salary,2018-09-24,12467.50,Active
ACC003121,CUST03121,BR003,Fixed Deposit,2022-01-18,1323602.73,Active
ACC003122,CUST03122,BR001,Salary,2016-02-25,208094.33,Active
ACC003123,CUST03123,BR004,Salary,2024-02-11,258078.55,Active
ACC003124,CUST03124,BR003,Savings,2024-05-26,111477.97,Active
ACC003125,CUST03125,BR014,Salary,2023-12-18,15120.85,Dormant
ACC003126,CUST03126,BR011,Savings,2024-04-22,14448.28,Active
ACC003127,CUST03127,BR042,Savings,2024-05-25,93664.65,Inactive
ACC003128,CUST03128,BR004,Savings,2024-03-14,144993.17,Active
ACC003129,CUST03129,BR009,Savings,2022-08-25,135007.67,Active
ACC003130,CUST03130,BR030,Savings,2021-11-13,75945.41,Dormant
ACC003131,CUST03131,BR050,Savings,2020-05-18,722090.82,Inactive
ACC003132,CUST03132,BR038,Savings,2020-06-24,58736.19,Active
ACC003133,CUST03133,BR015,Savings,2023-04-27,8221.17,Inactive
ACC003134,CUST03134,BR043,Savings,2021-09-11,37653.31,Active
ACC003135,CUST03135,BR040,Savings,2023-11-06,4124.29,Inactive
ACC003136,CUST03136,BR043,Savings,2021-07-05,3558.57,Active
ACC003137,CUST03137,BR011,Current,2020-08-19,373624.18,Inactive
ACC003138,CUST03138,BR007,Savings,2024-06-16,893382.64,Dormant
ACC003139,CUST03139,BR016,Fixed Deposit,2021-07-28,1617367.30,Active
ACC003140,CUST03140,BR009,Savings,2022-08-26,29635.14,Active
ACC003141,CUST03141,BR006,Savings,2023-09-24,23415.26,Inactive
ACC003142,CUST03142,BR035,Current,2019-04-07,60196.39,Active
ACC003143,CUST03143,BR032,Savings,2022-03-07,94787.46,Inactive
ACC003144,CUST03144,BR049,Salary,2021-12-31,289930.47,Active
ACC003145,CUST03145,BR011,Savings,2022-02-28,13905.15,Active
ACC003146,CUST03146,BR022,Current,2023-12-30,62205.27,Active
ACC003147,CUST03147,BR011,Savings,2020-08-13,80637.04,Active
ACC003148,CUST03148,BR002,Savings,2019-08-14,1148665.06,Active
ACC003149,CUST03149,BR020,Savings,2024-01-22,123337.56,Active
ACC003150,CUST03150,BR038,Savings,2021-03-17,7018.75,Active
ACC003151,CUST03151,BR012,Savings,2023-02-12,143585.19,Active
ACC003152,CUST03152,BR012,Savings,2023-05-17,82572.79,Inactive
ACC003153,CUST03153,BR011,Savings,2023-01-06,145526.91,Active
ACC003154,CUST03154,BR001,Savings,2023-08-28,22919.42,Active
ACC003155,CUST03155,BR003,Current,2017-03-29,1849669.77,Active
ACC003156,CUST03156,BR028,Savings,2022-08-03,750803.85,Active
ACC003157,CUST03157,BR040,Salary,2023-12-30,295761.78,Active
ACC003158,CUST03158,BR035,Salary,2023-01-31,71206.13,Active
ACC003159,CUST03159,BR015,Savings,2023-08-12,775136.59,Dormant
ACC003160,CUST03160,BR032,Savings,2020-08-18,2739874.34,Active
ACC003161,CUST03161,BR004,Salary,2017-06-23,10874.18,Active
ACC003162,CUST03162,BR001,Savings,2017-12-16,24276.55,Active
ACC003163,CUST03163,BR029,Savings,2020-10-26,138844.34,Active
ACC003164,CUST03164,BR027,Savings,2024-05-25,127251.51,Active
ACC003165,CUST03165,BR020,Fixed Deposit,2023-04-21,332565.75,Active
ACC003166,CUST03166,BR048,Savings,2023-06-02,1108838.16,Active
ACC003167,CUST03167,BR027,Savings,2023-02-21,12106.76,Active
ACC003168,CUST03168,BR019,Savings,2016-06-21,4511.02,Active
ACC003169,CUST03169,BR022,Savings,2021-12-09,2577335.55,Active
ACC003170,CUST03170,BR037,Savings,2023-04-04,504827.77,Active
ACC003171,CUST03171,BR029,Salary,2019-02-10,303212.71,Active
ACC003172,CUST03172,BR023,Salary,2024-03-18,195797.82,Active
ACC003173,CUST03173,BR037,Savings,2018-03-07,84776.67,Active
ACC003174,CUST03174,BR048,Savings,2023-10-27,10338.03,Active
ACC003175,CUST03175,BR045,Current,2021-08-19,39653.45,Active
ACC003176,CUST03176,BR001,Savings,2020-05-29,72648.57,Active
ACC003177,CUST03177,BR048,Fixed Deposit,2023-11-24,785425.01,Active
ACC003178,CUST03178,BR002,Savings,2022-10-17,15626.89,Active
ACC003179,CUST03179,BR044,Savings,2021-02-10,26169.24,Active
ACC003180,CUST03180,BR019,Savings,2023-05-24,102385.03,Active
ACC003181,CUST03181,BR047,Fixed Deposit,2024-05-25,418264.42,Active
ACC003182,CUST03182,BR027,Savings,2023-04-21,138562.86,Active
ACC003183,CUST03183,BR005,Current,2024-01-15,107898.95,Active
ACC003184,CUST03184,BR037,Savings,2019-05-07,1169094.55,Active
ACC003185,CUST03185,BR001,Savings,2022-07-27,85810.51,Active
ACC003186,CUST03186,BR002,Savings,2023-03-18,85154.64,Active
ACC003187,CUST03187,BR015,Savings,2020-10-11,10895.32,Inactive
ACC003188,CUST03188,BR002,Current,2023-10-20,310576.99,Active
ACC003189,CUST03189,BR008,Savings,2018-05-17,47697.88,Active
ACC003190,CUST03190,BR042,Salary,2022-07-11,201662.19,Active
ACC003191,CUST03191,BR033,Salary,2021-08-02,181550.83,Active
ACC003192,CUST03192,BR031,Fixed Deposit,2022-08-20,1779428.12,Active
ACC003193,CUST03193,BR045,Salary,2022-12-26,131943.08,Inactive
ACC003194,CUST03194,BR041,Savings,2022-09-03,445675.69,Inactive
ACC003195,CUST03195,BR045,Savings,2022-06-26,67152.23,Active
ACC003196,CUST03196,BR035,Savings,2024-02-26,41336.40,Active
ACC003197,CUST03197,BR004,Savings,2024-05-21,849732.53,Inactive
ACC003198,CUST03198,BR038,Savings,2021-07-08,22060.02,Active
ACC003199,CUST03199,BR011,Savings,2021-12-31,118129.46,Active
ACC003200,CUST03200,BR030,Salary,2019-10-09,252235.28,Active
ACC003201,CUST03201,BR026,Salary,2022-10-12,47017.01,Inactive
ACC003202,CUST03202,BR043,Savings,2020-04-19,10293.66,Active
ACC003203,CUST03203,BR041,Salary,2018-03-31,214109.48,Inactive
ACC003204,CUST03204,BR029,Savings,2024-06-08,89961.10,Active
ACC003205,CUST03205,BR013,Current,2024-06-23,104257.06,Active
ACC003206,CUST03206,BR048,Savings,2024-01-13,83840.70,Active
ACC003207,CUST03207,BR044,Salary,2020-06-19,258188.52,Active
ACC003208,CUST03208,BR001,Salary,2023-06-10,273884.47,Active
ACC003209,CUST03209,BR042,Savings,2023-10-01,4024.64,Active
ACC003210,CUST03210,BR017,Current,2023-10-30,3513300.98,Active
ACC003211,CUST03211,BR001,Current,2024-05-25,2006086.79,Active
ACC003212,CUST03212,BR027,Fixed Deposit,2023-05-30,1152564.40,Active
ACC003213,CUST03213,BR035,Savings,2022-11-13,148918.86,Active
ACC003214,CUST03214,BR039,Salary,2023-05-09,335473.45,Active
ACC003215,CUST03215,BR049,Savings,2016-08-09,52211.77,Active
ACC003216,CUST03216,BR022,Savings,2023-07-11,321237.91,Active
ACC003217,CUST03217,BR035,Savings,2022-05-31,141148.92,Active
ACC003218,CUST03218,BR011,Fixed Deposit,2022-11-08,1277782.91,Dormant
ACC003219,CUST03219,BR002,Fixed Deposit,2023-08-03,1338347.94,Active
ACC003220,CUST03220,BR044,Current,2022-12-30,104248.76,Active
ACC003221,CUST03221,BR042,Savings,2023-12-21,531421.64,Active
ACC003222,CUST03222,BR012,Salary,2022-04-29,59013.36,Active
ACC003223,CUST03223,BR043,Current,2023-01-01,661360.80,Active
ACC003224,CUST03224,BR030,Savings,2020-08-19,23004.96,Dormant
ACC003225,CUST03225,BR046,Fixed Deposit,2023-12-08,1579898.08,Active
ACC003226,CUST03226,BR016,Savings,2024-04-13,17107.52,Active
ACC003227,CUST03227,BR015,Current,2020-07-05,81993.64,Active
ACC003228,CUST03228,BR024,Savings,2024-05-17,4726823.74,Active
ACC003229,CUST03229,BR033,Salary,2021-08-15,279242.19,Active
ACC003230,CUST03230,BR034,Savings,2024-01-14,1046345.66,Inactive
ACC003231,CUST03231,BR028,Current,2022-11-06,512377.79,Dormant
ACC003232,CUST03232,BR038,Savings,2021-08-11,74146.64,Active
ACC003233,CUST03233,BR048,Savings,2024-02-09,128476.00,Active
ACC003234,CUST03234,BR037,Savings,2023-08-05,3535.25,Dormant
ACC003235,CUST03235,BR027,Savings,2020-03-31,12260.71,Active
ACC003236,CUST03236,BR038,Savings,2024-05-28,95109.55,Active
ACC003237,CUST03237,BR049,Salary,2021-07-28,35617.03,Active
ACC003238,CUST03238,BR040,Savings,2024-02-18,617145.68,Active
ACC003239,CUST03239,BR034,Current,2018-05-18,78405.12,Dormant
ACC003240,CUST03240,BR039,Current,2023-09-03,105016.92,Inactive
ACC003241,CUST03241,BR002,Savings,2021-11-21,21452.33,Active
ACC003242,CUST03242,BR026,Salary,2024-06-14,156548.05,Active
ACC003243,CUST03243,BR043,Savings,2022-03-31,5490225.06,Active
ACC003244,CUST03244,BR008,Savings,2022-07-07,121051.94,Active
ACC003245,CUST03245,BR009,Savings,2021-10-08,1059980.19,Active
ACC003246,CUST03246,BR011,Salary,2024-05-12,199838.32,Active
ACC003247,CUST03247,BR010,Current,2023-01-02,737705.44,Inactive
ACC003248,CUST03248,BR028,Savings,2024-04-20,2278.38,Active
ACC003249,CUST03249,BR009,Fixed Deposit,2023-10-17,1437492.72,Active
ACC003250,CUST03250,BR035,Savings,2017-01-09,729253.20,Active
ACC003251,CUST03251,BR029,Current,2024-04-04,60056.41,Active
ACC003252,CUST03252,BR010,Savings,2023-05-10,117334.59,Active
ACC003253,CUST03253,BR016,Savings,2022-02-17,16974.51,Active
ACC003254,CUST03254,BR005,Savings,2024-06-16,41655.58,Active
ACC003255,CUST03255,BR032,Fixed Deposit,2022-09-10,969857.29,Active
ACC003256,CUST03256,BR027,Salary,2024-06-14,332905.60,Inactive
ACC003257,CUST03257,BR040,Salary,2023-03-26,116729.66,Active
ACC003258,CUST03258,BR013,Current,2021-09-19,795600.37,Active
ACC003259,CUST03259,BR029,Savings,2021-10-22,134769.94,Inactive
ACC003260,CUST03260,BR048,Savings,2017-08-09,6149.83,Active
ACC003261,CUST03261,BR031,Current,2023-09-22,601654.76,Active
ACC003262,CUST03262,BR045,Savings,2022-08-28,18548.55,Dormant
ACC003263,CUST03263,BR035,Savings,2021-06-23,1351764.74,Active
ACC003264,CUST03264,BR005,Savings,2020-10-11,683038.94,Active
ACC003265,CUST03265,BR047,Savings,2019-05-31,136898.76,Active
ACC003266,CUST03266,BR026,Savings,2021-11-27,30493.30,Active
ACC003267,CUST03267,BR031,Current,2017-12-18,1652116.95,Active
ACC003268,CUST03268,BR020,Savings,2020-06-22,146654.41,Active
ACC003269,CUST03269,BR010,Savings,2021-07-15,2174.17,Active
ACC003270,CUST03270,BR050,Salary,2024-01-06,225711.20,Active
ACC003271,CUST03271,BR036,Savings,2021-12-14,605324.87,Active
ACC003272,CUST03272,BR029,Savings,2022-06-11,90134.06,Active
ACC003273,CUST03273,BR006,Savings,2024-01-16,337689.62,Inactive
ACC003274,CUST03274,BR022,Salary,2019-05-16,31973.09,Active
ACC003275,CUST03275,BR017,Savings,2022-09-05,94817.96,Active
ACC003276,CUST03276,BR003,Savings,2024-03-14,113935.62,Active
ACC003277,CUST03277,BR044,Savings,2024-02-29,159820.83,Active
ACC003278,CUST03278,BR019,Salary,2023-06-04,114849.05,Active
ACC003279,CUST03279,BR007,Savings,2024-04-03,9214.77,Active
ACC003280,CUST03280,BR016,Savings,2016-06-21,13382.25,Dormant
ACC003281,CUST03281,BR044,Salary,2022-07-01,190062.69,Active
ACC003282,CUST03282,BR001,Savings,2023-09-19,119569.39,Active
ACC003283,CUST03283,BR004,Savings,2024-03-25,136503.12,Active
ACC003284,CUST03284,BR049,Savings,2023-11-18,4047445.63,Dormant
ACC003285,CUST03285,BR037,Current,2023-12-24,130007.57,Dormant
ACC003286,CUST03286,BR012,Salary,2023-10-04,194002.50,Dormant
ACC003287,CUST03287,BR009,Savings,2024-05-08,129892.69,Active
ACC003288,CUST03288,BR036,Savings,2022-04-24,1091768.39,Active
ACC003289,CUST03289,BR004,Savings,2020-12-04,5889.50,Active
ACC003290,CUST03290,BR009,Current,2023-01-02,685528.35,Inactive
ACC003291,CUST03291,BR040,Fixed Deposit,2021-01-11,1170004.21,Active
ACC003292,CUST03292,BR011,Fixed Deposit,2018-06-13,1265810.28,Active
ACC003293,CUST03293,BR039,Savings,2022-10-23,4103984.33,Active
ACC003294,CUST03294,BR030,Fixed Deposit,2023-07-24,1568941.15,Inactive
ACC003295,CUST03295,BR003,Savings,2022-12-10,585428.46,Active
ACC003296,CUST03296,BR019,Current,2021-04-30,149617.67,Inactive
ACC003297,CUST03297,BR019,Salary,2022-08-03,295947.93,Dormant
ACC003298,CUST03298,BR006,Savings,2022-03-31,166662.92,Active
ACC003299,CUST03299,BR023,Salary,2018-09-05,50775.59,Active
ACC003300,CUST03300,BR026,Savings,2023-11-28,944972.89,Active
ACC003301,CUST03301,BR040,Savings,2022-11-10,115552.19,Active
ACC003302,CUST03302,BR027,Savings,2021-11-12,2327910.88,Dormant
ACC003303,CUST03303,BR041,Salary,2020-05-15,57275.23,Inactive
ACC003304,CUST03304,BR033,Salary,2024-05-04,140076.33,Dormant
ACC003305,CUST03305,BR015,Savings,2022-12-15,4975963.62,Active
ACC003306,CUST03306,BR023,Current,2023-09-15,29475.26,Active
ACC003307,CUST03307,BR014,Savings,2021-09-17,608509.51,Active
ACC003308,CUST03308,BR017,Fixed Deposit,2018-12-31,910227.98,Active
ACC003309,CUST03309,BR004,Savings,2017-06-02,89152.76,Active
ACC003310,CUST03310,BR041,Salary,2023-11-15,262583.73,Dormant
ACC003311,CUST03311,BR014,Savings,2016-09-06,24957.78,Active
ACC003312,CUST03312,BR032,Savings,2022-08-27,108238.36,Active
ACC003313,CUST03313,BR030,Savings,2018-09-24,7246.73,Inactive
ACC003314,CUST03314,BR035,Salary,2019-03-28,226438.13,Inactive
ACC003315,CUST03315,BR002,Savings,2024-03-24,144083.28,Active
ACC003316,CUST03316,BR045,Savings,2022-11-17,23519.34,Inactive
ACC003317,CUST03317,BR003,Savings,2016-10-21,29365.62,Active
ACC003318,CUST03318,BR025,Current,2022-07-05,209517.21,Inactive
ACC003319,CUST03319,BR040,Savings,2022-04-22,24790.43,Active
ACC003320,CUST03320,BR009,Savings,2021-07-06,388563.00,Active
ACC003321,CUST03321,BR028,Savings,2023-08-22,324362.57,Inactive
ACC003322,CUST03322,BR014,Salary,2021-09-07,337557.19,Active
ACC003323,CUST03323,BR044,Savings,2019-04-24,114246.99,Active
ACC003324,CUST03324,BR009,Salary,2021-02-24,193478.89,Active
ACC003325,CUST03325,BR005,Savings,2021-10-23,54363.44,Dormant
ACC003326,CUST03326,BR016,Current,2021-02-01,297668.33,Inactive
ACC003327,CUST03327,BR009,Fixed Deposit,2024-05-28,1396303.49,Active
ACC003328,CUST03328,BR045,Current,2019-08-17,93761.62,Active
ACC003329,CUST03329,BR001,Fixed Deposit,2019-05-16,1237598.24,Active
ACC003330,CUST03330,BR011,Current,2020-07-29,86909.96,Active
ACC003331,CUST03331,BR041,Fixed Deposit,2024-01-31,1735753.63,Active
ACC003332,CUST03332,BR044,Current,2022-05-01,44473.15,Active
ACC003333,CUST03333,BR030,Salary,2022-05-01,180784.36,Active
ACC003334,CUST03334,BR016,Savings,2022-01-07,117051.56,Inactive
ACC003335,CUST03335,BR027,Salary,2022-10-01,77822.93,Active
ACC003336,CUST03336,BR038,Fixed Deposit,2019-11-01,71041.17,Inactive
ACC003337,CUST03337,BR032,Savings,2022-05-07,4481.49,Active
ACC003338,CUST03338,BR046,Current,2023-12-19,83671.70,Active
ACC003339,CUST03339,BR039,Fixed Deposit,2021-06-25,1465847.47,Active
ACC003340,CUST03340,BR014,Current,2019-03-13,226175.22,Active
ACC003341,CUST03341,BR007,Current,2021-11-04,88421.50,Active
ACC003342,CUST03342,BR007,Current,2021-08-29,673527.43,Inactive
ACC003343,CUST03343,BR045,Salary,2020-03-02,60794.25,Active
ACC003344,CUST03344,BR038,Savings,2022-12-22,17114.19,Active
ACC003345,CUST03345,BR022,Savings,2023-10-25,23225.52,Active
ACC003346,CUST03346,BR034,Salary,2020-08-01,179393.67,Active
ACC003347,CUST03347,BR031,Savings,2024-03-04,121691.59,Active
ACC003348,CUST03348,BR004,Savings,2023-12-24,13383.51,Active
ACC003349,CUST03349,BR024,Current,2024-03-10,91205.59,Active
ACC003350,CUST03350,BR002,Savings,2024-01-19,6272.56,Dormant
ACC003351,CUST03351,BR050,Fixed Deposit,2023-04-28,1968210.77,Active
ACC003352,CUST03352,BR013,Fixed Deposit,2022-10-01,564047.90,Active
ACC003353,CUST03353,BR006,Savings,2020-04-13,964243.42,Active
ACC003354,CUST03354,BR044,Current,2019-04-28,554840.04,Inactive
ACC003355,CUST03355,BR021,Current,2021-02-17,657147.27,Active
ACC003356,CUST03356,BR018,Salary,2020-11-19,116905.36,Inactive
ACC003357,CUST03357,BR009,Savings,2023-08-02,22326.77,Active
ACC003358,CUST03358,BR007,Savings,2022-11-13,3474957.90,Inactive
ACC003359,CUST03359,BR040,Savings,2016-01-11,61422.60,Active
ACC003360,CUST03360,BR035,Fixed Deposit,2023-10-12,1073004.96,Active
ACC003361,CUST03361,BR029,Savings,2019-11-08,250708.54,Active
ACC003362,CUST03362,BR014,Current,2022-11-11,67424.47,Active
ACC003363,CUST03363,BR035,Savings,2021-06-13,136033.48,Active
ACC003364,CUST03364,BR014,Savings,2020-01-05,2427.35,Inactive
ACC003365,CUST03365,BR031,Current,2021-10-29,472233.43,Dormant
ACC003366,CUST03366,BR036,Savings,2024-05-28,106422.81,Active
ACC003367,CUST03367,BR021,Fixed Deposit,2023-10-23,1334360.06,Active
ACC003368,CUST03368,BR020,Current,2015-09-09,3078543.96,Active
ACC003369,CUST03369,BR037,Savings,2021-11-10,413331.43,Dormant
ACC003370,CUST03370,BR009,Savings,2018-10-20,9756.50,Active
ACC003371,CUST03371,BR042,Salary,2024-03-09,105389.18,Active
ACC003372,CUST03372,BR049,Current,2023-05-31,115644.83,Inactive
ACC003373,CUST03373,BR010,Current,2021-11-10,87623.35,Active
ACC003374,CUST03374,BR035,Savings,2022-03-09,21003.01,Active
ACC003375,CUST03375,BR033,Savings,2019-11-23,35468.03,Active
ACC003376,CUST03376,BR013,Savings,2024-03-07,298086.69,Active
ACC003377,CUST03377,BR026,Savings,2019-01-31,4076.75,Active
ACC003378,CUST03378,BR050,Current,2020-01-27,481066.92,Dormant
ACC003379,CUST03379,BR025,Current,2019-05-08,2661408.63,Dormant
ACC003380,CUST03380,BR014,Savings,2021-12-19,1078853.02,Active
ACC003381,CUST03381,BR038,Savings,2024-04-10,14381.86,Active
ACC003382,CUST03382,BR049,Savings,2022-09-11,38053.07,Active
ACC003383,CUST03383,BR022,Savings,2022-10-08,12867.84,Dormant
ACC003384,CUST03384,BR009,Savings,2020-06-05,775237.21,Active
ACC003385,CUST03385,BR038,Savings,2018-05-10,77994.71,Active
ACC003386,CUST03386,BR046,Savings,2024-04-10,128843.87,Dormant
ACC003387,CUST03387,BR041,Current,2021-04-21,58887.28,Inactive
ACC003388,CUST03388,BR046,Savings,2024-02-24,536273.87,Active
ACC003389,CUST03389,BR038,Savings,2021-10-27,22465.12,Active
ACC003390,CUST03390,BR030,Savings,2021-08-16,33479.72,Dormant
ACC003391,CUST03391,BR038,Savings,2023-04-13,82388.81,Inactive
ACC003392,CUST03392,BR036,Fixed Deposit,2023-05-12,1389935.59,Active
ACC003393,CUST03393,BR010,Salary,2022-08-23,260532.47,Dormant
ACC003394,CUST03394,BR007,Fixed Deposit,2023-12-21,1876350.75,Inactive
ACC003395,CUST03395,BR048,Current,2021-04-23,607658.86,Active
ACC003396,CUST03396,BR042,Current,2024-06-22,758244.68,Active
ACC003397,CUST03397,BR042,Savings,2023-08-04,148500.29,Active
ACC003398,CUST03398,BR004,Savings,2019-08-01,11287.74,Active
ACC003399,CUST03399,BR025,Salary,2019-04-09,251833.64,Inactive
ACC003400,CUST03400,BR043,Savings,2022-04-23,1122491.25,Active
ACC003401,CUST03401,BR027,Savings,2024-05-05,66117.45,Active
ACC003402,CUST03402,BR022,Savings,2021-05-19,128058.66,Active
ACC003403,CUST03403,BR050,Savings,2022-11-20,2169.72,Active
ACC003404,CUST03404,BR022,Current,2023-09-28,146084.48,Active
ACC003405,CUST03405,BR042,Salary,2022-08-13,319068.16,Dormant
ACC003406,CUST03406,BR046,Salary,2017-07-01,232700.92,Active
ACC003407,CUST03407,BR005,Savings,2022-01-29,983789.05,Active
ACC003408,CUST03408,BR015,Savings,2021-06-25,808714.92,Active
ACC003409,CUST03409,BR041,Fixed Deposit,2023-09-22,995314.61,Active
ACC003410,CUST03410,BR041,Salary,2021-10-30,279886.64,Active
ACC003411,CUST03411,BR041,Savings,2022-01-19,6078.29,Active
ACC003412,CUST03412,BR027,Savings,2020-06-05,12670.97,Inactive
ACC003413,CUST03413,BR020,Savings,2020-09-03,53849.90,Dormant
ACC003414,CUST03414,BR014,Current,2022-12-14,46907.80,Active
ACC003415,CUST03415,BR024,Current,2020-02-27,58420.61,Inactive
ACC003416,CUST03416,BR029,Salary,2019-05-31,181561.34,Active
ACC003417,CUST03417,BR009,Current,2024-03-01,31842.11,Inactive
ACC003418,CUST03418,BR011,Savings,2018-01-25,10616.41,Active
ACC003419,CUST03419,BR036,Savings,2019-09-14,19133.78,Active
ACC003420,CUST03420,BR030,Salary,2020-01-16,253823.57,Active
ACC003421,CUST03421,BR012,Savings,2024-02-21,902564.45,Active
ACC003422,CUST03422,BR006,Savings,2020-02-04,13382.92,Active
ACC003423,CUST03423,BR029,Savings,2017-11-08,3205.36,Active
ACC003424,CUST03424,BR026,Fixed Deposit,2022-03-29,690818.53,Dormant
ACC003425,CUST03425,BR018,Savings,2023-09-03,123806.02,Active
ACC003426,CUST03426,BR014,Salary,2023-09-15,303408.83,Active
ACC003427,CUST03427,BR035,Salary,2024-02-19,230141.38,Active
ACC003428,CUST03428,BR028,Current,2023-07-28,521160.24,Active
ACC003429,CUST03429,BR046,Savings,2022-08-10,1005776.78,Active
ACC003430,CUST03430,BR008,Savings,2021-03-16,51125.55,Active
ACC003431,CUST03431,BR048,Savings,2021-05-24,140539.28,Active
ACC003432,CUST03432,BR044,Salary,2022-07-27,95516.51,Active
ACC003433,CUST03433,BR047,Savings,2022-01-10,28711.10,Dormant
ACC003434,CUST03434,BR048,Savings,2024-05-15,106015.01,Active
ACC003435,CUST03435,BR018,Savings,2019-06-29,149843.56,Dormant
ACC003436,CUST03436,BR050,Current,2020-08-30,135044.09,Active
ACC003437,CUST03437,BR009,Savings,2022-07-02,9146.32,Dormant
ACC003438,CUST03438,BR025,Savings,2022-09-08,118401.21,Active
ACC003439,CUST03439,BR040,Savings,2022-08-22,3645941.04,Inactive
ACC003440,CUST03440,BR029,Salary,2024-05-21,68111.02,Active
ACC003441,CUST03441,BR014,Current,2023-12-26,127404.16,Active
ACC003442,CUST03442,BR048,Savings,2020-03-27,78570.75,Active
ACC003443,CUST03443,BR017,Current,2020-12-15,64908.21,Active
ACC003444,CUST03444,BR001,Savings,2017-11-26,61302.22,Dormant
ACC003445,CUST03445,BR025,Savings,2019-02-10,22707.33,Dormant
ACC003446,CUST03446,BR010,Current,2023-05-07,230504.91,Active
ACC003447,CUST03447,BR030,Salary,2019-11-23,98363.23,Active
ACC003448,CUST03448,BR038,Savings,2022-12-29,51047.84,Active
ACC003449,CUST03449,BR013,Savings,2019-06-23,24569.28,Active
ACC003450,CUST03450,BR035,Savings,2020-01-13,11202.21,Active
ACC003451,CUST03451,BR005,Savings,2022-05-28,1004987.36,Active
ACC003452,CUST03452,BR032,Current,2023-02-02,313210.12,Active
ACC003453,CUST03453,BR041,Salary,2019-12-12,265452.31,Active
ACC003454,CUST03454,BR042,Savings,2018-03-01,58797.01,Active
ACC003455,CUST03455,BR016,Salary,2020-11-19,311629.06,Active
ACC003456,CUST03456,BR001,Fixed Deposit,2023-08-13,623144.25,Active
ACC003457,CUST03457,BR042,Fixed Deposit,2023-04-25,1687341.66,Active
ACC003458,CUST03458,BR048,Savings,2024-04-13,15186.09,Dormant
ACC003459,CUST03459,BR007,Fixed Deposit,2023-03-09,1495773.49,Active
ACC003460,CUST03460,BR026,Salary,2024-03-15,301012.02,Active
ACC003461,CUST03461,BR009,Savings,2021-12-28,24366.10,Inactive
ACC003462,CUST03462,BR012,Savings,2022-10-08,88280.19,Active
ACC003463,CUST03463,BR049,Current,2022-08-06,119875.65,Active
ACC003464,CUST03464,BR015,Savings,2020-04-19,145203.82,Active
ACC003465,CUST03465,BR008,Savings,2022-07-03,25057.24,Active
ACC003466,CUST03466,BR019,Savings,2018-11-13,460085.22,Active
ACC003467,CUST03467,BR029,Salary,2020-08-20,252789.28,Active
ACC003468,CUST03468,BR018,Salary,2023-07-21,326441.09,Dormant
ACC003469,CUST03469,BR041,Fixed Deposit,2021-07-14,1257104.88,Active
ACC003470,CUST03470,BR024,Current,2019-10-16,115237.57,Dormant
ACC003471,CUST03471,BR012,Salary,2020-12-31,246537.04,Inactive
ACC003472,CUST03472,BR032,Savings,2021-07-07,871842.69,Inactive
ACC003473,CUST03473,BR040,Savings,2022-10-27,72855.26,Active
ACC003474,CUST03474,BR026,Savings,2022-05-11,559651.12,Active
ACC003475,CUST03475,BR028,Savings,2024-03-03,141148.64,Active
ACC003476,CUST03476,BR045,Savings,2023-12-26,76945.27,Active
ACC003477,CUST03477,BR048,Savings,2024-05-05,87468.22,Active
ACC003478,CUST03478,BR038,Savings,2024-01-25,23820.69,Active
ACC003479,CUST03479,BR045,Savings,2020-12-15,4516469.86,Inactive
ACC003480,CUST03480,BR014,Current,2023-03-08,547127.98,Active
ACC003481,CUST03481,BR037,Current,2020-07-15,699937.64,Dormant
ACC003482,CUST03482,BR031,Savings,2023-05-16,71368.34,Active
ACC003483,CUST03483,BR027,Savings,2021-09-24,50337.68,Inactive
ACC003484,CUST03484,BR033,Savings,2020-12-25,139455.92,Inactive
ACC003485,CUST03485,BR031,Savings,2022-03-05,77347.05,Active
ACC003486,CUST03486,BR018,Fixed Deposit,2021-04-18,1020824.51,Dormant
ACC003487,CUST03487,BR025,Salary,2019-07-09,147662.42,Dormant
ACC003488,CUST03488,BR038,Savings,2024-01-13,5048425.90,Dormant
ACC003489,CUST03489,BR010,Current,2023-04-07,56893.56,Active
ACC003490,CUST03490,BR014,Salary,2022-06-02,302060.34,Active
ACC003491,CUST03491,BR041,Salary,2021-03-20,255815.76,Active
ACC003492,CUST03492,BR006,Savings,2022-12-07,602006.92,Inactive
ACC003493,CUST03493,BR030,Savings,2023-01-03,775221.04,Dormant
ACC003494,CUST03494,BR015,Savings,2021-12-04,55532.10,Active
ACC003495,CUST03495,BR023,Savings,2017-12-26,19220.67,Active
ACC003496,CUST03496,BR039,Salary,2022-08-21,343707.06,Active
ACC003497,CUST03497,BR018,Savings,2023-05-22,91945.28,Inactive
ACC003498,CUST03498,BR018,Current,2021-08-08,505884.45,Active
ACC003499,CUST03499,BR006,Savings,2017-12-22,92816.87,Inactive
ACC003500,CUST03500,BR005,Savings,2023-10-16,421490.65,Active
ACC003501,CUST03501,BR046,Fixed Deposit,2016-10-06,822228.32,Active
ACC003502,CUST03502,BR003,Savings,2019-09-12,702480.72,Active
ACC003503,CUST03503,BR048,Current,2023-11-11,756703.72,Active
ACC003504,CUST03504,BR017,Savings,2018-10-04,106561.33,Dormant
ACC003505,CUST03505,BR021,Savings,2023-08-19,1042073.99,Active
ACC003506,CUST03506,BR038,Savings,2021-06-20,92307.83,Active
ACC003507,CUST03507,BR045,Savings,2022-02-18,870587.11,Active
ACC003508,CUST03508,BR044,Savings,2023-06-02,126545.69,Active
ACC003509,CUST03509,BR011,Savings,2022-07-22,112517.39,Active
ACC003510,CUST03510,BR030,Savings,2023-01-22,79319.78,Active
ACC003511,CUST03511,BR014,Savings,2023-03-05,16197.95,Active
ACC003512,CUST03512,BR039,Fixed Deposit,2024-03-27,1677364.60,Inactive
ACC003513,CUST03513,BR040,Savings,2020-08-25,120509.79,Active
ACC003514,CUST03514,BR042,Salary,2021-11-16,238449.13,Active
ACC003515,CUST03515,BR022,Savings,2020-04-11,24888.43,Active
ACC003516,CUST03516,BR005,Savings,2021-07-15,538118.27,Active
ACC003517,CUST03517,BR048,Savings,2018-08-22,102118.52,Active
ACC003518,CUST03518,BR046,Savings,2022-03-22,81354.41,Active
ACC003519,CUST03519,BR028,Savings,2022-02-04,10511.08,Active
ACC003520,CUST03520,BR024,Current,2022-03-11,565497.30,Active
ACC003521,CUST03521,BR043,Salary,2022-11-16,204117.26,Active
ACC003522,CUST03522,BR029,Savings,2022-07-22,826586.22,Active
ACC003523,CUST03523,BR026,Savings,2022-12-18,576816.98,Active
ACC003524,CUST03524,BR006,Salary,2024-02-19,294447.22,Active
ACC003525,CUST03525,BR033,Savings,2019-10-29,11379.41,Active
ACC003526,CUST03526,BR029,Current,2017-06-12,33692.32,Active
ACC003527,CUST03527,BR039,Savings,2023-11-30,149791.23,Active
ACC003528,CUST03528,BR031,Savings,2020-10-13,6766.96,Active
ACC003529,CUST03529,BR009,Current,2016-10-04,59319.11,Active
ACC003530,CUST03530,BR035,Current,2024-02-20,617716.88,Active
ACC003531,CUST03531,BR020,Salary,2019-07-15,277435.72,Inactive
ACC003532,CUST03532,BR039,Savings,2021-02-13,4767916.87,Inactive
ACC003533,CUST03533,BR023,Savings,2024-05-11,11855.25,Active
ACC003534,CUST03534,BR011,Current,2022-10-23,306040.06,Dormant
ACC003535,CUST03535,BR041,Savings,2021-06-15,58594.14,Active
ACC003536,CUST03536,BR034,Savings,2023-08-03,2704.24,Active
ACC003537,CUST03537,BR040,Savings,2024-01-07,16574.62,Active
ACC003538,CUST03538,BR022,Savings,2024-03-15,870341.72,Active
ACC003539,CUST03539,BR019,Current,2024-05-20,154287.18,Inactive
ACC003540,CUST03540,BR003,Salary,2023-09-21,14886.63,Dormant
ACC003541,CUST03541,BR015,Savings,2022-07-03,888312.63,Inactive
ACC003542,CUST03542,BR036,Savings,2023-09-03,20020.44,Active
ACC003543,CUST03543,BR017,Savings,2020-05-16,1174930.86,Active
ACC003544,CUST03544,BR021,Current,2021-01-17,4467397.60,Active
ACC003545,CUST03545,BR020,Savings,2023-05-31,1581768.07,Inactive
ACC003546,CUST03546,BR027,Savings,2021-07-31,126837.94,Active
ACC003547,CUST03547,BR034,Savings,2023-08-27,20459.99,Active
ACC003548,CUST03548,BR022,Fixed Deposit,2024-02-16,259725.53,Active
ACC003549,CUST03549,BR006,Savings,2021-06-07,9506.09,Active
ACC003550,CUST03550,BR005,Savings,2023-11-19,997944.72,Active
ACC003551,CUST03551,BR033,Savings,2023-07-01,21448.96,Dormant
ACC003552,CUST03552,BR026,Fixed Deposit,2023-12-11,932516.67,Active
ACC003553,CUST03553,BR035,Fixed Deposit,2019-01-08,108323.50,Inactive
ACC003554,CUST03554,BR033,Savings,2019-07-11,440408.86,Active
ACC003555,CUST03555,BR047,Fixed Deposit,2021-05-16,1819493.83,Dormant
ACC003556,CUST03556,BR030,Savings,2023-11-18,54089.10,Active
ACC003557,CUST03557,BR025,Savings,2017-02-27,43150.86,Active
ACC003558,CUST03558,BR043,Savings,2023-08-10,134983.55,Active
ACC003559,CUST03559,BR006,Salary,2024-04-16,250117.75,Active
ACC003560,CUST03560,BR009,Savings,2023-09-22,316611.34,Active
ACC003561,CUST03561,BR029,Savings,2020-10-09,13154.34,Active
ACC003562,CUST03562,BR020,Current,2023-12-06,27539.76,Dormant
ACC003563,CUST03563,BR016,Salary,2020-07-31,49469.17,Active
ACC003564,CUST03564,BR015,Current,2024-06-26,355162.25,Active
ACC003565,CUST03565,BR011,Savings,2021-09-17,931754.31,Dormant
ACC003566,CUST03566,BR003,Fixed Deposit,2024-05-20,768214.32,Active
ACC003567,CUST03567,BR014,Savings,2022-12-18,12155.84,Active
ACC003568,CUST03568,BR004,Savings,2024-01-27,637858.66,Active
ACC003569,CUST03569,BR010,Savings,2023-05-31,15196.08,Active
ACC003570,CUST03570,BR005,Savings,2019-09-13,197719.28,Active
ACC003571,CUST03571,BR038,Current,2022-09-05,118312.74,Active
ACC003572,CUST03572,BR009,Savings,2023-08-27,1128548.14,Active
ACC003573,CUST03573,BR019,Current,2021-12-23,750334.72,Dormant
ACC003574,CUST03574,BR040,Current,2021-05-20,297879.15,Active
ACC003575,CUST03575,BR043,Savings,2021-09-19,24981.55,Active
ACC003576,CUST03576,BR023,Fixed Deposit,2024-06-30,439807.72,Active
ACC003577,CUST03577,BR037,Savings,2023-05-19,145459.65,Active
ACC003578,CUST03578,BR043,Savings,2023-08-01,15122.86,Dormant
ACC003579,CUST03579,BR008,Savings,2024-05-24,144317.02,Inactive
ACC003580,CUST03580,BR031,Salary,2021-08-23,248133.23,Active
ACC003581,CUST03581,BR008,Savings,2021-08-07,45965.99,Dormant
ACC003582,CUST03582,BR047,Savings,2019-10-18,1188865.97,Active
ACC003583,CUST03583,BR010,Fixed Deposit,2015-12-24,1275215.02,Active
ACC003584,CUST03584,BR050,Salary,2023-12-06,144896.05,Active
ACC003585,CUST03585,BR045,Savings,2023-01-30,1949959.01,Active
ACC003586,CUST03586,BR025,Savings,2020-05-07,139663.27,Dormant
ACC003587,CUST03587,BR007,Savings,2019-05-22,30997.92,Active
ACC003588,CUST03588,BR005,Fixed Deposit,2021-06-14,992979.75,Active
ACC003589,CUST03589,BR050,Savings,2021-01-12,144016.85,Active
ACC003590,CUST03590,BR026,Current,2022-07-25,36626.14,Active
ACC003591,CUST03591,BR032,Salary,2023-01-25,218125.77,Active
ACC003592,CUST03592,BR044,Current,2024-02-01,505216.10,Active
ACC003593,CUST03593,BR029,Fixed Deposit,2022-08-10,1534541.43,Active
ACC003594,CUST03594,BR008,Savings,2024-03-22,4750.16,Active
ACC003595,CUST03595,BR037,Savings,2023-08-01,5318528.09,Active
ACC003596,CUST03596,BR027,Salary,2020-01-26,333743.04,Active
ACC003597,CUST03597,BR015,Savings,2020-09-15,33746.82,Active
ACC003598,CUST03598,BR044,Salary,2022-05-04,122026.18,Active
ACC003599,CUST03599,BR043,Salary,2019-04-05,315914.08,Active
ACC003600,CUST03600,BR036,Salary,2024-01-04,347984.72,Active
ACC003601,CUST03601,BR032,Fixed Deposit,2019-12-05,874890.90,Active
ACC003602,CUST03602,BR004,Savings,2018-03-09,132567.35,Active
ACC003603,CUST03603,BR029,Savings,2023-11-21,11741.70,Active
ACC003604,CUST03604,BR045,Fixed Deposit,2023-03-30,817853.62,Active
ACC003605,CUST03605,BR032,Current,2022-04-10,4432821.40,Active
ACC003606,CUST03606,BR043,Savings,2024-01-07,1650800.01,Active
ACC003607,CUST03607,BR008,Savings,2023-12-22,7783.88,Inactive
ACC003608,CUST03608,BR034,Fixed Deposit,2023-08-23,263662.12,Active
ACC003609,CUST03609,BR014,Savings,2023-05-11,10984.39,Active
ACC003610,CUST03610,BR045,Fixed Deposit,2021-08-21,1363488.51,Active
ACC003611,CUST03611,BR025,Savings,2024-03-26,699429.87,Active
ACC003612,CUST03612,BR009,Savings,2022-08-18,22555.32,Active
ACC003613,CUST03613,BR008,Salary,2019-08-07,73202.18,Active
ACC003614,CUST03614,BR024,Savings,2016-10-11,53131.68,Active
ACC003615,CUST03615,BR031,Savings,2022-02-02,541074.89,Active
ACC003616,CUST03616,BR004,Salary,2023-09-12,242770.45,Dormant
ACC003617,CUST03617,BR019,Savings,2017-11-03,1117014.83,Active
ACC003618,CUST03618,BR026,Salary,2019-03-13,279808.63,Active
ACC003619,CUST03619,BR041,Current,2022-06-15,97983.77,Dormant
ACC003620,CUST03620,BR023,Salary,2020-10-06,287322.54,Dormant
ACC003621,CUST03621,BR021,Savings,2020-12-13,13402.07,Active
ACC003622,CUST03622,BR006,Salary,2020-03-31,264047.35,Active
ACC003623,CUST03623,BR034,Savings,2023-09-04,5212.92,Inactive
ACC003624,CUST03624,BR007,Salary,2023-03-23,203545.05,Active
ACC003625,CUST03625,BR037,Savings,2020-02-23,7881.21,Active
ACC003626,CUST03626,BR013,Savings,2022-12-16,9232.82,Active
ACC003627,CUST03627,BR022,Fixed Deposit,2017-08-24,167255.40,Active
ACC003628,CUST03628,BR023,Salary,2023-11-19,252877.73,Active
ACC003629,CUST03629,BR016,Savings,2024-01-28,31388.27,Active
ACC003630,CUST03630,BR026,Savings,2024-03-17,16012.73,Dormant
ACC003631,CUST03631,BR003,Savings,2024-04-09,11016.36,Dormant
ACC003632,CUST03632,BR039,Savings,2023-11-19,33655.50,Active
ACC003633,CUST03633,BR011,Savings,2017-04-06,8774.13,Active
ACC003634,CUST03634,BR042,Salary,2023-07-05,118195.85,Active
ACC003635,CUST03635,BR021,Savings,2020-09-08,76142.83,Active
ACC003636,CUST03636,BR035,Savings,2015-03-16,1390038.12,Active
ACC003637,CUST03637,BR041,Savings,2018-09-07,102512.63,Active
ACC003638,CUST03638,BR031,Savings,2023-11-04,101899.93,Active
ACC003639,CUST03639,BR021,Savings,2024-03-16,2747375.64,Active
ACC003640,CUST03640,BR004,Savings,2018-05-02,111211.86,Inactive
ACC003641,CUST03641,BR010,Salary,2023-06-07,338540.74,Active
ACC003642,CUST03642,BR031,Savings,2023-02-18,729756.32,Dormant
ACC003643,CUST03643,BR008,Current,2023-06-13,531937.63,Active
ACC003644,CUST03644,BR028,Current,2023-05-12,2061632.11,Dormant
ACC003645,CUST03645,BR040,Salary,2023-02-27,290183.00,Active
ACC003646,CUST03646,BR002,Savings,2022-12-03,117910.01,Active
ACC003647,CUST03647,BR044,Fixed Deposit,2023-12-25,92405.25,Active
ACC003648,CUST03648,BR006,Savings,2018-02-20,11661.08,Active
ACC003649,CUST03649,BR002,Savings,2022-01-27,115445.77,Active
ACC003650,CUST03650,BR032,Savings,2018-07-16,154793.55,Active
ACC003651,CUST03651,BR007,Salary,2023-02-06,84664.61,Active
ACC003652,CUST03652,BR033,Savings,2023-11-25,5707.22,Dormant
ACC003653,CUST03653,BR030,Savings,2023-05-16,105747.21,Inactive
ACC003654,CUST03654,BR033,Savings,2019-09-25,7118.28,Active
ACC003655,CUST03655,BR019,Savings,2021-11-21,344393.92,Dormant
ACC003656,CUST03656,BR027,Savings,2024-01-30,23582.29,Active
ACC003657,CUST03657,BR006,Savings,2022-10-02,963576.25,Active
ACC003658,CUST03658,BR020,Fixed Deposit,2019-01-09,167353.39,Active
ACC003659,CUST03659,BR043,Savings,2022-08-09,47309.29,Active
ACC003660,CUST03660,BR010,Savings,2024-01-24,100971.09,Active
ACC003661,CUST03661,BR002,Current,2016-03-15,4044856.07,Active
ACC003662,CUST03662,BR032,Savings,2024-04-08,8963.98,Active
ACC003663,CUST03663,BR016,Savings,2022-10-25,2791211.31,Active
ACC003664,CUST03664,BR001,Savings,2016-02-07,31873.05,Active
ACC003665,CUST03665,BR038,Savings,2021-04-27,13335.59,Active
ACC003666,CUST03666,BR003,Savings,2020-06-14,92259.37,Inactive
ACC003667,CUST03667,BR039,Savings,2024-03-30,10034.85,Active
ACC003668,CUST03668,BR046,Salary,2022-04-19,120811.93,Active
ACC003669,CUST03669,BR011,Fixed Deposit,2023-08-19,410493.56,Dormant
ACC003670,CUST03670,BR041,Current,2022-05-16,380075.77,Active
ACC003671,CUST03671,BR045,Savings,2015-03-12,119837.67,Active
ACC003672,CUST03672,BR003,Savings,2022-02-08,6403.27,Active
ACC003673,CUST03673,BR028,Savings,2022-09-15,34132.44,Dormant
ACC003674,CUST03674,BR036,Fixed Deposit,2023-12-30,1695068.00,Active
ACC003675,CUST03675,BR031,Savings,2024-01-09,1106379.08,Inactive
ACC003676,CUST03676,BR032,Savings,2016-06-24,8556.38,Active
ACC003677,CUST03677,BR034,Savings,2021-10-22,4188450.58,Active
ACC003678,CUST03678,BR043,Savings,2021-03-21,739360.22,Inactive
ACC003679,CUST03679,BR030,Current,2021-12-27,356451.52,Active
ACC003680,CUST03680,BR033,Savings,2020-01-17,8843.71,Active
ACC003681,CUST03681,BR026,Savings,2020-07-11,11197.38,Active
ACC003682,CUST03682,BR046,Current,2017-07-25,1497863.03,Active
ACC003683,CUST03683,BR037,Fixed Deposit,2022-03-15,1836182.41,Active
ACC003684,CUST03684,BR028,Savings,2024-01-09,5661.43,Inactive
ACC003685,CUST03685,BR024,Savings,2022-12-14,2364005.43,Dormant
ACC003686,CUST03686,BR050,Savings,2023-11-06,92619.47,Active
ACC003687,CUST03687,BR037,Savings,2019-04-08,3343.97,Active
ACC003688,CUST03688,BR035,Savings,2022-05-28,823288.57,Active
ACC003689,CUST03689,BR004,Savings,2024-01-22,564570.99,Active
ACC003690,CUST03690,BR018,Savings,2023-05-22,125501.28,Active
ACC003691,CUST03691,BR041,Salary,2023-06-26,270066.78,Dormant
ACC003692,CUST03692,BR013,Savings,2024-02-03,14850.07,Active
ACC003693,CUST03693,BR042,Savings,2022-10-07,76288.86,Active
ACC003694,CUST03694,BR026,Savings,2024-06-14,15111.94,Active
ACC003695,CUST03695,BR027,Salary,2018-07-08,267247.03,Active
ACC003696,CUST03696,BR001,Current,2022-08-13,701158.95,Dormant
ACC003697,CUST03697,BR042,Savings,2023-11-01,10572.41,Dormant
ACC003698,CUST03698,BR031,Fixed Deposit,2021-07-11,1433342.16,Dormant
ACC003699,CUST03699,BR006,Savings,2021-12-20,22997.05,Active
ACC003700,CUST03700,BR044,Savings,2020-09-29,14759.04,Active
ACC003701,CUST03701,BR024,Savings,2019-05-16,1093683.86,Inactive
ACC003702,CUST03702,BR025,Fixed Deposit,2022-02-16,143616.38,Inactive
ACC003703,CUST03703,BR013,Current,2024-06-03,676908.72,Inactive
ACC003704,CUST03704,BR043,Salary,2023-08-25,53537.13,Active
ACC003705,CUST03705,BR014,Salary,2023-04-02,298076.69,Dormant
ACC003706,CUST03706,BR030,Savings,2022-03-15,89337.83,Active
ACC003707,CUST03707,BR011,Salary,2023-04-11,77639.04,Active
ACC003708,CUST03708,BR042,Savings,2023-03-09,149582.15,Active
ACC003709,CUST03709,BR003,Fixed Deposit,2023-07-31,1699214.82,Active
ACC003710,CUST03710,BR039,Fixed Deposit,2019-10-29,1202490.85,Active
ACC003711,CUST03711,BR013,Current,2024-01-28,78161.50,Active
ACC003712,CUST03712,BR030,Savings,2023-12-30,5203453.21,Inactive
ACC003713,CUST03713,BR041,Savings,2024-06-12,523131.27,Active
ACC003714,CUST03714,BR002,Savings,2020-12-13,652596.01,Inactive
ACC003715,CUST03715,BR044,Savings,2022-04-18,20034.61,Active
ACC003716,CUST03716,BR036,Savings,2022-08-09,17819.31,Dormant
ACC003717,CUST03717,BR017,Savings,2023-11-28,79588.88,Active
ACC003718,CUST03718,BR049,Salary,2024-06-17,180105.61,Inactive
ACC003719,CUST03719,BR043,Salary,2020-05-05,60724.60,Active
ACC003720,CUST03720,BR030,Savings,2022-04-29,110613.59,Active
ACC003721,CUST03721,BR023,Savings,2023-01-29,20686.21,Active
ACC003722,CUST03722,BR046,Savings,2023-04-09,968448.02,Dormant
ACC003723,CUST03723,BR003,Savings,2023-12-05,37082.17,Inactive
ACC003724,CUST03724,BR031,Savings,2022-06-28,6538.28,Active
ACC003725,CUST03725,BR045,Salary,2024-01-17,51386.46,Dormant
ACC003726,CUST03726,BR027,Savings,2020-01-05,57486.65,Inactive
ACC003727,CUST03727,BR021,Savings,2021-02-23,2747.56,Active
ACC003728,CUST03728,BR017,Savings,2024-01-25,142670.33,Active
ACC003729,CUST03729,BR033,Savings,2019-11-03,62424.62,Active
ACC003730,CUST03730,BR037,Savings,2021-10-23,12906.52,Active
ACC003731,CUST03731,BR005,Fixed Deposit,2016-05-24,1406182.16,Active
ACC003732,CUST03732,BR038,Savings,2020-08-24,14085.84,Active
ACC003733,CUST03733,BR015,Savings,2021-10-18,3577588.63,Active
ACC003734,CUST03734,BR036,Savings,2022-07-24,105222.01,Active
ACC003735,CUST03735,BR010,Salary,2022-08-15,213645.52,Dormant
ACC003736,CUST03736,BR044,Savings,2024-02-09,12939.53,Dormant
ACC003737,CUST03737,BR031,Savings,2023-02-28,533872.23,Active
ACC003738,CUST03738,BR008,Savings,2024-03-07,222484.72,Active
ACC003739,CUST03739,BR006,Savings,2018-07-07,765214.14,Active
ACC003740,CUST03740,BR015,Savings,2022-09-03,23747.54,Dormant
ACC003741,CUST03741,BR031,Savings,2016-04-29,9136.40,Active
ACC003742,CUST03742,BR008,Fixed Deposit,2023-02-05,1902403.39,Active
ACC003743,CUST03743,BR011,Savings,2022-04-07,7334.91,Active
ACC003744,CUST03744,BR047,Savings,2022-08-16,100042.02,Active
ACC003745,CUST03745,BR026,Savings,2024-06-24,95814.11,Active
ACC003746,CUST03746,BR050,Current,2015-11-16,494129.67,Active
ACC003747,CUST03747,BR032,Savings,2021-05-14,11601.02,Active
ACC003748,CUST03748,BR024,Salary,2020-11-15,143466.30,Active
ACC003749,CUST03749,BR009,Current,2023-12-01,424647.94,Dormant
ACC003750,CUST03750,BR040,Savings,2023-06-15,407617.91,Dormant
ACC003751,CUST03751,BR039,Savings,2023-03-24,10558.32,Active
ACC003752,CUST03752,BR018,Savings,2024-02-26,8570.46,Active
ACC003753,CUST03753,BR030,Savings,2022-06-28,32653.66,Active
ACC003754,CUST03754,BR028,Savings,2022-12-16,1649373.12,Dormant
ACC003755,CUST03755,BR029,Savings,2024-06-10,1072320.51,Active
ACC003756,CUST03756,BR004,Salary,2018-09-05,210000.34,Active
ACC003757,CUST03757,BR036,Salary,2023-04-12,236876.07,Active
ACC003758,CUST03758,BR044,Current,2024-02-15,574266.38,Active
ACC003759,CUST03759,BR027,Savings,2016-09-16,10893.30,Active
ACC003760,CUST03760,BR006,Current,2022-07-11,30184.30,Dormant
ACC003761,CUST03761,BR030,Fixed Deposit,2023-09-14,583205.00,Active
ACC003762,CUST03762,BR003,Savings,2021-11-06,42301.04,Active
ACC003763,CUST03763,BR031,Current,2018-09-27,63086.01,Active
ACC003764,CUST03764,BR042,Savings,2022-03-22,255317.50,Active
ACC003765,CUST03765,BR034,Savings,2019-08-29,17681.01,Active
ACC003766,CUST03766,BR017,Current,2021-12-11,2924933.31,Active
ACC003767,CUST03767,BR010,Savings,2020-05-22,8439.31,Dormant
ACC003768,CUST03768,BR028,Savings,2020-09-10,13793.29,Dormant
ACC003769,CUST03769,BR033,Salary,2023-07-07,193792.56,Active
ACC003770,CUST03770,BR007,Salary,2024-06-05,65790.58,Active
ACC003771,CUST03771,BR002,Savings,2022-03-31,14272.88,Active
ACC003772,CUST03772,BR048,Savings,2023-09-29,780480.44,Dormant
ACC003773,CUST03773,BR046,Savings,2024-01-21,124016.85,Active
ACC003774,CUST03774,BR025,Savings,2021-04-02,819805.29,Dormant
ACC003775,CUST03775,BR005,Savings,2023-11-13,1177233.43,Inactive
ACC003776,CUST03776,BR007,Savings,2021-05-16,139676.31,Inactive
ACC003777,CUST03777,BR014,Savings,2021-11-18,29365.25,Active
ACC003778,CUST03778,BR035,Current,2021-03-18,1650976.08,Active
ACC003779,CUST03779,BR036,Savings,2016-11-26,19766.00,Active
ACC003780,CUST03780,BR039,Savings,2023-11-05,915139.33,Dormant
ACC003781,CUST03781,BR012,Savings,2023-12-08,2543.43,Dormant
ACC003782,CUST03782,BR011,Savings,2023-11-22,3264467.45,Inactive
ACC003783,CUST03783,BR017,Savings,2024-06-14,148639.31,Active
ACC003784,CUST03784,BR011,Salary,2018-05-02,220502.27,Inactive
ACC003785,CUST03785,BR035,Salary,2023-10-29,281828.25,Dormant
ACC003786,CUST03786,BR022,Savings,2023-01-28,14896.32,Active
ACC003787,CUST03787,BR037,Savings,2021-08-15,141980.49,Active
ACC003788,CUST03788,BR011,Savings,2022-07-27,141706.52,Active
ACC003789,CUST03789,BR022,Salary,2024-04-25,141727.31,Active
ACC003790,CUST03790,BR001,Savings,2018-04-14,943656.99,Active
ACC003791,CUST03791,BR016,Savings,2019-11-26,15812.11,Active
ACC003792,CUST03792,BR023,Current,2023-11-18,3628652.18,Active
ACC003793,CUST03793,BR020,Savings,2022-08-19,112709.28,Active
ACC003794,CUST03794,BR014,Current,2023-05-19,2186990.94,Dormant
ACC003795,CUST03795,BR034,Savings,2021-02-15,15448.00,Active
ACC003796,CUST03796,BR028,Savings,2023-12-12,19085.81,Active
ACC003797,CUST03797,BR045,Fixed Deposit,2017-04-04,442359.87,Active
ACC003798,CUST03798,BR034,Current,2018-02-28,39712.06,Active
ACC003799,CUST03799,BR004,Savings,2018-08-21,16332.62,Active
ACC003800,CUST03800,BR050,Savings,2023-07-21,29157.07,Dormant
ACC003801,CUST03801,BR036,Savings,2022-12-25,16347.16,Active
ACC003802,CUST03802,BR041,Savings,2022-09-02,25710.73,Dormant
ACC003803,CUST03803,BR005,Salary,2023-09-20,199362.81,Active
ACC003804,CUST03804,BR032,Savings,2024-03-10,29197.56,Inactive
ACC003805,CUST03805,BR026,Salary,2024-01-01,236390.97,Active
ACC003806,CUST03806,BR023,Savings,2017-09-13,144374.01,Active
ACC003807,CUST03807,BR007,Savings,2024-01-01,10824.08,Dormant
ACC003808,CUST03808,BR026,Salary,2020-10-15,227068.93,Active
ACC003809,CUST03809,BR028,Savings,2024-05-09,389595.58,Active
ACC003810,CUST03810,BR041,Savings,2022-10-14,8284.64,Dormant
ACC003811,CUST03811,BR045,Fixed Deposit,2024-04-26,1597220.75,Active
ACC003812,CUST03812,BR027,Current,2018-02-23,149052.67,Inactive
ACC003813,CUST03813,BR028,Current,2024-02-04,143263.64,Active
ACC003814,CUST03814,BR001,Fixed Deposit,2020-09-01,957038.88,Active
ACC003815,CUST03815,BR007,Salary,2024-05-04,114061.51,Active
ACC003816,CUST03816,BR016,Savings,2022-11-03,7542.87,Active
ACC003817,CUST03817,BR042,Salary,2024-04-04,193105.88,Active
ACC003818,CUST03818,BR043,Savings,2023-09-04,20944.04,Active
ACC003819,CUST03819,BR039,Current,2023-09-22,748078.02,Active
ACC003820,CUST03820,BR028,Savings,2020-05-11,17101.14,Active
ACC003821,CUST03821,BR019,Savings,2019-08-16,7946.44,Inactive
ACC003822,CUST03822,BR013,Salary,2022-04-10,265449.08,Dormant
ACC003823,CUST03823,BR044,Savings,2022-12-20,4484.70,Active
ACC003824,CUST03824,BR050,Savings,2017-07-20,798040.02,Active
ACC003825,CUST03825,BR048,Current,2023-04-29,608280.04,Inactive
ACC003826,CUST03826,BR046,Savings,2023-11-23,1017230.07,Dormant
ACC003827,CUST03827,BR037,Savings,2024-02-28,103726.73,Inactive
ACC003828,CUST03828,BR041,Savings,2023-11-08,5621201.59,Active
ACC003829,CUST03829,BR020,Salary,2023-09-19,162370.20,Inactive
ACC003830,CUST03830,BR044,Savings,2021-11-26,139947.85,Active
ACC003831,CUST03831,BR034,Savings,2019-06-19,3170828.02,Active
ACC003832,CUST03832,BR025,Fixed Deposit,2023-12-18,407389.68,Active
ACC003833,CUST03833,BR012,Salary,2023-12-05,135770.99,Active
ACC003834,CUST03834,BR022,Savings,2022-05-12,149669.87,Inactive
ACC003835,CUST03835,BR049,Savings,2022-11-23,132926.79,Active
ACC003836,CUST03836,BR041,Savings,2022-11-11,119110.24,Active
ACC003837,CUST03837,BR014,Savings,2023-12-13,32722.80,Inactive
ACC003838,CUST03838,BR036,Salary,2020-07-08,202455.89,Active
ACC003839,CUST03839,BR036,Salary,2017-11-29,55032.85,Active
ACC003840,CUST03840,BR042,Savings,2022-04-17,980385.63,Active
ACC003841,CUST03841,BR040,Current,2016-08-23,138892.10,Active
ACC003842,CUST03842,BR002,Savings,2023-01-20,160293.49,Dormant
ACC003843,CUST03843,BR006,Savings,2023-09-06,3168.24,Active
ACC003844,CUST03844,BR007,Savings,2021-07-17,72672.64,Active
ACC003845,CUST03845,BR022,Current,2023-01-11,1115916.54,Active
ACC003846,CUST03846,BR032,Salary,2022-09-18,320372.33,Active
ACC003847,CUST03847,BR045,Savings,2020-08-27,5778.54,Dormant
ACC003848,CUST03848,BR021,Savings,2024-01-18,13334.24,Active
ACC003849,CUST03849,BR027,Savings,2024-04-25,125708.79,Active
ACC003850,CUST03850,BR009,Savings,2021-08-05,143232.83,Inactive
ACC003851,CUST03851,BR045,Savings,2023-02-12,50818.21,Active
ACC003852,CUST03852,BR022,Current,2022-09-28,455384.55,Active
ACC003853,CUST03853,BR028,Savings,2021-08-27,105341.28,Active
ACC003854,CUST03854,BR027,Salary,2024-05-29,153889.92,Active
ACC003855,CUST03855,BR036,Savings,2022-08-21,2537097.67,Active
ACC003856,CUST03856,BR047,Savings,2024-06-26,3552.97,Dormant
ACC003857,CUST03857,BR037,Current,2022-03-28,1439564.35,Active
ACC003858,CUST03858,BR049,Fixed Deposit,2023-02-23,1782053.23,Active
ACC003859,CUST03859,BR023,Current,2021-10-14,114883.85,Active
ACC003860,CUST03860,BR010,Savings,2023-06-01,54117.41,Inactive
ACC003861,CUST03861,BR014,Salary,2019-12-16,319209.73,Active
ACC003862,CUST03862,BR015,Savings,2023-02-11,50091.23,Active
ACC003863,CUST03863,BR044,Current,2023-07-15,47238.82,Active
ACC003864,CUST03864,BR029,Salary,2019-07-17,144804.43,Active
ACC003865,CUST03865,BR009,Savings,2019-12-09,20185.25,Active
ACC003866,CUST03866,BR040,Savings,2023-02-04,118909.69,Active
ACC003867,CUST03867,BR040,Savings,2024-03-26,147266.67,Active
ACC003868,CUST03868,BR009,Savings,2022-01-23,74114.21,Active
ACC003869,CUST03869,BR031,Savings,2024-05-02,3484601.54,Dormant
ACC003870,CUST03870,BR031,Savings,2020-04-20,29114.98,Active
ACC003871,CUST03871,BR006,Savings,2020-11-30,801537.89,Inactive
ACC003872,CUST03872,BR040,Savings,2022-08-06,12233.01,Inactive
ACC003873,CUST03873,BR027,Savings,2023-03-28,79552.53,Active
ACC003874,CUST03874,BR022,Savings,2024-03-27,124007.65,Active
ACC003875,CUST03875,BR022,Savings,2022-11-23,438522.89,Active
ACC003876,CUST03876,BR044,Savings,2024-02-02,2210210.41,Active
ACC003877,CUST03877,BR037,Current,2024-05-14,92452.76,Active
ACC003878,CUST03878,BR027,Current,2022-11-02,3201261.89,Dormant
ACC003879,CUST03879,BR021,Fixed Deposit,2017-09-04,1240336.37,Dormant
ACC003880,CUST03880,BR018,Savings,2019-11-22,1395229.23,Active
ACC003881,CUST03881,BR033,Savings,2020-09-04,104153.85,Active
ACC003882,CUST03882,BR047,Savings,2023-02-23,62676.84,Active
ACC003883,CUST03883,BR002,Current,2017-12-05,1673751.97,Active
ACC003884,CUST03884,BR002,Savings,2022-08-29,7019.48,Active
ACC003885,CUST03885,BR015,Savings,2023-03-08,876129.60,Active
ACC003886,CUST03886,BR021,Savings,2024-05-17,956648.57,Active
ACC003887,CUST03887,BR005,Savings,2023-09-22,23456.17,Active
ACC003888,CUST03888,BR003,Salary,2021-10-17,89351.44,Active
ACC003889,CUST03889,BR017,Fixed Deposit,2022-03-01,726375.25,Active
ACC003890,CUST03890,BR009,Fixed Deposit,2024-02-16,1214951.91,Active
ACC003891,CUST03891,BR011,Savings,2024-06-30,8218.02,Dormant
ACC003892,CUST03892,BR035,Savings,2023-08-19,6107.59,Active
ACC003893,CUST03893,BR031,Savings,2021-06-17,122259.48,Active
ACC003894,CUST03894,BR013,Savings,2023-12-18,233607.08,Active
ACC003895,CUST03895,BR006,Savings,2023-02-20,14435.68,Active
ACC003896,CUST03896,BR011,Salary,2023-10-09,309647.22,Active
ACC003897,CUST03897,BR037,Savings,2023-01-06,141916.90,Active
ACC003898,CUST03898,BR022,Current,2023-09-08,66778.75,Active
ACC003899,CUST03899,BR014,Savings,2017-10-08,12015.30,Dormant
ACC003900,CUST03900,BR036,Savings,2018-01-31,17529.82,Active
ACC003901,CUST03901,BR025,Current,2024-02-02,197819.07,Active
ACC003902,CUST03902,BR045,Salary,2022-05-28,229943.70,Active
ACC003903,CUST03903,BR048,Savings,2022-03-05,6145.91,Active
ACC003904,CUST03904,BR006,Current,2020-05-19,323243.76,Dormant
ACC003905,CUST03905,BR023,Savings,2016-09-30,76387.90,Active
ACC003906,CUST03906,BR004,Savings,2015-05-06,21475.19,Inactive
ACC003907,CUST03907,BR004,Savings,2023-10-21,4120440.36,Active
ACC003908,CUST03908,BR050,Savings,2022-09-28,835807.80,Active
ACC003909,CUST03909,BR021,Savings,2024-06-23,138662.23,Active
ACC003910,CUST03910,BR010,Current,2022-02-14,260704.16,Active
ACC003911,CUST03911,BR044,Savings,2023-06-30,111755.97,Active
ACC003912,CUST03912,BR048,Current,2019-07-12,28791.72,Active
ACC003913,CUST03913,BR047,Fixed Deposit,2019-11-10,1069426.28,Inactive
ACC003914,CUST03914,BR035,Savings,2024-06-25,3916.77,Dormant
ACC003915,CUST03915,BR032,Salary,2019-12-28,24550.47,Active
ACC003916,CUST03916,BR010,Savings,2024-01-02,67680.34,Active
ACC003917,CUST03917,BR001,Current,2020-10-12,53221.75,Active
ACC003918,CUST03918,BR032,Salary,2024-03-30,325322.19,Inactive
ACC003919,CUST03919,BR010,Savings,2022-10-10,115310.62,Inactive
ACC003920,CUST03920,BR032,Savings,2021-01-01,13003.23,Active
ACC003921,CUST03921,BR006,Fixed Deposit,2024-04-26,1015294.29,Active
ACC003922,CUST03922,BR002,Savings,2023-04-13,14107.93,Active
ACC003923,CUST03923,BR019,Fixed Deposit,2024-06-16,742970.26,Active
ACC003924,CUST03924,BR023,Savings,2021-08-05,1130330.69,Dormant
ACC003925,CUST03925,BR003,Savings,2019-12-07,3712245.43,Active
ACC003926,CUST03926,BR033,Fixed Deposit,2023-09-11,306285.23,Active
ACC003927,CUST03927,BR041,Current,2020-05-18,50342.91,Dormant
ACC003928,CUST03928,BR033,Savings,2019-08-22,500444.68,Inactive
ACC003929,CUST03929,BR005,Savings,2018-10-03,23288.53,Active
ACC003930,CUST03930,BR006,Salary,2019-04-17,294704.32,Active
ACC003931,CUST03931,BR018,Savings,2017-06-11,147012.69,Active
ACC003932,CUST03932,BR002,Savings,2024-05-02,8487.82,Active
ACC003933,CUST03933,BR047,Savings,2023-06-21,108978.68,Active
ACC003934,CUST03934,BR017,Savings,2023-12-30,8960.87,Active
ACC003935,CUST03935,BR009,Savings,2024-03-20,13716.22,Inactive
ACC003936,CUST03936,BR041,Salary,2023-10-12,15642.18,Active
ACC003937,CUST03937,BR032,Salary,2018-08-01,30276.68,Inactive
ACC003938,CUST03938,BR034,Savings,2024-05-23,62315.81,Inactive
ACC003939,CUST03939,BR011,Savings,2023-10-02,8277.79,Dormant
ACC003940,CUST03940,BR046,Savings,2024-03-15,830337.81,Dormant
ACC003941,CUST03941,BR024,Current,2020-11-15,186115.13,Inactive
ACC003942,CUST03942,BR044,Savings,2022-07-31,55998.94,Active
ACC003943,CUST03943,BR018,Savings,2022-08-08,35911.04,Active
ACC003944,CUST03944,BR021,Savings,2023-01-17,12805.06,Active
ACC003945,CUST03945,BR006,Savings,2020-09-13,22906.92,Inactive
ACC003946,CUST03946,BR011,Savings,2022-08-06,22203.50,Active
ACC003947,CUST03947,BR006,Fixed Deposit,2022-02-21,1716993.41,Active
ACC003948,CUST03948,BR028,Savings,2023-11-17,643698.91,Active
ACC003949,CUST03949,BR032,Salary,2018-09-24,182245.81,Dormant
ACC003950,CUST03950,BR050,Savings,2022-08-16,23357.69,Active
ACC003951,CUST03951,BR034,Savings,2024-01-29,69868.21,Dormant
ACC003952,CUST03952,BR048,Current,2017-12-22,426676.92,Active
ACC003953,CUST03953,BR049,Savings,2020-08-25,1033297.69,Active
ACC003954,CUST03954,BR009,Savings,2023-11-29,897133.73,Dormant
ACC003955,CUST03955,BR011,Savings,2021-08-25,3479290.98,Inactive
ACC003956,CUST03956,BR042,Savings,2024-05-17,113015.21,Inactive
ACC003957,CUST03957,BR014,Salary,2023-08-31,185875.09,Inactive
ACC003958,CUST03958,BR024,Savings,2021-08-08,13262.35,Active
ACC003959,CUST03959,BR021,Savings,2015-08-21,3249.60,Active
ACC003960,CUST03960,BR040,Savings,2019-07-28,961620.58,Active
ACC003961,CUST03961,BR032,Current,2023-04-02,448154.12,Active
ACC003962,CUST03962,BR037,Salary,2024-05-03,219257.20,Active
ACC003963,CUST03963,BR048,Savings,2022-03-12,13950.62,Active
ACC003964,CUST03964,BR006,Savings,2020-12-16,23272.52,Inactive
ACC003965,CUST03965,BR036,Savings,2023-11-20,83738.41,Dormant
ACC003966,CUST03966,BR006,Savings,2021-02-28,788295.95,Dormant
ACC003967,CUST03967,BR031,Savings,2019-05-02,24369.36,Active
ACC003968,CUST03968,BR050,Savings,2024-06-13,17304.67,Active
ACC003969,CUST03969,BR037,Savings,2016-08-17,22922.26,Active
ACC003970,CUST03970,BR037,Current,2024-04-07,461486.17,Active
ACC003971,CUST03971,BR014,Savings,2024-06-11,112855.77,Dormant
ACC003972,CUST03972,BR034,Savings,2022-11-15,130740.88,Inactive
ACC003973,CUST03973,BR023,Salary,2024-01-05,78041.60,Active
ACC003974,CUST03974,BR020,Savings,2022-08-24,67537.18,Active
ACC003975,CUST03975,BR050,Savings,2023-08-27,117720.57,Inactive
ACC003976,CUST03976,BR010,Savings,2024-03-22,132737.60,Inactive
ACC003977,CUST03977,BR045,Savings,2017-08-01,570879.69,Active
ACC003978,CUST03978,BR008,Current,2021-10-16,1235350.91,Active
ACC003979,CUST03979,BR030,Salary,2018-04-19,212342.82,Active
ACC003980,CUST03980,BR043,Savings,2021-11-19,26771.38,Active
ACC003981,CUST03981,BR022,Salary,2021-08-03,241879.78,Active
ACC003982,CUST03982,BR020,Current,2021-02-14,110271.97,Active
ACC003983,CUST03983,BR043,Savings,2023-09-15,3212984.96,Dormant
ACC003984,CUST03984,BR050,Savings,2024-06-09,112663.41,Active
ACC003985,CUST03985,BR020,Fixed Deposit,2022-07-04,1210292.84,Active
ACC003986,CUST03986,BR034,Current,2023-07-07,85415.07,Active
ACC003987,CUST03987,BR016,Savings,2022-07-12,66036.23,Active
ACC003988,CUST03988,BR020,Savings,2023-09-15,10853.91,Dormant
ACC003989,CUST03989,BR017,Current,2022-10-14,704665.78,Active
ACC003990,CUST03990,BR008,Savings,2024-02-05,756900.74,Active
ACC003991,CUST03991,BR032,Savings,2024-05-16,96262.96,Active
ACC003992,CUST03992,BR039,Salary,2023-10-23,72463.71,Active
ACC003993,CUST03993,BR043,Savings,2019-10-20,3822.51,Active
ACC003994,CUST03994,BR042,Current,2021-05-01,786099.66,Dormant
ACC003995,CUST03995,BR021,Salary,2022-12-06,59114.68,Inactive
ACC003996,CUST03996,BR038,Savings,2023-02-04,137554.36,Active
ACC003997,CUST03997,BR044,Salary,2023-01-30,238677.65,Active
ACC003998,CUST03998,BR023,Savings,2023-07-10,70071.53,Active
ACC003999,CUST03999,BR035,Savings,2023-12-13,1111424.77,Active
ACC004000,CUST04000,BR049,Salary,2020-02-10,190713.79,Active
ACC004001,CUST04001,BR011,Savings,2022-02-21,5919.64,Active
ACC004002,CUST04002,BR031,Savings,2024-01-10,20468.97,Active
ACC004003,CUST04003,BR034,Savings,2024-05-13,297574.12,Active
ACC004004,CUST04004,BR030,Savings,2023-01-04,85202.32,Active
ACC004005,CUST04005,BR025,Savings,2019-01-01,502237.27,Active
ACC004006,CUST04006,BR016,Fixed Deposit,2022-10-31,1276230.74,Active
ACC004007,CUST04007,BR033,Savings,2024-03-19,75393.91,Active
ACC004008,CUST04008,BR044,Savings,2024-06-25,19445.80,Active
ACC004009,CUST04009,BR011,Savings,2021-02-02,33578.08,Active
ACC004010,CUST04010,BR035,Savings,2017-01-09,71978.67,Active
ACC004011,CUST04011,BR029,Current,2023-04-05,147887.40,Active
ACC004012,CUST04012,BR024,Savings,2018-09-21,69730.65,Inactive
ACC004013,CUST04013,BR050,Savings,2024-04-15,2491.99,Active
ACC004014,CUST04014,BR029,Savings,2015-07-07,4757735.41,Active
ACC004015,CUST04015,BR042,Current,2023-10-25,59567.19,Active
ACC004016,CUST04016,BR020,Savings,2023-12-19,6804.51,Inactive
ACC004017,CUST04017,BR043,Savings,2017-10-19,2848471.53,Dormant
ACC004018,CUST04018,BR021,Savings,2018-02-27,996078.03,Active
ACC004019,CUST04019,BR025,Savings,2023-08-20,1156303.29,Active
ACC004020,CUST04020,BR031,Current,2021-03-09,210561.93,Inactive
ACC004021,CUST04021,BR007,Savings,2024-01-22,115499.12,Active
ACC004022,CUST04022,BR031,Savings,2022-12-27,37783.87,Active
ACC004023,CUST04023,BR032,Savings,2021-12-16,1124975.67,Active
ACC004024,CUST04024,BR043,Savings,2023-05-23,130504.43,Active
ACC004025,CUST04025,BR011,Savings,2024-04-09,110472.93,Active
ACC004026,CUST04026,BR030,Current,2024-03-18,481648.98,Active
ACC004027,CUST04027,BR049,Savings,2016-07-28,93847.15,Active
ACC004028,CUST04028,BR047,Savings,2022-04-14,127678.02,Active
ACC004029,CUST04029,BR008,Current,2021-12-16,1158900.76,Active
ACC004030,CUST04030,BR036,Savings,2024-01-03,53363.11,Dormant
ACC004031,CUST04031,BR001,Savings,2023-04-28,94210.73,Inactive
ACC004032,CUST04032,BR041,Fixed Deposit,2017-07-23,160430.12,Active
ACC004033,CUST04033,BR009,Fixed Deposit,2021-10-11,64969.50,Active
ACC004034,CUST04034,BR030,Salary,2024-03-17,258135.87,Dormant
ACC004035,CUST04035,BR035,Savings,2021-07-10,90898.29,Active
ACC004036,CUST04036,BR027,Fixed Deposit,2021-07-21,445872.09,Active
ACC004037,CUST04037,BR025,Salary,2022-12-31,156484.65,Active
ACC004038,CUST04038,BR020,Current,2023-08-28,557353.13,Active
ACC004039,CUST04039,BR037,Savings,2023-08-13,1129570.88,Active
ACC004040,CUST04040,BR015,Savings,2023-02-16,71859.49,Active
ACC004041,CUST04041,BR045,Savings,2020-12-07,115203.08,Active
ACC004042,CUST04042,BR005,Savings,2023-01-21,293768.40,Inactive
ACC004043,CUST04043,BR035,Savings,2022-04-03,2291687.42,Active
ACC004044,CUST04044,BR029,Savings,2024-05-31,78216.78,Active
ACC004045,CUST04045,BR030,Savings,2019-06-25,11346.92,Active
ACC004046,CUST04046,BR042,Savings,2022-05-30,44390.91,Active
ACC004047,CUST04047,BR015,Savings,2023-10-27,11867.77,Active
ACC004048,CUST04048,BR012,Salary,2020-04-18,123048.82,Active
ACC004049,CUST04049,BR049,Salary,2024-06-19,323047.34,Active
ACC004050,CUST04050,BR035,Salary,2023-11-05,212532.98,Active
ACC004051,CUST04051,BR008,Savings,2024-05-31,2907.06,Active
ACC004052,CUST04052,BR004,Savings,2022-11-22,599817.25,Inactive
ACC004053,CUST04053,BR031,Savings,2022-11-07,160039.68,Inactive
ACC004054,CUST04054,BR020,Salary,2021-08-19,112880.24,Dormant
ACC004055,CUST04055,BR010,Fixed Deposit,2022-11-09,120299.60,Inactive
ACC004056,CUST04056,BR019,Savings,2023-01-24,76697.48,Active
ACC004057,CUST04057,BR033,Savings,2019-08-15,19845.18,Active
ACC004058,CUST04058,BR028,Savings,2024-05-08,8344.86,Inactive
ACC004059,CUST04059,BR014,Savings,2020-06-18,1065159.39,Active
ACC004060,CUST04060,BR029,Fixed Deposit,2021-09-26,967100.48,Active
ACC004061,CUST04061,BR037,Savings,2020-02-24,89756.72,Active
ACC004062,CUST04062,BR012,Fixed Deposit,2024-05-27,1033022.14,Active
ACC004063,CUST04063,BR029,Savings,2021-12-05,45689.15,Inactive
ACC004064,CUST04064,BR012,Salary,2024-05-16,97982.79,Active
ACC004065,CUST04065,BR011,Salary,2023-09-29,259615.81,Active
ACC004066,CUST04066,BR015,Current,2021-05-01,116767.58,Active
ACC004067,CUST04067,BR017,Current,2021-01-01,4080441.84,Active
ACC004068,CUST04068,BR022,Savings,2019-08-17,3428.03,Active
ACC004069,CUST04069,BR009,Savings,2024-05-27,62392.84,Active
ACC004070,CUST04070,BR017,Current,2023-03-31,721437.93,Active
ACC004071,CUST04071,BR007,Savings,2023-04-10,763894.86,Active
ACC004072,CUST04072,BR024,Salary,2018-11-03,256177.06,Dormant
ACC004073,CUST04073,BR027,Current,2018-07-03,44707.69,Active
ACC004074,CUST04074,BR036,Savings,2021-12-08,4802.07,Active
ACC004075,CUST04075,BR015,Savings,2019-01-09,13574.47,Active
ACC004076,CUST04076,BR006,Current,2019-05-10,2499120.44,Active
ACC004077,CUST04077,BR043,Current,2023-07-13,68677.84,Active
ACC004078,CUST04078,BR032,Savings,2023-01-15,31832.70,Active
ACC004079,CUST04079,BR027,Salary,2017-06-10,300008.51,Inactive
ACC004080,CUST04080,BR020,Savings,2022-09-14,69557.67,Active
ACC004081,CUST04081,BR001,Current,2020-04-17,580464.85,Active
ACC004082,CUST04082,BR020,Fixed Deposit,2018-04-16,902283.65,Active
ACC004083,CUST04083,BR042,Current,2023-03-30,185904.99,Dormant
ACC004084,CUST04084,BR005,Savings,2020-08-21,188956.76,Active
ACC004085,CUST04085,BR018,Savings,2022-05-13,1152567.17,Active
ACC004086,CUST04086,BR011,Fixed Deposit,2023-07-11,353529.50,Active
ACC004087,CUST04087,BR047,Salary,2024-06-09,341655.20,Inactive
ACC004088,CUST04088,BR013,Savings,2021-08-01,58438.51,Active
ACC004089,CUST04089,BR036,Savings,2023-10-09,14029.23,Dormant
ACC004090,CUST04090,BR022,Current,2021-04-21,3323188.24,Dormant
ACC004091,CUST04091,BR048,Savings,2024-01-03,48301.26,Inactive
ACC004092,CUST04092,BR007,Savings,2021-04-07,24637.25,Active
ACC004093,CUST04093,BR009,Salary,2018-12-31,299385.17,Active
ACC004094,CUST04094,BR010,Savings,2021-01-02,23546.68,Active
ACC004095,CUST04095,BR029,Savings,2020-07-09,86868.79,Dormant
ACC004096,CUST04096,BR022,Savings,2016-10-01,54107.03,Dormant
ACC004097,CUST04097,BR005,Savings,2024-01-02,134373.87,Inactive
ACC004098,CUST04098,BR011,Fixed Deposit,2021-01-09,1133136.66,Active
ACC004099,CUST04099,BR020,Savings,2023-10-12,22260.58,Inactive
ACC004100,CUST04100,BR025,Current,2016-04-06,275557.67,Active
ACC004101,CUST04101,BR012,Savings,2024-04-22,926535.17,Active
ACC004102,CUST04102,BR028,Savings,2022-10-27,5490.16,Active
ACC004103,CUST04103,BR041,Savings,2024-02-26,80021.61,Active
ACC004104,CUST04104,BR011,Savings,2022-03-24,908476.79,Active
ACC004105,CUST04105,BR015,Savings,2023-02-15,79856.69,Active
ACC004106,CUST04106,BR049,Savings,2022-12-24,69365.95,Active
ACC004107,CUST04107,BR031,Current,2024-02-19,145527.34,Active
ACC004108,CUST04108,BR001,Salary,2023-05-19,22521.21,Dormant
ACC004109,CUST04109,BR019,Fixed Deposit,2023-05-24,977419.63,Inactive
ACC004110,CUST04110,BR017,Savings,2017-04-29,208910.12,Active
ACC004111,CUST04111,BR049,Salary,2019-04-14,294189.39,Active
ACC004112,CUST04112,BR022,Salary,2021-11-01,271723.18,Inactive
ACC004113,CUST04113,BR012,Savings,2017-12-12,102998.35,Inactive
ACC004114,CUST04114,BR001,Savings,2021-01-09,103649.74,Active
ACC004115,CUST04115,BR040,Savings,2019-08-07,110752.67,Active
ACC004116,CUST04116,BR035,Savings,2023-12-06,17815.98,Active
ACC004117,CUST04117,BR027,Current,2023-11-14,567073.12,Active
ACC004118,CUST04118,BR039,Savings,2018-03-24,22374.69,Active
ACC004119,CUST04119,BR047,Savings,2023-01-08,2180740.73,Active
ACC004120,CUST04120,BR037,Savings,2023-02-06,3398.71,Dormant
ACC004121,CUST04121,BR027,Savings,2023-12-01,7912.02,Active
ACC004122,CUST04122,BR016,Savings,2019-05-16,11414.29,Active
ACC004123,CUST04123,BR012,Savings,2023-10-05,20479.64,Active
ACC004124,CUST04124,BR048,Savings,2021-11-15,396365.35,Active
ACC004125,CUST04125,BR013,Current,2022-11-01,529991.47,Active
ACC004126,CUST04126,BR014,Fixed Deposit,2022-09-17,152185.82,Active
ACC004127,CUST04127,BR031,Savings,2020-05-25,158434.07,Active
ACC004128,CUST04128,BR016,Fixed Deposit,2022-12-20,1310849.86,Active
ACC004129,CUST04129,BR004,Salary,2020-11-05,205591.56,Active
ACC004130,CUST04130,BR017,Salary,2021-11-28,148378.22,Active
ACC004131,CUST04131,BR016,Fixed Deposit,2020-12-09,155339.69,Active
ACC004132,CUST04132,BR009,Current,2016-01-23,416148.21,Active
ACC004133,CUST04133,BR035,Salary,2023-11-06,39842.56,Active
ACC004134,CUST04134,BR018,Current,2023-08-19,498029.19,Active
ACC004135,CUST04135,BR020,Savings,2024-02-25,21003.46,Active
ACC004136,CUST04136,BR015,Current,2022-12-15,3300460.68,Active
ACC004137,CUST04137,BR006,Fixed Deposit,2024-06-02,381656.75,Active
ACC004138,CUST04138,BR047,Savings,2018-05-29,125761.87,Inactive
ACC004139,CUST04139,BR008,Savings,2024-03-02,37669.06,Active
ACC004140,CUST04140,BR015,Savings,2022-11-09,23559.75,Active
ACC004141,CUST04141,BR028,Current,2024-02-18,221370.76,Active
ACC004142,CUST04142,BR043,Fixed Deposit,2024-05-12,859548.17,Inactive
ACC004143,CUST04143,BR030,Savings,2018-09-30,43858.55,Active
ACC004144,CUST04144,BR036,Savings,2019-10-19,3475.83,Active
ACC004145,CUST04145,BR005,Salary,2017-12-10,262921.76,Inactive
ACC004146,CUST04146,BR048,Fixed Deposit,2019-10-31,707941.15,Active
ACC004147,CUST04147,BR004,Savings,2024-04-29,15172.02,Active
ACC004148,CUST04148,BR007,Savings,2022-02-12,75943.94,Active
ACC004149,CUST04149,BR016,Current,2023-04-27,676439.63,Active
ACC004150,CUST04150,BR006,Current,2019-11-29,3433647.80,Dormant
ACC004151,CUST04151,BR003,Salary,2022-11-26,75274.93,Active
ACC004152,CUST04152,BR025,Fixed Deposit,2019-05-10,1401805.43,Active
ACC004153,CUST04153,BR001,Savings,2021-11-23,113490.29,Active
ACC004154,CUST04154,BR041,Savings,2024-02-10,68763.84,Active
ACC004155,CUST04155,BR047,Salary,2020-12-25,168023.17,Active
ACC004156,CUST04156,BR029,Savings,2021-12-30,698920.63,Active
ACC004157,CUST04157,BR017,Savings,2022-04-27,33187.07,Active
ACC004158,CUST04158,BR025,Savings,2016-09-20,123423.34,Active
ACC004159,CUST04159,BR029,Fixed Deposit,2023-12-04,905901.98,Active
ACC004160,CUST04160,BR020,Savings,2022-02-21,4664610.59,Active
ACC004161,CUST04161,BR016,Savings,2022-09-14,10355.31,Dormant
ACC004162,CUST04162,BR038,Savings,2024-04-24,66794.78,Active
ACC004163,CUST04163,BR022,Savings,2020-08-17,394353.73,Active
ACC004164,CUST04164,BR002,Savings,2022-03-26,2144817.66,Active
ACC004165,CUST04165,BR011,Savings,2020-07-28,6514.56,Active
ACC004166,CUST04166,BR007,Savings,2016-11-22,68415.37,Active
ACC004167,CUST04167,BR002,Savings,2023-10-28,50712.88,Active
ACC004168,CUST04168,BR043,Current,2023-02-02,764633.00,Inactive
ACC004169,CUST04169,BR030,Salary,2021-09-04,217027.01,Active
ACC004170,CUST04170,BR001,Savings,2024-03-13,122202.47,Active
ACC004171,CUST04171,BR002,Current,2024-04-02,56297.74,Active
ACC004172,CUST04172,BR015,Savings,2024-01-01,4169670.29,Inactive
ACC004173,CUST04173,BR027,Current,2021-07-15,110598.92,Active
ACC004174,CUST04174,BR045,Current,2022-06-17,728164.30,Dormant
ACC004175,CUST04175,BR010,Savings,2024-02-10,628014.74,Active
ACC004176,CUST04176,BR003,Salary,2018-09-29,253502.08,Active
ACC004177,CUST04177,BR007,Savings,2023-12-07,115068.13,Active
ACC004178,CUST04178,BR007,Savings,2024-01-21,55756.50,Dormant
ACC004179,CUST04179,BR027,Savings,2023-03-07,5765.36,Active
ACC004180,CUST04180,BR009,Salary,2022-06-12,81146.93,Active
ACC004181,CUST04181,BR038,Fixed Deposit,2018-05-19,341946.09,Dormant
ACC004182,CUST04182,BR040,Current,2023-02-23,1460906.45,Inactive
ACC004183,CUST04183,BR017,Current,2019-07-06,318038.61,Active
ACC004184,CUST04184,BR016,Salary,2023-06-10,334450.83,Inactive
ACC004185,CUST04185,BR008,Savings,2023-10-27,302399.67,Active
ACC004186,CUST04186,BR008,Savings,2023-12-11,499149.89,Dormant
ACC004187,CUST04187,BR001,Savings,2023-09-20,1045315.99,Inactive
ACC004188,CUST04188,BR007,Salary,2024-06-12,114202.99,Active
ACC004189,CUST04189,BR044,Savings,2021-03-26,124775.69,Dormant
ACC004190,CUST04190,BR050,Savings,2022-12-05,26205.84,Active
ACC004191,CUST04191,BR049,Savings,2023-07-28,60751.84,Active
ACC004192,CUST04192,BR001,Savings,2023-03-30,26573.16,Dormant
ACC004193,CUST04193,BR029,Savings,2015-11-15,144176.41,Active
ACC004194,CUST04194,BR027,Savings,2021-12-07,48868.36,Active
ACC004195,CUST04195,BR043,Savings,2024-01-14,8551.04,Active
ACC004196,CUST04196,BR023,Savings,2023-12-28,1062165.21,Active
ACC004197,CUST04197,BR021,Salary,2023-04-05,229889.94,Active
ACC004198,CUST04198,BR002,Savings,2024-03-11,37732.88,Active
ACC004199,CUST04199,BR034,Savings,2020-05-03,28233.01,Active
ACC004200,CUST04200,BR048,Fixed Deposit,2023-04-14,1477068.07,Active
ACC004201,CUST04201,BR025,Savings,2020-11-19,6830.91,Active
ACC004202,CUST04202,BR045,Savings,2023-12-18,101566.48,Active
ACC004203,CUST04203,BR003,Savings,2023-10-23,144266.72,Active
ACC004204,CUST04204,BR007,Savings,2021-09-28,13227.49,Active
ACC004205,CUST04205,BR029,Savings,2021-10-24,61629.55,Active
ACC004206,CUST04206,BR041,Salary,2021-11-16,339138.99,Active
ACC004207,CUST04207,BR001,Current,2023-01-09,61440.42,Dormant
ACC004208,CUST04208,BR001,Savings,2023-10-30,54942.59,Active
ACC004209,CUST04209,BR021,Savings,2021-09-23,81711.16,Active
ACC004210,CUST04210,BR007,Current,2022-07-01,163874.43,Dormant
ACC004211,CUST04211,BR003,Savings,2017-02-19,13595.96,Inactive
ACC004212,CUST04212,BR023,Savings,2020-10-05,70935.70,Active
ACC004213,CUST04213,BR043,Savings,2022-01-30,52555.71,Active
ACC004214,CUST04214,BR015,Savings,2022-10-24,21899.06,Active
ACC004215,CUST04215,BR024,Fixed Deposit,2024-03-08,360972.84,Active
ACC004216,CUST04216,BR012,Savings,2021-03-16,117747.34,Active
ACC004217,CUST04217,BR031,Current,2023-12-29,145676.28,Active
ACC004218,CUST04218,BR049,Savings,2020-03-14,2214.89,Active
ACC004219,CUST04219,BR013,Savings,2024-04-22,911415.28,Active
ACC004220,CUST04220,BR016,Savings,2022-08-25,133611.01,Active
ACC004221,CUST04221,BR006,Savings,2021-01-27,129887.81,Active
ACC004222,CUST04222,BR025,Savings,2023-01-17,34773.77,Active
ACC004223,CUST04223,BR031,Savings,2022-02-20,42380.36,Active
ACC004224,CUST04224,BR025,Fixed Deposit,2020-07-11,1808194.51,Inactive
ACC004225,CUST04225,BR024,Savings,2023-08-21,352493.30,Active
ACC004226,CUST04226,BR029,Savings,2023-11-03,2630817.48,Active
ACC004227,CUST04227,BR032,Savings,2022-09-04,534755.76,Active
ACC004228,CUST04228,BR031,Salary,2023-06-02,273862.53,Active
ACC004229,CUST04229,BR010,Savings,2023-12-31,11083.54,Dormant
ACC004230,CUST04230,BR040,Current,2018-12-30,723099.11,Active
ACC004231,CUST04231,BR050,Savings,2023-11-22,1134370.63,Active
ACC004232,CUST04232,BR013,Savings,2017-11-26,2586.71,Active
ACC004233,CUST04233,BR006,Savings,2019-02-11,105222.87,Active
ACC004234,CUST04234,BR009,Savings,2023-11-17,2717791.74,Active
ACC004235,CUST04235,BR004,Savings,2023-05-03,8801.17,Active
ACC004236,CUST04236,BR044,Savings,2024-01-02,17854.08,Active
ACC004237,CUST04237,BR044,Savings,2023-08-17,8845.08,Active
ACC004238,CUST04238,BR021,Current,2024-05-22,41831.46,Active
ACC004239,CUST04239,BR009,Current,2022-05-15,606273.48,Inactive
ACC004240,CUST04240,BR019,Savings,2021-07-19,19031.63,Active
ACC004241,CUST04241,BR010,Savings,2023-12-05,13951.78,Dormant
ACC004242,CUST04242,BR028,Savings,2022-04-13,12720.11,Active
ACC004243,CUST04243,BR018,Fixed Deposit,2023-09-30,1619915.24,Active
ACC004244,CUST04244,BR047,Savings,2020-12-29,63880.24,Active
ACC004245,CUST04245,BR030,Savings,2019-05-31,1159820.06,Dormant
ACC004246,CUST04246,BR039,Current,2022-01-16,80381.78,Active
ACC004247,CUST04247,BR040,Salary,2024-02-28,191415.75,Active
ACC004248,CUST04248,BR028,Salary,2022-03-08,281906.96,Active
ACC004249,CUST04249,BR015,Savings,2024-04-25,63380.99,Active
ACC004250,CUST04250,BR036,Savings,2023-04-26,590874.15,Dormant
ACC004251,CUST04251,BR045,Savings,2022-06-11,9012.16,Active
ACC004252,CUST04252,BR031,Salary,2023-09-16,309044.61,Dormant
ACC004253,CUST04253,BR002,Savings,2022-03-14,5280.53,Active
ACC004254,CUST04254,BR012,Savings,2020-08-16,18190.87,Dormant
ACC004255,CUST04255,BR021,Savings,2022-05-03,20147.86,Active
ACC004256,CUST04256,BR043,Savings,2023-09-18,645022.56,Active
ACC004257,CUST04257,BR013,Savings,2023-03-15,5490572.65,Active
ACC004258,CUST04258,BR037,Savings,2019-06-23,7403.74,Active
ACC004259,CUST04259,BR005,Savings,2022-05-20,84238.71,Inactive
ACC004260,CUST04260,BR028,Savings,2022-12-19,1038936.11,Active
ACC004261,CUST04261,BR011,Savings,2018-07-17,73229.29,Dormant
ACC004262,CUST04262,BR001,Savings,2024-06-21,93666.91,Inactive
ACC004263,CUST04263,BR010,Current,2022-06-14,3436398.42,Dormant
ACC004264,CUST04264,BR030,Savings,2018-10-26,108102.05,Active
ACC004265,CUST04265,BR034,Savings,2022-05-22,12097.13,Active
ACC004266,CUST04266,BR035,Salary,2022-04-22,189640.40,Active
ACC004267,CUST04267,BR002,Savings,2021-07-28,14017.53,Active
ACC004268,CUST04268,BR046,Current,2024-02-02,121511.77,Active
ACC004269,CUST04269,BR005,Savings,2023-05-07,360524.35,Inactive
ACC004270,CUST04270,BR002,Savings,2016-03-30,3579.77,Active
ACC004271,CUST04271,BR050,Current,2017-03-28,3243003.90,Active
ACC004272,CUST04272,BR001,Savings,2021-06-07,65921.29,Active
ACC004273,CUST04273,BR048,Savings,2017-07-07,3657.70,Active
ACC004274,CUST04274,BR010,Savings,2022-04-13,19426.58,Active
ACC004275,CUST04275,BR008,Salary,2017-07-19,244865.20,Dormant
ACC004276,CUST04276,BR027,Savings,2019-05-23,1104484.93,Active
ACC004277,CUST04277,BR031,Savings,2020-12-31,10510.82,Active
ACC004278,CUST04278,BR017,Salary,2021-08-13,57072.43,Active
ACC004279,CUST04279,BR001,Current,2023-05-28,744675.11,Active
ACC004280,CUST04280,BR007,Salary,2024-02-08,131097.06,Active
ACC004281,CUST04281,BR045,Savings,2022-02-21,537924.18,Active
ACC004282,CUST04282,BR021,Savings,2024-06-23,86499.88,Active
ACC004283,CUST04283,BR007,Savings,2019-06-10,20369.71,Active
ACC004284,CUST04284,BR011,Salary,2020-04-07,92862.82,Active
ACC004285,CUST04285,BR036,Savings,2022-07-30,1196059.02,Inactive
ACC004286,CUST04286,BR048,Savings,2023-08-17,3846039.91,Active
ACC004287,CUST04287,BR013,Current,2024-04-05,499251.31,Active
ACC004288,CUST04288,BR021,Savings,2022-03-09,27913.99,Active
ACC004289,CUST04289,BR012,Savings,2016-05-05,5955.42,Inactive
ACC004290,CUST04290,BR016,Current,2023-06-14,44282.01,Dormant
ACC004291,CUST04291,BR031,Savings,2022-01-20,19386.02,Active
ACC004292,CUST04292,BR015,Current,2023-11-18,437192.81,Active
ACC004293,CUST04293,BR039,Savings,2022-12-21,11381.35,Active
ACC004294,CUST04294,BR021,Salary,2024-06-30,126952.13,Dormant
ACC004295,CUST04295,BR029,Savings,2022-02-07,13084.22,Active
ACC004296,CUST04296,BR027,Fixed Deposit,2018-02-22,821981.61,Active
ACC004297,CUST04297,BR001,Savings,2019-06-23,19235.28,Active
ACC004298,CUST04298,BR023,Savings,2018-11-14,16176.97,Active
ACC004299,CUST04299,BR046,Savings,2022-04-17,113392.77,Active
ACC004300,CUST04300,BR028,Savings,2022-12-30,116270.37,Active
ACC004301,CUST04301,BR040,Current,2023-10-13,1200302.98,Active
ACC004302,CUST04302,BR048,Savings,2023-03-29,6438.55,Active
ACC004303,CUST04303,BR037,Salary,2022-08-27,10452.27,Active
ACC004304,CUST04304,BR026,Savings,2023-10-25,10851.27,Active
ACC004305,CUST04305,BR032,Savings,2024-06-02,23872.18,Active
ACC004306,CUST04306,BR036,Savings,2023-03-10,19503.10,Active
ACC004307,CUST04307,BR037,Savings,2018-06-02,326344.42,Inactive
ACC004308,CUST04308,BR031,Current,2023-08-05,605964.75,Inactive
ACC004309,CUST04309,BR018,Savings,2022-10-08,388396.17,Active
ACC004310,CUST04310,BR029,Savings,2017-03-10,35778.98,Active
ACC004311,CUST04311,BR019,Savings,2024-03-11,474236.17,Active
ACC004312,CUST04312,BR026,Savings,2024-05-23,15082.53,Active
ACC004313,CUST04313,BR014,Savings,2022-10-12,799069.52,Active
ACC004314,CUST04314,BR030,Savings,2024-05-03,114772.26,Dormant
ACC004315,CUST04315,BR029,Savings,2022-10-24,123435.62,Active
ACC004316,CUST04316,BR025,Savings,2018-10-18,92352.40,Active
ACC004317,CUST04317,BR014,Savings,2022-11-09,141501.44,Active
ACC004318,CUST04318,BR007,Savings,2024-03-06,684249.16,Active
ACC004319,CUST04319,BR041,Savings,2023-02-24,5226.61,Dormant
ACC004320,CUST04320,BR013,Savings,2018-12-06,86947.01,Active
ACC004321,CUST04321,BR038,Savings,2023-11-29,92383.67,Active
ACC004322,CUST04322,BR015,Savings,2017-12-18,514191.67,Inactive
ACC004323,CUST04323,BR011,Savings,2024-04-23,636039.49,Active
ACC004324,CUST04324,BR029,Savings,2024-01-20,18620.65,Active
ACC004325,CUST04325,BR031,Savings,2022-09-03,116330.86,Inactive
ACC004326,CUST04326,BR046,Savings,2020-06-19,72610.73,Active
ACC004327,CUST04327,BR027,Savings,2022-01-07,432394.39,Active
ACC004328,CUST04328,BR018,Savings,2021-03-29,23335.09,Inactive
ACC004329,CUST04329,BR016,Fixed Deposit,2017-06-06,1494841.19,Active
ACC004330,CUST04330,BR027,Savings,2024-06-24,3161.43,Dormant
ACC004331,CUST04331,BR042,Salary,2023-07-22,12397.66,Active
ACC004332,CUST04332,BR036,Savings,2023-08-01,115789.90,Active
ACC004333,CUST04333,BR022,Savings,2016-08-05,1897121.73,Active
ACC004334,CUST04334,BR001,Salary,2024-04-10,256753.52,Active
ACC004335,CUST04335,BR042,Salary,2018-04-03,37484.12,Active
ACC004336,CUST04336,BR027,Current,2020-08-24,606957.59,Active
ACC004337,CUST04337,BR047,Current,2019-05-05,2613980.76,Inactive
ACC004338,CUST04338,BR044,Current,2022-10-05,775998.53,Dormant
ACC004339,CUST04339,BR007,Savings,2016-03-13,46267.89,Active
ACC004340,CUST04340,BR022,Savings,2018-02-23,86063.92,Active
ACC004341,CUST04341,BR040,Fixed Deposit,2023-04-25,300015.38,Dormant
ACC004342,CUST04342,BR047,Savings,2020-04-20,22864.50,Active
ACC004343,CUST04343,BR048,Savings,2017-11-21,7740.76,Active
ACC004344,CUST04344,BR040,Savings,2023-07-18,1010450.55,Dormant
ACC004345,CUST04345,BR027,Savings,2023-06-06,11732.01,Active
ACC004346,CUST04346,BR030,Savings,2019-07-14,31890.98,Inactive
ACC004347,CUST04347,BR036,Savings,2022-03-02,3640.49,Active
ACC004348,CUST04348,BR004,Savings,2023-05-20,2433225.32,Active
ACC004349,CUST04349,BR006,Current,2023-12-12,3694499.61,Active
ACC004350,CUST04350,BR027,Savings,2022-06-18,515462.79,Inactive
ACC004351,CUST04351,BR037,Savings,2016-01-25,866022.33,Active
ACC004352,CUST04352,BR041,Savings,2021-07-06,4405.91,Active
ACC004353,CUST04353,BR030,Current,2022-05-23,109493.28,Active
ACC004354,CUST04354,BR001,Salary,2024-06-01,70224.26,Active
ACC004355,CUST04355,BR050,Salary,2022-03-29,129481.55,Active
ACC004356,CUST04356,BR030,Savings,2024-05-08,63542.14,Active
ACC004357,CUST04357,BR033,Savings,2024-05-14,20581.48,Dormant
ACC004358,CUST04358,BR017,Fixed Deposit,2023-10-11,1171905.31,Active
ACC004359,CUST04359,BR028,Current,2024-05-27,50363.79,Active
ACC004360,CUST04360,BR005,Savings,2023-04-20,39026.59,Inactive
ACC004361,CUST04361,BR041,Savings,2022-09-20,29831.60,Dormant
ACC004362,CUST04362,BR036,Savings,2023-07-12,140173.44,Dormant
ACC004363,CUST04363,BR006,Current,2023-03-01,51018.80,Active
ACC004364,CUST04364,BR029,Current,2022-01-19,1202023.50,Active
ACC004365,CUST04365,BR026,Salary,2018-05-21,253619.71,Active
ACC004366,CUST04366,BR007,Savings,2024-04-16,109984.21,Active
ACC004367,CUST04367,BR028,Fixed Deposit,2023-07-10,1829679.75,Active
ACC004368,CUST04368,BR042,Savings,2019-06-28,335286.30,Active
ACC004369,CUST04369,BR037,Savings,2024-05-28,354265.50,Active
ACC004370,CUST04370,BR002,Current,2024-06-09,104094.29,Active
ACC004371,CUST04371,BR031,Savings,2023-08-11,67694.83,Dormant
ACC004372,CUST04372,BR006,Savings,2019-12-22,42922.94,Active
ACC004373,CUST04373,BR031,Salary,2023-07-29,202893.29,Active
ACC004374,CUST04374,BR039,Salary,2023-07-03,132382.61,Dormant
ACC004375,CUST04375,BR023,Current,2023-04-06,318936.87,Active
ACC004376,CUST04376,BR042,Savings,2019-08-01,36989.87,Dormant
ACC004377,CUST04377,BR029,Salary,2024-03-12,347082.76,Active
ACC004378,CUST04378,BR030,Savings,2022-09-13,11737.52,Inactive
ACC004379,CUST04379,BR050,Savings,2021-02-27,6248.96,Dormant
ACC004380,CUST04380,BR050,Savings,2024-05-16,1109168.48,Active
ACC004381,CUST04381,BR020,Savings,2024-05-10,5163.23,Active
ACC004382,CUST04382,BR034,Savings,2020-03-20,24828.51,Active
ACC004383,CUST04383,BR022,Savings,2019-08-07,19834.38,Active
ACC004384,CUST04384,BR017,Current,2023-07-13,111876.26,Active
ACC004385,CUST04385,BR024,Savings,2020-11-09,25059.30,Active
ACC004386,CUST04386,BR008,Current,2024-02-04,399032.72,Active
ACC004387,CUST04387,BR035,Savings,2022-09-18,115310.23,Active
ACC004388,CUST04388,BR039,Savings,2017-11-30,791962.79,Active
ACC004389,CUST04389,BR043,Savings,2023-01-20,1115940.08,Active
ACC004390,CUST04390,BR045,Savings,2018-08-03,11194.29,Active
ACC004391,CUST04391,BR027,Fixed Deposit,2023-03-12,1642414.45,Active
ACC004392,CUST04392,BR022,Savings,2021-03-10,143421.74,Active
ACC004393,CUST04393,BR007,Fixed Deposit,2020-01-19,1995894.98,Active
ACC004394,CUST04394,BR039,Savings,2020-05-31,1109183.42,Active
ACC004395,CUST04395,BR016,Fixed Deposit,2018-09-24,344698.79,Active
ACC004396,CUST04396,BR012,Current,2021-03-09,2957921.74,Inactive
ACC004397,CUST04397,BR018,Salary,2021-12-31,346317.51,Dormant
ACC004398,CUST04398,BR040,Savings,2022-06-14,72591.62,Active
ACC004399,CUST04399,BR031,Fixed Deposit,2019-05-01,1299562.48,Inactive
ACC004400,CUST04400,BR016,Savings,2024-04-22,3184.15,Active
ACC004401,CUST04401,BR014,Savings,2023-02-23,3514995.64,Active
ACC004402,CUST04402,BR030,Salary,2021-09-20,219267.26,Active
ACC004403,CUST04403,BR016,Savings,2020-12-25,79065.28,Active
ACC004404,CUST04404,BR031,Current,2023-10-02,355141.34,Active
ACC004405,CUST04405,BR024,Current,2023-09-24,145589.71,Active
ACC004406,CUST04406,BR030,Savings,2022-11-16,20112.23,Dormant
ACC004407,CUST04407,BR007,Savings,2023-08-19,511750.61,Active
ACC004408,CUST04408,BR004,Salary,2024-05-01,286861.29,Active
ACC004409,CUST04409,BR035,Current,2021-12-06,170820.95,Dormant
ACC004410,CUST04410,BR005,Savings,2023-07-20,36621.61,Inactive
ACC004411,CUST04411,BR032,Fixed Deposit,2021-10-31,473281.19,Inactive
ACC004412,CUST04412,BR027,Salary,2023-03-17,55903.86,Active
ACC004413,CUST04413,BR025,Salary,2021-09-29,327590.83,Dormant
ACC004414,CUST04414,BR011,Current,2023-02-22,237855.93,Inactive
ACC004415,CUST04415,BR043,Savings,2022-07-20,14287.99,Active
ACC004416,CUST04416,BR025,Current,2023-10-21,638949.70,Inactive
ACC004417,CUST04417,BR011,Fixed Deposit,2018-12-18,658201.72,Active
ACC004418,CUST04418,BR016,Savings,2023-08-02,117517.31,Active
ACC004419,CUST04419,BR006,Savings,2023-12-08,8284.72,Active
ACC004420,CUST04420,BR025,Salary,2023-05-19,161526.00,Active
ACC004421,CUST04421,BR025,Savings,2023-12-03,299516.94,Active
ACC004422,CUST04422,BR010,Salary,2020-08-18,337443.47,Active
ACC004423,CUST04423,BR033,Fixed Deposit,2022-07-13,1693211.47,Active
ACC004424,CUST04424,BR027,Fixed Deposit,2022-02-06,1194636.77,Dormant
ACC004425,CUST04425,BR049,Savings,2023-12-25,3356.86,Active
ACC004426,CUST04426,BR012,Savings,2021-04-30,4122.01,Active
ACC004427,CUST04427,BR004,Current,2021-12-04,2453964.18,Active
ACC004428,CUST04428,BR004,Savings,2017-08-05,123255.14,Inactive
ACC004429,CUST04429,BR023,Fixed Deposit,2024-04-05,1139543.55,Dormant
ACC004430,CUST04430,BR017,Fixed Deposit,2016-10-04,1269181.05,Inactive
ACC004431,CUST04431,BR039,Current,2022-09-27,127049.17,Inactive
ACC004432,CUST04432,BR003,Salary,2019-12-06,271187.57,Dormant
ACC004433,CUST04433,BR038,Savings,2024-04-18,1122501.07,Active
ACC004434,CUST04434,BR026,Fixed Deposit,2023-06-14,527197.82,Active
ACC004435,CUST04435,BR043,Current,2023-12-08,1437934.31,Active
ACC004436,CUST04436,BR012,Savings,2021-04-25,56544.74,Active
ACC004437,CUST04437,BR022,Fixed Deposit,2023-11-24,1734712.92,Active
ACC004438,CUST04438,BR016,Fixed Deposit,2021-08-20,471034.88,Active
ACC004439,CUST04439,BR027,Savings,2022-03-19,39139.20,Active
ACC004440,CUST04440,BR004,Current,2023-10-19,48665.20,Active
ACC004441,CUST04441,BR045,Savings,2023-06-20,19971.94,Active
ACC004442,CUST04442,BR015,Savings,2024-05-14,16680.27,Active
ACC004443,CUST04443,BR035,Savings,2022-07-16,83275.13,Active
ACC004444,CUST04444,BR013,Savings,2022-05-13,8812.94,Active
ACC004445,CUST04445,BR033,Salary,2024-06-15,27504.98,Dormant
ACC004446,CUST04446,BR040,Savings,2021-09-19,42878.20,Active
ACC004447,CUST04447,BR037,Savings,2020-08-07,84999.11,Active
ACC004448,CUST04448,BR016,Savings,2021-06-19,19910.11,Active
ACC004449,CUST04449,BR020,Current,2022-10-22,711532.77,Active
ACC004450,CUST04450,BR011,Salary,2024-04-03,243105.24,Active
ACC004451,CUST04451,BR043,Current,2023-06-01,122107.47,Active
ACC004452,CUST04452,BR021,Salary,2022-11-03,135348.60,Active
ACC004453,CUST04453,BR032,Savings,2020-06-13,618878.12,Dormant
ACC004454,CUST04454,BR031,Savings,2023-05-07,477872.38,Active
ACC004455,CUST04455,BR047,Fixed Deposit,2023-06-02,1670015.48,Active
ACC004456,CUST04456,BR016,Current,2018-05-29,208035.19,Inactive
ACC004457,CUST04457,BR048,Salary,2021-08-02,235298.14,Active
ACC004458,CUST04458,BR002,Current,2017-12-16,135796.40,Active
ACC004459,CUST04459,BR046,Savings,2022-04-02,132689.69,Inactive
ACC004460,CUST04460,BR046,Current,2021-06-04,533454.51,Active
ACC004461,CUST04461,BR016,Salary,2020-01-23,227375.99,Active
ACC004462,CUST04462,BR008,Current,2023-06-23,91445.60,Active
ACC004463,CUST04463,BR031,Savings,2023-07-22,65514.48,Active
ACC004464,CUST04464,BR030,Savings,2020-08-01,3606.33,Active
ACC004465,CUST04465,BR050,Current,2024-02-16,116790.42,Active
ACC004466,CUST04466,BR033,Savings,2020-09-20,135140.67,Active
ACC004467,CUST04467,BR011,Salary,2022-12-05,72023.41,Active
ACC004468,CUST04468,BR038,Salary,2021-08-14,261394.47,Active
ACC004469,CUST04469,BR007,Savings,2021-08-15,77756.93,Active
ACC004470,CUST04470,BR013,Current,2021-11-02,457095.55,Active
ACC004471,CUST04471,BR010,Fixed Deposit,2023-08-23,412285.35,Active
ACC004472,CUST04472,BR005,Current,2019-10-01,85080.26,Dormant
ACC004473,CUST04473,BR006,Savings,2023-03-19,28166.68,Inactive
ACC004474,CUST04474,BR002,Savings,2020-02-19,254506.38,Active
ACC004475,CUST04475,BR017,Savings,2022-10-22,78315.67,Active
ACC004476,CUST04476,BR050,Savings,2024-01-28,303046.72,Active
ACC004477,CUST04477,BR023,Savings,2021-07-23,885674.81,Active
ACC004478,CUST04478,BR008,Savings,2019-04-07,1484280.19,Active
ACC004479,CUST04479,BR006,Salary,2023-05-07,222958.10,Active
ACC004480,CUST04480,BR049,Savings,2016-01-08,114609.80,Inactive
ACC004481,CUST04481,BR050,Current,2024-05-19,622985.65,Dormant
ACC004482,CUST04482,BR039,Savings,2024-02-19,45116.19,Dormant
ACC004483,CUST04483,BR016,Savings,2024-01-05,33781.63,Active
ACC004484,CUST04484,BR032,Savings,2023-05-26,144069.06,Active
ACC004485,CUST04485,BR005,Fixed Deposit,2023-09-22,209960.12,Active
ACC004486,CUST04486,BR014,Fixed Deposit,2023-11-19,714336.42,Inactive
ACC004487,CUST04487,BR019,Savings,2023-03-26,93749.28,Active
ACC004488,CUST04488,BR016,Current,2024-03-23,451576.74,Active
ACC004489,CUST04489,BR034,Savings,2021-12-16,11039.64,Active
ACC004490,CUST04490,BR022,Savings,2023-09-24,17600.52,Active
ACC004491,CUST04491,BR037,Savings,2022-02-12,3194.83,Active
ACC004492,CUST04492,BR032,Savings,2019-07-22,19703.51,Dormant
ACC004493,CUST04493,BR041,Current,2023-06-04,762324.67,Dormant
ACC004494,CUST04494,BR027,Savings,2021-01-20,1103685.51,Inactive
ACC004495,CUST04495,BR048,Savings,2018-09-26,71796.71,Active
ACC004496,CUST04496,BR003,Savings,2023-08-18,140149.12,Active
ACC004497,CUST04497,BR026,Savings,2022-01-26,7447.36,Active
ACC004498,CUST04498,BR048,Savings,2024-05-26,6416.26,Active
ACC004499,CUST04499,BR046,Savings,2024-04-03,68806.38,Active
ACC004500,CUST04500,BR025,Salary,2019-08-18,88088.35,Active
ACC004501,CUST04501,BR034,Savings,2024-02-06,54583.29,Active
ACC004502,CUST04502,BR018,Savings,2022-04-29,12034.81,Active
ACC004503,CUST04503,BR033,Savings,2023-12-01,148432.77,Active
ACC004504,CUST04504,BR018,Savings,2022-05-22,15635.73,Active
ACC004505,CUST04505,BR021,Savings,2022-03-13,522764.61,Inactive
ACC004506,CUST04506,BR015,Savings,2021-05-11,4757.67,Dormant
ACC004507,CUST04507,BR032,Savings,2023-09-01,3735799.02,Dormant
ACC004508,CUST04508,BR044,Savings,2024-03-19,24926.25,Active
ACC004509,CUST04509,BR025,Savings,2022-07-17,9578.59,Active
ACC004510,CUST04510,BR041,Current,2024-06-04,1806917.40,Active
ACC004511,CUST04511,BR037,Salary,2023-06-26,218849.84,Dormant
ACC004512,CUST04512,BR045,Current,2024-04-07,111062.38,Active
ACC004513,CUST04513,BR041,Fixed Deposit,2023-12-24,377442.09,Dormant
ACC004514,CUST04514,BR045,Current,2021-06-20,522251.37,Inactive
ACC004515,CUST04515,BR022,Fixed Deposit,2022-01-09,66228.62,Inactive
ACC004516,CUST04516,BR040,Savings,2021-12-09,11246.52,Active
ACC004517,CUST04517,BR031,Fixed Deposit,2019-02-16,513806.42,Active
ACC004518,CUST04518,BR033,Savings,2017-05-30,92979.06,Active
ACC004519,CUST04519,BR029,Savings,2023-11-03,77924.93,Active
ACC004520,CUST04520,BR012,Current,2018-06-04,145454.31,Active
ACC004521,CUST04521,BR011,Savings,2024-06-30,116664.73,Active
ACC004522,CUST04522,BR044,Savings,2017-07-24,19906.29,Dormant
ACC004523,CUST04523,BR044,Current,2023-05-28,719209.70,Active
ACC004524,CUST04524,BR003,Current,2023-11-18,79005.45,Dormant
ACC004525,CUST04525,BR006,Savings,2021-11-23,6578.99,Dormant
ACC004526,CUST04526,BR046,Salary,2024-03-02,317600.87,Active
ACC004527,CUST04527,BR031,Savings,2023-12-29,142321.49,Active
ACC004528,CUST04528,BR036,Current,2020-08-06,142838.94,Active
ACC004529,CUST04529,BR041,Fixed Deposit,2023-08-08,1231159.79,Active
ACC004530,CUST04530,BR009,Savings,2017-03-12,10171.45,Active
ACC004531,CUST04531,BR039,Current,2023-09-06,658902.74,Active
ACC004532,CUST04532,BR008,Salary,2019-12-14,119211.85,Active
ACC004533,CUST04533,BR006,Savings,2020-10-01,103622.43,Inactive
ACC004534,CUST04534,BR020,Current,2018-07-20,684429.72,Active
ACC004535,CUST04535,BR034,Savings,2024-02-21,21980.15,Active
ACC004536,CUST04536,BR047,Salary,2023-04-08,318740.95,Active
ACC004537,CUST04537,BR004,Salary,2022-08-14,173366.59,Inactive
ACC004538,CUST04538,BR007,Savings,2023-02-21,9809.51,Active
ACC004539,CUST04539,BR049,Savings,2023-12-28,13783.82,Active
ACC004540,CUST04540,BR026,Savings,2021-02-18,21953.74,Inactive
ACC004541,CUST04541,BR014,Savings,2019-05-21,1125813.24,Active
ACC004542,CUST04542,BR034,Savings,2024-04-15,137297.84,Dormant
ACC004543,CUST04543,BR001,Current,2022-12-22,715466.45,Active
ACC004544,CUST04544,BR032,Savings,2021-08-15,20559.85,Active
ACC004545,CUST04545,BR049,Savings,2022-03-27,23689.15,Active
ACC004546,CUST04546,BR037,Current,2017-10-23,1100804.03,Active
ACC004547,CUST04547,BR045,Salary,2023-11-25,86792.19,Active
ACC004548,CUST04548,BR040,Fixed Deposit,2023-07-19,1567728.50,Inactive
ACC004549,CUST04549,BR021,Savings,2022-11-26,21638.37,Active
ACC004550,CUST04550,BR033,Current,2023-10-16,578565.25,Active
ACC004551,CUST04551,BR023,Salary,2015-11-16,81661.69,Active
ACC004552,CUST04552,BR004,Salary,2020-04-14,107872.81,Active
ACC004553,CUST04553,BR048,Savings,2023-12-23,284184.39,Active
ACC004554,CUST04554,BR001,Salary,2023-08-06,228048.31,Active
ACC004555,CUST04555,BR047,Current,2017-10-29,393997.83,Active
ACC004556,CUST04556,BR018,Current,2023-08-17,67267.33,Active
ACC004557,CUST04557,BR013,Salary,2023-06-10,57852.66,Active
ACC004558,CUST04558,BR014,Salary,2023-11-04,117326.73,Inactive
ACC004559,CUST04559,BR028,Savings,2018-10-31,606906.60,Active
ACC004560,CUST04560,BR011,Savings,2023-10-12,62708.99,Active
ACC004561,CUST04561,BR012,Current,2022-03-29,418867.92,Dormant
ACC004562,CUST04562,BR050,Savings,2018-03-02,23396.39,Dormant
ACC004563,CUST04563,BR042,Fixed Deposit,2020-10-29,1951280.65,Active
ACC004564,CUST04564,BR013,Savings,2018-03-14,7324.90,Dormant
ACC004565,CUST04565,BR014,Savings,2021-09-02,984982.59,Active
ACC004566,CUST04566,BR032,Savings,2021-09-30,83959.29,Active
ACC004567,CUST04567,BR034,Current,2022-08-03,450269.92,Active
ACC004568,CUST04568,BR027,Savings,2022-08-22,809142.84,Active
ACC004569,CUST04569,BR024,Savings,2020-12-06,13539.45,Active
ACC004570,CUST04570,BR032,Savings,2024-01-29,75516.27,Active
ACC004571,CUST04571,BR019,Salary,2024-01-11,126424.13,Inactive
ACC004572,CUST04572,BR028,Savings,2024-06-28,12971.58,Dormant
ACC004573,CUST04573,BR014,Savings,2022-04-22,30109.26,Active
ACC004574,CUST04574,BR044,Savings,2020-01-15,428318.47,Inactive
ACC004575,CUST04575,BR016,Savings,2020-12-20,22824.13,Inactive
ACC004576,CUST04576,BR024,Salary,2023-01-30,98261.50,Active
ACC004577,CUST04577,BR028,Savings,2023-07-08,66694.91,Dormant
ACC004578,CUST04578,BR026,Savings,2020-11-27,68039.16,Active
ACC004579,CUST04579,BR037,Savings,2024-06-09,17688.86,Active
ACC004580,CUST04580,BR006,Savings,2022-08-20,7145.32,Active
ACC004581,CUST04581,BR025,Savings,2018-09-05,11711.50,Active
ACC004582,CUST04582,BR029,Savings,2023-01-07,1312206.74,Dormant
ACC004583,CUST04583,BR040,Salary,2019-06-12,13924.06,Active
ACC004584,CUST04584,BR048,Savings,2024-03-01,49293.47,Active
ACC004585,CUST04585,BR031,Savings,2023-07-08,130476.20,Active
ACC004586,CUST04586,BR043,Savings,2022-02-01,8029.34,Active
ACC004587,CUST04587,BR044,Savings,2024-06-29,78061.69,Active
ACC004588,CUST04588,BR012,Savings,2019-01-26,103034.09,Inactive
ACC004589,CUST04589,BR014,Savings,2020-07-31,136622.63,Dormant
ACC004590,CUST04590,BR003,Savings,2023-03-26,110607.56,Active
ACC004591,CUST04591,BR048,Savings,2024-05-18,38733.34,Dormant
ACC004592,CUST04592,BR037,Current,2023-03-30,733526.08,Inactive
ACC004593,CUST04593,BR018,Savings,2022-07-06,129813.79,Dormant
ACC004594,CUST04594,BR013,Current,2020-07-28,635350.80,Active
ACC004595,CUST04595,BR024,Fixed Deposit,2024-05-31,1250196.65,Inactive
ACC004596,CUST04596,BR046,Savings,2024-02-25,17916.15,Active
ACC004597,CUST04597,BR015,Fixed Deposit,2021-04-27,989134.49,Active
ACC004598,CUST04598,BR009,Current,2019-12-01,47701.72,Active
ACC004599,CUST04599,BR036,Savings,2024-05-18,23177.28,Active
ACC004600,CUST04600,BR038,Savings,2021-07-05,5303028.53,Active
ACC004601,CUST04601,BR023,Current,2023-05-13,313171.63,Active
ACC004602,CUST04602,BR026,Savings,2016-04-12,1144280.34,Active
ACC004603,CUST04603,BR038,Fixed Deposit,2022-01-20,184926.27,Active
ACC004604,CUST04604,BR015,Savings,2018-06-11,62924.40,Active
ACC004605,CUST04605,BR012,Current,2022-03-28,48466.37,Active
ACC004606,CUST04606,BR029,Savings,2023-06-22,85298.29,Dormant
ACC004607,CUST04607,BR019,Savings,2019-12-17,149743.16,Active
ACC004608,CUST04608,BR017,Salary,2020-07-24,112806.07,Active
ACC004609,CUST04609,BR028,Savings,2017-01-28,5840441.60,Active
ACC004610,CUST04610,BR044,Salary,2023-02-16,32522.11,Active
ACC004611,CUST04611,BR005,Savings,2022-04-06,60978.24,Active
ACC004612,CUST04612,BR039,Savings,2021-10-29,85174.49,Active
ACC004613,CUST04613,BR026,Savings,2017-11-22,16789.00,Active
ACC004614,CUST04614,BR011,Salary,2023-10-23,286341.97,Dormant
ACC004615,CUST04615,BR005,Savings,2024-06-27,5489594.53,Active
ACC004616,CUST04616,BR036,Savings,2023-01-04,92862.25,Active
ACC004617,CUST04617,BR050,Current,2021-02-03,394182.20,Inactive
ACC004618,CUST04618,BR022,Fixed Deposit,2022-12-24,1059741.29,Active
ACC004619,CUST04619,BR035,Savings,2024-06-10,19405.21,Active
ACC004620,CUST04620,BR035,Savings,2023-02-28,227376.94,Inactive
ACC004621,CUST04621,BR049,Savings,2022-11-18,39654.61,Dormant
ACC004622,CUST04622,BR007,Current,2021-08-15,1945413.34,Active
ACC004623,CUST04623,BR049,Salary,2022-02-27,262217.14,Active
ACC004624,CUST04624,BR003,Savings,2023-11-18,12899.66,Dormant
ACC004625,CUST04625,BR024,Savings,2019-12-20,146599.57,Inactive
ACC004626,CUST04626,BR025,Savings,2023-12-11,130866.55,Active
ACC004627,CUST04627,BR047,Savings,2020-06-09,106075.05,Active
ACC004628,CUST04628,BR021,Savings,2017-05-16,44330.78,Active
ACC004629,CUST04629,BR005,Salary,2022-01-03,302149.62,Active
ACC004630,CUST04630,BR050,Savings,2022-10-02,61260.79,Active
ACC004631,CUST04631,BR021,Savings,2024-04-08,55674.75,Dormant
ACC004632,CUST04632,BR004,Savings,2023-06-25,148795.61,Active
ACC004633,CUST04633,BR028,Savings,2021-10-31,14288.78,Active
ACC004634,CUST04634,BR025,Fixed Deposit,2024-06-09,1488048.28,Active
ACC004635,CUST04635,BR002,Savings,2020-03-31,25590.47,Inactive
ACC004636,CUST04636,BR034,Savings,2023-06-21,1049656.18,Active
ACC004637,CUST04637,BR017,Current,2019-11-12,219937.52,Active
ACC004638,CUST04638,BR040,Savings,2022-02-28,5537497.69,Active
ACC004639,CUST04639,BR028,Savings,2020-04-22,3047848.57,Inactive
ACC004640,CUST04640,BR038,Current,2024-03-06,562321.41,Active
ACC004641,CUST04641,BR045,Salary,2022-05-19,255776.52,Active
ACC004642,CUST04642,BR041,Current,2020-01-30,94084.99,Dormant
ACC004643,CUST04643,BR039,Savings,2024-03-21,13426.46,Active
ACC004644,CUST04644,BR023,Savings,2022-06-23,23835.51,Inactive
ACC004645,CUST04645,BR044,Current,2022-04-06,687846.46,Dormant
ACC004646,CUST04646,BR039,Savings,2024-04-07,13601.27,Active
ACC004647,CUST04647,BR041,Current,2019-10-05,25189.07,Active
ACC004648,CUST04648,BR001,Savings,2024-04-10,611298.59,Active
ACC004649,CUST04649,BR008,Savings,2023-09-14,118661.15,Active
ACC004650,CUST04650,BR050,Savings,2022-01-27,14051.68,Active
ACC004651,CUST04651,BR044,Savings,2017-10-22,145506.89,Active
ACC004652,CUST04652,BR048,Savings,2020-06-11,835291.95,Active
ACC004653,CUST04653,BR014,Savings,2017-06-04,216396.82,Active
ACC004654,CUST04654,BR010,Savings,2024-03-20,3704211.61,Active
ACC004655,CUST04655,BR040,Salary,2021-01-22,239351.09,Active
ACC004656,CUST04656,BR050,Fixed Deposit,2021-03-11,1212952.47,Active
ACC004657,CUST04657,BR013,Current,2022-02-26,588252.47,Active
ACC004658,CUST04658,BR040,Salary,2021-06-20,22852.15,Active
ACC004659,CUST04659,BR001,Savings,2023-03-03,2490.50,Active
ACC004660,CUST04660,BR047,Fixed Deposit,2021-08-13,1467273.00,Active
ACC004661,CUST04661,BR035,Current,2023-08-06,303299.35,Active
ACC004662,CUST04662,BR030,Salary,2023-08-31,176226.54,Active
ACC004663,CUST04663,BR049,Salary,2019-10-14,228964.10,Active
ACC004664,CUST04664,BR014,Savings,2021-10-07,5626.69,Active
ACC004665,CUST04665,BR007,Salary,2023-08-15,314319.65,Active
ACC004666,CUST04666,BR011,Savings,2020-06-20,12010.44,Active
ACC004667,CUST04667,BR044,Savings,2022-11-15,230209.62,Active
ACC004668,CUST04668,BR027,Salary,2023-07-18,12856.66,Active
ACC004669,CUST04669,BR041,Savings,2019-04-06,305967.99,Active
ACC004670,CUST04670,BR021,Savings,2022-02-15,735901.83,Dormant
ACC004671,CUST04671,BR002,Savings,2020-04-07,58446.26,Active
ACC004672,CUST04672,BR012,Savings,2024-03-23,120113.39,Active
ACC004673,CUST04673,BR028,Salary,2023-08-12,295684.04,Active
ACC004674,CUST04674,BR020,Savings,2023-10-26,992931.83,Dormant
ACC004675,CUST04675,BR041,Fixed Deposit,2015-12-21,968924.23,Active
ACC004676,CUST04676,BR024,Savings,2021-11-21,127683.64,Inactive
ACC004677,CUST04677,BR007,Savings,2020-08-29,5602626.17,Dormant
ACC004678,CUST04678,BR015,Savings,2022-06-12,36627.94,Active
ACC004679,CUST04679,BR023,Savings,2023-04-24,4318.34,Active
ACC004680,CUST04680,BR020,Savings,2020-12-30,23365.38,Active
ACC004681,CUST04681,BR044,Fixed Deposit,2017-10-18,399469.35,Active
ACC004682,CUST04682,BR040,Fixed Deposit,2022-10-12,1531375.28,Active
ACC004683,CUST04683,BR041,Fixed Deposit,2022-04-06,637889.58,Active
ACC004684,CUST04684,BR045,Current,2023-08-08,314292.42,Active
ACC004685,CUST04685,BR033,Savings,2024-03-06,116783.89,Active
ACC004686,CUST04686,BR024,Current,2021-11-17,49748.58,Active
ACC004687,CUST04687,BR033,Savings,2019-09-13,111933.47,Inactive
ACC004688,CUST04688,BR011,Savings,2023-04-05,2186949.86,Active
ACC004689,CUST04689,BR019,Salary,2016-07-25,277720.29,Inactive
ACC004690,CUST04690,BR026,Fixed Deposit,2020-07-13,738286.92,Active
ACC004691,CUST04691,BR002,Salary,2020-01-21,211888.54,Active
ACC004692,CUST04692,BR001,Savings,2022-08-10,1300197.10,Dormant
ACC004693,CUST04693,BR008,Current,2023-11-08,26429.69,Active
ACC004694,CUST04694,BR014,Savings,2022-03-10,231559.14,Active
ACC004695,CUST04695,BR017,Fixed Deposit,2020-10-12,438472.23,Active
ACC004696,CUST04696,BR001,Savings,2023-10-05,105157.26,Active
ACC004697,CUST04697,BR043,Savings,2019-10-18,86628.70,Active
ACC004698,CUST04698,BR023,Fixed Deposit,2018-05-04,361261.66,Active
ACC004699,CUST04699,BR047,Savings,2022-03-13,127032.63,Active
ACC004700,CUST04700,BR023,Savings,2019-09-05,110560.20,Inactive
ACC004701,CUST04701,BR030,Savings,2023-01-19,57700.44,Active
ACC004702,CUST04702,BR025,Savings,2022-09-17,125053.29,Active
ACC004703,CUST04703,BR038,Savings,2023-08-14,114242.87,Inactive
ACC004704,CUST04704,BR037,Savings,2019-05-10,139738.90,Active
ACC004705,CUST04705,BR014,Salary,2022-09-19,216612.47,Inactive
ACC004706,CUST04706,BR012,Savings,2020-09-03,130105.03,Active
ACC004707,CUST04707,BR014,Salary,2019-11-21,56210.06,Inactive
ACC004708,CUST04708,BR017,Salary,2020-12-17,280320.18,Active
ACC004709,CUST04709,BR035,Savings,2024-04-02,20629.29,Active
ACC004710,CUST04710,BR039,Savings,2023-05-19,1125817.59,Active
ACC004711,CUST04711,BR007,Savings,2022-11-22,29044.87,Active
ACC004712,CUST04712,BR019,Savings,2021-06-02,20269.80,Active
ACC004713,CUST04713,BR017,Savings,2022-04-19,19384.67,Inactive
ACC004714,CUST04714,BR025,Savings,2023-05-23,27068.20,Active
ACC004715,CUST04715,BR041,Savings,2023-04-02,137094.16,Active
ACC004716,CUST04716,BR043,Savings,2022-02-03,19451.50,Active
ACC004717,CUST04717,BR015,Savings,2018-05-16,31136.54,Active
ACC004718,CUST04718,BR049,Current,2021-07-13,549643.81,Inactive
ACC004719,CUST04719,BR033,Savings,2021-12-13,21923.75,Active
ACC004720,CUST04720,BR031,Current,2024-03-20,158244.18,Active
ACC004721,CUST04721,BR013,Salary,2021-07-18,44629.90,Active
ACC004722,CUST04722,BR020,Savings,2022-11-01,124980.45,Active
ACC004723,CUST04723,BR001,Current,2020-08-20,627241.37,Active
ACC004724,CUST04724,BR035,Savings,2022-12-25,1090272.56,Active
ACC004725,CUST04725,BR044,Current,2024-02-12,4333484.08,Active
ACC004726,CUST04726,BR045,Salary,2020-05-09,115095.65,Active
ACC004727,CUST04727,BR013,Savings,2022-03-08,2121526.98,Dormant
ACC004728,CUST04728,BR017,Current,2024-06-16,76695.18,Active
ACC004729,CUST04729,BR038,Savings,2020-09-11,19519.18,Active
ACC004730,CUST04730,BR018,Savings,2020-03-19,686588.71,Active
ACC004731,CUST04731,BR009,Current,2020-10-16,157555.07,Active
ACC004732,CUST04732,BR001,Current,2024-04-16,4216190.48,Active
ACC004733,CUST04733,BR015,Savings,2023-01-03,138421.99,Active
ACC004734,CUST04734,BR036,Current,2023-12-13,384789.71,Dormant
ACC004735,CUST04735,BR035,Salary,2023-04-18,240859.49,Active
ACC004736,CUST04736,BR047,Savings,2021-12-17,10254.59,Inactive
ACC004737,CUST04737,BR045,Salary,2024-06-17,24537.01,Active
ACC004738,CUST04738,BR018,Fixed Deposit,2023-09-12,1071240.65,Active
ACC004739,CUST04739,BR002,Savings,2024-02-22,60327.68,Active
ACC004740,CUST04740,BR015,Savings,2024-06-07,19426.17,Active
ACC004741,CUST04741,BR030,Current,2024-02-16,136583.40,Active
ACC004742,CUST04742,BR016,Salary,2022-11-07,349802.55,Dormant
ACC004743,CUST04743,BR017,Savings,2016-12-18,130422.59,Active
ACC004744,CUST04744,BR005,Savings,2019-01-02,1152285.22,Inactive
ACC004745,CUST04745,BR035,Savings,2022-02-19,86157.82,Active
ACC004746,CUST04746,BR038,Savings,2023-06-18,1144883.79,Active
ACC004747,CUST04747,BR002,Fixed Deposit,2023-09-28,408203.23,Active
ACC004748,CUST04748,BR018,Savings,2023-12-11,4960888.02,Active
ACC004749,CUST04749,BR049,Savings,2020-02-12,64607.95,Active
ACC004750,CUST04750,BR047,Salary,2020-11-17,245792.38,Active
ACC004751,CUST04751,BR006,Salary,2024-06-11,33911.80,Active
ACC004752,CUST04752,BR016,Savings,2020-11-24,71453.43,Active
ACC004753,CUST04753,BR032,Savings,2022-08-10,8435.90,Active
ACC004754,CUST04754,BR045,Savings,2018-11-24,5521.08,Active
ACC004755,CUST04755,BR045,Savings,2015-06-30,22762.09,Active
ACC004756,CUST04756,BR049,Current,2020-02-09,3463358.92,Active
ACC004757,CUST04757,BR032,Savings,2022-05-06,68393.06,Dormant
ACC004758,CUST04758,BR029,Current,2021-10-05,44669.68,Active
ACC004759,CUST04759,BR050,Fixed Deposit,2024-02-04,473113.32,Dormant
ACC004760,CUST04760,BR044,Savings,2018-03-27,6595.94,Active
ACC004761,CUST04761,BR040,Savings,2023-01-24,53610.17,Active
ACC004762,CUST04762,BR017,Savings,2024-02-10,271765.56,Active
ACC004763,CUST04763,BR033,Savings,2023-04-20,1120714.81,Inactive
ACC004764,CUST04764,BR037,Savings,2023-07-02,661825.89,Inactive
ACC004765,CUST04765,BR003,Salary,2020-01-01,160430.50,Active
ACC004766,CUST04766,BR040,Savings,2023-04-03,105470.08,Active
ACC004767,CUST04767,BR009,Savings,2022-08-11,4490.65,Dormant
ACC004768,CUST04768,BR039,Savings,2023-01-08,62406.28,Dormant
ACC004769,CUST04769,BR016,Current,2022-07-26,746017.00,Active
ACC004770,CUST04770,BR044,Current,2021-07-01,777856.46,Active
ACC004771,CUST04771,BR014,Fixed Deposit,2023-09-21,983469.25,Inactive
ACC004772,CUST04772,BR043,Current,2020-12-29,79283.93,Inactive
ACC004773,CUST04773,BR004,Savings,2016-12-18,1067590.07,Active
ACC004774,CUST04774,BR023,Salary,2023-10-28,96695.68,Active
ACC004775,CUST04775,BR039,Savings,2021-11-27,22732.76,Active
ACC004776,CUST04776,BR041,Savings,2023-04-10,148672.09,Active
ACC004777,CUST04777,BR032,Savings,2021-10-07,11696.57,Active
ACC004778,CUST04778,BR038,Savings,2019-02-17,4112.01,Active
ACC004779,CUST04779,BR030,Savings,2023-12-10,1314647.51,Active
ACC004780,CUST04780,BR022,Savings,2021-07-06,77089.89,Active
ACC004781,CUST04781,BR022,Savings,2024-03-26,24329.81,Active
ACC004782,CUST04782,BR001,Savings,2021-09-14,69945.60,Active
ACC004783,CUST04783,BR046,Fixed Deposit,2019-01-23,314650.74,Active
ACC004784,CUST04784,BR027,Salary,2022-01-31,67786.86,Active
ACC004785,CUST04785,BR024,Savings,2024-05-23,22053.52,Active
ACC004786,CUST04786,BR033,Fixed Deposit,2023-11-06,1027874.35,Active
ACC004787,CUST04787,BR029,Savings,2019-08-21,9980.15,Inactive
ACC004788,CUST04788,BR018,Fixed Deposit,2022-04-24,779641.72,Active
ACC004789,CUST04789,BR033,Savings,2020-04-18,28066.14,Active
ACC004790,CUST04790,BR040,Savings,2022-07-14,879321.50,Active
ACC004791,CUST04791,BR036,Savings,2023-04-05,129991.79,Active
ACC004792,CUST04792,BR028,Current,2024-04-10,671143.68,Active
ACC004793,CUST04793,BR010,Savings,2022-07-12,146352.94,Active
ACC004794,CUST04794,BR029,Savings,2024-02-05,12019.54,Active
ACC004795,CUST04795,BR032,Savings,2021-04-08,22959.28,Active
ACC004796,CUST04796,BR045,Savings,2022-05-25,7974.95,Active
ACC004797,CUST04797,BR019,Savings,2022-09-20,898456.80,Active
ACC004798,CUST04798,BR024,Savings,2020-02-18,3370670.00,Dormant
ACC004799,CUST04799,BR014,Current,2023-08-25,165785.11,Dormant
ACC004800,CUST04800,BR004,Current,2022-01-28,794154.68,Inactive
ACC004801,CUST04801,BR006,Fixed Deposit,2023-08-02,1079057.97,Active
ACC004802,CUST04802,BR006,Fixed Deposit,2023-04-17,892484.16,Active
ACC004803,CUST04803,BR041,Savings,2023-06-19,5423.57,Active
ACC004804,CUST04804,BR050,Current,2018-10-07,486254.91,Active
ACC004805,CUST04805,BR034,Savings,2023-12-15,23613.39,Active
ACC004806,CUST04806,BR002,Savings,2023-09-09,17956.78,Active
ACC004807,CUST04807,BR006,Salary,2022-08-07,339060.82,Active
ACC004808,CUST04808,BR003,Savings,2023-11-14,256327.64,Active
ACC004809,CUST04809,BR028,Current,2019-03-05,740121.43,Active
ACC004810,CUST04810,BR035,Savings,2024-03-13,101292.07,Active
ACC004811,CUST04811,BR040,Salary,2020-08-09,145752.22,Inactive
ACC004812,CUST04812,BR050,Savings,2022-01-21,18400.12,Active
ACC004813,CUST04813,BR035,Salary,2023-04-23,141467.49,Active
ACC004814,CUST04814,BR028,Savings,2020-03-30,129676.42,Active
ACC004815,CUST04815,BR017,Savings,2019-12-14,28378.46,Active
ACC004816,CUST04816,BR028,Current,2024-03-28,188610.06,Inactive
ACC004817,CUST04817,BR045,Savings,2022-09-03,773983.92,Active
ACC004818,CUST04818,BR034,Savings,2024-05-26,22457.71,Active
ACC004819,CUST04819,BR037,Savings,2017-12-17,17302.85,Dormant
ACC004820,CUST04820,BR020,Salary,2022-12-11,242325.54,Active
ACC004821,CUST04821,BR049,Savings,2022-01-31,17788.21,Active
ACC004822,CUST04822,BR025,Salary,2021-09-06,193275.86,Active
ACC004823,CUST04823,BR009,Savings,2019-04-22,83827.73,Inactive
ACC004824,CUST04824,BR009,Savings,2023-03-07,10194.85,Active
ACC004825,CUST04825,BR015,Savings,2023-12-31,85539.82,Active
ACC004826,CUST04826,BR014,Current,2021-07-11,661494.45,Active
ACC004827,CUST04827,BR016,Savings,2023-12-13,694196.72,Active
ACC004828,CUST04828,BR044,Savings,2023-01-12,72121.43,Active
ACC004829,CUST04829,BR025,Savings,2019-07-17,29389.71,Active
ACC004830,CUST04830,BR026,Current,2024-01-23,184580.81,Active
ACC004831,CUST04831,BR014,Savings,2019-04-06,146185.23,Active
ACC004832,CUST04832,BR028,Salary,2019-04-27,15933.07,Active
ACC004833,CUST04833,BR010,Savings,2022-01-23,121866.21,Active
ACC004834,CUST04834,BR024,Savings,2020-09-28,45402.20,Active
ACC004835,CUST04835,BR023,Savings,2022-12-15,945821.84,Active
ACC004836,CUST04836,BR016,Savings,2023-06-04,13235.87,Active
ACC004837,CUST04837,BR013,Savings,2023-03-28,60586.16,Active
ACC004838,CUST04838,BR046,Savings,2020-10-09,22178.32,Active
ACC004839,CUST04839,BR009,Salary,2016-06-25,20920.66,Dormant
ACC004840,CUST04840,BR005,Savings,2021-10-28,10593.77,Active
ACC004841,CUST04841,BR034,Salary,2023-06-26,172752.72,Inactive
ACC004842,CUST04842,BR040,Fixed Deposit,2023-03-11,1763813.59,Inactive
ACC004843,CUST04843,BR040,Fixed Deposit,2024-01-31,1123515.87,Dormant
ACC004844,CUST04844,BR003,Salary,2018-07-09,196735.03,Active
ACC004845,CUST04845,BR008,Savings,2017-04-23,16943.61,Active
ACC004846,CUST04846,BR026,Savings,2018-10-09,1190796.01,Dormant
ACC004847,CUST04847,BR029,Savings,2021-03-07,23843.32,Dormant
ACC004848,CUST04848,BR029,Savings,2019-11-26,33913.09,Dormant
ACC004849,CUST04849,BR003,Salary,2022-11-12,162715.77,Active
ACC004850,CUST04850,BR002,Savings,2023-06-27,5933855.81,Dormant
ACC004851,CUST04851,BR030,Current,2023-03-11,101982.40,Active
ACC004852,CUST04852,BR010,Current,2022-12-07,98292.91,Active
ACC004853,CUST04853,BR036,Savings,2023-04-08,5759.35,Active
ACC004854,CUST04854,BR006,Fixed Deposit,2022-04-06,1283059.38,Active
ACC004855,CUST04855,BR016,Salary,2023-09-10,255645.03,Active
ACC004856,CUST04856,BR002,Savings,2020-06-05,49863.15,Active
ACC004857,CUST04857,BR006,Salary,2020-03-20,261787.47,Active
ACC004858,CUST04858,BR013,Savings,2023-03-26,638068.03,Active
ACC004859,CUST04859,BR026,Salary,2023-07-22,306585.02,Active
ACC004860,CUST04860,BR048,Current,2017-05-23,76471.64,Dormant
ACC004861,CUST04861,BR021,Salary,2024-05-05,143076.70,Active
ACC004862,CUST04862,BR015,Savings,2024-06-19,101637.11,Active
ACC004863,CUST04863,BR049,Savings,2024-01-12,13789.02,Inactive
ACC004864,CUST04864,BR030,Savings,2017-11-16,32965.50,Inactive
ACC004865,CUST04865,BR050,Salary,2024-02-19,105617.04,Active
ACC004866,CUST04866,BR001,Savings,2018-03-24,15920.63,Active
ACC004867,CUST04867,BR045,Savings,2022-06-21,7812.06,Active
ACC004868,CUST04868,BR048,Savings,2022-11-06,15903.85,Active
ACC004869,CUST04869,BR007,Current,2022-03-27,2569687.41,Inactive
ACC004870,CUST04870,BR048,Savings,2024-01-23,38019.43,Inactive
ACC004871,CUST04871,BR004,Savings,2024-06-20,109247.73,Active
ACC004872,CUST04872,BR050,Savings,2024-05-17,18134.63,Active
ACC004873,CUST04873,BR019,Savings,2021-09-30,69380.41,Active
ACC004874,CUST04874,BR025,Fixed Deposit,2024-06-04,1911528.06,Inactive
ACC004875,CUST04875,BR037,Current,2021-09-03,764931.05,Dormant
ACC004876,CUST04876,BR001,Fixed Deposit,2020-07-12,1522992.12,Active
ACC004877,CUST04877,BR028,Savings,2023-06-16,6673.04,Active
ACC004878,CUST04878,BR027,Savings,2022-02-03,536503.71,Active
ACC004879,CUST04879,BR028,Savings,2015-05-13,7474.61,Active
ACC004880,CUST04880,BR001,Savings,2023-02-18,595872.74,Active
ACC004881,CUST04881,BR042,Savings,2023-08-09,9195.41,Inactive
ACC004882,CUST04882,BR011,Fixed Deposit,2024-03-17,657029.01,Active
ACC004883,CUST04883,BR032,Savings,2020-09-30,4162.47,Active
ACC004884,CUST04884,BR045,Savings,2018-05-26,59725.95,Active
ACC004885,CUST04885,BR050,Savings,2023-09-25,24893.28,Active
ACC004886,CUST04886,BR041,Salary,2019-03-04,72701.34,Dormant
ACC004887,CUST04887,BR011,Fixed Deposit,2024-01-08,583952.44,Active
ACC004888,CUST04888,BR048,Fixed Deposit,2018-04-12,176377.16,Active
ACC004889,CUST04889,BR003,Savings,2022-08-28,84259.85,Active
ACC004890,CUST04890,BR027,Fixed Deposit,2022-06-27,784420.01,Active
ACC004891,CUST04891,BR032,Savings,2024-06-20,1014592.81,Active
ACC004892,CUST04892,BR016,Current,2023-02-05,529252.46,Active
ACC004893,CUST04893,BR036,Salary,2023-03-31,304869.93,Active
ACC004894,CUST04894,BR049,Current,2018-09-22,1275684.84,Active
ACC004895,CUST04895,BR045,Current,2021-07-18,40833.02,Dormant
ACC004896,CUST04896,BR008,Savings,2022-10-12,3581.08,Active
ACC004897,CUST04897,BR016,Savings,2023-04-27,47450.39,Active
ACC004898,CUST04898,BR014,Savings,2019-08-16,18191.75,Dormant
ACC004899,CUST04899,BR024,Salary,2019-04-18,157428.22,Inactive
ACC004900,CUST04900,BR039,Current,2023-11-03,90829.96,Active
ACC004901,CUST04901,BR008,Savings,2019-11-05,38028.85,Active
ACC004902,CUST04902,BR048,Savings,2019-03-21,112833.55,Active
ACC004903,CUST04903,BR015,Savings,2022-05-13,16332.31,Active
ACC004904,CUST04904,BR042,Fixed Deposit,2023-05-15,1170298.12,Active
ACC004905,CUST04905,BR021,Savings,2023-03-09,836797.50,Inactive
ACC004906,CUST04906,BR030,Savings,2022-03-16,66476.73,Active
ACC004907,CUST04907,BR014,Savings,2022-11-12,370506.20,Active
ACC004908,CUST04908,BR003,Savings,2022-08-18,74245.48,Active
ACC004909,CUST04909,BR047,Current,2022-04-26,55347.66,Active
ACC004910,CUST04910,BR027,Savings,2017-12-31,22923.69,Dormant
ACC004911,CUST04911,BR025,Salary,2021-07-09,94809.89,Active
ACC004912,CUST04912,BR002,Fixed Deposit,2022-02-04,1743425.45,Dormant
ACC004913,CUST04913,BR007,Current,2023-05-01,120405.20,Active
ACC004914,CUST04914,BR031,Savings,2021-10-11,11228.73,Active
ACC004915,CUST04915,BR007,Savings,2016-09-27,119918.40,Active
ACC004916,CUST04916,BR040,Savings,2020-02-14,23155.52,Active
ACC004917,CUST04917,BR029,Savings,2022-01-21,9590.17,Active
ACC004918,CUST04918,BR021,Salary,2017-04-16,6065.72,Inactive
ACC004919,CUST04919,BR006,Current,2021-04-07,131235.79,Active
ACC004920,CUST04920,BR020,Savings,2021-05-23,992390.64,Active
ACC004921,CUST04921,BR015,Savings,2024-05-21,20552.50,Active
ACC004922,CUST04922,BR043,Savings,2016-11-11,6855.25,Dormant
ACC004923,CUST04923,BR043,Current,2020-10-08,64828.83,Active
ACC004924,CUST04924,BR031,Salary,2023-07-08,169072.45,Active
ACC004925,CUST04925,BR005,Salary,2023-12-02,32872.97,Inactive
ACC004926,CUST04926,BR005,Savings,2023-12-28,5801.74,Active
ACC004927,CUST04927,BR019,Fixed Deposit,2024-04-04,329062.54,Active
ACC004928,CUST04928,BR022,Savings,2020-10-03,112560.72,Active
ACC004929,CUST04929,BR014,Salary,2022-08-29,70639.53,Active
ACC004930,CUST04930,BR039,Savings,2019-10-04,10123.54,Active
ACC004931,CUST04931,BR008,Savings,2020-04-06,132442.29,Active
ACC004932,CUST04932,BR037,Salary,2024-03-16,328775.73,Active
ACC004933,CUST04933,BR006,Savings,2023-03-22,53553.20,Active
ACC004934,CUST04934,BR037,Savings,2018-12-05,4476595.03,Active
ACC004935,CUST04935,BR049,Current,2023-02-03,2313335.60,Active
ACC004936,CUST04936,BR038,Savings,2023-04-24,20263.97,Inactive
ACC004937,CUST04937,BR008,Current,2023-06-12,747799.18,Inactive
ACC004938,CUST04938,BR004,Savings,2022-07-16,748649.36,Active
ACC004939,CUST04939,BR033,Savings,2021-07-31,146053.72,Active
ACC004940,CUST04940,BR010,Savings,2024-05-09,6101.35,Active
ACC004941,CUST04941,BR043,Savings,2017-11-30,123870.72,Active
ACC004942,CUST04942,BR037,Salary,2020-04-10,213947.67,Active
ACC004943,CUST04943,BR042,Savings,2020-12-18,1292682.99,Inactive
ACC004944,CUST04944,BR007,Savings,2023-04-14,10179.82,Active
ACC004945,CUST04945,BR017,Current,2017-06-24,734233.50,Dormant
ACC004946,CUST04946,BR026,Savings,2023-02-23,12979.00,Dormant
ACC004947,CUST04947,BR009,Salary,2023-11-17,289329.56,Active
ACC004948,CUST04948,BR029,Savings,2023-01-27,77972.89,Inactive
ACC004949,CUST04949,BR047,Savings,2024-01-27,164388.21,Active
ACC004950,CUST04950,BR041,Savings,2021-06-21,4710.89,Dormant
ACC004951,CUST04951,BR045,Salary,2020-09-01,227960.76,Active
ACC004952,CUST04952,BR042,Salary,2024-06-09,287412.91,Active
ACC004953,CUST04953,BR045,Savings,2021-06-07,21890.26,Active
ACC004954,CUST04954,BR046,Savings,2022-06-17,21305.29,Active
ACC004955,CUST04955,BR012,Savings,2018-09-12,22426.83,Active
ACC004956,CUST04956,BR014,Savings,2021-06-02,9089.40,Active
ACC004957,CUST04957,BR038,Savings,2021-10-26,21710.07,Active
ACC004958,CUST04958,BR033,Fixed Deposit,2024-06-19,850992.33,Active
ACC004959,CUST04959,BR036,Savings,2015-08-30,1101273.56,Active
ACC004960,CUST04960,BR042,Savings,2023-05-20,75440.79,Active
ACC004961,CUST04961,BR039,Savings,2018-07-15,624046.28,Active
ACC004962,CUST04962,BR038,Fixed Deposit,2022-11-09,1681378.75,Active
ACC004963,CUST04963,BR047,Savings,2021-07-26,38662.76,Dormant
ACC004964,CUST04964,BR024,Savings,2022-07-13,99382.45,Active
ACC004965,CUST04965,BR037,Fixed Deposit,2023-02-24,1812715.54,Active
ACC004966,CUST04966,BR027,Fixed Deposit,2018-07-28,1824600.87,Active
ACC004967,CUST04967,BR038,Current,2024-02-08,3462564.28,Inactive
ACC004968,CUST04968,BR018,Savings,2022-02-08,132990.02,Active
ACC004969,CUST04969,BR046,Savings,2022-08-12,36178.12,Inactive
ACC004970,CUST04970,BR014,Savings,2019-09-12,1166574.09,Inactive
ACC004971,CUST04971,BR027,Savings,2018-02-12,11160.02,Active
ACC004972,CUST04972,BR047,Current,2019-11-30,1007148.16,Active
ACC004973,CUST04973,BR032,Salary,2022-03-02,9140.85,Active
ACC004974,CUST04974,BR032,Savings,2022-03-25,501022.09,Active
ACC004975,CUST04975,BR012,Fixed Deposit,2024-02-17,865221.30,Active
ACC004976,CUST04976,BR034,Savings,2023-12-27,834961.65,Active
ACC004977,CUST04977,BR029,Savings,2023-06-13,3949.27,Active
ACC004978,CUST04978,BR029,Current,2023-03-31,116652.15,Active
ACC004979,CUST04979,BR006,Savings,2017-09-13,90973.13,Active
ACC004980,CUST04980,BR026,Savings,2022-02-04,42899.90,Inactive
ACC004981,CUST04981,BR017,Savings,2021-06-26,735066.88,Active
ACC004982,CUST04982,BR016,Savings,2023-12-07,30993.83,Active
ACC004983,CUST04983,BR003,Fixed Deposit,2021-07-06,1060867.74,Inactive
ACC004984,CUST04984,BR006,Savings,2023-07-30,335604.33,Inactive
ACC004985,CUST04985,BR036,Savings,2023-06-12,846643.19,Active
ACC004986,CUST04986,BR037,Savings,2022-10-18,15718.62,Inactive
ACC004987,CUST04987,BR042,Savings,2021-11-19,5141146.92,Inactive
ACC004988,CUST04988,BR007,Savings,2022-03-08,92046.58,Dormant
ACC004989,CUST04989,BR005,Savings,2019-01-14,24673.86,Active
ACC004990,CUST04990,BR048,Salary,2020-02-28,184448.04,Inactive
ACC004991,CUST04991,BR044,Savings,2021-10-27,12851.15,Dormant
ACC004992,CUST04992,BR009,Fixed Deposit,2022-05-05,705300.65,Active
ACC004993,CUST04993,BR049,Savings,2022-09-03,22904.75,Active
ACC004994,CUST04994,BR031,Salary,2020-11-02,288899.74,Active
ACC004995,CUST04995,BR043,Current,2023-06-24,393926.44,Active
ACC004996,CUST04996,BR040,Savings,2024-02-27,12593.33,Active
ACC004997,CUST04997,BR003,Savings,2023-11-17,70551.18,Dormant
ACC004998,CUST04998,BR033,Current,2022-08-09,624330.90,Active
ACC004999,CUST04999,BR008,Savings,2023-10-24,89828.03,Active
ACC005000,CUST05000,BR047,Salary,2023-10-04,299947.12,Active
ACC005001,CUST02562,BR035,Salary,2020-08-09,203006.36,Active
ACC005002,CUST02326,BR010,Fixed Deposit,2020-03-05,2841989.21,Active
ACC005003,CUST03863,BR044,Savings,2023-03-25,147342.43,Active
ACC005004,CUST00669,BR041,Salary,2021-06-02,278002.50,Active
ACC005005,CUST04069,BR009,Fixed Deposit,2020-06-15,2075633.42,Active
ACC005006,CUST03593,BR029,Current,2020-12-25,329383.51,Active
ACC005007,CUST02080,BR005,Salary,2023-12-05,393247.88,Active
ACC005008,CUST00789,BR047,Fixed Deposit,2023-01-25,1979952.35,Active
ACC005009,CUST03463,BR049,Salary,2016-04-22,72153.20,Active
ACC005010,CUST04311,BR019,Fixed Deposit,2024-01-10,2335652.74,Active
ACC005011,CUST03461,BR009,Salary,2023-09-12,239657.76,Active
ACC005012,CUST03998,BR023,Fixed Deposit,2022-09-05,1376434.01,Active
ACC005013,CUST02317,BR002,Current,2022-08-15,220757.90,Active
ACC005014,CUST02276,BR009,Salary,2024-05-31,184421.40,Active
ACC005015,CUST04305,BR032,Current,2021-02-10,830672.59,Active
ACC005016,CUST04630,BR050,Salary,2022-06-15,396763.86,Active
ACC005017,CUST03232,BR038,Fixed Deposit,2023-11-21,1302638.65,Inactive
ACC005018,CUST00975,BR040,Salary,2023-07-13,140797.46,Active
ACC005019,CUST02755,BR041,Fixed Deposit,2019-04-27,1672785.70,Active
ACC005020,CUST00845,BR030,Fixed Deposit,2023-02-26,2467025.54,Inactive
ACC005021,CUST03542,BR036,Fixed Deposit,2022-10-14,1990560.18,Active
ACC005022,CUST00117,BR006,Current,2022-02-08,498254.91,Active
ACC005023,CUST00143,BR030,Fixed Deposit,2020-03-03,1691849.65,Active
ACC005024,CUST04560,BR011,Salary,2021-07-03,269425.97,Active
ACC005025,CUST00097,BR017,Fixed Deposit,2022-04-13,772964.70,Active
ACC005026,CUST02087,BR028,Salary,2024-03-25,98240.55,Active
ACC005027,CUST02328,BR043,Fixed Deposit,2022-04-23,816817.64,Active
ACC005028,CUST01669,BR029,Fixed Deposit,2016-02-03,559166.37,Active
ACC005029,CUST02980,BR021,Savings,2024-05-13,279979.45,Active
ACC005030,CUST04389,BR043,Current,2022-08-13,912712.03,Active
ACC005031,CUST01869,BR002,Salary,2023-02-20,98004.28,Active
ACC005032,CUST02813,BR010,Fixed Deposit,2024-03-07,242134.98,Active
ACC005033,CUST00869,BR002,Fixed Deposit,2018-01-26,1656755.10,Active
ACC005034,CUST00016,BR037,Salary,2023-11-08,260472.08,Active
ACC005035,CUST00387,BR050,Fixed Deposit,2024-02-27,2369924.19,Active
ACC005036,CUST03415,BR024,Fixed Deposit,2017-12-07,2648412.78,Active
ACC005037,CUST03860,BR010,Current,2024-06-30,364682.48,Active
ACC005038,CUST00274,BR003,Fixed Deposit,2020-05-08,865236.16,Active
ACC005039,CUST03658,BR020,Savings,2021-09-04,247898.66,Active
ACC005040,CUST03537,BR040,Salary,2023-11-19,71531.49,Active
ACC005041,CUST00201,BR015,Current,2019-06-19,563276.47,Active
ACC005042,CUST02019,BR039,Current,2024-01-07,249528.08,Inactive
ACC005043,CUST02174,BR034,Current,2022-09-07,620035.19,Active
ACC005044,CUST03001,BR025,Salary,2023-05-08,363486.26,Active
ACC005045,CUST01820,BR014,Salary,2019-03-14,294951.75,Active
ACC005046,CUST00160,BR031,Current,2024-01-17,294059.34,Active
ACC005047,CUST00259,BR024,Fixed Deposit,2023-12-31,412125.70,Active
ACC005048,CUST03753,BR030,Salary,2022-06-14,345924.92,Active
ACC005049,CUST01551,BR037,Current,2023-09-01,1074537.10,Active
ACC005050,CUST02301,BR005,Current,2018-05-17,404911.01,Active
ACC005051,CUST00719,BR004,Current,2021-06-03,345226.68,Active
ACC005052,CUST02947,BR030,Current,2018-11-09,654897.37,Active
ACC005053,CUST01270,BR046,Savings,2023-02-24,335847.98,Active
ACC005054,CUST03932,BR002,Current,2024-03-19,211171.27,Active
ACC005055,CUST02264,BR038,Salary,2018-05-01,159731.99,Active
ACC005056,CUST01261,BR022,Fixed Deposit,2023-08-12,2559475.88,Active
ACC005057,CUST00697,BR050,Savings,2019-05-12,125816.91,Inactive
ACC005058,CUST01159,BR008,Fixed Deposit,2016-12-24,2744768.90,Active
ACC005059,CUST04403,BR016,Current,2023-11-23,309571.99,Active
ACC005060,CUST00995,BR046,Fixed Deposit,2019-10-13,1089757.45,Active
ACC005061,CUST02014,BR043,Salary,2021-07-18,297927.99,Active
ACC005062,CUST01646,BR001,Salary,2023-08-30,326597.79,Active
ACC005063,CUST00485,BR047,Salary,2021-08-05,327190.89,Active
ACC005064,CUST02425,BR038,Savings,2021-04-15,125822.03,Active
ACC005065,CUST01975,BR028,Fixed Deposit,2023-04-29,401088.46,Active
ACC005066,CUST04307,BR037,Fixed Deposit,2017-11-04,1496066.37,Active
ACC005067,CUST00449,BR013,Fixed Deposit,2024-01-01,686883.06,Active
ACC005068,CUST00982,BR050,Salary,2022-05-26,230326.66,Active
ACC005069,CUST04495,BR048,Salary,2022-12-31,241643.96,Inactive
ACC005070,CUST00450,BR004,Fixed Deposit,2022-11-23,1240827.15,Active
ACC005071,CUST04426,BR012,Salary,2022-11-07,258687.61,Active
ACC005072,CUST04027,BR049,Salary,2019-03-08,11720.89,Active
ACC005073,CUST02882,BR038,Current,2022-10-15,174478.16,Active
ACC005074,CUST01548,BR004,Fixed Deposit,2023-06-14,2676082.40,Active
ACC005075,CUST03719,BR043,Savings,2020-12-10,330131.49,Active
ACC005076,CUST02436,BR029,Savings,2023-09-11,204630.57,Active
ACC005077,CUST00876,BR042,Fixed Deposit,2022-01-02,995143.94,Active
ACC005078,CUST01426,BR012,Fixed Deposit,2023-01-23,494331.15,Active
ACC005079,CUST03423,BR029,Current,2021-12-15,851399.62,Active
ACC005080,CUST00146,BR031,Savings,2023-09-28,205497.76,Active
ACC005081,CUST00202,BR003,Fixed Deposit,2023-12-19,545076.19,Active
ACC005082,CUST01323,BR019,Salary,2019-10-27,119414.36,Active
ACC005083,CUST03471,BR012,Savings,2019-08-06,158083.13,Active
ACC005084,CUST03600,BR036,Savings,2024-04-25,284413.19,Inactive
ACC005085,CUST02184,BR006,Current,2021-11-18,66127.26,Inactive
ACC005086,CUST02806,BR024,Fixed Deposit,2022-03-23,2834206.51,Active
ACC005087,CUST04203,BR003,Current,2021-02-27,818296.42,Active
ACC005088,CUST03162,BR001,Current,2020-02-25,639001.61,Active
ACC005089,CUST00604,BR017,Fixed Deposit,2019-06-30,2546016.18,Active
ACC005090,CUST04278,BR017,Savings,2023-05-14,380661.74,Active
ACC005091,CUST04668,BR027,Savings,2019-02-13,218896.35,Active
ACC005092,CUST02111,BR006,Savings,2021-08-07,183734.53,Active
ACC005093,CUST01071,BR041,Savings,2024-02-13,134869.26,Active
ACC005094,CUST00242,BR033,Current,2023-03-21,550402.11,Active
ACC005095,CUST03138,BR007,Fixed Deposit,2024-06-27,176545.70,Active
ACC005096,CUST01233,BR046,Fixed Deposit,2024-01-12,879121.34,Active
ACC005097,CUST02412,BR033,Salary,2022-02-20,70507.95,Active
ACC005098,CUST04392,BR022,Fixed Deposit,2022-03-09,2906496.24,Active
ACC005099,CUST04381,BR020,Current,2024-05-19,423070.53,Active
ACC005100,CUST03744,BR047,Fixed Deposit,2022-07-08,80259.75,Active
ACC005101,CUST04113,BR012,Current,2022-10-16,460628.38,Active
ACC005102,CUST01064,BR040,Savings,2021-02-12,223531.05,Active
ACC005103,CUST00254,BR026,Fixed Deposit,2023-02-21,2545248.01,Active
ACC005104,CUST01318,BR030,Fixed Deposit,2022-04-29,1387569.02,Inactive
ACC005105,CUST04598,BR009,Fixed Deposit,2023-08-07,665996.34,Active
ACC005106,CUST01174,BR017,Current,2019-04-02,1197898.87,Active
ACC005107,CUST02857,BR048,Salary,2018-06-12,270050.82,Active
ACC005108,CUST01598,BR011,Fixed Deposit,2021-08-30,2724179.73,Active
ACC005109,CUST03519,BR028,Fixed Deposit,2023-06-10,756853.35,Active
ACC005110,CUST02849,BR011,Savings,2021-12-03,216081.27,Active
ACC005111,CUST02605,BR032,Current,2021-05-09,1029707.68,Active
ACC005112,CUST01224,BR016,Current,2020-10-27,618947.19,Active
ACC005113,CUST01271,BR047,Salary,2023-01-17,390983.05,Inactive
ACC005114,CUST00179,BR001,Current,2023-08-16,621033.85,Active
ACC005115,CUST02570,BR029,Salary,2023-07-05,332888.88,Active
ACC005116,CUST01552,BR048,Current,2022-03-30,322330.31,Inactive
ACC005117,CUST04410,BR005,Fixed Deposit,2022-08-13,2075228.38,Active
ACC005118,CUST02352,BR047,Salary,2023-12-27,315568.89,Active
ACC005119,CUST04291,BR031,Salary,2022-11-21,300903.52,Active
ACC005120,CUST00510,BR049,Salary,2024-03-22,47676.14,Active
ACC005121,CUST01914,BR003,Current,2022-08-12,794261.78,Active
ACC005122,CUST00068,BR027,Savings,2020-08-04,269941.40,Active
ACC005123,CUST04923,BR043,Salary,2022-10-05,212567.04,Active
ACC005124,CUST02891,BR041,Current,2023-07-13,820312.62,Active
ACC005125,CUST00839,BR026,Savings,2024-03-10,299341.12,Inactive
ACC005126,CUST02819,BR020,Current,2023-01-12,479645.78,Active
ACC005127,CUST03818,BR043,Fixed Deposit,2022-12-18,649879.17,Inactive
ACC005128,CUST00947,BR038,Savings,2019-03-19,220327.32,Active
ACC005129,CUST03208,BR001,Fixed Deposit,2024-02-07,260830.27,Active
ACC005130,CUST00515,BR034,Fixed Deposit,2023-10-06,1482374.51,Active
ACC005131,CUST02778,BR003,Salary,2018-11-26,274777.66,Active
ACC005132,CUST02439,BR021,Fixed Deposit,2018-12-31,2534870.22,Active
ACC005133,CUST03360,BR035,Salary,2024-01-02,13720.60,Active
ACC005134,CUST03746,BR050,Salary,2021-10-04,270724.52,Active
ACC005135,CUST01241,BR001,Salary,2024-03-28,390690.92,Active
ACC005136,CUST01554,BR002,Savings,2024-06-10,391621.57,Active
ACC005137,CUST00124,BR043,Current,2020-08-29,520492.14,Active
ACC005138,CUST02366,BR042,Current,2023-06-07,1040134.80,Active
ACC005139,CUST02490,BR027,Fixed Deposit,2024-01-22,104452.84,Active
ACC005140,CUST00871,BR041,Current,2020-11-14,887457.37,Active
ACC005141,CUST04477,BR023,Current,2022-10-09,232419.17,Active
ACC005142,CUST03008,BR044,Current,2022-02-12,697322.58,Active
ACC005143,CUST00306,BR019,Fixed Deposit,2023-03-21,1864076.22,Active
ACC005144,CUST03640,BR004,Salary,2016-10-07,188184.94,Active
ACC005145,CUST00574,BR019,Fixed Deposit,2024-04-01,1258638.85,Active
ACC005146,CUST00635,BR030,Salary,2021-01-25,378633.96,Active
ACC005147,CUST01700,BR006,Current,2020-05-11,309227.85,Active
ACC005148,CUST04120,BR037,Salary,2023-01-24,308704.10,Active
ACC005149,CUST01637,BR007,Salary,2022-09-08,210680.66,Inactive
ACC005150,CUST02825,BR035,Fixed Deposit,2024-05-20,232038.94,Active
ACC005151,CUST00547,BR046,Fixed Deposit,2023-03-13,173350.64,Inactive
ACC005152,CUST02132,BR042,Fixed Deposit,2023-11-07,1231499.76,Active
ACC005153,CUST03573,BR019,Salary,2020-05-03,187917.83,Active
ACC005154,CUST02022,BR041,Current,2020-07-20,814862.16,Active
ACC005155,CUST02957,BR050,Fixed Deposit,2020-03-21,1209337.11,Active
ACC005156,CUST02381,BR018,Current,2024-06-19,798834.80,Active
ACC005157,CUST03777,BR014,Fixed Deposit,2022-10-09,2731426.47,Active
ACC005158,CUST03275,BR017,Current,2021-11-27,311198.89,Active
ACC005159,CUST03012,BR018,Salary,2022-11-02,312127.30,Active
ACC005160,CUST04390,BR045,Current,2018-09-09,838947.19,Active
ACC005161,CUST02271,BR047,Salary,2020-08-06,19888.99,Active
ACC005162,CUST04398,BR040,Current,2022-12-20,73222.77,Active
ACC005163,CUST04542,BR034,Salary,2024-04-26,140500.62,Active
ACC005164,CUST02645,BR019,Current,2023-11-08,1102702.30,Active
ACC005165,CUST02449,BR014,Salary,2021-08-26,360641.52,Active
ACC005166,CUST04953,BR045,Current,2023-09-26,992863.67,Active
ACC005167,CUST03352,BR013,Savings,2022-05-21,107573.35,Active
ACC005168,CUST01460,BR037,Current,2023-01-17,1083625.78,Active
ACC005169,CUST04967,BR038,Salary,2024-01-24,348324.92,Active
ACC005170,CUST03487,BR025,Current,2018-02-09,233427.87,Active
ACC005171,CUST04648,BR001,Current,2023-12-02,167660.31,Active
ACC005172,CUST01895,BR025,Salary,2023-12-27,259927.87,Active
ACC005173,CUST02325,BR037,Current,2022-06-30,620837.48,Active
ACC005174,CUST04181,BR038,Salary,2017-09-14,374991.07,Active
ACC005175,CUST03197,BR004,Fixed Deposit,2024-03-17,2417939.73,Active
ACC005176,CUST03969,BR037,Salary,2023-01-24,236249.22,Active
ACC005177,CUST01737,BR014,Savings,2019-12-30,261696.06,Active
ACC005178,CUST03733,BR015,Salary,2021-03-23,197538.62,Active
ACC005179,CUST00140,BR042,Salary,2020-08-29,388622.99,Active
ACC005180,CUST01516,BR004,Current,2016-10-19,1125605.13,Active
ACC005181,CUST00890,BR016,Fixed Deposit,2018-06-29,576011.61,Active
ACC005182,CUST03912,BR048,Salary,2024-06-27,269606.75,Active
ACC005183,CUST03212,BR027,Current,2022-03-30,979463.75,Active
ACC005184,CUST00989,BR043,Salary,2024-01-28,179309.12,Active
ACC005185,CUST03920,BR032,Salary,2019-08-18,168082.43,Inactive
ACC005186,CUST02128,BR028,Fixed Deposit,2019-03-29,2538850.50,Active
ACC005187,CUST01642,BR029,Salary,2019-10-02,359129.32,Active
ACC005188,CUST01135,BR016,Savings,2024-02-06,207618.68,Inactive
ACC005189,CUST03449,BR013,Fixed Deposit,2019-04-07,225718.66,Active
ACC005190,CUST02486,BR004,Current,2023-11-27,680325.47,Active
ACC005191,CUST00686,BR021,Current,2022-07-08,82977.59,Active
ACC005192,CUST03938,BR034,Current,2024-02-18,336645.06,Active
ACC005193,CUST01309,BR006,Savings,2020-07-13,72828.67,Active
ACC005194,CUST01518,BR031,Current,2021-12-29,187521.61,Active
ACC005195,CUST02950,BR007,Fixed Deposit,2024-03-11,2794871.75,Active
ACC005196,CUST02970,BR017,Fixed Deposit,2023-12-15,2802466.60,Active
ACC005197,CUST00983,BR030,Fixed Deposit,2024-03-16,2205728.81,Active
ACC005198,CUST02399,BR024,Current,2023-02-11,316320.25,Active
ACC005199,CUST02864,BR035,Current,2024-06-03,1167823.11,Active
ACC005200,CUST04535,BR034,Current,2022-05-04,208869.95,Active
ACC005201,CUST04165,BR011,Fixed Deposit,2023-01-22,1002260.89,Active
ACC005202,CUST02689,BR042,Current,2018-01-30,77755.86,Active
ACC005203,CUST00183,BR024,Current,2019-03-22,139786.04,Inactive
ACC005204,CUST01018,BR025,Fixed Deposit,2024-01-03,1245088.48,Active
ACC005205,CUST04446,BR040,Salary,2024-05-22,203974.54,Active
ACC005206,CUST01487,BR037,Salary,2023-05-27,245607.02,Active
ACC005207,CUST04794,BR029,Current,2024-04-14,48262.66,Active
ACC005208,CUST04672,BR012,Salary,2021-04-11,236421.11,Active
ACC005209,CUST00127,BR026,Current,2021-09-09,1080084.43,Active
ACC005210,CUST00761,BR011,Fixed Deposit,2023-11-20,98397.54,Active
ACC005211,CUST00082,BR024,Savings,2023-09-05,290087.35,Inactive
ACC005212,CUST00894,BR014,Savings,2023-03-29,222670.04,Active
ACC005213,CUST00460,BR023,Fixed Deposit,2024-06-14,525596.42,Active
ACC005214,CUST01398,BR042,Current,2019-03-15,704732.14,Active
ACC005215,CUST03101,BR032,Salary,2018-11-21,129944.35,Active
ACC005216,CUST02010,BR006,Current,2017-08-16,903897.51,Active
ACC005217,CUST04775,BR039,Salary,2021-10-12,366003.53,Active
ACC005218,CUST00324,BR009,Fixed Deposit,2019-08-15,1278429.02,Active
ACC005219,CUST00107,BR029,Fixed Deposit,2019-11-24,1263473.08,Inactive
ACC005220,CUST00837,BR034,Fixed Deposit,2018-08-19,397127.23,Inactive
ACC005221,CUST04773,BR004,Fixed Deposit,2019-01-27,2294455.99,Active
ACC005222,CUST00247,BR027,Current,2023-02-07,742177.90,Active
ACC005223,CUST03672,BR003,Salary,2020-10-15,138166.99,Active
ACC005224,CUST01909,BR013,Fixed Deposit,2021-11-06,2239061.57,Active
ACC005225,CUST04649,BR008,Current,2018-01-21,302993.66,Active
ACC005226,CUST02230,BR005,Savings,2020-11-15,77416.94,Active
ACC005227,CUST04596,BR046,Current,2021-08-15,1131007.99,Active
ACC005228,CUST04562,BR050,Fixed Deposit,2021-10-14,249443.74,Active
ACC005229,CUST02025,BR005,Current,2022-09-07,904886.16,Inactive
ACC005230,CUST02501,BR043,Fixed Deposit,2023-03-10,1864595.59,Active
ACC005231,CUST00004,BR045,Current,2018-08-16,446088.74,Active
ACC005232,CUST01741,BR012,Savings,2021-04-21,144880.34,Active
ACC005233,CUST00299,BR024,Salary,2020-05-13,209749.24,Active
ACC005234,CUST03469,BR041,Salary,2017-11-09,259770.64,Active
ACC005235,CUST00008,BR035,Fixed Deposit,2020-06-09,783498.27,Active
ACC005236,CUST03708,BR042,Fixed Deposit,2024-04-02,1452154.24,Active
ACC005237,CUST03891,BR011,Fixed Deposit,2024-04-03,906586.25,Active
ACC005238,CUST00538,BR016,Current,2017-02-08,40267.22,Active
ACC005239,CUST04368,BR042,Fixed Deposit,2020-10-19,2321473.86,Active
ACC005240,CUST03783,BR017,Fixed Deposit,2023-11-11,1775651.79,Active
ACC005241,CUST01442,BR035,Salary,2023-09-30,338387.10,Active
ACC005242,CUST03984,BR050,Fixed Deposit,2023-12-03,1474629.56,Active
ACC005243,CUST00391,BR028,Fixed Deposit,2019-02-01,1582339.72,Active
ACC005244,CUST01553,BR007,Savings,2018-02-18,8347.59,Active
ACC005245,CUST02129,BR042,Fixed Deposit,2017-11-15,2532344.75,Active
ACC005246,CUST02576,BR036,Fixed Deposit,2017-09-02,199119.92,Inactive
ACC005247,CUST00451,BR009,Fixed Deposit,2024-02-12,381455.29,Inactive
ACC005248,CUST03052,BR038,Current,2022-11-13,1026996.29,Active
ACC005249,CUST04467,BR011,Fixed Deposit,2023-02-07,1559483.85,Active
ACC005250,CUST04128,BR016,Current,2018-10-14,574614.17,Active
ACC005251,CUST01388,BR040,Current,2021-10-30,459384.52,Inactive
ACC005252,CUST00356,BR007,Savings,2023-07-23,74592.73,Active
ACC005253,CUST01405,BR009,Savings,2023-10-22,145257.09,Active
ACC005254,CUST02050,BR012,Current,2019-12-06,1102058.70,Active
ACC005255,CUST02066,BR041,Savings,2023-07-06,193905.78,Active
ACC005256,CUST03276,BR003,Salary,2023-08-23,124525.75,Inactive
ACC005257,CUST02329,BR049,Current,2018-10-08,450681.77,Active
ACC005258,CUST04854,BR006,Savings,2023-04-09,210466.33,Active
ACC005259,CUST04964,BR024,Fixed Deposit,2023-04-15,2808965.90,Inactive
ACC005260,CUST02380,BR047,Salary,2021-11-14,105520.23,Active
ACC005261,CUST01480,BR033,Current,2019-02-21,340739.24,Active
ACC005262,CUST01220,BR043,Salary,2023-11-27,164962.97,Active
ACC005263,CUST02658,BR023,Current,2023-09-21,627484.60,Active
ACC005264,CUST04018,BR021,Current,2022-12-27,56855.14,Active
ACC005265,CUST04029,BR008,Salary,2021-04-22,313928.13,Active
ACC005266,CUST04183,BR017,Savings,2018-07-28,176386.24,Active
ACC005267,CUST01813,BR033,Salary,2020-11-05,296285.66,Active
ACC005268,CUST00079,BR002,Current,2023-04-23,871372.32,Active
ACC005269,CUST02534,BR020,Salary,2019-09-11,379779.89,Inactive
ACC005270,CUST01074,BR026,Fixed Deposit,2018-02-07,2780768.26,Active
ACC005271,CUST00855,BR042,Fixed Deposit,2018-12-17,1144413.98,Active
ACC005272,CUST02249,BR005,Current,2021-07-19,936202.14,Active
ACC005273,CUST02632,BR014,Savings,2021-01-16,52783.39,Active
ACC005274,CUST01679,BR027,Current,2023-06-13,304749.09,Active
ACC005275,CUST04163,BR022,Current,2023-10-09,777550.37,Active
ACC005276,CUST01313,BR044,Savings,2022-06-09,179432.14,Active
ACC005277,CUST01614,BR044,Fixed Deposit,2024-04-29,77500.00,Active
ACC005278,CUST01966,BR001,Fixed Deposit,2020-01-04,2168733.02,Active
ACC005279,CUST01381,BR028,Salary,2021-09-25,64052.99,Active
ACC005280,CUST00743,BR047,Salary,2022-09-22,124365.76,Active
ACC005281,CUST01771,BR038,Fixed Deposit,2024-06-12,351860.96,Active
ACC005282,CUST04768,BR039,Fixed Deposit,2019-11-09,1194261.69,Active
ACC005283,CUST00562,BR036,Current,2022-03-27,196799.67,Active
ACC005284,CUST01790,BR039,Current,2023-07-30,168635.23,Active
ACC005285,CUST04499,BR046,Fixed Deposit,2023-06-10,2122115.51,Active
ACC005286,CUST03146,BR022,Fixed Deposit,2024-02-12,498059.67,Active
ACC005287,CUST04210,BR007,Salary,2018-10-24,291476.56,Active
ACC005288,CUST01332,BR010,Salary,2020-10-28,110877.91,Active
ACC005289,CUST01120,BR045,Current,2022-09-18,193955.56,Active
ACC005290,CUST03255,BR032,Current,2022-04-06,41513.59,Active
ACC005291,CUST03820,BR028,Salary,2020-04-30,174564.30,Active
ACC005292,CUST01418,BR011,Current,2022-11-21,683119.32,Active
ACC005293,CUST02023,BR012,Salary,2022-04-08,346815.64,Active
ACC005294,CUST02815,BR032,Savings,2023-04-12,387897.36,Active
ACC005295,CUST03442,BR048,Fixed Deposit,2021-08-15,1710382.71,Active
ACC005296,CUST00823,BR034,Current,2023-04-20,513887.62,Inactive
ACC005297,CUST00524,BR031,Savings,2017-09-27,83211.67,Active
ACC005298,CUST02358,BR049,Fixed Deposit,2023-10-17,2240462.18,Active
ACC005299,CUST01573,BR009,Fixed Deposit,2024-03-16,2468936.10,Active
ACC005300,CUST03364,BR014,Salary,2023-08-22,319764.01,Active
ACC005301,CUST00805,BR031,Current,2023-09-24,797472.25,Active
ACC005302,CUST04988,BR007,Salary,2017-08-11,145043.10,Active
ACC005303,CUST04020,BR031,Fixed Deposit,2015-06-13,2626005.66,Active
ACC005304,CUST02684,BR033,Salary,2020-04-17,243620.35,Active
ACC005305,CUST03180,BR019,Current,2021-03-22,1174970.46,Active
ACC005306,CUST01130,BR002,Current,2022-11-20,1021047.80,Active
ACC005307,CUST03667,BR039,Fixed Deposit,2024-01-29,1035221.81,Active
ACC005308,CUST04569,BR024,Salary,2019-04-19,182773.75,Active
ACC005309,CUST04450,BR011,Savings,2024-02-20,330514.26,Inactive
ACC005310,CUST01227,BR049,Fixed Deposit,2023-12-22,430262.89,Inactive
ACC005311,CUST04772,BR043,Salary,2024-02-11,276613.40,Active
ACC005312,CUST02928,BR035,Salary,2022-11-06,183486.49,Active
ACC005313,CUST02779,BR010,Salary,2023-01-16,78584.98,Inactive
ACC005314,CUST01716,BR032,Fixed Deposit,2022-11-28,2225183.11,Active
ACC005315,CUST00580,BR005,Savings,2021-11-26,276048.34,Inactive
ACC005316,CUST04357,BR033,Fixed Deposit,2020-12-21,2914671.89,Active
ACC005317,CUST02107,BR039,Current,2019-11-29,525759.79,Active
ACC005318,CUST02397,BR012,Current,2023-08-26,378470.69,Active
ACC005319,CUST02523,BR035,Savings,2021-10-07,125201.39,Active
ACC005320,CUST03198,BR038,Salary,2021-05-14,259769.59,Active
ACC005321,CUST00347,BR032,Fixed Deposit,2021-12-25,172509.91,Active
ACC005322,CUST04836,BR016,Salary,2021-10-04,41490.55,Active
ACC005323,CUST04216,BR012,Fixed Deposit,2024-01-21,102487.63,Active
ACC005324,CUST04306,BR036,Current,2021-09-11,833361.30,Active
ACC005325,CUST04939,BR033,Salary,2019-08-09,28947.18,Active
ACC005326,CUST02752,BR029,Salary,2024-03-23,385334.30,Active
ACC005327,CUST03211,BR001,Fixed Deposit,2024-05-02,358346.25,Active
ACC005328,CUST01633,BR002,Current,2022-09-19,391435.27,Active
ACC005329,CUST02333,BR028,Fixed Deposit,2023-12-19,277319.48,Active
ACC005330,CUST04004,BR030,Salary,2023-09-04,157240.72,Active
ACC005331,CUST00809,BR042,Current,2022-04-23,275456.54,Active
ACC005332,CUST03528,BR031,Fixed Deposit,2023-04-10,1877291.30,Active
ACC005333,CUST04532,BR008,Current,2021-06-06,863234.83,Active
ACC005334,CUST04318,BR007,Salary,2024-03-19,29259.97,Active
ACC005335,CUST00479,BR034,Salary,2021-06-18,261610.45,Active
ACC005336,CUST00872,BR039,Fixed Deposit,2024-02-19,367256.45,Active
ACC005337,CUST03868,BR009,Salary,2019-02-26,192252.28,Active
ACC005338,CUST03750,BR040,Current,2024-03-15,65844.65,Active
ACC005339,CUST00706,BR044,Fixed Deposit,2020-05-16,1043240.72,Active
ACC005340,CUST00475,BR037,Fixed Deposit,2023-08-08,806102.44,Active
ACC005341,CUST04466,BR033,Current,2019-09-19,222045.05,Active
ACC005342,CUST03539,BR019,Savings,2024-02-22,7526.51,Active
ACC005343,CUST03215,BR049,Salary,2023-12-01,261423.28,Active
ACC005344,CUST03005,BR044,Current,2024-06-04,911838.69,Active
ACC005345,CUST02133,BR031,Current,2024-02-09,473125.89,Active
ACC005346,CUST00325,BR024,Fixed Deposit,2023-11-30,2073242.25,Active
ACC005347,CUST03241,BR002,Current,2018-12-30,132286.01,Active
ACC005348,CUST02968,BR010,Current,2023-07-29,511687.92,Active
ACC005349,CUST00220,BR022,Current,2024-02-09,350968.47,Active
ACC005350,CUST00424,BR002,Current,2022-06-12,1050486.42,Active
ACC005351,CUST01193,BR045,Salary,2022-12-23,155922.88,Active
ACC005352,CUST01617,BR031,Fixed Deposit,2018-05-05,1524022.73,Inactive
ACC005353,CUST03031,BR011,Salary,2023-08-31,362560.37,Active
ACC005354,CUST03300,BR026,Current,2022-10-18,206763.17,Active
ACC005355,CUST02482,BR003,Fixed Deposit,2021-10-24,2004217.10,Active
ACC005356,CUST00683,BR034,Fixed Deposit,2020-12-08,1036603.66,Active
ACC005357,CUST02448,BR040,Fixed Deposit,2018-11-27,2115713.70,Active
ACC005358,CUST00277,BR004,Salary,2023-05-01,48517.92,Active
ACC005359,CUST03862,BR015,Salary,2024-03-19,199671.33,Active
ACC005360,CUST03716,BR036,Current,2020-12-09,830534.18,Active
ACC005361,CUST00901,BR045,Savings,2023-08-13,356837.53,Active
ACC005362,CUST02067,BR005,Fixed Deposit,2022-11-07,991196.12,Active
ACC005363,CUST04895,BR045,Savings,2023-09-08,71623.95,Active
ACC005364,CUST00667,BR030,Current,2019-11-23,321992.54,Active
ACC005365,CUST00186,BR010,Fixed Deposit,2021-06-30,2491151.96,Active
ACC005366,CUST02604,BR036,Current,2023-08-19,357187.31,Active
ACC005367,CUST02519,BR048,Fixed Deposit,2022-02-23,1939447.66,Active
ACC005368,CUST02007,BR032,Salary,2022-12-29,46688.54,Active
ACC005369,CUST02711,BR018,Current,2020-01-04,488900.10,Active
ACC005370,CUST00704,BR047,Salary,2023-08-10,83605.29,Active
ACC005371,CUST01567,BR025,Fixed Deposit,2023-01-21,1844406.49,Active
ACC005372,CUST03625,BR037,Fixed Deposit,2022-01-07,993725.45,Active
ACC005373,CUST00822,BR031,Salary,2023-09-22,354579.01,Active
ACC005374,CUST04154,BR041,Current,2022-01-23,182810.33,Active
ACC005375,CUST01916,BR045,Current,2024-05-18,1155315.72,Active
ACC005376,CUST02138,BR010,Current,2021-07-08,585400.43,Active
ACC005377,CUST04023,BR032,Salary,2021-11-11,291999.98,Active
ACC005378,CUST04889,BR003,Current,2024-06-08,989283.55,Active
ACC005379,CUST01258,BR006,Salary,2023-10-28,319359.84,Active
ACC005380,CUST00836,BR017,Current,2024-02-13,527526.05,Active
ACC005381,CUST00481,BR025,Salary,2022-01-29,36255.91,Active
ACC005382,CUST04480,BR049,Current,2018-12-01,1106436.00,Active
ACC005383,CUST00348,BR040,Fixed Deposit,2019-09-14,2892626.86,Active
ACC005384,CUST03615,BR031,Current,2022-04-21,926400.43,Active
ACC005385,CUST03655,BR019,Fixed Deposit,2024-05-19,1284018.40,Active
ACC005386,CUST04439,BR027,Current,2022-04-01,587957.57,Active
ACC005387,CUST03044,BR034,Fixed Deposit,2024-05-28,62812.64,Active
ACC005388,CUST04155,BR047,Fixed Deposit,2015-06-12,2613957.62,Active
ACC005389,CUST02651,BR003,Fixed Deposit,2022-09-21,367270.13,Active
ACC005390,CUST00702,BR048,Current,2020-11-15,509518.81,Active
ACC005391,CUST01428,BR006,Current,2021-01-21,360077.87,Active
ACC005392,CUST04213,BR043,Fixed Deposit,2022-04-22,189366.33,Active
ACC005393,CUST01221,BR012,Salary,2024-05-28,381466.07,Active
ACC005394,CUST00965,BR032,Current,2023-06-07,578345.56,Active
ACC005395,CUST03786,BR022,Fixed Deposit,2023-08-10,2514958.60,Active
ACC005396,CUST03553,BR035,Savings,2019-09-16,63051.86,Active
ACC005397,CUST03515,BR022,Fixed Deposit,2021-08-03,310638.45,Active
ACC005398,CUST00476,BR012,Current,2021-11-13,228763.44,Active
ACC005399,CUST01862,BR007,Salary,2024-02-03,15287.56,Active
ACC005400,CUST04353,BR030,Savings,2021-09-03,19764.99,Active
ACC005401,CUST01932,BR002,Current,2020-11-30,955965.97,Active
ACC005402,CUST02144,BR036,Salary,2024-04-29,86940.25,Inactive
ACC005403,CUST04624,BR003,Salary,2023-01-24,12891.75,Inactive
ACC005404,CUST04304,BR026,Fixed Deposit,2023-10-22,268731.61,Inactive
ACC005405,CUST03527,BR039,Current,2023-12-13,986846.56,Active
ACC005406,CUST04608,BR017,Current,2023-11-02,947867.08,Active
ACC005407,CUST03355,BR021,Savings,2021-03-16,114189.65,Active
ACC005408,CUST04729,BR038,Fixed Deposit,2023-11-05,2465291.84,Active
ACC005409,CUST03458,BR048,Salary,2023-11-28,226120.50,Active
ACC005410,CUST00688,BR011,Current,2022-10-05,403796.58,Active
ACC005411,CUST03246,BR011,Fixed Deposit,2023-04-28,550078.53,Active
ACC005412,CUST00976,BR019,Salary,2023-02-05,305848.18,Inactive
ACC005413,CUST02719,BR002,Current,2024-02-17,832029.30,Active
ACC005414,CUST00428,BR005,Current,2024-06-09,725632.21,Active
ACC005415,CUST04850,BR002,Fixed Deposit,2024-06-13,1122669.03,Active
ACC005416,CUST04360,BR005,Current,2022-04-26,336803.04,Active
ACC005417,CUST03372,BR049,Savings,2023-05-24,123625.22,Active
ACC005418,CUST00177,BR038,Current,2022-07-02,756475.74,Active
ACC005419,CUST02765,BR045,Current,2023-03-07,760448.47,Inactive
ACC005420,CUST00106,BR008,Current,2024-02-27,1059062.05,Active
ACC005421,CUST01943,BR002,Salary,2022-08-01,133989.74,Active
ACC005422,CUST02679,BR039,Current,2023-04-14,38554.21,Active
ACC005423,CUST00281,BR026,Savings,2024-04-30,88111.20,Active
ACC005424,CUST00108,BR015,Salary,2024-04-30,337779.64,Active
ACC005425,CUST04087,BR047,Fixed Deposit,2022-10-21,1747535.42,Active
ACC005426,CUST04377,BR029,Fixed Deposit,2024-03-01,1875813.23,Active
ACC005427,CUST03327,BR009,Current,2024-04-10,865318.37,Active
ACC005428,CUST00561,BR045,Current,2023-02-15,670205.05,Active
ACC005429,CUST00791,BR048,Fixed Deposit,2023-09-02,1527131.08,Active
ACC005430,CUST02090,BR041,Salary,2022-12-01,253055.62,Active
ACC005431,CUST00178,BR014,Fixed Deposit,2024-06-07,2904744.00,Active
ACC005432,CUST03801,BR036,Current,2019-10-08,781892.01,Active
ACC005433,CUST03530,BR035,Salary,2019-01-16,114675.77,Active
ACC005434,CUST03702,BR025,Current,2021-05-02,558686.93,Active
ACC005435,CUST00167,BR036,Current,2021-10-29,395970.52,Active
ACC005436,CUST01896,BR040,Current,2022-11-18,775598.86,Inactive
ACC005437,CUST02468,BR034,Fixed Deposit,2023-01-06,1534511.41,Active
ACC005438,CUST03808,BR026,Savings,2022-02-03,312393.12,Active
ACC005439,CUST00169,BR015,Salary,2024-06-12,26066.53,Active
ACC005440,CUST00280,BR015,Savings,2022-06-25,80064.39,Active
ACC005441,CUST04145,BR005,Fixed Deposit,2021-06-27,1750286.02,Active
ACC005442,CUST01075,BR037,Salary,2023-03-14,233520.85,Active
ACC005443,CUST03240,BR039,Savings,2023-12-03,250962.97,Active
ACC005444,CUST01566,BR049,Salary,2015-11-09,297912.28,Active
ACC005445,CUST03960,BR040,Salary,2022-05-12,153678.38,Active
ACC005446,CUST02459,BR040,Salary,2024-06-02,233718.66,Active
ACC005447,CUST03358,BR007,Fixed Deposit,2020-02-09,2641225.50,Active
ACC005448,CUST02316,BR024,Salary,2022-04-12,110338.56,Active
ACC005449,CUST03074,BR025,Fixed Deposit,2023-09-09,2207916.74,Inactive
ACC005450,CUST01243,BR029,Fixed Deposit,2021-01-23,2225982.02,Active
ACC005451,CUST01113,BR024,Fixed Deposit,2023-11-07,1914381.64,Active
ACC005452,CUST02847,BR013,Fixed Deposit,2019-05-03,1023773.79,Active
ACC005453,CUST00355,BR027,Savings,2023-12-24,48003.29,Active
ACC005454,CUST03668,BR046,Fixed Deposit,2021-01-10,2468635.21,Active
ACC005455,CUST02134,BR010,Salary,2022-08-14,142885.06,Active
ACC005456,CUST04867,BR045,Fixed Deposit,2024-06-22,2330924.89,Inactive
ACC005457,CUST03567,BR014,Salary,2020-08-16,83294.70,Active
ACC005458,CUST01376,BR035,Fixed Deposit,2018-11-12,182782.43,Active
ACC005459,CUST00768,BR040,Savings,2024-02-06,204910.85,Inactive
ACC005460,CUST04487,BR019,Fixed Deposit,2023-05-22,676038.36,Active
ACC005461,CUST01991,BR027,Current,2018-11-11,57106.63,Active
ACC005462,CUST04451,BR043,Fixed Deposit,2022-07-02,1549324.39,Active
ACC005463,CUST01775,BR018,Savings,2020-01-11,335706.68,Active
ACC005464,CUST02615,BR047,Salary,2024-01-17,73440.78,Active
ACC005465,CUST01881,BR046,Savings,2023-07-02,280990.55,Active
ACC005466,CUST00111,BR021,Fixed Deposit,2017-02-10,1630461.28,Active
ACC005467,CUST00615,BR039,Current,2022-04-16,861091.53,Active
ACC005468,CUST03218,BR011,Current,2021-10-21,133815.58,Active
ACC005469,CUST04627,BR047,Current,2019-02-16,332065.47,Active
ACC005470,CUST04975,BR012,Salary,2021-11-16,339048.12,Active
ACC005471,CUST03630,BR026,Current,2022-11-22,210710.22,Active
ACC005472,CUST00503,BR009,Fixed Deposit,2024-06-16,1886550.26,Active
ACC005473,CUST03617,BR019,Fixed Deposit,2023-06-10,1859859.07,Active
ACC005474,CUST00542,BR014,Fixed Deposit,2019-06-12,2400462.97,Active
ACC005475,CUST01052,BR029,Fixed Deposit,2022-12-07,1873523.89,Active
ACC005476,CUST02962,BR017,Current,2019-10-05,526213.85,Active
ACC005477,CUST04556,BR018,Fixed Deposit,2021-08-24,2278588.78,Active
ACC005478,CUST02680,BR017,Fixed Deposit,2023-11-08,1377025.86,Active
ACC005479,CUST00980,BR049,Salary,2019-11-13,150268.96,Inactive
ACC005480,CUST00847,BR025,Current,2018-03-30,959424.82,Active
ACC005481,CUST03751,BR039,Current,2023-05-05,430102.51,Active
ACC005482,CUST04855,BR016,Current,2017-05-19,291158.59,Active
ACC005483,CUST02070,BR008,Current,2021-02-26,904095.71,Active
ACC005484,CUST02422,BR030,Current,2022-08-18,484931.27,Active
ACC005485,CUST00206,BR029,Fixed Deposit,2024-06-16,1500178.93,Active
ACC005486,CUST01576,BR012,Salary,2021-04-17,355794.19,Active
ACC005487,CUST02339,BR025,Fixed Deposit,2022-08-13,2783469.36,Active
ACC005488,CUST01458,BR028,Current,2024-04-27,1021635.86,Active
ACC005489,CUST04397,BR018,Fixed Deposit,2022-08-27,2812539.08,Active
ACC005490,CUST03738,BR008,Salary,2023-01-24,46439.86,Active
ACC005491,CUST04537,BR004,Current,2018-07-22,761891.99,Active
ACC005492,CUST03315,BR002,Fixed Deposit,2022-02-24,2803271.36,Active
ACC005493,CUST03622,BR006,Savings,2017-09-19,74896.63,Active
ACC005494,CUST01650,BR034,Current,2024-05-20,107595.75,Active
ACC005495,CUST00928,BR042,Fixed Deposit,2021-02-15,2879818.17,Active
ACC005496,CUST04665,BR007,Savings,2020-06-14,107152.73,Active
ACC005497,CUST00388,BR005,Salary,2021-06-23,242635.97,Active
ACC005498,CUST01024,BR017,Salary,2022-01-19,129198.81,Active
ACC005499,CUST03811,BR045,Savings,2023-10-30,59595.72,Active
ACC005500,CUST03148,BR002,Fixed Deposit,2019-07-25,1418953.43,Inactive
ACC005501,CUST03159,BR015,Fixed Deposit,2022-12-11,1733467.91,Active
ACC005502,CUST00020,BR038,Current,2024-05-17,306132.89,Active
ACC005503,CUST01494,BR002,Fixed Deposit,2024-03-04,2858745.81,Inactive
ACC005504,CUST03606,BR043,Current,2024-05-22,688623.47,Active
ACC005505,CUST00752,BR029,Current,2024-02-28,1004438.38,Active
ACC005506,CUST01088,BR009,Fixed Deposit,2021-04-16,1549956.00,Active
ACC005507,CUST03396,BR042,Fixed Deposit,2023-11-26,2071236.87,Inactive
ACC005508,CUST00620,BR001,Current,2017-04-16,1131132.21,Inactive
ACC005509,CUST02817,BR044,Current,2023-10-23,899120.27,Active
ACC005510,CUST02270,BR004,Current,2019-11-21,536508.84,Active
ACC005511,CUST00301,BR001,Savings,2024-01-07,202026.12,Inactive
ACC005512,CUST04205,BR029,Current,2019-08-14,239997.10,Active
ACC005513,CUST03002,BR008,Fixed Deposit,2023-06-06,2574778.58,Active
ACC005514,CUST03284,BR049,Salary,2023-09-04,31428.05,Active
ACC005515,CUST00680,BR003,Fixed Deposit,2023-12-08,236422.64,Active
ACC005516,CUST00042,BR035,Fixed Deposit,2024-05-11,2275844.55,Active
ACC005517,CUST01879,BR021,Fixed Deposit,2024-02-12,2052524.20,Active
ACC005518,CUST01654,BR034,Current,2019-04-06,572329.92,Active
ACC005519,CUST02444,BR008,Fixed Deposit,2024-03-25,2440351.55,Active
ACC005520,CUST00999,BR011,Fixed Deposit,2018-09-17,1865554.59,Active
ACC005521,CUST00474,BR031,Current,2024-03-06,1054183.62,Active
ACC005522,CUST00484,BR045,Fixed Deposit,2023-12-11,1674202.65,Active
ACC005523,CUST01986,BR028,Fixed Deposit,2018-01-02,2161559.61,Active
ACC005524,CUST01568,BR025,Savings,2020-11-16,385887.77,Active
ACC005525,CUST02557,BR022,Current,2021-07-23,822267.64,Inactive
ACC005526,CUST02788,BR035,Current,2021-09-11,426656.63,Active
ACC005527,CUST01722,BR007,Current,2024-05-28,832529.49,Inactive
ACC005528,CUST04927,BR019,Savings,2020-12-30,373946.31,Active
ACC005529,CUST00907,BR036,Salary,2021-09-01,28958.81,Active
ACC005530,CUST03898,BR022,Savings,2019-12-03,128993.28,Active
ACC005531,CUST02539,BR008,Salary,2018-07-15,293452.61,Active
ACC005532,CUST01063,BR011,Current,2023-09-29,520688.98,Active
ACC005533,CUST01184,BR039,Fixed Deposit,2019-06-19,225544.15,Active
ACC005534,CUST00762,BR019,Salary,2018-06-15,165237.23,Active
ACC005535,CUST03551,BR033,Salary,2024-02-18,251007.57,Active
ACC005536,CUST02966,BR005,Current,2023-11-15,463686.69,Active
ACC005537,CUST04105,BR015,Salary,2024-05-24,163566.75,Active
ACC005538,CUST00792,BR019,Fixed Deposit,2023-11-24,1218590.14,Inactive
ACC005539,CUST00696,BR021,Current,2023-04-20,736399.74,Active
ACC005540,CUST02959,BR015,Savings,2021-04-04,51846.48,Active
ACC005541,CUST03907,BR004,Salary,2024-01-30,216858.55,Active
ACC005542,CUST00737,BR017,Savings,2015-10-19,98688.42,Active
ACC005543,CUST01626,BR017,Current,2020-08-05,549452.47,Active
ACC005544,CUST03171,BR029,Savings,2020-01-05,331486.83,Active
ACC005545,CUST03636,BR035,Salary,2015-10-06,87396.99,Active
ACC005546,CUST04279,BR001,Salary,2023-02-23,312191.49,Active
ACC005547,CUST02799,BR048,Salary,2023-09-08,261754.50,Inactive
ACC005548,CUST02026,BR001,Salary,2023-06-11,312110.89,Inactive
ACC005549,CUST03626,BR013,Current,2022-01-22,554045.65,Inactive
ACC005550,CUST01192,BR012,Current,2022-08-17,844044.10,Active
ACC005551,CUST04432,BR003,Fixed Deposit,2020-05-02,2150791.16,Active
ACC005552,CUST00488,BR004,Salary,2022-01-15,188555.10,Active
ACC005553,CUST04826,BR014,Savings,2018-09-19,48074.87,Active
ACC005554,CUST01970,BR041,Salary,2019-09-20,13894.86,Active
ACC005555,CUST03131,BR050,Salary,2018-04-15,387596.58,Active
ACC005556,CUST01095,BR019,Savings,2023-04-28,306355.64,Active
ACC005557,CUST02139,BR018,Salary,2019-01-28,380700.26,Active
ACC005558,CUST04277,BR031,Salary,2022-05-11,178154.24,Active
ACC005559,CUST00610,BR026,Current,2023-05-13,127596.57,Active
ACC005560,CUST04033,BR009,Salary,2023-02-21,312822.60,Inactive
ACC005561,CUST01525,BR011,Savings,2022-01-15,386845.34,Active
ACC005562,CUST04037,BR025,Current,2024-04-24,449005.13,Active
ACC005563,CUST00851,BR042,Savings,2018-09-04,81954.23,Active
ACC005564,CUST01784,BR048,Savings,2020-07-27,212285.10,Active
ACC005565,CUST00555,BR012,Fixed Deposit,2023-01-26,1371315.02,Inactive
ACC005566,CUST00757,BR002,Current,2023-08-01,480318.56,Active
ACC005567,CUST02683,BR049,Current,2021-08-05,867740.25,Active
ACC005568,CUST04220,BR016,Fixed Deposit,2022-04-10,2408206.77,Active
ACC005569,CUST04722,BR020,Fixed Deposit,2023-12-12,2195753.11,Inactive
ACC005570,CUST02685,BR042,Salary,2021-08-14,313965.72,Active
ACC005571,CUST00409,BR021,Current,2024-04-12,1136383.84,Inactive
ACC005572,CUST04414,BR011,Fixed Deposit,2022-10-10,1599829.93,Active
ACC005573,CUST02389,BR017,Fixed Deposit,2022-06-04,1082325.18,Active
ACC005574,CUST01744,BR002,Salary,2018-06-17,319545.82,Active
ACC005575,CUST02283,BR020,Fixed Deposit,2023-07-14,1670777.66,Active
ACC005576,CUST01508,BR038,Salary,2020-11-15,41926.66,Active
ACC005577,CUST00767,BR022,Fixed Deposit,2018-02-24,2981663.96,Active
ACC005578,CUST00961,BR040,Savings,2017-11-03,178212.81,Active
ACC005579,CUST01312,BR016,Salary,2022-03-22,48680.28,Active
ACC005580,CUST00777,BR013,Salary,2024-06-04,258990.02,Inactive
ACC005581,CUST01499,BR016,Current,2024-03-22,510335.40,Active
ACC005582,CUST04406,BR030,Fixed Deposit,2019-08-13,2424522.38,Active
ACC005583,CUST04302,BR048,Current,2024-01-28,93448.82,Active
ACC005584,CUST01380,BR004,Current,2023-04-10,199412.46,Active
ACC005585,CUST00775,BR013,Current,2022-03-16,661120.96,Active
ACC005586,CUST02125,BR037,Salary,2023-12-13,320016.11,Active
ACC005587,CUST02866,BR039,Savings,2023-07-07,187036.58,Active
ACC005588,CUST02545,BR046,Salary,2022-07-09,230519.75,Active
ACC005589,CUST03836,BR041,Current,2023-09-04,697341.45,Active
ACC005590,CUST00359,BR024,Fixed Deposit,2022-12-24,542462.42,Inactive
ACC005591,CUST02623,BR026,Salary,2019-12-11,90646.57,Active
ACC005592,CUST02314,BR036,Fixed Deposit,2022-08-20,2133550.59,Active
ACC005593,CUST02035,BR001,Current,2022-07-09,579825.66,Active
ACC005594,CUST01715,BR033,Current,2021-10-22,951486.19,Active
ACC005595,CUST01456,BR005,Salary,2015-08-20,229222.53,Active
ACC005596,CUST00765,BR036,Current,2021-08-04,914898.04,Active
ACC005597,CUST04945,BR017,Savings,2018-12-26,250360.99,Active
ACC005598,CUST02628,BR044,Current,2023-03-30,169717.06,Active
ACC005599,CUST02937,BR014,Salary,2022-02-07,292936.92,Active
ACC005600,CUST02404,BR012,Fixed Deposit,2023-01-17,2023463.09,Active
ACC005601,CUST04515,BR022,Savings,2021-08-16,231052.49,Active
ACC005602,CUST01153,BR048,Salary,2017-03-18,142181.02,Active
ACC005603,CUST02263,BR045,Salary,2024-05-31,202659.36,Active
ACC005604,CUST02393,BR014,Salary,2022-10-21,184512.69,Active
ACC005605,CUST01764,BR014,Current,2023-10-17,843729.64,Active
ACC005606,CUST01504,BR040,Current,2022-07-22,911205.56,Active
ACC005607,CUST01425,BR030,Savings,2022-03-20,324265.46,Active
ACC005608,CUST00489,BR030,Current,2020-06-24,1185219.06,Active
ACC005609,CUST03822,BR013,Savings,2018-07-11,210203.59,Active
ACC005610,CUST04215,BR024,Savings,2023-12-12,125659.47,Active
ACC005611,CUST00900,BR046,Fixed Deposit,2024-02-20,550144.40,Active
ACC005612,CUST04920,BR020,Fixed Deposit,2020-10-24,903699.29,Active
ACC005613,CUST02707,BR014,Fixed Deposit,2022-08-08,520774.79,Active
ACC005614,CUST00244,BR036,Current,2020-11-26,442959.39,Active
ACC005615,CUST02212,BR001,Fixed Deposit,2021-08-13,1390185.03,Active
ACC005616,CUST00432,BR020,Salary,2022-03-03,298735.78,Active
ACC005617,CUST00677,BR032,Salary,2024-02-11,8129.68,Active
ACC005618,CUST03321,BR028,Fixed Deposit,2023-07-30,1845790.82,Active
ACC005619,CUST03780,BR039,Current,2022-11-02,1103879.20,Active
ACC005620,CUST01317,BR003,Fixed Deposit,2024-05-20,515848.00,Active
ACC005621,CUST02000,BR028,Current,2021-07-18,623339.89,Active
ACC005622,CUST01753,BR041,Current,2024-04-07,58977.82,Active
ACC005623,CUST03293,BR039,Current,2022-11-14,696078.18,Active
ACC005624,CUST02004,BR008,Current,2022-10-12,164708.83,Inactive
ACC005625,CUST03050,BR040,Savings,2023-08-10,373694.84,Inactive
ACC005626,CUST00819,BR033,Savings,2024-06-09,266897.04,Active
ACC005627,CUST04411,BR032,Savings,2021-08-22,101482.32,Active
ACC005628,CUST03802,BR041,Current,2021-05-19,729331.60,Active
ACC005629,CUST01778,BR011,Fixed Deposit,2021-07-08,1796402.19,Active
ACC005630,CUST04914,BR031,Fixed Deposit,2021-03-06,1473664.15,Inactive
ACC005631,CUST03064,BR013,Salary,2023-02-18,54349.37,Active
ACC005632,CUST00516,BR011,Current,2022-09-24,1195419.02,Active
ACC005633,CUST02600,BR036,Savings,2020-02-15,358734.06,Active
ACC005634,CUST01789,BR003,Current,2023-06-05,255366.39,Inactive
ACC005635,CUST02365,BR029,Fixed Deposit,2022-06-19,145688.13,Active
ACC005636,CUST01740,BR035,Fixed Deposit,2019-11-03,839764.58,Active
ACC005637,CUST02961,BR041,Fixed Deposit,2018-08-28,2111672.09,Active
ACC005638,CUST03476,BR045,Fixed Deposit,2024-06-20,2442680.45,Active
ACC005639,CUST03911,BR044,Salary,2023-08-26,59375.37,Active
ACC005640,CUST04514,BR045,Savings,2020-07-15,167050.97,Active
ACC005641,CUST00585,BR020,Fixed Deposit,2024-01-13,182076.74,Active
ACC005642,CUST02826,BR010,Fixed Deposit,2016-03-21,726480.46,Active
ACC005643,CUST04703,BR038,Fixed Deposit,2023-05-27,2602983.49,Active
ACC005644,CUST00050,BR038,Fixed Deposit,2024-04-10,352533.95,Active
ACC005645,CUST02472,BR013,Fixed Deposit,2019-09-15,867181.02,Active
ACC005646,CUST03432,BR044,Current,2020-07-30,651585.57,Active
ACC005647,CUST00783,BR002,Current,2022-06-03,635299.36,Active
ACC005648,CUST03641,BR010,Savings,2021-09-14,292620.15,Active
ACC005649,CUST02269,BR003,Fixed Deposit,2020-11-22,1735601.41,Active
ACC005650,CUST03009,BR007,Fixed Deposit,2022-05-14,1920465.59,Inactive
ACC005651,CUST04510,BR041,Savings,2024-02-01,205056.08,Active
ACC005652,CUST04554,BR001,Current,2023-08-31,534503.30,Active
ACC005653,CUST01601,BR048,Fixed Deposit,2023-09-20,2721653.62,Active
ACC005654,CUST04671,BR002,Salary,2018-03-24,306792.84,Active
ACC005655,CUST00316,BR045,Fixed Deposit,2022-08-14,2529774.11,Inactive
ACC005656,CUST00987,BR009,Current,2019-04-07,421771.96,Active
ACC005657,CUST04263,BR010,Savings,2023-12-16,364886.35,Inactive
ACC005658,CUST04825,BR015,Current,2024-04-04,1158803.99,Active
ACC005659,CUST00797,BR041,Fixed Deposit,2021-08-07,2314042.87,Inactive
ACC005660,CUST02672,BR018,Fixed Deposit,2018-01-22,2334618.08,Active
ACC005661,CUST00735,BR016,Fixed Deposit,2019-05-11,644729.40,Active
ACC005662,CUST01860,BR023,Current,2021-07-08,1061721.13,Active
ACC005663,CUST00072,BR009,Salary,2023-10-11,258212.03,Active
ACC005664,CUST00044,BR007,Fixed Deposit,2020-02-23,2338868.54,Active
ACC005665,CUST03245,BR009,Fixed Deposit,2021-08-13,2527248.52,Active
ACC005666,CUST01549,BR022,Current,2021-12-10,361493.84,Active
ACC005667,CUST02432,BR047,Current,2023-02-18,660701.47,Active
ACC005668,CUST00291,BR027,Current,2020-08-15,245860.52,Active
ACC005669,CUST03426,BR014,Current,2020-09-13,1081707.58,Active
ACC005670,CUST04572,BR028,Fixed Deposit,2023-06-10,2304179.20,Active
ACC005671,CUST01433,BR017,Salary,2024-01-24,169227.72,Active
ACC005672,CUST01347,BR001,Salary,2024-06-09,16179.94,Inactive
ACC005673,CUST03089,BR031,Fixed Deposit,2023-12-24,1468953.29,Active
ACC005674,CUST04739,BR002,Salary,2024-06-28,213896.62,Active
ACC005675,CUST01867,BR041,Current,2023-03-28,973129.51,Active
ACC005676,CUST03173,BR037,Current,2018-08-17,495529.48,Active
ACC005677,CUST00903,BR032,Fixed Deposit,2024-06-11,1508281.83,Active
ACC005678,CUST00912,BR024,Current,2017-07-01,949427.56,Active
ACC005679,CUST02997,BR033,Fixed Deposit,2022-02-03,906518.93,Active
ACC005680,CUST03598,BR044,Fixed Deposit,2024-04-16,1677257.08,Active
ACC005681,CUST03824,BR050,Current,2018-01-23,1198319.78,Inactive
ACC005682,CUST03628,BR023,Current,2023-12-15,178266.41,Active
ACC005683,CUST03331,BR041,Current,2022-08-01,853754.10,Active
ACC005684,CUST02354,BR026,Salary,2023-12-29,377257.03,Active
ACC005685,CUST01080,BR019,Fixed Deposit,2022-11-15,2771021.46,Active
ACC005686,CUST01651,BR019,Current,2023-10-10,809051.76,Inactive
ACC005687,CUST03829,BR020,Fixed Deposit,2022-05-03,304934.80,Active
ACC005688,CUST04111,BR049,Current,2018-03-30,1156957.83,Inactive
ACC005689,CUST02592,BR006,Current,2023-04-10,927837.13,Active
ACC005690,CUST00303,BR003,Salary,2024-01-18,250749.21,Active
ACC005691,CUST03711,BR013,Fixed Deposit,2024-02-08,1731995.78,Active
ACC005692,CUST00241,BR009,Current,2024-01-29,529859.99,Active
ACC005693,CUST02520,BR041,Current,2023-04-02,1184074.34,Active
ACC005694,CUST03775,BR005,Fixed Deposit,2023-11-26,1230777.02,Inactive
ACC005695,CUST03065,BR038,Current,2019-12-14,923254.04,Active
ACC005696,CUST02853,BR008,Salary,2023-06-17,111991.67,Active
ACC005697,CUST01283,BR045,Fixed Deposit,2024-05-06,175797.83,Active
ACC005698,CUST01615,BR021,Salary,2022-09-05,6110.12,Active
ACC005699,CUST00078,BR039,Savings,2023-04-05,150998.98,Active
ACC005700,CUST01994,BR002,Fixed Deposit,2021-06-19,210063.49,Active
ACC005701,CUST01708,BR025,Current,2023-02-05,800258.42,Active
ACC005702,CUST02563,BR029,Fixed Deposit,2016-06-04,1536783.17,Active
ACC005703,CUST00164,BR027,Current,2021-08-02,46005.72,Active
ACC005704,CUST00864,BR038,Salary,2019-06-10,368525.68,Inactive
ACC005705,CUST01461,BR034,Current,2019-06-15,1131140.11,Inactive
ACC005706,CUST01865,BR048,Savings,2023-12-08,82712.47,Active
ACC005707,CUST01370,BR020,Current,2022-07-19,436584.85,Active
ACC005708,CUST00047,BR030,Salary,2024-03-26,37328.76,Active
ACC005709,CUST00414,BR028,Fixed Deposit,2020-11-13,2895746.31,Active
ACC005710,CUST00848,BR032,Savings,2022-11-30,189413.89,Active
ACC005711,CUST00954,BR012,Current,2023-11-08,486283.07,Active
ACC005712,CUST01331,BR038,Salary,2022-12-16,96707.20,Active
ACC005713,CUST02183,BR025,Current,2020-08-06,798592.78,Active
ACC005714,CUST04600,BR038,Fixed Deposit,2023-03-08,191927.59,Active
ACC005715,CUST02295,BR006,Savings,2024-03-01,283173.46,Active
ACC005716,CUST00870,BR019,Salary,2024-03-23,40612.35,Active
ACC005717,CUST02906,BR014,Salary,2024-05-05,296422.32,Active
ACC005718,CUST04151,BR003,Fixed Deposit,2021-03-21,824306.51,Active
ACC005719,CUST01238,BR017,Salary,2023-07-14,139667.24,Active
ACC005720,CUST01140,BR020,Salary,2022-06-03,211722.78,Active
ACC005721,CUST04810,BR035,Salary,2023-09-03,96641.69,Active
ACC005722,CUST01367,BR044,Fixed Deposit,2021-07-18,1926736.54,Active
ACC005723,CUST00687,BR038,Salary,2023-05-15,388302.17,Inactive
ACC005724,CUST03038,BR047,Savings,2024-01-25,335553.28,Active
ACC005725,CUST00623,BR026,Fixed Deposit,2022-01-22,2466151.88,Active
ACC005726,CUST04882,BR011,Savings,2024-06-05,137959.85,Active
ACC005727,CUST00358,BR017,Fixed Deposit,2022-03-07,2667315.97,Active
ACC005728,CUST00003,BR025,Current,2020-02-05,654207.65,Active
ACC005729,CUST04707,BR014,Fixed Deposit,2021-11-14,2481229.95,Active
ACC005730,CUST00404,BR032,Salary,2022-09-15,50907.83,Active
ACC005731,CUST03178,BR002,Fixed Deposit,2021-12-15,2103961.50,Inactive
ACC005732,CUST03336,BR038,Current,2021-04-26,137134.10,Active
ACC005733,CUST03053,BR041,Savings,2022-07-10,64206.86,Active
ACC005734,CUST01856,BR046,Current,2023-11-24,209759.71,Active
ACC005735,CUST02802,BR046,Salary,2023-05-17,206820.25,Active
ACC005736,CUST03242,BR026,Current,2024-02-18,1054038.03,Inactive
ACC005737,CUST00770,BR036,Salary,2017-01-15,135939.23,Inactive
ACC005738,CUST02215,BR040,Fixed Deposit,2023-10-10,1663150.46,Active
ACC005739,CUST00480,BR007,Current,2023-11-30,474659.54,Active
ACC005740,CUST00200,BR028,Salary,2022-06-09,35144.63,Active
ACC005741,CUST00801,BR043,Fixed Deposit,2024-04-05,1153700.76,Active
ACC005742,CUST02469,BR007,Salary,2023-11-14,351252.77,Active
ACC005743,CUST02870,BR032,Fixed Deposit,2023-12-29,2657502.30,Active
ACC005744,CUST01057,BR040,Savings,2024-06-28,246315.19,Active
ACC005745,CUST04658,BR040,Fixed Deposit,2016-09-27,2700994.98,Active
ACC005746,CUST00093,BR014,Salary,2023-09-17,44074.00,Active
ACC005747,CUST03297,BR019,Current,2023-10-03,637119.42,Active
ACC005748,CUST01280,BR050,Fixed Deposit,2024-04-15,1310601.00,Inactive
ACC005749,CUST04950,BR041,Salary,2020-01-29,15764.20,Active
ACC005750,CUST03961,BR032,Savings,2023-05-14,128929.91,Active
ACC005751,CUST02515,BR003,Current,2021-08-04,522772.96,Active
ACC005752,CUST02148,BR016,Salary,2022-11-13,46521.10,Active
ACC005753,CUST04032,BR041,Salary,2021-07-20,77064.58,Active
ACC005754,CUST00135,BR017,Salary,2023-11-19,221387.40,Active
ACC005755,CUST03940,BR046,Fixed Deposit,2023-11-26,571648.41,Active
ACC005756,CUST02061,BR019,Current,2017-09-07,629083.02,Inactive
ACC005757,CUST02721,BR013,Fixed Deposit,2020-09-17,663764.63,Active
ACC005758,CUST04709,BR035,Salary,2024-06-07,45319.23,Active
ACC005759,CUST01138,BR040,Savings,2023-10-20,367806.12,Active
ACC005760,CUST02431,BR005,Current,2022-03-15,1064010.05,Active
ACC005761,CUST02163,BR046,Current,2020-02-20,255582.93,Active
ACC005762,CUST04319,BR041,Current,2022-12-24,308702.78,Active
ACC005763,CUST03269,BR010,Fixed Deposit,2022-07-11,1958763.68,Active
ACC005764,CUST01878,BR024,Current,2020-11-23,404957.68,Active
ACC005765,CUST00991,BR032,Current,2022-03-15,409176.87,Active
ACC005766,CUST03100,BR049,Salary,2021-03-30,121050.16,Active
ACC005767,CUST04387,BR035,Salary,2023-02-08,39675.90,Active
ACC005768,CUST04504,BR018,Current,2022-02-13,690417.97,Active
ACC005769,CUST03677,BR034,Fixed Deposit,2020-07-25,2936256.23,Active
ACC005770,CUST03237,BR049,Fixed Deposit,2020-01-23,1446226.33,Active
ACC005771,CUST02368,BR016,Salary,2021-07-22,61845.30,Active
ACC005772,CUST00676,BR012,Fixed Deposit,2022-07-26,1492950.55,Active
ACC005773,CUST03425,BR018,Current,2024-05-08,852958.27,Active
ACC005774,CUST02670,BR048,Savings,2023-08-05,99516.00,Active
ACC005775,CUST03806,BR023,Salary,2021-05-30,141484.90,Active
ACC005776,CUST00217,BR035,Salary,2022-12-02,32435.82,Active
ACC005777,CUST00598,BR024,Current,2019-03-27,35324.36,Inactive
ACC005778,CUST02854,BR026,Current,2022-05-09,755881.99,Active
ACC005779,CUST01033,BR039,Salary,2022-12-26,380563.44,Active
ACC005780,CUST02852,BR014,Current,2024-02-17,231422.99,Active
ACC005781,CUST00429,BR021,Current,2023-10-26,838414.09,Active
ACC005782,CUST03421,BR012,Fixed Deposit,2024-02-28,849036.20,Active
ACC005783,CUST02006,BR042,Fixed Deposit,2024-04-02,779050.58,Active
ACC005784,CUST02754,BR044,Current,2023-02-02,689188.08,Active
ACC005785,CUST02433,BR034,Fixed Deposit,2018-01-27,1119327.65,Active
ACC005786,CUST04324,BR029,Current,2023-08-24,781669.26,Active
ACC005787,CUST04660,BR047,Savings,2022-06-10,14505.27,Active
ACC005788,CUST03634,BR042,Current,2018-02-12,1096195.82,Active
ACC005789,CUST02722,BR047,Current,2017-08-23,627608.40,Active
ACC005790,CUST01824,BR009,Current,2024-05-23,703282.57,Active
ACC005791,CUST00215,BR041,Salary,2023-07-23,202112.76,Active
ACC005792,CUST02268,BR032,Salary,2023-09-28,102760.75,Active
ACC005793,CUST02494,BR019,Current,2017-01-19,735850.03,Inactive
ACC005794,CUST02572,BR034,Savings,2019-03-29,9805.54,Active
ACC005795,CUST03176,BR001,Salary,2021-02-17,345798.05,Active
ACC005796,CUST03812,BR027,Savings,2019-04-16,225997.70,Active
ACC005797,CUST04851,BR030,Salary,2022-12-29,396431.79,Active
ACC005798,CUST00518,BR041,Current,2023-06-16,348916.60,Active
ACC005799,CUST03307,BR014,Salary,2020-03-15,391572.57,Active
ACC005800,CUST01998,BR039,Current,2023-02-08,424336.16,Active
ACC005801,CUST01114,BR001,Fixed Deposit,2024-05-31,1776245.53,Active
ACC005802,CUST02462,BR003,Savings,2023-10-20,39506.56,Active
ACC005803,CUST01714,BR044,Fixed Deposit,2020-08-07,2486351.99,Active
ACC005804,CUST01629,BR022,Fixed Deposit,2020-12-08,149017.40,Inactive
ACC005805,CUST02611,BR021,Fixed Deposit,2021-04-27,2009112.90,Active
ACC005806,CUST04338,BR044,Fixed Deposit,2021-07-12,1400552.93,Active
ACC005807,CUST02889,BR008,Salary,2024-01-01,390976.55,Active
ACC005808,CUST00736,BR044,Current,2018-11-23,302282.52,Active
ACC005809,CUST00944,BR001,Current,2023-10-11,532895.16,Active
ACC005810,CUST01042,BR033,Current,2021-12-27,1059918.17,Active
ACC005811,CUST03807,BR007,Salary,2024-01-13,297397.52,Active
ACC005812,CUST04756,BR049,Savings,2019-05-07,184548.74,Active
ACC005813,CUST00820,BR001,Salary,2023-11-07,265368.28,Active
ACC005814,CUST03142,BR035,Fixed Deposit,2022-06-16,2198189.60,Active
ACC005815,CUST01169,BR029,Fixed Deposit,2023-03-31,1838362.38,Active
ACC005816,CUST03445,BR025,Current,2019-03-14,520992.05,Active
ACC005817,CUST03016,BR001,Salary,2023-08-07,366900.47,Active
ACC005818,CUST01422,BR038,Current,2023-07-21,840286.94,Active
ACC005819,CUST00203,BR012,Current,2022-12-06,42287.45,Active
ACC005820,CUST02784,BR006,Fixed Deposit,2022-04-21,1219301.98,Active
ACC005821,CUST03504,BR017,Current,2022-05-20,931294.40,Active
ACC005822,CUST03389,BR038,Current,2021-12-08,357215.29,Active
ACC005823,CUST00057,BR042,Salary,2023-08-21,291188.37,Active
ACC005824,CUST02733,BR010,Savings,2021-08-21,354187.66,Inactive
ACC005825,CUST01586,BR039,Salary,2023-11-29,273570.05,Active
ACC005826,CUST01199,BR005,Salary,2021-02-14,79916.35,Active
ACC005827,CUST00528,BR043,Current,2022-02-05,254594.49,Active
ACC005828,CUST03785,BR035,Savings,2022-08-23,8157.09,Active
ACC005829,CUST02231,BR036,Savings,2024-02-02,54587.30,Active
ACC005830,CUST03289,BR004,Salary,2022-07-05,118980.86,Active
ACC005831,CUST03070,BR011,Savings,2023-08-24,145338.90,Active
ACC005832,CUST03230,BR034,Salary,2024-02-02,326297.84,Active
ACC005833,CUST01693,BR035,Current,2022-09-22,1156008.99,Inactive
ACC005834,CUST01213,BR012,Fixed Deposit,2023-01-31,1525765.47,Active
ACC005835,CUST03048,BR032,Salary,2023-06-08,114038.18,Active
ACC005836,CUST03350,BR002,Salary,2023-05-26,182027.41,Active
ACC005837,CUST00378,BR035,Salary,2022-02-12,318133.35,Active
ACC005838,CUST01290,BR003,Savings,2023-10-09,397924.33,Inactive
ACC005839,CUST04456,BR016,Savings,2023-03-08,223276.32,Active
ACC005840,CUST03224,BR030,Fixed Deposit,2021-03-03,1735254.15,Active
ACC005841,CUST04496,BR003,Fixed Deposit,2021-09-29,1698694.69,Active
ACC005842,CUST03597,BR015,Salary,2019-02-28,233056.18,Active
ACC005843,CUST03385,BR038,Fixed Deposit,2023-02-07,1502436.74,Active
ACC005844,CUST04838,BR046,Fixed Deposit,2024-04-18,2294950.87,Active
ACC005845,CUST04734,BR036,Savings,2023-12-31,374812.07,Active
ACC005846,CUST04149,BR016,Fixed Deposit,2024-01-09,2459902.51,Active
ACC005847,CUST00955,BR044,Current,2020-04-01,287132.16,Active
ACC005848,CUST04583,BR040,Fixed Deposit,2019-06-20,1213083.86,Active
ACC005849,CUST01067,BR036,Savings,2022-07-15,77615.71,Active
ACC005850,CUST00323,BR042,Fixed Deposit,2018-12-07,2515601.97,Active
ACC005851,CUST04092,BR007,Fixed Deposit,2019-06-03,1762707.13,Active
ACC005852,CUST02552,BR013,Salary,2023-12-11,156446.06,Active
ACC005853,CUST00267,BR029,Current,2021-11-19,846684.83,Active
ACC005854,CUST01436,BR026,Fixed Deposit,2021-08-20,1507481.13,Active
ACC005855,CUST01905,BR019,Current,2024-05-11,888350.77,Active
ACC005856,CUST03438,BR025,Current,2021-11-21,710607.46,Active
ACC005857,CUST02727,BR028,Current,2020-07-20,887045.80,Active
ACC005858,CUST00147,BR041,Fixed Deposit,2023-10-18,2482811.16,Active
ACC005859,CUST04680,BR020,Fixed Deposit,2020-11-10,2972088.50,Active
ACC005860,CUST02041,BR029,Fixed Deposit,2023-06-09,2080607.67,Active
ACC005861,CUST00527,BR044,Current,2023-11-17,354421.29,Active
ACC005862,CUST00173,BR002,Current,2022-05-07,1123264.85,Active
ACC005863,CUST02590,BR040,Current,2020-09-06,753896.48,Active
ACC005864,CUST03742,BR008,Salary,2023-01-28,126318.56,Active
ACC005865,CUST01304,BR033,Current,2023-11-20,43804.82,Active
ACC005866,CUST02596,BR032,Fixed Deposit,2023-10-05,1021344.47,Active
ACC005867,CUST02221,BR043,Fixed Deposit,2022-01-23,2003487.99,Active
ACC005868,CUST01154,BR023,Salary,2020-10-24,208383.41,Active
ACC005869,CUST01510,BR037,Fixed Deposit,2022-02-25,1087238.99,Active
ACC005870,CUST00155,BR039,Fixed Deposit,2022-06-23,1841989.09,Active
ACC005871,CUST03090,BR026,Current,2022-06-06,546226.30,Active
ACC005872,CUST02913,BR038,Savings,2019-11-23,188735.21,Active
ACC005873,CUST01034,BR014,Current,2019-11-06,383556.21,Active
ACC005874,CUST00435,BR036,Salary,2022-07-12,22326.95,Active
ACC005875,CUST03720,BR030,Fixed Deposit,2022-01-19,1161805.84,Active
ACC005876,CUST04083,BR042,Fixed Deposit,2023-04-24,524637.15,Active
ACC005877,CUST02400,BR009,Fixed Deposit,2024-01-12,965089.14,Active
ACC005878,CUST03190,BR042,Current,2022-08-23,1087252.09,Active
ACC005879,CUST00396,BR005,Fixed Deposit,2023-08-11,1398937.73,Active
ACC005880,CUST01473,BR008,Fixed Deposit,2017-05-16,1143311.99,Active
ACC005881,CUST02897,BR050,Current,2022-02-27,1006880.72,Active
ACC005882,CUST03333,BR030,Fixed Deposit,2022-09-11,2231883.87,Active
ACC005883,CUST01903,BR034,Fixed Deposit,2022-02-17,2419901.27,Active
ACC005884,CUST03892,BR035,Fixed Deposit,2023-03-23,151826.75,Active
ACC005885,CUST04791,BR036,Current,2023-11-07,97176.71,Active
ACC005886,CUST04193,BR029,Salary,2017-08-10,300675.96,Active
ACC005887,CUST03179,BR044,Fixed Deposit,2023-11-04,1936817.01,Active
ACC005888,CUST00436,BR050,Salary,2023-08-19,77308.05,Active
ACC005889,CUST03587,BR007,Fixed Deposit,2020-09-10,1201911.61,Active
ACC005890,CUST04327,BR027,Salary,2021-07-12,324066.14,Active
ACC005891,CUST03619,BR041,Salary,2020-12-10,151542.12,Active
ACC005892,CUST04540,BR026,Salary,2021-12-07,148595.43,Active
ACC005893,CUST01409,BR026,Fixed Deposit,2021-12-30,1113236.28,Active
ACC005894,CUST04100,BR025,Fixed Deposit,2017-09-21,2459830.04,Active
ACC005895,CUST04443,BR035,Current,2022-04-15,648257.59,Active
ACC005896,CUST04268,BR046,Fixed Deposit,2023-02-16,1883875.36,Active
ACC005897,CUST04441,BR045,Salary,2023-06-19,395522.40,Active
ACC005898,CUST04761,BR040,Fixed Deposit,2022-01-27,2762185.67,Active
ACC005899,CUST03897,BR037,Current,2024-02-04,714730.47,Active
ACC005900,CUST02186,BR024,Fixed Deposit,2018-10-25,1127629.36,Active
ACC005901,CUST02085,BR019,Current,2023-06-28,480934.58,Active
ACC005902,CUST00006,BR015,Salary,2018-07-22,362102.77,Active
ACC005903,CUST02956,BR028,Savings,2023-07-07,14335.69,Active
ACC005904,CUST01351,BR039,Salary,2023-04-06,283916.50,Active
ACC005905,CUST01477,BR043,Fixed Deposit,2020-08-06,2264260.77,Active
ACC005906,CUST02147,BR004,Fixed Deposit,2022-03-17,504300.10,Active
ACC005907,CUST04300,BR028,Current,2024-06-15,966756.68,Active
ACC005908,CUST00354,BR025,Fixed Deposit,2022-07-27,1647902.21,Active
ACC005909,CUST03975,BR050,Current,2022-07-23,310359.41,Active
ACC005910,CUST02464,BR044,Current,2023-08-24,234287.84,Active
ACC005911,CUST04240,BR019,Salary,2024-01-26,14275.28,Active
ACC005912,CUST00514,BR011,Fixed Deposit,2018-08-17,1145859.27,Active
ACC005913,CUST01799,BR037,Current,2023-04-23,994515.01,Active
ACC005914,CUST04912,BR002,Current,2019-07-03,67767.99,Active
ACC005915,CUST01674,BR027,Current,2017-05-04,33467.00,Active
ACC005916,CUST03203,BR041,Savings,2019-02-22,39841.14,Inactive
ACC005917,CUST03390,BR030,Fixed Deposit,2024-05-17,2729653.45,Active
ACC005918,CUST03398,BR004,Salary,2024-02-28,263787.39,Active
ACC005919,CUST00027,BR027,Fixed Deposit,2020-05-26,974266.73,Active
ACC005920,CUST01546,BR019,Fixed Deposit,2019-07-21,416421.92,Active
ACC005921,CUST01389,BR030,Fixed Deposit,2023-02-09,1041276.79,Active
ACC005922,CUST01959,BR029,Salary,2019-08-17,208949.71,Active
ACC005923,CUST01777,BR029,Salary,2017-06-29,55526.09,Active
ACC005924,CUST02086,BR023,Savings,2020-03-16,152623.01,Active
ACC005925,CUST00653,BR031,Salary,2022-12-24,199208.60,Active
ACC005926,CUST04715,BR041,Current,2022-10-22,83240.82,Active
ACC005927,CUST02893,BR028,Salary,2019-12-20,312618.22,Active
ACC005928,CUST02536,BR002,Current,2023-11-04,633246.47,Inactive
ACC005929,CUST03715,BR044,Fixed Deposit,2024-06-20,1082051.76,Active
ACC005930,CUST04091,BR048,Salary,2020-10-28,345925.49,Active
ACC005931,CUST03137,BR011,Savings,2021-01-04,269190.28,Inactive
ACC005932,CUST01788,BR018,Current,2024-03-30,884501.95,Active
ACC005933,CUST01928,BR019,Fixed Deposit,2022-04-29,867962.44,Active
ACC005934,CUST00602,BR042,Salary,2022-06-09,227856.24,Active
ACC005935,CUST04599,BR036,Fixed Deposit,2024-05-16,2759840.10,Active
ACC005936,CUST00730,BR043,Salary,2024-05-26,301870.79,Active
ACC005937,CUST03357,BR009,Fixed Deposit,2019-05-27,295693.91,Active
ACC005938,CUST03533,BR023,Fixed Deposit,2023-10-17,1261112.07,Active
ACC005939,CUST01260,BR006,Salary,2021-10-16,160226.33,Active
ACC005940,CUST04433,BR038,Current,2023-01-31,533491.52,Active
ACC005941,CUST03351,BR050,Salary,2022-10-31,207600.86,Active
ACC005942,CUST03887,BR005,Salary,2021-05-26,329486.72,Active
ACC005943,CUST03006,BR025,Current,2023-10-03,665385.71,Active
ACC005944,CUST02862,BR035,Current,2023-10-22,638001.88,Active
ACC005945,CUST04103,BR041,Salary,2019-10-23,160600.28,Active
ACC005946,CUST04476,BR050,Salary,2023-08-25,140628.95,Active
ACC005947,CUST01889,BR016,Salary,2022-09-24,304702.85,Active
ACC005948,CUST02054,BR028,Salary,2019-02-08,331532.62,Inactive
ACC005949,CUST02986,BR002,Savings,2022-01-12,394821.18,Active
ACC005950,CUST04834,BR024,Current,2020-01-01,1055363.85,Active
ACC005951,CUST01649,BR011,Fixed Deposit,2024-04-28,2319232.95,Active
ACC005952,CUST02075,BR033,Fixed Deposit,2020-06-06,2408628.35,Active
ACC005953,CUST04844,BR003,Savings,2016-10-31,182926.56,Inactive
ACC005954,CUST04570,BR032,Salary,2024-02-01,115081.71,Active
ACC005955,CUST01078,BR040,Current,2019-12-02,1089805.89,Active
ACC005956,CUST00691,BR045,Current,2019-01-07,212343.86,Active
ACC005957,CUST02158,BR007,Fixed Deposit,2022-10-30,1609457.86,Active
ACC005958,CUST02208,BR009,Current,2024-04-07,743180.57,Active
ACC005959,CUST04633,BR028,Salary,2024-04-19,64169.44,Inactive
ACC005960,CUST02094,BR013,Salary,2022-03-29,43151.46,Active
ACC005961,CUST02794,BR034,Salary,2022-11-10,169286.11,Active
ACC005962,CUST02442,BR004,Fixed Deposit,2020-11-26,1118077.56,Active
ACC005963,CUST00663,BR017,Current,2023-07-26,1148395.62,Active
ACC005964,CUST01341,BR005,Salary,2024-02-20,7824.56,Active
ACC005965,CUST03295,BR003,Current,2021-10-26,60033.91,Active
ACC005966,CUST02336,BR002,Savings,2023-01-26,295796.76,Active
ACC005967,CUST02151,BR002,Salary,2020-06-16,309512.32,Active
ACC005968,CUST01620,BR038,Salary,2023-12-21,67043.04,Active
ACC005969,CUST03638,BR031,Salary,2024-02-28,350080.34,Active
ACC005970,CUST01803,BR002,Savings,2015-03-14,71117.06,Active
ACC005971,CUST02831,BR015,Savings,2019-01-16,389468.21,Inactive
ACC005972,CUST00633,BR026,Savings,2024-03-12,13398.39,Active
ACC005973,CUST02841,BR011,Salary,2020-12-05,321650.33,Active
ACC005974,CUST01215,BR038,Salary,2017-11-06,70178.55,Active
ACC005975,CUST00499,BR039,Fixed Deposit,2023-02-26,2423032.94,Active
ACC005976,CUST03694,BR026,Fixed Deposit,2019-06-24,2399636.41,Active
ACC005977,CUST02481,BR045,Savings,2021-08-16,5421.32,Active
ACC005978,CUST01465,BR019,Salary,2023-04-09,57577.80,Active
ACC005979,CUST01183,BR041,Current,2018-04-16,976575.17,Active
ACC005980,CUST03803,BR005,Current,2024-02-11,284141.78,Active
ACC005981,CUST00507,BR027,Fixed Deposit,2016-09-14,2596768.49,Active
ACC005982,CUST02561,BR012,Fixed Deposit,2024-04-17,485782.99,Active
ACC005983,CUST01490,BR007,Savings,2023-11-26,358927.05,Active
ACC005984,CUST01937,BR009,Salary,2018-05-05,275307.54,Inactive
ACC005985,CUST00285,BR012,Fixed Deposit,2024-03-27,2822042.90,Active
ACC005986,CUST01947,BR004,Salary,2021-07-23,73719.42,Inactive
ACC005987,CUST01787,BR025,Savings,2023-08-12,319860.59,Active
ACC005988,CUST00698,BR034,Salary,2017-03-29,79845.13,Inactive
ACC005989,CUST01656,BR004,Savings,2018-01-11,148440.14,Inactive
ACC005990,CUST04793,BR010,Fixed Deposit,2024-04-18,2410301.77,Active
ACC005991,CUST01559,BR004,Salary,2023-04-02,274905.35,Active
ACC005992,CUST04565,BR014,Salary,2022-07-21,28800.66,Active
ACC005993,CUST03434,BR048,Salary,2021-12-27,200065.18,Active
ACC005994,CUST00720,BR006,Current,2024-05-04,856437.80,Active
ACC005995,CUST03305,BR015,Current,2017-04-04,1084336.67,Active
ACC005996,CUST02189,BR033,Fixed Deposit,2022-05-16,2109490.11,Active
ACC005997,CUST02320,BR025,Fixed Deposit,2020-10-05,2881708.71,Active
ACC005998,CUST04718,BR049,Salary,2021-11-28,286793.81,Active
ACC005999,CUST01474,BR008,Current,2022-01-09,816915.52,Active
ACC006000,CUST01990,BR045,Fixed Deposit,2023-09-28,110805.71,Active
ACC006001,CUST01754,BR047,Current,2023-09-11,591838.56,Active
ACC006002,CUST03243,BR043,Current,2021-12-12,333102.11,Active
ACC006003,CUST03135,BR040,Current,2023-09-17,587109.70,Active
ACC006004,CUST04878,BR027,Current,2023-06-19,571765.03,Active
ACC006005,CUST01361,BR001,Current,2016-08-04,1126996.44,Active
ACC006006,CUST03501,BR046,Salary,2023-07-30,185826.32,Active
ACC006007,CUST01377,BR048,Fixed Deposit,2023-02-26,2192296.24,Active
ACC006008,CUST03712,BR030,Salary,2023-12-29,381023.57,Active
ACC006009,CUST00271,BR013,Salary,2018-06-13,23771.60,Active
ACC006010,CUST01079,BR006,Current,2023-07-15,230210.89,Active
ACC006011,CUST01765,BR032,Salary,2023-08-07,394425.58,Inactive
ACC006012,CUST03737,BR031,Salary,2022-04-24,66847.28,Active
ACC006013,CUST01479,BR010,Salary,2021-12-15,49536.27,Inactive
ACC006014,CUST02485,BR048,Current,2023-08-25,282007.15,Active
ACC006015,CUST02408,BR014,Savings,2022-01-21,32917.44,Active
ACC006016,CUST02071,BR001,Salary,2023-12-20,66674.74,Inactive
ACC006017,CUST00940,BR012,Fixed Deposit,2024-03-24,2531343.30,Inactive
ACC006018,CUST04148,BR007,Salary,2022-02-16,284384.98,Active
ACC006019,CUST01101,BR008,Current,2017-07-20,447792.02,Active
ACC006020,CUST04188,BR007,Fixed Deposit,2024-03-14,173917.04,Active
ACC006021,CUST00233,BR018,Salary,2020-09-12,315802.65,Active
ACC006022,CUST04925,BR005,Savings,2023-09-30,294550.84,Active
ACC006023,CUST03788,BR011,Fixed Deposit,2023-12-24,1539286.98,Active
ACC006024,CUST02435,BR049,Fixed Deposit,2024-05-16,1697884.01,Active
ACC006025,CUST03964,BR006,Current,2020-03-29,647059.46,Active
ACC006026,CUST01415,BR017,Fixed Deposit,2017-09-17,349101.74,Inactive
ACC006027,CUST00938,BR046,Current,2016-08-17,300920.27,Active
ACC006028,CUST00649,BR024,Salary,2017-06-04,80516.04,Active
ACC006029,CUST00422,BR019,Fixed Deposit,2023-11-09,2591229.26,Inactive
ACC006030,CUST02219,BR042,Salary,2024-06-08,330230.40,Active
ACC006031,CUST02362,BR026,Fixed Deposit,2022-04-11,227930.93,Active
ACC006032,CUST03580,BR031,Savings,2021-12-22,335906.97,Active
ACC006033,CUST03448,BR038,Salary,2023-05-04,154178.34,Active
ACC006034,CUST00971,BR005,Fixed Deposit,2020-01-19,191321.24,Active
ACC006035,CUST00434,BR033,Fixed Deposit,2020-08-14,1355859.88,Active
ACC006036,CUST04848,BR029,Fixed Deposit,2024-05-15,2202420.89,Active
ACC006037,CUST02650,BR007,Current,2024-01-08,343638.45,Active
ACC006038,CUST04795,BR032,Current,2022-03-23,1181996.54,Active
ACC006039,CUST02812,BR005,Fixed Deposit,2021-11-07,1779526.54,Active
ACC006040,CUST01019,BR017,Fixed Deposit,2020-08-03,227321.50,Active
ACC006041,CUST00192,BR042,Savings,2024-01-28,317682.85,Active
ACC006042,CUST01340,BR008,Salary,2023-12-16,302612.33,Active
ACC006043,CUST02723,BR009,Current,2022-10-27,407928.75,Active
ACC006044,CUST02095,BR028,Salary,2019-09-07,91594.72,Active
ACC006045,CUST04846,BR026,Current,2023-01-14,599352.04,Active
ACC006046,CUST03796,BR028,Current,2024-01-06,832609.22,Active
ACC006047,CUST04010,BR035,Salary,2019-05-25,378279.57,Active
ACC006048,CUST04906,BR030,Fixed Deposit,2019-09-13,2062768.89,Active
ACC006049,CUST03260,BR048,Current,2021-03-25,463155.39,Active
ACC006050,CUST04132,BR009,Salary,2019-03-21,152148.86,Active
ACC006051,CUST04046,BR042,Current,2022-04-14,773523.02,Active
ACC006052,CUST02228,BR036,Salary,2018-09-05,125600.96,Active
ACC006053,CUST04730,BR018,Fixed Deposit,2021-07-31,2575544.78,Active
ACC006054,CUST03329,BR001,Salary,2022-06-27,121322.95,Active
ACC006055,CUST04873,BR019,Fixed Deposit,2023-10-23,1048017.11,Active
ACC006056,CUST02739,BR001,Current,2023-10-02,1126844.38,Active
ACC006057,CUST02062,BR016,Current,2023-06-19,1159666.39,Active
ACC006058,CUST04951,BR045,Savings,2023-03-25,373474.99,Active
ACC006059,CUST04798,BR024,Current,2021-05-04,181551.28,Active
ACC006060,CUST01742,BR044,Current,2021-11-16,996168.55,Active
ACC006061,CUST02046,BR043,Savings,2023-12-27,52524.21,Active
ACC006062,CUST00446,BR016,Current,2024-01-06,199577.02,Active
ACC006063,CUST02474,BR039,Salary,2018-07-18,38341.55,Active
ACC006064,CUST00425,BR025,Salary,2021-12-30,87700.55,Active
ACC006065,CUST04959,BR036,Salary,2023-12-20,197274.23,Active
ACC006066,CUST01166,BR015,Salary,2018-01-14,338020.06,Active
ACC006067,CUST00711,BR020,Fixed Deposit,2017-09-26,481026.82,Active
ACC006068,CUST04737,BR045,Fixed Deposit,2024-04-21,1384596.12,Active
ACC006069,CUST03871,BR006,Fixed Deposit,2020-12-24,2029486.35,Active
ACC006070,CUST00338,BR041,Salary,2020-02-05,115802.22,Inactive
ACC006071,CUST02103,BR028,Fixed Deposit,2022-04-27,714043.06,Active
ACC006072,CUST03516,BR005,Current,2019-04-28,738261.69,Active
ACC006073,CUST02700,BR009,Savings,2023-11-24,321690.09,Active
ACC006074,CUST01746,BR030,Fixed Deposit,2022-12-07,1836376.67,Active
ACC006075,CUST02556,BR042,Salary,2019-01-28,60052.13,Active
ACC006076,CUST01910,BR034,Savings,2023-02-23,87728.56,Active
ACC006077,CUST04464,BR030,Current,2019-12-24,516185.51,Active
ACC006078,CUST01345,BR048,Savings,2024-06-13,188829.19,Active
ACC006079,CUST02731,BR012,Fixed Deposit,2024-05-21,966253.51,Active
ACC006080,CUST01685,BR019,Salary,2019-02-05,176451.34,Active
ACC006081,CUST04335,BR042,Savings,2023-12-08,189994.38,Inactive
ACC006082,CUST02737,BR004,Savings,2023-11-04,32172.11,Active
ACC006083,CUST04545,BR049,Salary,2022-09-27,372275.52,Active
ACC006084,CUST03613,BR008,Current,2018-11-29,569101.41,Active
ACC006085,CUST04580,BR006,Salary,2023-09-24,183315.58,Active
ACC006086,CUST00415,BR030,Fixed Deposit,2021-08-25,216151.56,Active
ACC006087,CUST03412,BR027,Fixed Deposit,2021-12-31,2196798.13,Active
ACC006088,CUST03624,BR007,Savings,2022-02-28,138662.59,Active
ACC006089,CUST03183,BR005,Fixed Deposit,2023-11-10,861327.44,Active
ACC006090,CUST01852,BR046,Fixed Deposit,2023-01-20,287127.33,Active
ACC006091,CUST02687,BR025,Current,2018-08-12,599479.50,Active
ACC006092,CUST01493,BR039,Current,2024-04-08,1168466.52,Active
ACC006093,CUST03550,BR005,Fixed Deposit,2021-10-10,2933693.46,Inactive
ACC006094,CUST04488,BR016,Salary,2023-07-26,94187.26,Active
ACC006095,CUST00513,BR015,Savings,2019-11-10,295731.46,Active
ACC006096,CUST01230,BR032,Savings,2021-05-20,227942.98,Active
ACC006097,CUST03505,BR021,Current,2019-01-06,807839.14,Active
ACC006098,CUST03342,BR007,Savings,2021-11-22,194233.29,Active
ACC006099,CUST02757,BR023,Fixed Deposit,2023-08-29,290854.54,Active
ACC006100,CUST00187,BR012,Salary,2021-08-09,187207.00,Active
ACC006101,CUST02513,BR023,Fixed Deposit,2022-10-12,118615.21,Inactive
ACC006102,CUST01872,BR035,Savings,2021-03-03,189964.05,Active
ACC006103,CUST04429,BR023,Current,2020-08-11,466872.52,Active
ACC006104,CUST01437,BR026,Current,2024-03-15,335352.88,Active
ACC006105,CUST02118,BR012,Current,2021-06-24,351733.67,Active
ACC006106,CUST01542,BR035,Current,2017-09-30,756004.37,Active
ACC006107,CUST00443,BR002,Current,2019-09-23,1192716.38,Active
ACC006108,CUST03254,BR005,Salary,2023-01-19,342823.06,Active
ACC006109,CUST01010,BR001,Current,2023-11-03,290656.73,Active
ACC006110,CUST02682,BR001,Fixed Deposit,2022-09-03,1286052.55,Active
ACC006111,CUST04681,BR044,Salary,2024-02-12,265556.96,Active
ACC006112,CUST03614,BR024,Current,2018-09-07,694602.57,Active
ACC006113,CUST04901,BR008,Fixed Deposit,2021-09-11,202521.38,Active
ACC006114,CUST02309,BR034,Fixed Deposit,2020-09-27,2612869.22,Active
ACC006115,CUST00943,BR033,Salary,2020-05-02,220978.96,Active
ACC006116,CUST01121,BR027,Fixed Deposit,2023-07-28,941598.35,Active
ACC006117,CUST03955,BR011,Fixed Deposit,2024-02-04,178875.39,Active
ACC006118,CUST04068,BR022,Current,2022-09-25,329683.86,Active
ACC006119,CUST01065,BR018,Salary,2023-10-06,34109.58,Active
ACC006120,CUST02726,BR045,Savings,2018-09-15,198273.85,Active
ACC006121,CUST03958,BR024,Salary,2024-01-23,203486.81,Active
ACC006122,CUST02379,BR016,Fixed Deposit,2021-08-09,209519.40,Active
ACC006123,CUST01492,BR031,Salary,2018-05-29,369795.50,Active
ACC006124,CUST04064,BR012,Savings,2022-01-14,327343.36,Active
ACC006125,CUST03646,BR002,Salary,2019-04-06,180893.13,Inactive
ACC006126,CUST00175,BR004,Savings,2022-02-08,203373.05,Active
ACC006127,CUST00199,BR043,Salary,2024-01-31,177617.02,Active
ACC006128,CUST01217,BR013,Current,2024-06-22,1196117.61,Active
ACC006129,CUST01253,BR041,Salary,2024-06-25,62858.92,Active
ACC006130,CUST03536,BR034,Salary,2023-03-13,288396.51,Active
ACC006131,CUST00263,BR020,Current,2021-06-30,359256.56,Active
ACC006132,CUST02210,BR011,Fixed Deposit,2024-01-04,2074765.45,Active
ACC006133,CUST04992,BR009,Salary,2021-09-16,370417.70,Active
ACC006134,CUST01467,BR021,Salary,2020-05-07,166752.04,Active
ACC006135,CUST04138,BR047,Fixed Deposit,2021-11-26,2060735.91,Active
ACC006136,CUST00230,BR010,Salary,2023-11-27,333434.51,Active
ACC006137,CUST00040,BR028,Salary,2020-06-24,48983.90,Active
ACC006138,CUST03028,BR041,Savings,2018-12-27,68569.36,Active
ACC006139,CUST03099,BR012,Fixed Deposit,2017-04-04,2865986.65,Inactive
ACC006140,CUST01758,BR024,Current,2023-04-02,878968.43,Active
ACC006141,CUST00149,BR024,Fixed Deposit,2022-11-06,1225146.34,Active
ACC006142,CUST00794,BR036,Salary,2023-09-24,398435.80,Active
ACC006143,CUST00033,BR034,Fixed Deposit,2017-07-19,2602113.63,Active
ACC006144,CUST02043,BR045,Savings,2024-06-17,53321.22,Active
ACC006145,CUST03191,BR033,Fixed Deposit,2021-02-11,977151.18,Active
ACC006146,CUST02688,BR006,Current,2022-05-13,602720.81,Active
ACC006147,CUST04129,BR004,Savings,2021-01-17,242509.74,Active
ACC006148,CUST04869,BR007,Salary,2019-12-29,336499.03,Active
ACC006149,CUST04815,BR017,Fixed Deposit,2019-05-13,992331.74,Active
ACC006150,CUST01259,BR047,Current,2023-01-13,586050.54,Active
ACC006151,CUST00977,BR046,Salary,2022-01-10,320229.41,Active
ACC006152,CUST03098,BR010,Savings,2023-01-04,204766.19,Active
ACC006153,CUST03895,BR006,Fixed Deposit,2023-05-10,1057568.32,Active
ACC006154,CUST00953,BR036,Current,2022-03-11,1044933.71,Active
ACC006155,CUST03441,BR014,Salary,2024-02-19,372879.28,Active
ACC006156,CUST01133,BR004,Salary,2022-05-15,177852.96,Active
ACC006157,CUST02156,BR023,Salary,2023-05-30,314549.64,Active
ACC006158,CUST04852,BR010,Fixed Deposit,2020-01-16,455600.44,Active
ACC006159,CUST00339,BR012,Savings,2021-11-03,40687.78,Active
ACC006160,CUST01321,BR024,Current,2023-05-06,645138.43,Active
ACC006161,CUST02951,BR038,Fixed Deposit,2018-12-22,1727968.02,Inactive
ACC006162,CUST01755,BR007,Fixed Deposit,2020-01-26,692713.15,Inactive
ACC006163,CUST01311,BR026,Salary,2024-05-02,236013.20,Active
ACC006164,CUST02234,BR045,Current,2024-02-14,1141440.73,Active
ACC006165,CUST02092,BR017,Fixed Deposit,2022-05-11,2606781.08,Active
ACC006166,CUST01940,BR030,Fixed Deposit,2024-05-09,2447260.53,Active
ACC006167,CUST02467,BR036,Fixed Deposit,2019-10-11,862848.80,Active
ACC006168,CUST03324,BR009,Fixed Deposit,2020-08-18,2298874.08,Active
ACC006169,CUST04331,BR042,Savings,2022-02-12,36052.56,Active
ACC006170,CUST01197,BR044,Salary,2024-01-21,326630.33,Active
ACC006171,CUST03366,BR036,Fixed Deposit,2022-11-23,101112.56,Active
ACC006172,CUST04792,BR028,Salary,2023-11-11,43371.03,Active
ACC006173,CUST03687,BR037,Fixed Deposit,2017-12-24,2616567.45,Active
ACC006174,CUST04755,BR045,Salary,2019-11-26,387555.10,Active
ACC006175,CUST04526,BR046,Fixed Deposit,2024-06-05,2172429.55,Active
ACC006176,CUST04491,BR037,Fixed Deposit,2023-05-08,640920.25,Active
ACC006177,CUST01612,BR017,Current,2020-04-05,708115.62,Active
ACC006178,CUST02477,BR031,Savings,2019-03-15,311082.81,Active
ACC006179,CUST03790,BR001,Fixed Deposit,2021-01-22,2488750.04,Active
ACC006180,CUST03021,BR023,Salary,2022-08-04,200760.11,Active
ACC006181,CUST01017,BR043,Fixed Deposit,2024-04-08,2401656.14,Active
ACC006182,CUST02224,BR019,Current,2018-11-22,97101.30,Active
ACC006183,CUST02910,BR027,Salary,2022-10-30,103771.88,Active
ACC006184,CUST01084,BR016,Current,2024-01-24,309812.15,Active
ACC006185,CUST00293,BR037,Fixed Deposit,2023-02-27,183582.38,Active
ACC006186,CUST04375,BR023,Salary,2024-02-04,226437.18,Active
ACC006187,CUST01945,BR030,Current,2020-10-13,833240.79,Active
ACC006188,CUST04879,BR028,Fixed Deposit,2022-04-10,2808562.36,Active
ACC006189,CUST04156,BR029,Salary,2021-11-06,336733.60,Active
ACC006190,CUST02137,BR049,Salary,2024-05-16,294105.25,Active
ACC006191,CUST03883,BR002,Salary,2023-08-27,305737.16,Active
ACC006192,CUST00118,BR046,Current,2022-04-21,393701.94,Active
ACC006193,CUST03974,BR020,Current,2023-10-07,645459.53,Active
ACC006194,CUST03541,BR015,Salary,2024-06-24,37256.34,Active
ACC006195,CUST02698,BR022,Current,2023-02-04,851107.23,Inactive
ACC006196,CUST00779,BR012,Savings,2024-03-01,280035.58,Active
ACC006197,CUST03362,BR014,Fixed Deposit,2021-04-02,1782201.50,Active
ACC006198,CUST00212,BR029,Current,2024-03-17,42323.31,Active
ACC006199,CUST03136,BR043,Current,2021-01-01,813922.44,Active
ACC006200,CUST03344,BR038,Fixed Deposit,2023-03-19,2245621.22,Active
ACC006201,CUST04374,BR039,Current,2023-11-12,356315.18,Active
ACC006202,CUST01146,BR004,Current,2021-05-13,866041.14,Active
ACC006203,CUST00272,BR014,Savings,2020-12-06,344717.28,Active
ACC006204,CUST04788,BR018,Salary,2023-08-29,103921.61,Active
ACC006205,CUST04049,BR049,Current,2019-06-18,714272.84,Active
ACC006206,CUST00614,BR009,Fixed Deposit,2022-02-02,514450.88,Active
ACC006207,CUST03731,BR005,Current,2017-02-12,701675.59,Active
ACC006208,CUST01588,BR005,Fixed Deposit,2023-07-24,282974.88,Active
ACC006209,CUST02587,BR019,Fixed Deposit,2021-03-10,2828363.68,Active
ACC006210,CUST00232,BR024,Salary,2024-06-24,295501.34,Active
ACC006211,CUST01768,BR016,Fixed Deposit,2023-06-26,1324835.58,Active
ACC006212,CUST02840,BR010,Fixed Deposit,2024-02-15,2436466.96,Inactive
ACC006213,CUST04047,BR015,Fixed Deposit,2023-11-26,298485.61,Active
ACC006214,CUST03187,BR015,Salary,2023-06-02,59869.11,Active
ACC006215,CUST01592,BR047,Savings,2016-04-08,304829.00,Active
ACC006216,CUST02161,BR031,Fixed Deposit,2022-04-22,2503661.51,Active
ACC006217,CUST00685,BR013,Fixed Deposit,2023-03-31,614904.25,Active
ACC006218,CUST02916,BR039,Current,2020-04-28,778569.33,Active
ACC006219,CUST02979,BR031,Salary,2021-09-22,285403.66,Active
ACC006220,CUST00332,BR007,Fixed Deposit,2015-11-30,1031574.40,Active
ACC006221,CUST01941,BR010,Current,2023-12-09,698161.88,Active
ACC006222,CUST02537,BR012,Fixed Deposit,2022-12-26,1338139.32,Active
ACC006223,CUST01807,BR035,Fixed Deposit,2019-03-30,1440378.71,Active
ACC006224,CUST03678,BR043,Fixed Deposit,2021-08-15,136278.21,Active
ACC006225,CUST01719,BR048,Fixed Deposit,2021-08-23,1462097.55,Active
ACC006226,CUST04712,BR019,Salary,2023-07-09,57692.51,Active
ACC006227,CUST03416,BR029,Savings,2024-02-14,169515.27,Active
ACC006228,CUST02638,BR028,Salary,2023-01-15,201778.01,Active
ACC006229,CUST01636,BR047,Current,2022-10-06,625950.83,Active
ACC006230,CUST02048,BR007,Current,2017-02-25,549228.06,Active
ACC006231,CUST00083,BR024,Fixed Deposit,2020-07-19,652370.55,Active
ACC006232,CUST03170,BR037,Fixed Deposit,2024-05-06,2963567.67,Active
ACC006233,CUST04748,BR018,Current,2021-07-05,732046.35,Active
ACC006234,CUST04159,BR029,Current,2021-04-25,640648.06,Active
ACC006235,CUST02038,BR021,Current,2020-12-24,756444.96,Active
ACC006236,CUST03267,BR031,Savings,2017-12-23,168025.28,Active
ACC006237,CUST01223,BR028,Salary,2021-11-15,84605.19,Active
ACC006238,CUST03688,BR035,Current,2023-01-23,100407.86,Active
ACC006239,CUST00692,BR036,Salary,2023-11-19,142581.20,Active
ACC006240,CUST00001,BR008,Current,2021-03-20,760761.39,Inactive
ACC006241,CUST01410,BR030,Salary,2024-03-01,258116.09,Active
ACC006242,CUST00136,BR037,Fixed Deposit,2024-05-27,215567.72,Active
ACC006243,CUST02652,BR017,Current,2018-09-29,688745.89,Active
ACC006244,CUST00251,BR021,Salary,2020-03-01,192729.81,Active
ACC006245,CUST04916,BR040,Current,2017-07-27,628330.11,Active
ACC006246,CUST00154,BR014,Fixed Deposit,2021-08-10,1686894.51,Active
ACC006247,CUST03917,BR001,Savings,2024-06-10,195196.50,Active
ACC006248,CUST00038,BR008,Current,2023-11-21,223702.40,Inactive
ACC006249,CUST00150,BR027,Current,2021-12-08,615332.34,Active
ACC006250,CUST00257,BR004,Fixed Deposit,2019-08-12,1666248.93,Active
ACC006251,CUST02165,BR046,Salary,2017-03-03,54375.06,Active
ACC006252,CUST04579,BR037,Fixed Deposit,2019-04-28,1024193.86,Inactive
ACC006253,CUST04276,BR027,Fixed Deposit,2022-08-15,1952470.50,Active
ACC006254,CUST04198,BR002,Current,2021-06-23,851718.04,Active
ACC006255,CUST00017,BR043,Salary,2024-04-05,253285.39,Active
ACC006256,CUST02823,BR039,Fixed Deposit,2023-11-17,1940553.92,Active
ACC006257,CUST03772,BR048,Current,2016-06-11,392187.02,Inactive
ACC006258,CUST00759,BR046,Salary,2016-01-10,114024.17,Active
ACC006259,CUST00255,BR032,Current,2022-08-10,455181.76,Active
ACC006260,CUST00483,BR048,Salary,2022-06-13,138551.61,Active
ACC006261,CUST04026,BR030,Savings,2024-01-11,38908.46,Active
ACC006262,CUST04308,BR031,Fixed Deposit,2019-05-27,2053741.51,Inactive
ACC006263,CUST04356,BR030,Salary,2021-03-30,264511.42,Inactive
ACC006264,CUST03858,BR049,Salary,2020-11-29,182786.32,Active
ACC006265,CUST04265,BR034,Fixed Deposit,2023-10-27,1891135.42,Active
ACC006266,CUST01571,BR007,Salary,2024-06-20,97736.62,Active
ACC006267,CUST03914,BR035,Current,2024-02-12,224798.02,Inactive
ACC006268,CUST02196,BR037,Savings,2023-12-06,62459.17,Active
ACC006269,CUST02286,BR043,Savings,2019-12-31,51416.47,Inactive
ACC006270,CUST01967,BR041,Savings,2022-08-16,111337.07,Active
ACC006271,CUST04528,BR036,Salary,2016-11-28,185804.68,Active
ACC006272,CUST04716,BR043,Current,2023-04-08,306091.25,Active
ACC006273,CUST03072,BR007,Current,2019-07-20,553744.05,Active
ACC006274,CUST02996,BR039,Salary,2023-12-10,41664.04,Active
ACC006275,CUST03987,BR016,Salary,2023-03-16,48175.93,Inactive
ACC006276,CUST00165,BR043,Fixed Deposit,2022-04-17,714330.59,Active
ACC006277,CUST02386,BR012,Salary,2019-06-07,354463.76,Inactive
ACC006278,CUST00222,BR021,Current,2024-02-14,370200.78,Active
ACC006279,CUST03265,BR047,Fixed Deposit,2023-09-09,161314.84,Active
ACC006280,CUST01262,BR028,Fixed Deposit,2020-11-13,2342401.92,Active
ACC006281,CUST04997,BR003,Fixed Deposit,2023-11-11,2010177.26,Inactive
ACC006282,CUST01008,BR041,Current,2023-12-25,281297.53,Active
ACC006283,CUST03795,BR034,Current,2024-02-28,274082.90,Active
ACC006284,CUST01675,BR035,Fixed Deposit,2019-02-09,1870704.85,Active
ACC006285,CUST03014,BR007,Savings,2019-12-26,293844.90,Active
ACC006286,CUST02613,BR037,Fixed Deposit,2024-05-30,2348719.72,Active
ACC006287,CUST04664,BR014,Current,2021-08-15,442338.91,Inactive
ACC006288,CUST01695,BR044,Salary,2022-07-14,50450.25,Active
ACC006289,CUST00916,BR009,Fixed Deposit,2022-12-27,669871.70,Active
ACC006290,CUST02884,BR028,Salary,2023-01-18,209359.55,Active
ACC006291,CUST01150,BR043,Current,2020-06-09,707180.93,Active
ACC006292,CUST01431,BR013,Fixed Deposit,2023-02-07,1501091.01,Active
ACC006293,CUST01643,BR007,Fixed Deposit,2024-04-11,597413.41,Active
ACC006294,CUST01265,BR021,Salary,2023-08-18,9220.70,Active
ACC006295,CUST04750,BR047,Savings,2020-12-27,296633.99,Active
ACC006296,CUST04143,BR030,Current,2019-03-01,449368.04,Active
ACC006297,CUST04762,BR017,Salary,2024-05-01,239341.70,Active
ACC006298,CUST05000,BR047,Savings,2023-05-12,14595.09,Active
ACC006299,CUST01087,BR030,Salary,2021-07-07,68145.99,Active
ACC006300,CUST03172,BR023,Fixed Deposit,2024-02-07,2923126.39,Active
ACC006301,CUST00137,BR037,Current,2023-06-25,1148518.67,Active
ACC006302,CUST04928,BR022,Current,2019-03-14,730783.44,Active
ACC006303,CUST01961,BR002,Fixed Deposit,2020-06-29,1891549.16,Active
ACC006304,CUST04937,BR008,Savings,2024-05-09,187624.87,Active
ACC006305,CUST02787,BR043,Fixed Deposit,2020-06-06,1807223.16,Active
ACC006306,CUST01203,BR034,Current,2022-07-21,1113675.29,Active
ACC006307,CUST04036,BR027,Salary,2020-04-20,359154.20,Active
ACC006308,CUST04576,BR024,Savings,2023-07-12,361477.50,Active
ACC006309,CUST02639,BR020,Fixed Deposit,2024-01-26,1559832.79,Active
ACC006310,CUST01439,BR021,Fixed Deposit,2018-12-14,1404908.03,Active
ACC006311,CUST04918,BR021,Fixed Deposit,2023-04-30,1155404.36,Active
ACC006312,CUST04679,BR023,Fixed Deposit,2024-05-29,1456027.87,Active
ACC006313,CUST04686,BR024,Savings,2023-08-08,241216.64,Active
ACC006314,CUST04369,BR037,Current,2023-11-20,228684.92,Active
ACC006315,CUST00063,BR009,Fixed Deposit,2022-10-06,2071050.89,Inactive
ACC006316,CUST04645,BR044,Fixed Deposit,2022-05-06,1977668.88,Active
ACC006317,CUST04520,BR012,Salary,2020-03-14,85179.80,Active
ACC006318,CUST00933,BR019,Current,2021-09-29,896458.89,Active
ACC006319,CUST02560,BR046,Salary,2022-08-15,348412.34,Active
ACC006320,CUST02634,BR007,Fixed Deposit,2018-01-15,221116.02,Active
ACC006321,CUST03429,BR046,Salary,2023-11-05,295809.81,Active
ACC006322,CUST01339,BR042,Salary,2020-05-05,72544.82,Inactive
ACC006323,CUST03209,BR042,Current,2023-11-10,152028.52,Active
ACC006324,CUST00534,BR046,Current,2024-03-08,838542.65,Active
ACC006325,CUST04782,BR001,Fixed Deposit,2024-05-02,1828543.45,Active
ACC006326,CUST01935,BR041,Salary,2020-01-01,248017.73,Active
ACC006327,CUST03804,BR032,Fixed Deposit,2020-02-14,1104069.74,Active
ACC006328,CUST01694,BR028,Current,2020-04-06,438691.44,Active
ACC006329,CUST04731,BR009,Fixed Deposit,2021-11-07,619729.71,Active
ACC006330,CUST02789,BR037,Current,2023-10-24,105264.88,Inactive
ACC006331,CUST03965,BR036,Salary,2024-05-23,252282.62,Active
ACC006332,CUST04797,BR019,Salary,2017-09-28,196032.53,Inactive
ACC006333,CUST01408,BR045,Fixed Deposit,2019-09-17,1766460.03,Active
ACC006334,CUST04999,BR008,Current,2023-03-22,182017.86,Active
ACC006335,CUST00886,BR016,Fixed Deposit,2021-10-04,1160176.39,Active
ACC006336,CUST03748,BR024,Savings,2018-09-28,167778.20,Active
ACC006337,CUST01497,BR034,Fixed Deposit,2024-05-08,131269.10,Active
ACC006338,CUST01721,BR037,Current,2023-07-18,518481.21,Active
ACC006339,CUST00501,BR022,Salary,2023-04-22,223629.65,Active
ACC006340,CUST02640,BR012,Salary,2024-05-14,198848.22,Active
ACC006341,CUST02088,BR013,Savings,2023-06-09,255030.72,Active
ACC006342,CUST03201,BR026,Fixed Deposit,2019-04-21,310414.20,Active
ACC006343,CUST04892,BR016,Savings,2022-04-18,175566.99,Active
ACC006344,CUST03345,BR022,Fixed Deposit,2024-01-21,2769327.60,Active
ACC006345,CUST00829,BR006,Salary,2024-02-18,201656.73,Active
ACC006346,CUST02821,BR044,Salary,2024-01-03,68489.06,Active
ACC006347,CUST03384,BR009,Salary,2018-01-02,19832.90,Active
ACC006348,CUST01925,BR010,Current,2019-07-07,828556.79,Active
ACC006349,CUST04298,BR023,Current,2021-05-31,783077.31,Inactive
ACC006350,CUST04881,BR042,Fixed Deposit,2022-04-25,1874708.37,Active
ACC006351,CUST04818,BR034,Fixed Deposit,2024-06-16,513315.48,Active
ACC006352,CUST01404,BR005,Savings,2020-11-28,82754.40,Active
ACC006353,CUST04339,BR007,Fixed Deposit,2018-05-03,2517706.08,Active
ACC006354,CUST03447,BR030,Fixed Deposit,2023-01-21,1438343.58,Active
ACC006355,CUST03328,BR045,Salary,2020-04-22,325426.93,Active
ACC006356,CUST01968,BR004,Savings,2023-10-14,188525.78,Inactive
ACC006357,CUST01254,BR026,Fixed Deposit,2021-09-17,2916320.38,Active
ACC006358,CUST01274,BR049,Salary,2016-07-24,397384.79,Inactive
ACC006359,CUST00350,BR019,Salary,2023-04-02,101978.85,Active
ACC006360,CUST02618,BR029,Salary,2022-06-22,251714.40,Active
ACC006361,CUST01728,BR030,Fixed Deposit,2024-05-20,667304.96,Active
ACC006362,CUST03913,BR047,Salary,2023-08-28,214175.67,Active
ACC006363,CUST01736,BR016,Salary,2021-09-03,66026.45,Active
ACC006364,CUST00624,BR036,Salary,2023-03-13,129806.58,Active
ACC006365,CUST04262,BR001,Fixed Deposit,2021-07-11,976366.86,Active
ACC006366,CUST01173,BR018,Current,2023-02-16,912303.73,Active
ACC006367,CUST02868,BR027,Fixed Deposit,2019-12-19,993928.15,Active
ACC006368,CUST01334,BR028,Fixed Deposit,2017-08-09,2607588.46,Active
ACC006369,CUST02977,BR014,Current,2021-10-16,664639.99,Inactive
ACC006370,CUST02310,BR010,Savings,2020-08-21,239759.66,Inactive
ACC006371,CUST02108,BR023,Salary,2023-02-11,99294.54,Active
ACC006372,CUST03872,BR040,Current,2019-01-17,749775.73,Active
ACC006373,CUST02783,BR046,Savings,2021-07-03,188650.80,Active
ACC006374,CUST04697,BR043,Salary,2020-05-24,344979.10,Active
ACC006375,CUST02119,BR035,Fixed Deposit,2024-04-27,2310758.96,Active
ACC006376,CUST03361,BR029,Current,2020-03-18,1045503.00,Inactive
ACC006377,CUST04802,BR006,Savings,2022-09-03,204737.02,Inactive
ACC006378,CUST02566,BR034,Fixed Deposit,2023-08-31,622782.06,Active
ACC006379,CUST01103,BR002,Fixed Deposit,2018-08-22,327128.73,Active
ACC006380,CUST04723,BR001,Savings,2024-02-12,216340.29,Active
ACC006381,CUST02646,BR030,Fixed Deposit,2021-12-04,1837123.60,Active
ACC006382,CUST04655,BR040,Savings,2019-10-27,260622.54,Active
ACC006383,CUST01747,BR019,Salary,2019-12-12,115482.61,Active
ACC006384,CUST02624,BR037,Fixed Deposit,2020-12-22,1184150.05,Active
ACC006385,CUST03085,BR029,Fixed Deposit,2024-05-14,2252890.75,Active
ACC006386,CUST03976,BR010,Fixed Deposit,2022-07-11,2032481.14,Active
ACC006387,CUST02346,BR026,Fixed Deposit,2021-12-30,841060.19,Inactive
ACC006388,CUST02836,BR020,Salary,2022-08-05,365964.52,Active
ACC006389,CUST03993,BR043,Salary,2018-10-30,332011.58,Active
ACC006390,CUST01726,BR050,Fixed Deposit,2023-03-12,662183.92,Active
ACC006391,CUST02985,BR018,Salary,2023-01-11,132816.21,Inactive
ACC006392,CUST00401,BR018,Salary,2021-08-11,57266.29,Active
ACC006393,CUST04708,BR017,Fixed Deposit,2020-11-10,2174253.64,Active
ACC006394,CUST02771,BR018,Current,2023-01-30,520264.88,Active
ACC006395,CUST01319,BR001,Fixed Deposit,2020-09-09,1590804.84,Active
ACC006396,CUST01539,BR036,Fixed Deposit,2021-04-27,2032323.65,Active
ACC006397,CUST02266,BR021,Current,2024-05-26,349468.44,Active
ACC006398,CUST00700,BR045,Fixed Deposit,2021-08-12,321013.14,Active
ACC006399,CUST02753,BR035,Current,2023-01-19,520119.39,Active
ACC006400,CUST03455,BR016,Savings,2021-09-03,297513.14,Active
ACC006401,CUST02608,BR008,Salary,2018-11-30,281860.03,Active
ACC006402,CUST03843,BR006,Salary,2024-05-29,114761.71,Active
ACC006403,CUST02191,BR005,Fixed Deposit,2018-09-25,481095.59,Active
ACC006404,CUST03467,BR029,Savings,2019-01-19,18018.43,Inactive
ACC006405,CUST03140,BR009,Salary,2018-03-30,357265.85,Active
ACC006406,CUST03870,BR031,Fixed Deposit,2018-08-22,312876.04,Active
ACC006407,CUST03145,BR011,Salary,2024-04-21,306525.11,Active
ACC006408,CUST01058,BR031,Current,2023-01-16,690429.82,Active
ACC006409,CUST02741,BR043,Salary,2020-06-22,351723.83,Active
ACC006410,CUST04162,BR038,Fixed Deposit,2023-08-31,1325086.52,Active
ACC006411,CUST01500,BR041,Fixed Deposit,2024-01-10,396747.29,Active
ACC006412,CUST01346,BR049,Current,2023-12-20,241943.61,Active
ACC006413,CUST04226,BR029,Current,2024-03-03,219420.83,Active
ACC006414,CUST00121,BR038,Fixed Deposit,2021-08-11,330879.14,Active
ACC006415,CUST00353,BR044,Savings,2023-06-25,355491.89,Active
ACC006416,CUST02601,BR009,Salary,2017-08-04,100755.81,Active
ACC006417,CUST01211,BR032,Savings,2024-02-18,272092.25,Active
ACC006418,CUST01374,BR021,Current,2022-11-11,74843.70,Active
ACC006419,CUST04295,BR029,Fixed Deposit,2021-03-28,1678036.46,Active
ACC006420,CUST04178,BR007,Fixed Deposit,2024-02-17,381643.97,Active
ACC006421,CUST04685,BR033,Salary,2021-10-09,316934.04,Active
ACC006422,CUST01155,BR003,Fixed Deposit,2019-09-22,790516.18,Active
ACC006423,CUST02763,BR018,Savings,2020-11-14,295947.48,Active
ACC006424,CUST00067,BR006,Current,2024-02-17,390803.06,Active
ACC006425,CUST03525,BR033,Current,2022-11-16,48973.29,Active
ACC006426,CUST00385,BR037,Fixed Deposit,2022-03-23,1042169.32,Active
ACC006427,CUST01988,BR027,Salary,2019-10-23,334338.74,Active
ACC006428,CUST04421,BR025,Current,2021-08-05,944203.15,Inactive
ACC006429,CUST02626,BR007,Salary,2023-10-28,254341.78,Active
ACC006430,CUST00931,BR047,Salary,2018-05-20,33357.69,Active
ACC006431,CUST01876,BR036,Salary,2018-05-31,247288.04,Inactive
ACC006432,CUST01369,BR012,Current,2022-09-18,64728.49,Active
ACC006433,CUST04124,BR048,Fixed Deposit,2021-08-23,634204.71,Active
ACC006434,CUST00372,BR045,Salary,2019-11-17,143058.61,Active
ACC006435,CUST00423,BR050,Fixed Deposit,2023-02-10,1269423.63,Inactive
ACC006436,CUST02609,BR021,Current,2023-12-31,584879.90,Active
ACC006437,CUST04013,BR050,Salary,2024-05-07,305145.53,Active
ACC006438,CUST02160,BR032,Current,2024-02-04,900465.98,Active
ACC006439,CUST02564,BR021,Savings,2018-09-06,283978.09,Active
ACC006440,CUST01724,BR008,Salary,2022-10-08,275120.97,Active
ACC006441,CUST02865,BR029,Current,2020-12-28,101225.83,Active
ACC006442,CUST00319,BR037,Salary,2020-10-10,145816.43,Inactive
ACC006443,CUST00937,BR033,Current,2024-02-22,111105.63,Inactive
ACC006444,CUST00491,BR048,Fixed Deposit,2019-10-31,1347077.27,Active
ACC006445,CUST03121,BR003,Current,2017-05-10,249335.97,Active
ACC006446,CUST04502,BR018,Current,2023-04-30,187299.72,Active
ACC006447,CUST02113,BR004,Fixed Deposit,2024-05-23,433856.49,Active
ACC006448,CUST00861,BR044,Salary,2018-03-16,65018.46,Active
ACC006449,CUST02502,BR015,Current,2024-01-01,1189907.62,Active
ACC006450,CUST01390,BR042,Savings,2023-03-11,273922.22,Inactive
ACC006451,CUST01349,BR003,Savings,2017-05-24,392266.01,Inactive
ACC006452,CUST01833,BR030,Current,2020-02-07,213820.10,Active
ACC006453,CUST03705,BR014,Fixed Deposit,2018-06-29,2805701.06,Active
ACC006454,CUST00371,BR025,Salary,2022-04-20,93831.62,Active
ACC006455,CUST03663,BR016,Fixed Deposit,2024-02-22,2981483.71,Active
ACC006456,CUST03809,BR028,Salary,2020-08-15,28798.52,Active
ACC006457,CUST00399,BR048,Savings,2023-10-07,333329.79,Active
ACC006458,CUST01750,BR034,Salary,2021-11-21,217848.17,Active
ACC006459,CUST04093,BR009,Current,2020-05-11,961787.11,Active
ACC006460,CUST04388,BR039,Current,2019-11-12,577819.62,Active
ACC006461,CUST02498,BR013,Salary,2020-01-29,327787.65,Active
ACC006462,CUST02542,BR035,Salary,2021-01-26,248260.55,Active
ACC006463,CUST03051,BR020,Fixed Deposit,2024-03-07,1730365.01,Active
ACC006464,CUST02925,BR018,Savings,2020-11-15,335132.99,Active
ACC006465,CUST02964,BR049,Savings,2016-08-13,143038.81,Inactive
ACC006466,CUST04821,BR049,Current,2024-03-29,1048429.66,Active
ACC006467,CUST03370,BR009,Current,2017-09-28,207930.73,Active
ACC006468,CUST02349,BR006,Fixed Deposit,2021-08-02,2151439.13,Inactive
ACC006469,CUST01218,BR009,Salary,2023-12-11,161309.57,Active
ACC006470,CUST00694,BR010,Current,2018-07-24,715832.82,Active
ACC006471,CUST01424,BR024,Fixed Deposit,2023-05-23,424343.26,Active
ACC006472,CUST03789,BR022,Savings,2023-08-02,264059.54,Active
ACC006473,CUST01023,BR041,Salary,2022-07-27,255612.54,Active
ACC006474,CUST04289,BR012,Current,2017-12-18,991322.63,Active
ACC006475,CUST03080,BR030,Salary,2024-04-15,249668.34,Active
ACC006476,CUST00563,BR046,Current,2024-06-06,297992.75,Active
ACC006477,CUST04740,BR015,Fixed Deposit,2024-02-06,2645306.02,Active
ACC006478,CUST03967,BR031,Current,2022-07-07,791371.12,Active
ACC006479,CUST01843,BR027,Fixed Deposit,2023-10-18,1943860.16,Active
ACC006480,CUST03581,BR008,Current,2019-03-28,680343.28,Active
ACC006481,CUST02512,BR002,Salary,2020-12-13,55749.97,Inactive
ACC006482,CUST01232,BR013,Current,2020-02-25,281324.78,Active
ACC006483,CUST00637,BR045,Current,2023-09-08,256816.44,Active
ACC006484,CUST03545,BR020,Fixed Deposit,2024-06-06,1835278.42,Active
ACC006485,CUST03410,BR041,Current,2023-08-19,1035392.76,Active
ACC006486,CUST02900,BR021,Fixed Deposit,2017-01-29,2644416.15,Active
ACC006487,CUST01590,BR034,Current,2023-02-05,145806.99,Active
ACC006488,CUST04896,BR008,Salary,2020-06-21,347649.95,Active
ACC006489,CUST02555,BR036,Current,2018-05-04,1140874.31,Active
ACC006490,CUST03394,BR007,Savings,2022-07-11,46070.66,Active
ACC006491,CUST02398,BR031,Fixed Deposit,2023-12-15,2184943.79,Active
ACC006492,CUST02403,BR047,Salary,2021-09-27,38021.61,Inactive
ACC006493,CUST01328,BR019,Salary,2023-08-26,210202.17,Active
ACC006494,CUST02669,BR018,Current,2022-05-05,918010.18,Inactive
ACC006495,CUST02702,BR012,Current,2020-11-03,241732.74,Active
ACC006496,CUST01149,BR004,Salary,2018-01-17,338574.17,Active
ACC006497,CUST01126,BR024,Current,2024-05-07,346257.13,Active
ACC006498,CUST00015,BR021,Salary,2021-11-13,336362.44,Active
ACC006499,CUST02250,BR012,Current,2019-11-18,1049062.62,Active
ACC006500,CUST04343,BR048,Fixed Deposit,2022-05-19,765479.27,Active
ACC006501,CUST02995,BR020,Fixed Deposit,2022-04-24,81307.67,Inactive
ACC006502,CUST04803,BR041,Fixed Deposit,2023-10-08,2981384.16,Active
ACC006503,CUST02384,BR015,Salary,2022-04-27,39139.85,Active
ACC006504,CUST01299,BR022,Salary,2024-01-21,223755.90,Active
ACC006505,CUST02293,BR039,Fixed Deposit,2016-12-18,2709939.33,Inactive
ACC006506,CUST02484,BR005,Current,2021-12-07,666105.22,Active
ACC006507,CUST00638,BR044,Current,2022-04-07,137431.06,Inactive
ACC006508,CUST04764,BR037,Current,2024-06-13,1136432.41,Active
ACC006509,CUST02716,BR045,Salary,2022-12-07,21041.78,Active
ACC006510,CUST02124,BR035,Salary,2022-03-05,91812.11,Active
ACC006511,CUST04856,BR002,Fixed Deposit,2023-02-08,2346102.50,Inactive
ACC006512,CUST04800,BR004,Fixed Deposit,2024-01-13,2244315.61,Active
ACC006513,CUST00473,BR049,Current,2021-07-09,1049397.94,Active
ACC006514,CUST02641,BR010,Salary,2019-06-06,191634.92,Active
ACC006515,CUST03569,BR010,Salary,2022-02-04,164728.19,Active
ACC006516,CUST03722,BR046,Salary,2020-11-02,263698.77,Active
ACC006517,CUST01256,BR003,Salary,2019-06-15,95879.01,Active
ACC006518,CUST04383,BR022,Salary,2019-11-30,384065.84,Active
ACC006519,CUST02373,BR045,Savings,2023-04-04,105068.84,Active
ACC006520,CUST03167,BR027,Fixed Deposit,2022-03-27,2026080.86,Active
ACC006521,CUST03773,BR046,Current,2024-02-01,865816.99,Active
ACC006522,CUST03745,BR026,Fixed Deposit,2024-04-27,1284075.94,Active
ACC006523,CUST02972,BR045,Current,2021-08-29,602451.31,Active
ACC006524,CUST03927,BR041,Salary,2022-02-14,218174.98,Active
ACC006525,CUST04416,BR025,Savings,2022-11-07,201075.86,Active
ACC006526,CUST00048,BR026,Fixed Deposit,2017-08-28,638876.03,Active
ACC006527,CUST02068,BR008,Fixed Deposit,2021-11-07,1564659.71,Active
ACC006528,CUST00964,BR025,Fixed Deposit,2021-12-23,1957963.42,Active
ACC006529,CUST02492,BR045,Fixed Deposit,2020-11-10,228963.83,Inactive
ACC006530,CUST04223,BR031,Current,2021-02-09,1091890.12,Active
ACC006531,CUST02848,BR018,Savings,2019-08-25,42649.40,Active
ACC006532,CUST03698,BR031,Savings,2021-02-11,254698.08,Active
ACC006533,CUST04079,BR027,Fixed Deposit,2018-08-11,637695.78,Active
ACC006534,CUST04573,BR014,Salary,2017-12-24,332971.40,Active
ACC006535,CUST02692,BR043,Current,2022-07-20,703780.05,Active
ACC006536,CUST03368,BR020,Salary,2023-07-23,125418.07,Inactive
ACC006537,CUST04080,BR020,Current,2024-06-07,216099.43,Active
ACC006538,CUST00465,BR011,Savings,2022-09-03,87187.96,Active
ACC006539,CUST02220,BR010,Fixed Deposit,2024-06-06,2554998.41,Active
ACC006540,CUST02052,BR028,Fixed Deposit,2023-05-06,820751.29,Active
ACC006541,CUST04563,BR042,Savings,2023-10-17,130832.79,Active
ACC006542,CUST00793,BR018,Current,2023-08-02,286686.71,Active
ACC006543,CUST02297,BR014,Current,2015-05-06,302941.40,Active
ACC006544,CUST03866,BR040,Fixed Deposit,2022-03-06,2216069.75,Active
ACC006545,CUST02417,BR034,Current,2021-03-05,1044157.42,Active
ACC006546,CUST01375,BR042,Savings,2020-11-03,319402.05,Active
ACC006547,CUST04481,BR050,Savings,2022-07-08,231616.40,Active
ACC006548,CUST01237,BR026,Current,2022-02-08,804165.60,Active
ACC006549,CUST03347,BR031,Salary,2022-05-22,54738.58,Inactive
ACC006550,CUST02402,BR046,Salary,2023-10-13,10983.85,Active
ACC006551,CUST00322,BR011,Fixed Deposit,2023-01-21,917243.30,Active
ACC006552,CUST00139,BR044,Salary,2023-05-27,147470.62,Active
ACC006553,CUST00731,BR013,Fixed Deposit,2018-02-13,681493.16,Active
ACC006554,CUST03283,BR004,Salary,2023-05-25,130516.97,Active
ACC006555,CUST04606,BR029,Salary,2023-10-20,126262.81,Active
ACC006556,CUST00921,BR029,Fixed Deposit,2022-10-19,1143100.11,Active
ACC006557,CUST02447,BR009,Current,2023-07-18,585399.36,Active
ACC006558,CUST02235,BR023,Fixed Deposit,2023-09-25,1813125.68,Active
ACC006559,CUST03022,BR030,Salary,2018-04-25,73196.93,Active
ACC006560,CUST01711,BR044,Savings,2022-08-02,65709.02,Inactive
ACC006561,CUST01179,BR032,Salary,2023-01-03,8577.85,Active
ACC006562,CUST02426,BR042,Salary,2024-03-06,171266.98,Active
ACC006563,CUST00898,BR049,Fixed Deposit,2021-10-02,640538.77,Active
ACC006564,CUST04425,BR049,Current,2022-11-03,1197729.38,Active
ACC006565,CUST01207,BR003,Current,2022-02-11,718052.86,Active
ACC006566,CUST04257,BR013,Salary,2023-07-26,69254.91,Active
ACC006567,CUST02430,BR029,Fixed Deposit,2022-01-31,2804170.04,Active
ACC006568,CUST04073,BR027,Savings,2023-11-05,170234.16,Active
ACC006569,CUST02649,BR012,Fixed Deposit,2024-03-28,795416.34,Active
ACC006570,CUST01989,BR040,Salary,2022-08-08,274257.74,Active
ACC006571,CUST03995,BR021,Current,2022-03-19,625974.04,Active
ACC006572,CUST03549,BR006,Current,2022-01-11,167614.16,Active
ACC006573,CUST04214,BR015,Current,2022-10-23,427211.05,Active
ACC006574,CUST01307,BR046,Salary,2023-11-02,180668.19,Active
ACC006575,CUST01190,BR022,Salary,2023-03-06,107650.13,Active
ACC006576,CUST01481,BR037,Salary,2022-01-30,335192.63,Active
ACC006577,CUST00781,BR048,Salary,2020-01-05,267246.02,Active
ACC006578,CUST02185,BR011,Fixed Deposit,2023-04-09,176035.08,Active
ACC006579,CUST02239,BR015,Salary,2022-08-12,240379.36,Active
ACC006580,CUST03564,BR015,Savings,2023-11-25,315136.54,Active
ACC006581,CUST00639,BR015,Savings,2024-05-11,249793.11,Active
ACC006582,CUST00988,BR002,Current,2019-03-16,560940.86,Active
ACC006583,CUST03758,BR044,Salary,2024-01-05,321557.84,Active
ACC006584,CUST02981,BR037,Savings,2017-08-04,224889.04,Active
ACC006585,CUST04550,BR033,Salary,2020-07-28,278759.79,Active
ACC006586,CUST04864,BR030,Salary,2018-02-01,151606.89,Active
ACC006587,CUST04553,BR048,Current,2023-04-29,928242.68,Active
ACC006588,CUST00495,BR014,Fixed Deposit,2022-11-25,1570365.72,Inactive
ACC006589,CUST01827,BR048,Fixed Deposit,2024-01-30,497478.90,Inactive
ACC006590,CUST03700,BR044,Salary,2018-01-17,238978.10,Active
ACC006591,CUST03174,BR048,Salary,2023-12-18,155878.00,Active
ACC006592,CUST02058,BR007,Fixed Deposit,2023-08-23,2914285.54,Active
ACC006593,CUST02843,BR029,Savings,2019-07-29,205126.09,Active
ACC006594,CUST04347,BR036,Fixed Deposit,2022-09-21,699865.77,Active
ACC006595,CUST01314,BR033,Current,2021-04-24,712300.03,Active
ACC006596,CUST03574,BR040,Salary,2022-03-13,9866.51,Active
ACC006597,CUST01251,BR034,Salary,2024-06-19,363773.38,Active
ACC006598,CUST04861,BR021,Fixed Deposit,2023-01-24,1645742.62,Active
ACC006599,CUST03844,BR007,Fixed Deposit,2023-04-08,2885269.34,Inactive
ACC006600,CUST00591,BR028,Salary,2024-04-13,43808.90,Active
ACC006601,CUST04000,BR049,Savings,2024-02-28,149465.80,Active
ACC006602,CUST02037,BR031,Salary,2024-06-21,281762.84,Active
ACC006603,CUST02167,BR023,Fixed Deposit,2024-06-11,941924.51,Active
ACC006604,CUST03718,BR049,Savings,2024-06-11,90384.47,Active
ACC006605,CUST02292,BR006,Fixed Deposit,2020-08-05,2419331.22,Active
ACC006606,CUST00652,BR047,Salary,2022-01-07,287168.68,Active
ACC006607,CUST01806,BR050,Salary,2022-07-12,326544.34,Inactive
ACC006608,CUST01445,BR032,Current,2023-10-09,1104497.83,Active
ACC006609,CUST02378,BR042,Salary,2023-06-07,155954.62,Active
ACC006610,CUST03852,BR022,Salary,2023-02-21,28991.50,Active
ACC006611,CUST01853,BR047,Current,2020-05-03,838005.67,Active
ACC006612,CUST03848,BR021,Fixed Deposit,2020-10-06,1832262.10,Active
ACC006613,CUST02149,BR027,Current,2016-12-05,961678.09,Active
ACC006614,CUST00181,BR030,Salary,2018-11-11,35688.68,Active
ACC006615,CUST01908,BR035,Current,2023-09-07,1103046.31,Active
ACC006616,CUST02356,BR035,Current,2022-01-17,1183818.99,Active
ACC006617,CUST04840,BR005,Current,2018-01-15,577421.33,Active
ACC006618,CUST03124,BR003,Salary,2024-01-31,68676.55,Active
ACC006619,CUST04578,BR026,Salary,2020-11-08,26068.68,Active
ACC006620,CUST04636,BR034,Fixed Deposit,2022-10-01,2836576.88,Active
ACC006621,CUST01459,BR050,Savings,2022-02-22,260046.36,Active
ACC006622,CUST00500,BR017,Current,2023-11-23,266048.94,Active
ACC006623,CUST02839,BR028,Salary,2023-07-17,229486.25,Active
ACC006624,CUST03946,BR011,Fixed Deposit,2022-10-13,1208639.83,Active
ACC006625,CUST00447,BR025,Salary,2020-09-20,139900.26,Active
ACC006626,CUST01257,BR029,Current,2021-11-15,487613.32,Inactive
ACC006627,CUST04717,BR015,Fixed Deposit,2021-05-18,388913.11,Active
ACC006628,CUST03724,BR031,Salary,2023-08-04,282602.12,Inactive
ACC006629,CUST04667,BR044,Fixed Deposit,2020-10-28,2852593.26,Active
ACC006630,CUST00647,BR033,Current,2023-06-25,1163699.11,Active
ACC006631,CUST04845,BR008,Salary,2022-05-16,307905.47,Active
ACC006632,CUST03682,BR046,Savings,2019-03-09,210516.60,Active
ACC006633,CUST04977,BR029,Fixed Deposit,2024-02-10,433439.06,Active
ACC006634,CUST00833,BR016,Fixed Deposit,2022-05-05,2670913.36,Active
ACC006635,CUST02569,BR046,Savings,2023-10-13,265651.59,Active
ACC006636,CUST02051,BR043,Salary,2022-02-27,134191.34,Active
ACC006637,CUST01544,BR005,Savings,2022-10-29,33734.54,Active
ACC006638,CUST03042,BR035,Fixed Deposit,2022-12-30,1052911.30,Active
ACC006639,CUST02761,BR025,Salary,2023-09-22,358576.09,Inactive
ACC006640,CUST00888,BR026,Current,2023-06-16,233104.42,Active
ACC006641,CUST01086,BR046,Salary,2021-12-24,59658.87,Active
ACC006642,CUST03867,BR040,Fixed Deposit,2022-08-28,1585091.18,Active
ACC006643,CUST04746,BR038,Salary,2021-12-31,259523.21,Active
ACC006644,CUST03431,BR048,Current,2020-04-16,1170811.69,Active
ACC006645,CUST04462,BR008,Fixed Deposit,2023-11-03,1703413.47,Active
ACC006646,CUST00919,BR032,Fixed Deposit,2023-03-29,1614596.50,Active
ACC006647,CUST04400,BR016,Fixed Deposit,2023-10-29,2845498.59,Active
ACC006648,CUST04161,BR016,Salary,2020-10-15,201632.31,Active
ACC006649,CUST04710,BR039,Salary,2021-05-18,363169.05,Active
ACC006650,CUST02678,BR027,Current,2024-05-08,134497.23,Active
ACC006651,CUST01537,BR040,Salary,2024-04-22,18354.91,Active
ACC006652,CUST04534,BR020,Fixed Deposit,2019-12-31,1517372.06,Active
ACC006653,CUST04034,BR030,Fixed Deposit,2024-05-06,1709176.88,Active
ACC006654,CUST01357,BR030,Current,2018-05-14,157239.71,Active
ACC006655,CUST03069,BR001,Current,2024-04-18,798486.76,Active
ACC006656,CUST02898,BR046,Fixed Deposit,2022-12-24,2439451.87,Active
ACC006657,CUST02059,BR005,Fixed Deposit,2020-11-23,774295.47,Active
ACC006658,CUST01178,BR029,Fixed Deposit,2022-05-12,1006217.77,Active
ACC006659,CUST02647,BR023,Current,2021-02-13,634193.90,Active
ACC006660,CUST03263,BR035,Salary,2020-10-23,54626.61,Active
ACC006661,CUST02407,BR021,Salary,2020-03-20,74832.30,Active
ACC006662,CUST02232,BR001,Fixed Deposit,2023-07-23,765778.44,Active
ACC006663,CUST04991,BR044,Fixed Deposit,2022-02-18,2282124.40,Active
ACC006664,CUST03966,BR006,Fixed Deposit,2022-01-21,992226.93,Active
ACC006665,CUST02621,BR036,Salary,2018-11-01,180938.86,Active
ACC006666,CUST03435,BR018,Salary,2020-09-23,399957.37,Active
ACC006667,CUST01526,BR007,Current,2023-04-13,71396.34,Active
ACC006668,CUST01995,BR034,Fixed Deposit,2024-06-14,1777178.12,Active
ACC006669,CUST03988,BR020,Salary,2024-01-01,60124.45,Inactive
ACC006670,CUST02164,BR009,Fixed Deposit,2021-03-09,1550805.21,Active
ACC006671,CUST04949,BR047,Salary,2022-05-11,162090.35,Active
ACC006672,CUST04536,BR047,Savings,2021-06-27,23290.80,Inactive
ACC006673,CUST03612,BR009,Current,2023-12-25,1125457.61,Active
ACC006674,CUST02178,BR042,Fixed Deposit,2021-07-02,1379793.04,Active
ACC006675,CUST04086,BR011,Salary,2024-01-23,120554.90,Active
ACC006676,CUST02236,BR023,Salary,2021-09-18,115095.99,Active
ACC006677,CUST02155,BR001,Fixed Deposit,2018-08-25,2704271.33,Active
ACC006678,CUST00122,BR049,Salary,2022-10-07,11563.59,Active
ACC006679,CUST04395,BR016,Current,2018-10-11,279237.18,Active
ACC006680,CUST03874,BR022,Fixed Deposit,2024-06-24,2738027.26,Active
ACC006681,CUST02838,BR041,Current,2021-01-09,44998.94,Active
ACC006682,CUST04237,BR044,Fixed Deposit,2022-02-17,1819940.50,Inactive
ACC006683,CUST01236,BR038,Salary,2024-02-06,108775.79,Active
ACC006684,CUST04597,BR015,Current,2024-01-29,1060858.24,Active
ACC006685,CUST00395,BR001,Fixed Deposit,2024-04-16,1108327.71,Active
ACC006686,CUST00505,BR038,Savings,2022-06-02,369253.22,Active
ACC006687,CUST01366,BR002,Salary,2019-12-09,256225.58,Active
ACC006688,CUST04065,BR011,Savings,2024-01-07,167846.27,Active
ACC006689,CUST01202,BR014,Fixed Deposit,2024-04-25,1546000.89,Active
ACC006690,CUST04829,BR025,Fixed Deposit,2022-08-08,1026416.21,Active
ACC006691,CUST00305,BR026,Current,2020-07-12,857539.72,Active
ACC006692,CUST03563,BR016,Current,2022-06-25,878598.15,Active
ACC006693,CUST03034,BR027,Current,2021-01-07,46153.47,Active
ACC006694,CUST01801,BR049,Salary,2022-06-28,240988.53,Active
ACC006695,CUST03063,BR030,Current,2021-10-10,743991.16,Inactive
ACC006696,CUST04618,BR022,Savings,2022-08-18,331441.92,Inactive
ACC006697,CUST00077,BR031,Current,2018-08-26,1025981.42,Active
ACC006698,CUST04060,BR029,Salary,2022-07-03,332422.68,Active
ACC006699,CUST00159,BR047,Fixed Deposit,2022-07-09,2219674.50,Active
ACC006700,CUST00100,BR029,Salary,2021-05-20,50777.09,Active
ACC006701,CUST03108,BR014,Fixed Deposit,2023-10-28,65218.71,Active
ACC006702,CUST00813,BR036,Current,2023-10-31,41249.27,Active
ACC006703,CUST00005,BR011,Fixed Deposit,2023-07-09,2247527.34,Active
ACC006704,CUST04714,BR025,Current,2021-02-26,745595.19,Active
ACC006705,CUST01006,BR017,Current,2022-05-11,512905.10,Active
ACC006706,CUST01397,BR044,Savings,2023-09-09,269991.42,Active
ACC006707,CUST02703,BR020,Salary,2024-01-18,142775.37,Active
ACC006708,CUST00548,BR050,Salary,2023-09-29,270240.56,Active
ACC006709,CUST03928,BR033,Fixed Deposit,2020-06-14,1124216.48,Inactive
ACC006710,CUST03814,BR001,Salary,2021-09-03,112508.53,Active
ACC006711,CUST01330,BR013,Current,2017-04-05,1097798.39,Active
ACC006712,CUST00402,BR002,Current,2019-11-14,53774.73,Inactive
ACC006713,CUST01900,BR010,Fixed Deposit,2022-02-15,2115511.42,Active
ACC006714,CUST02602,BR002,Fixed Deposit,2023-09-08,90501.72,Active
ACC006715,CUST00708,BR021,Fixed Deposit,2023-12-29,673742.87,Active
ACC006716,CUST02171,BR032,Fixed Deposit,2023-12-07,1363239.39,Active
ACC006717,CUST01609,BR039,Current,2022-07-03,170644.88,Active
ACC006718,CUST00909,BR011,Current,2024-01-26,966264.05,Active
ACC006719,CUST04174,BR045,Savings,2022-07-29,328993.26,Active
ACC006720,CUST01145,BR017,Savings,2023-04-20,383633.11,Active
ACC006721,CUST02558,BR033,Fixed Deposit,2022-07-04,1401419.85,Active
ACC006722,CUST03629,BR016,Current,2024-04-29,528412.36,Active
ACC006723,CUST03268,BR020,Fixed Deposit,2018-01-06,77326.21,Active
ACC006724,CUST02256,BR009,Current,2024-05-27,840180.78,Active
ACC006725,CUST02017,BR036,Fixed Deposit,2022-11-21,1405675.15,Inactive
ACC006726,CUST04123,BR012,Salary,2021-05-27,67631.18,Active
ACC006727,CUST04894,BR049,Savings,2017-04-04,328515.66,Active
ACC006728,CUST04639,BR028,Fixed Deposit,2018-11-23,1300256.69,Active
ACC006729,CUST00981,BR014,Salary,2023-05-20,215011.98,Active
ACC006730,CUST01738,BR036,Current,2023-07-12,565558.13,Inactive
ACC006731,CUST03104,BR012,Current,2021-05-31,670768.30,Active
ACC006732,CUST03755,BR029,Current,2023-06-25,129355.71,Active
ACC006733,CUST02940,BR041,Salary,2024-01-20,163427.80,Active
ACC006734,CUST02758,BR041,Savings,2024-06-20,41664.47,Active
ACC006735,CUST00171,BR002,Current,2023-04-26,195558.55,Active
ACC006736,CUST00605,BR039,Savings,2019-05-27,107998.51,Active
ACC006737,CUST04862,BR015,Salary,2024-02-13,337936.29,Inactive
ACC006738,CUST04518,BR033,Salary,2020-12-18,204964.78,Active
ACC006739,CUST04866,BR001,Salary,2023-09-12,70212.93,Active
ACC006740,CUST02949,BR032,Current,2022-01-04,80299.02,Active
ACC006741,CUST03480,BR014,Salary,2023-07-30,77083.25,Active
ACC006742,CUST04471,BR010,Salary,2023-08-27,199407.06,Active
ACC006743,CUST01512,BR035,Salary,2022-11-08,315944.41,Active
ACC006744,CUST02644,BR018,Savings,2023-12-24,336063.50,Active
ACC006745,CUST01470,BR015,Salary,2023-10-18,60308.22,Active
ACC006746,CUST03003,BR008,Salary,2023-12-16,211404.16,Inactive
ACC006747,CUST04784,BR027,Savings,2019-10-17,353210.28,Active
ACC006748,CUST00753,BR048,Salary,2024-03-05,328526.21,Active
ACC006749,CUST02065,BR029,Salary,2023-03-23,365270.56,Active
ACC006750,CUST00290,BR024,Salary,2024-06-05,194546.62,Active
ACC006751,CUST01212,BR039,Current,2023-03-13,680475.64,Active
ACC006752,CUST03082,BR007,Fixed Deposit,2024-04-18,2612975.71,Active
ACC006753,CUST04483,BR016,Fixed Deposit,2023-10-30,1639852.41,Active
ACC006754,CUST02577,BR036,Current,2022-10-27,122707.06,Active
ACC006755,CUST00413,BR011,Fixed Deposit,2024-05-26,2634011.39,Active
ACC006756,CUST03386,BR046,Current,2020-07-28,311267.23,Active
ACC006757,CUST03013,BR019,Salary,2021-12-17,345275.38,Active
ACC006758,CUST04911,BR025,Savings,2022-09-05,355115.32,Active
ACC006759,CUST01924,BR033,Current,2024-01-12,1001944.18,Active
ACC006760,CUST00128,BR046,Fixed Deposit,2023-06-24,1498787.00,Active
ACC006761,CUST00342,BR006,Salary,2023-10-19,353494.21,Active
ACC006762,CUST04987,BR042,Current,2022-01-15,136398.12,Active
ACC006763,CUST02334,BR037,Salary,2023-07-30,261422.40,Active
ACC006764,CUST04666,BR011,Salary,2020-03-21,129816.02,Active
ACC006765,CUST00859,BR020,Salary,2022-07-25,62505.81,Active
ACC006766,CUST02106,BR032,Savings,2021-03-24,94620.94,Active
ACC006767,CUST02285,BR047,Savings,2023-03-14,44043.03,Inactive
ACC006768,CUST02027,BR014,Salary,2023-05-08,130467.41,Inactive
ACC006769,CUST04448,BR016,Fixed Deposit,2020-10-17,1509088.26,Active
ACC006770,CUST03906,BR004,Current,2018-12-07,249476.97,Active
ACC006771,CUST03714,BR002,Salary,2021-04-13,281954.23,Inactive
ACC006772,CUST01985,BR032,Current,2022-08-07,1077932.24,Active
ACC006773,CUST03578,BR043,Current,2022-11-09,1032522.12,Active
ACC006774,CUST00537,BR042,Fixed Deposit,2020-07-18,1910215.61,Active
ACC006775,CUST02808,BR045,Salary,2023-07-22,35182.63,Active
ACC006776,CUST02218,BR047,Salary,2020-01-13,148765.57,Inactive
ACC006777,CUST01005,BR049,Current,2023-10-28,304251.35,Active
ACC006778,CUST04507,BR032,Salary,2023-01-21,319890.49,Active
ACC006779,CUST00009,BR033,Fixed Deposit,2024-01-20,2350831.32,Active
ACC006780,CUST04078,BR032,Current,2023-07-27,732354.68,Inactive
ACC006781,CUST02487,BR012,Fixed Deposit,2024-06-19,2235088.30,Active
ACC006782,CUST01557,BR023,Salary,2020-11-01,39183.49,Active
ACC006783,CUST01730,BR039,Salary,2024-03-14,229498.47,Active
ACC006784,CUST04043,BR035,Salary,2023-10-05,221898.43,Active
ACC006785,CUST03341,BR007,Salary,2023-11-07,36451.11,Active
ACC006786,CUST03078,BR029,Current,2016-12-19,282277.86,Active
ACC006787,CUST03141,BR006,Current,2023-09-19,960571.46,Active
ACC006788,CUST04935,BR049,Savings,2021-03-26,220044.41,Active
ACC006789,CUST03199,BR011,Fixed Deposit,2016-11-22,1287000.15,Inactive
ACC006790,CUST01030,BR046,Current,2023-12-08,1008817.62,Active
ACC006791,CUST03443,BR017,Fixed Deposit,2020-11-12,624404.77,Active
ACC006792,CUST02020,BR007,Savings,2023-10-27,224748.09,Active
ACC006793,CUST03568,BR004,Salary,2024-02-12,256703.73,Active
ACC006794,CUST03440,BR029,Savings,2021-07-25,45371.93,Active
ACC006795,CUST03540,BR003,Savings,2021-10-13,116709.03,Active
ACC006796,CUST00993,BR029,Fixed Deposit,2022-04-05,280165.14,Active
ACC006797,CUST00357,BR042,Savings,2023-09-23,239625.22,Active
ACC006798,CUST01851,BR003,Salary,2018-04-19,392114.83,Inactive
ACC006799,CUST03459,BR007,Current,2024-06-02,786564.80,Active
ACC006800,CUST00810,BR049,Savings,2020-02-07,7537.01,Active
ACC006801,CUST00549,BR034,Salary,2021-02-05,124579.63,Active
ACC006802,CUST00533,BR032,Fixed Deposit,2022-04-12,2835225.11,Active
ACC006803,CUST00120,BR022,Fixed Deposit,2022-09-23,2795529.18,Active
ACC006804,CUST01671,BR003,Salary,2024-04-06,275605.98,Active
ACC006805,CUST04007,BR033,Salary,2023-06-18,306063.43,Active
ACC006806,CUST01142,BR030,Fixed Deposit,2022-11-27,1814238.94,Inactive
ACC006807,CUST03657,BR006,Current,2022-07-19,230514.06,Active
ACC006808,CUST04209,BR021,Fixed Deposit,2021-09-30,1685923.81,Active
ACC006809,CUST04314,BR030,Salary,2024-01-31,292650.21,Active
ACC006810,CUST01899,BR023,Savings,2024-06-28,396674.83,Active
ACC006811,CUST00657,BR039,Salary,2024-01-26,152721.72,Active
ACC006812,CUST01870,BR049,Salary,2023-10-16,106637.36,Active
ACC006813,CUST01165,BR031,Salary,2023-09-16,332345.38,Active
ACC006814,CUST00889,BR036,Salary,2024-02-13,355778.19,Active
ACC006815,CUST04543,BR001,Fixed Deposit,2023-05-10,897634.22,Inactive
ACC006816,CUST02089,BR034,Fixed Deposit,2024-05-08,1173678.27,Active
ACC006817,CUST02780,BR007,Fixed Deposit,2021-12-20,2333131.94,Active
ACC006818,CUST01489,BR011,Fixed Deposit,2023-09-08,1534811.14,Active
ACC006819,CUST03354,BR044,Salary,2024-03-22,125211.76,Inactive
ACC006820,CUST02338,BR013,Current,2021-09-17,1191695.93,Active
ACC006821,CUST00867,BR005,Salary,2024-04-27,29877.63,Active
ACC006822,CUST00523,BR013,Savings,2022-08-01,212920.35,Inactive
ACC006823,CUST04693,BR008,Savings,2024-01-27,76630.04,Active
ACC006824,CUST04575,BR016,Current,2024-04-27,818209.19,Active
ACC006825,CUST03046,BR024,Fixed Deposit,2024-02-14,2849331.79,Active
ACC006826,CUST04932,BR037,Savings,2017-06-13,209958.18,Active
ACC006827,CUST02878,BR013,Current,2018-05-19,345182.19,Active
ACC006828,CUST01007,BR012,Salary,2021-09-23,8294.71,Active
ACC006829,CUST03953,BR049,Salary,2024-05-28,106174.04,Active
ACC006830,CUST01187,BR025,Fixed Deposit,2019-11-04,632504.69,Inactive
ACC006831,CUST03767,BR010,Current,2021-02-27,818027.46,Inactive
ACC006832,CUST00214,BR041,Salary,2018-10-16,354242.55,Active
ACC006833,CUST01355,BR014,Salary,2022-07-30,79138.53,Active
ACC006834,CUST00069,BR002,Fixed Deposit,2021-06-30,413515.72,Active
ACC006835,CUST00668,BR038,Current,2024-04-22,369270.04,Active
ACC006836,CUST03635,BR021,Current,2019-12-25,890202.10,Active
ACC006837,CUST00227,BR043,Salary,2022-04-16,279760.66,Active
ACC006838,CUST02390,BR019,Salary,2022-02-12,69413.50,Active
ACC006839,CUST00022,BR037,Salary,2022-07-07,166641.78,Active
ACC006840,CUST01446,BR032,Salary,2024-05-27,363372.01,Active
ACC006841,CUST04780,BR022,Current,2019-10-28,393903.70,Active
ACC006842,CUST02291,BR034,Fixed Deposit,2024-04-20,807887.53,Active
ACC006843,CUST02584,BR046,Current,2018-05-07,849076.82,Active
ACC006844,CUST04297,BR001,Fixed Deposit,2019-11-17,2439550.17,Active
ACC006845,CUST02912,BR018,Fixed Deposit,2023-08-28,1028620.68,Active
ACC006846,CUST02869,BR032,Fixed Deposit,2021-06-24,2995751.98,Active
ACC006847,CUST01168,BR029,Salary,2023-05-03,63108.13,Active
ACC006848,CUST04394,BR039,Salary,2021-04-06,17650.05,Active
ACC006849,CUST03980,BR043,Fixed Deposit,2022-10-27,2461969.68,Active
ACC006850,CUST00803,BR033,Current,2023-09-20,1011321.05,Active
ACC006851,CUST04085,BR018,Fixed Deposit,2020-04-09,203340.06,Active
ACC006852,CUST04910,BR027,Salary,2021-10-11,330019.49,Active
ACC006853,CUST01528,BR038,Savings,2023-09-10,78996.07,Active
ACC006854,CUST00051,BR033,Salary,2024-04-17,310126.94,Active
ACC006855,CUST02491,BR017,Current,2021-11-20,929292.46,Inactive
ACC006856,CUST04115,BR040,Fixed Deposit,2021-01-29,851467.07,Active
ACC006857,CUST04341,BR040,Current,2022-05-14,790191.99,Active
ACC006858,CUST04702,BR025,Current,2024-01-10,1027618.79,Active
ACC006859,CUST04974,BR032,Fixed Deposit,2023-05-06,1559444.84,Active
ACC006860,CUST00707,BR033,Current,2023-12-19,1183513.24,Active
ACC006861,CUST03768,BR028,Salary,2023-04-02,340997.99,Active
ACC006862,CUST03274,BR022,Current,2021-11-07,981263.90,Inactive
ACC006863,CUST04272,BR001,Current,2022-11-17,811942.06,Inactive
ACC006864,CUST04364,BR029,Salary,2021-08-12,126955.98,Active
ACC006865,CUST02648,BR026,Savings,2020-06-02,387435.56,Active
ACC006866,CUST00664,BR031,Salary,2023-11-10,198613.77,Active
ACC006867,CUST01745,BR002,Fixed Deposit,2024-04-24,1171502.46,Active
ACC006868,CUST00279,BR049,Fixed Deposit,2023-10-29,1553134.38,Active
ACC006869,CUST01933,BR040,Current,2024-02-02,858107.06,Active
ACC006870,CUST01522,BR014,Salary,2022-11-17,344976.91,Active
ACC006871,CUST00343,BR023,Fixed Deposit,2024-02-10,417521.43,Active
ACC006872,CUST01502,BR038,Fixed Deposit,2022-06-05,2676642.79,Active
ACC006873,CUST01047,BR008,Salary,2024-06-28,149245.58,Active
ACC006874,CUST04749,BR049,Salary,2024-01-23,186223.39,Active
ACC006875,CUST02143,BR006,Salary,2023-02-10,339103.68,Active
ACC006876,CUST02229,BR045,Current,2024-06-26,1081161.26,Active
ACC006877,CUST02666,BR033,Savings,2023-07-07,87078.77,Active
ACC006878,CUST00557,BR028,Current,2018-11-16,574198.51,Active
ACC006879,CUST03156,BR028,Salary,2020-09-29,390974.77,Inactive
ACC006880,CUST00729,BR035,Current,2024-04-18,428467.14,Active
ACC006881,CUST03701,BR024,Current,2024-02-07,467108.71,Active
ACC006882,CUST02078,BR031,Salary,2024-03-29,23877.92,Active
ACC006883,CUST01850,BR048,Current,2017-02-20,734283.30,Inactive
ACC006884,CUST00132,BR040,Savings,2023-10-14,118047.25,Active
ACC006885,CUST00226,BR028,Salary,2024-01-11,316994.01,Active
ACC006886,CUST04585,BR031,Fixed Deposit,2023-12-01,890374.94,Active
ACC006887,CUST00278,BR036,Fixed Deposit,2023-08-17,895720.28,Active
ACC006888,CUST00892,BR024,Fixed Deposit,2024-04-22,2777929.46,Active
ACC006889,CUST01759,BR044,Salary,2022-11-26,89543.34,Active
ACC006890,CUST04552,BR004,Savings,2022-06-04,347185.39,Active
ACC006891,CUST02668,BR019,Fixed Deposit,2019-07-10,362558.75,Active
ACC006892,CUST00361,BR022,Fixed Deposit,2023-04-02,2173963.33,Active
ACC006893,CUST03666,BR003,Fixed Deposit,2022-10-11,294579.14,Active
ACC006894,CUST04259,BR005,Salary,2021-08-07,337816.69,Active
ACC006895,CUST02370,BR035,Salary,2022-12-18,242661.09,Inactive
ACC006896,CUST02327,BR048,Fixed Deposit,2024-02-28,212511.18,Active
ACC006897,CUST04219,BR013,Fixed Deposit,2022-01-25,2689686.01,Inactive
ACC006898,CUST00854,BR008,Salary,2019-08-08,286444.89,Active
ACC006899,CUST04519,BR029,Salary,2023-12-09,74299.65,Active
ACC006900,CUST00887,BR027,Salary,2023-07-03,5078.90,Active
ACC006901,CUST03509,BR011,Fixed Deposit,2022-06-01,966942.54,Active
ACC006902,CUST02790,BR042,Fixed Deposit,2022-05-22,2427987.57,Active
ACC006903,CUST03474,BR026,Current,2024-04-29,1070991.88,Active
ACC006904,CUST02926,BR007,Salary,2018-06-25,158388.91,Active
ACC006905,CUST04956,BR014,Current,2020-06-11,619196.55,Inactive
ACC006906,CUST02933,BR048,Savings,2021-12-31,14130.26,Active
ACC006907,CUST01148,BR024,Salary,2023-05-08,345877.50,Active
ACC006908,CUST02776,BR008,Fixed Deposit,2018-05-12,1133601.89,Active
ACC006909,CUST03661,BR002,Salary,2023-06-23,283183.80,Active
ACC006910,CUST04457,BR048,Fixed Deposit,2019-09-12,2028811.04,Active
ACC006911,CUST03923,BR019,Savings,2024-02-02,304604.03,Active
ACC006912,CUST00389,BR019,Salary,2024-01-01,188428.20,Active
ACC006913,CUST00658,BR021,Fixed Deposit,2024-01-26,372374.00,Inactive
ACC006914,CUST00600,BR023,Salary,2023-02-19,239140.28,Active
ACC006915,CUST04880,BR001,Fixed Deposit,2021-09-24,1543106.55,Active
ACC006916,CUST01723,BR026,Salary,2023-12-11,54597.88,Active
ACC006917,CUST02667,BR011,Fixed Deposit,2023-04-05,1235051.16,Active
ACC006918,CUST02814,BR021,Savings,2023-11-05,125864.99,Active
ACC006919,CUST03506,BR038,Fixed Deposit,2021-07-03,2093614.57,Active
ACC006920,CUST00011,BR001,Current,2024-01-09,587679.39,Active
ACC006921,CUST01847,BR009,Fixed Deposit,2024-01-17,513157.07,Active
ACC006922,CUST04005,BR025,Fixed Deposit,2021-10-27,812243.47,Inactive
ACC006923,CUST01717,BR019,Fixed Deposit,2022-09-28,1385625.09,Active
ACC006924,CUST03112,BR039,Current,2023-11-04,698923.72,Active
ACC006925,CUST00031,BR033,Salary,2021-07-19,104257.23,Active
ACC006926,CUST01831,BR012,Salary,2020-01-05,303030.13,Active
ACC006927,CUST02860,BR042,Salary,2024-03-08,240633.24,Active
ACC006928,CUST01653,BR039,Fixed Deposit,2021-12-20,1624870.17,Active
ACC006929,CUST01191,BR019,Current,2021-05-16,129516.04,Active
ACC006930,CUST04022,BR031,Fixed Deposit,2024-01-16,679716.34,Active
ACC006931,CUST02657,BR030,Current,2024-04-17,130874.81,Active
ACC006932,CUST02742,BR043,Current,2021-08-23,1009572.78,Inactive
ACC006933,CUST00521,BR043,Fixed Deposit,2022-01-20,2233678.94,Active
ACC006934,CUST03503,BR048,Savings,2023-09-29,133753.65,Active
ACC006935,CUST03648,BR006,Salary,2020-04-09,243590.44,Active
ACC006936,CUST04238,BR021,Salary,2022-09-30,38879.50,Active
ACC006937,CUST03608,BR034,Salary,2021-10-21,280252.67,Active
ACC006938,CUST03177,BR048,Savings,2020-06-19,305413.44,Active
ACC006939,CUST03972,BR034,Fixed Deposit,2023-11-19,2549634.66,Active
ACC006940,CUST00948,BR047,Fixed Deposit,2021-03-21,2365630.91,Active
ACC006941,CUST04837,BR013,Fixed Deposit,2020-09-28,1841259.54,Active
ACC006942,CUST01519,BR045,Current,2022-10-12,1155742.18,Active
ACC006943,CUST02764,BR037,Current,2022-09-12,1146567.04,Active
ACC006944,CUST03889,BR017,Salary,2024-02-19,166725.83,Active
ACC006945,CUST02506,BR041,Savings,2021-06-08,374868.47,Active
ACC006946,CUST03420,BR030,Savings,2024-02-24,221734.00,Active
ACC006947,CUST04806,BR002,Current,2023-02-18,1098481.51,Active
ACC006948,CUST00962,BR013,Salary,2023-04-18,246811.19,Active
ACC006949,CUST01011,BR015,Salary,2024-06-27,248740.67,Active
ACC006950,CUST03109,BR008,Savings,2019-11-14,82598.33,Active
ACC006951,CUST00717,BR048,Salary,2022-11-26,257320.24,Active
ACC006952,CUST02242,BR031,Savings,2021-09-28,298122.74,Inactive
ACC006953,CUST04659,BR001,Current,2018-12-02,886133.37,Active
ACC006954,CUST03163,BR029,Salary,2019-05-10,398833.38,Active
ACC006955,CUST04747,BR002,Salary,2023-07-22,274240.94,Inactive
ACC006956,CUST01296,BR013,Salary,2022-11-27,85166.83,Active
ACC006957,CUST04231,BR050,Salary,2019-07-04,313781.12,Active
ACC006958,CUST00364,BR036,Fixed Deposit,2017-09-13,1620125.47,Active
ACC006959,CUST02082,BR031,Salary,2023-08-08,232481.27,Active
ACC006960,CUST03030,BR010,Salary,2022-06-09,22673.49,Active
ACC006961,CUST01761,BR024,Salary,2023-04-26,309467.73,Active
ACC006962,CUST03011,BR041,Current,2023-11-23,575903.51,Active
ACC006963,CUST03093,BR022,Savings,2020-11-29,128719.04,Active
ACC006964,CUST00012,BR008,Fixed Deposit,2024-06-27,1486093.82,Inactive
ACC006965,CUST01423,BR039,Fixed Deposit,2020-04-30,1564456.67,Active
ACC006966,CUST01102,BR034,Fixed Deposit,2023-04-12,905514.55,Active
ACC006967,CUST00522,BR008,Current,2017-07-24,977758.88,Active
ACC006968,CUST00818,BR027,Fixed Deposit,2024-06-26,817320.97,Active
ACC006969,CUST00309,BR023,Current,2024-06-15,1084906.75,Active
ACC006970,CUST03915,BR032,Fixed Deposit,2024-03-08,2687484.55,Active
ACC006971,CUST04434,BR026,Savings,2019-08-26,56984.24,Inactive
ACC006972,CUST00675,BR044,Savings,2023-06-01,336081.29,Active
ACC006973,CUST01545,BR020,Savings,2020-02-07,206344.36,Active
ACC006974,CUST00575,BR001,Savings,2023-02-18,38011.32,Active
ACC006975,CUST01448,BR022,Salary,2024-06-02,244725.52,Active
ACC006976,CUST01844,BR046,Salary,2021-02-23,73290.18,Active
ACC006977,CUST01109,BR049,Fixed Deposit,2022-12-05,2017805.94,Active
ACC006978,CUST02101,BR018,Salary,2023-10-03,77463.55,Inactive
ACC006979,CUST04039,BR037,Current,2023-07-18,235999.65,Active
ACC006980,CUST01151,BR040,Salary,2019-04-10,182315.16,Active
ACC006981,CUST04104,BR011,Current,2019-09-19,290580.90,Active
ACC006982,CUST04676,BR024,Salary,2021-07-11,196163.31,Active
ACC006983,CUST02890,BR050,Current,2022-07-02,652181.24,Active
ACC006984,CUST04690,BR026,Current,2021-05-31,264865.21,Active
ACC006985,CUST01252,BR043,Fixed Deposit,2022-01-13,2239646.67,Active
ACC006986,CUST01583,BR014,Salary,2023-08-20,266470.23,Active
ACC006987,CUST03095,BR029,Fixed Deposit,2023-12-02,1359240.21,Active
ACC006988,CUST03633,BR011,Salary,2019-11-26,222025.79,Active
ACC006989,CUST01402,BR050,Current,2024-03-26,495184.05,Active
ACC006990,CUST00099,BR049,Fixed Deposit,2024-03-13,2510879.01,Active
ACC006991,CUST03963,BR048,Fixed Deposit,2018-07-18,2198422.17,Active
ACC006992,CUST01849,BR007,Fixed Deposit,2021-02-10,1876481.99,Active
ACC006993,CUST01284,BR020,Salary,2019-04-28,237016.50,Active
ACC006994,CUST02691,BR048,Savings,2020-06-30,341450.10,Active
ACC006995,CUST04954,BR046,Salary,2019-04-12,60601.30,Active
ACC006996,CUST02330,BR010,Fixed Deposit,2022-10-14,485883.67,Active
ACC006997,CUST01093,BR008,Fixed Deposit,2023-02-12,1527363.94,Active
ACC006998,CUST00951,BR009,Fixed Deposit,2023-04-08,2682296.99,Inactive
ACC006999,CUST01043,BR038,Fixed Deposit,2018-06-02,225414.65,Active
ACC007000,CUST04704,BR037,Fixed Deposit,2017-02-08,788012.03,Active
