Card_ID,Customer_ID,Card_Type,Issue_Date,Credit_Limit,Card_Status
CARD002189,CUST01679,Debit Card,2015-01-18,50000.00,Active
CARD002264,CUST03517,Credit Card,2015-01-20,250000.00,Active
CARD000233,CUST03267,Credit Card,2015-03-20,50000.00,Active
CARD002980,CUST01120,Debit Card,2015-03-22,25000.00,Expired
CARD000849,CUST00040,Credit Card,2015-05-01,1000000.00,Active
CARD005025,CUST04444,Credit Card,2015-05-20,150000.00,Active
CARD003294,CUST01602,Credit Card,2015-06-12,500000.00,Active
CARD004853,CUST00218,Debit Card,2015-06-15,100000.00,Blocked
CARD002066,CUST02488,Debit Card,2015-06-27,100000.00,Active
CARD001014,CUST03062,Debit Card,2015-07-08,200000.00,Active
CARD002899,CUST02582,Credit Card,2015-07-09,500000.00,Blocked
CARD003798,CUST02957,Credit Card,2015-07-12,500000.00,Active
CARD004230,CUST01362,Credit Card,2015-07-15,150000.00,Active
CARD002680,CUST02287,Credit Card,2015-07-17,1000000.00,Active
CARD004868,CUST01049,Debit Card,2015-08-01,200000.00,Blocked
CARD000378,CUST00043,Corporate Card,2015-08-21,1500000.00,Active
CARD003042,CUST00207,Credit Card,2015-08-28,1000000.00,Active
CARD004550,CUST04627,Corporate Card,2015-09-02,1500000.00,Inactive
CARD004376,CUST03200,Prepaid Card,2015-09-09,10000.00,Active
CARD001152,CUST04879,Prepaid Card,2015-09-25,25000.00,Active
CARD000912,CUST00061,Credit Card,2015-10-10,50000.00,Blocked
CARD004478,CUST01735,Credit Card,2015-10-14,500000.00,Active
CARD001554,CUST01965,Credit Card,2015-10-26,50000.00,Inactive
CARD001403,CUST02971,Credit Card,2015-11-03,150000.00,Active
CARD003283,CUST01654,Credit Card,2015-11-03,50000.00,Active
CARD002480,CUST00968,Debit Card,2015-11-09,200000.00,Expired
CARD003366,CUST04627,Debit Card,2015-11-09,100000.00,Active
CARD001544,CUST03364,Credit Card,2015-11-21,100000.00,Active
CARD004248,CUST03352,Debit Card,2015-11-21,100000.00,Active
CARD000434,CUST01362,Debit Card,2015-11-22,200000.00,Active
CARD000600,CUST03082,Credit Card,2015-11-26,500000.00,Active
CARD001919,CUST02289,Prepaid Card,2015-12-05,25000.00,Active
CARD004290,CUST02033,Debit Card,2015-12-11,200000.00,Active
CARD001455,CUST00086,Debit Card,2015-12-14,100000.00,Active
CARD003212,CUST00869,Credit Card,2015-12-28,50000.00,Active
CARD000800,CUST00210,Debit Card,2016-01-11,200000.00,Expired
CARD001909,CUST03201,Credit Card,2016-01-14,1000000.00,Active
CARD003584,CUST00190,Credit Card,2016-01-16,1000000.00,Active
CARD001528,CUST04945,Credit Card,2016-01-31,500000.00,Active
CARD001752,CUST01735,Credit Card,2016-02-03,100000.00,Active
CARD004545,CUST00619,Prepaid Card,2016-02-10,50000.00,Active
CARD000318,CUST03531,Prepaid Card,2016-02-14,50000.00,Blocked
CARD000138,CUST02488,Credit Card,2016-02-21,100000.00,Blocked
CARD002763,CUST03306,Credit Card,2016-02-22,150000.00,Active
CARD003228,CUST04506,Credit Card,2016-03-02,50000.00,Active
CARD002547,CUST03215,Credit Card,2016-03-12,50000.00,Active
CARD002962,CUST01037,Debit Card,2016-03-18,100000.00,Active
CARD003049,CUST02032,Credit Card,2016-04-18,100000.00,Expired
CARD002583,CUST02154,Debit Card,2016-04-22,50000.00,Active
CARD001837,CUST04829,Credit Card,2016-04-27,100000.00,Active
CARD002008,CUST04933,Prepaid Card,2016-04-27,25000.00,Active
CARD002887,CUST01088,Debit Card,2016-05-03,100000.00,Active
CARD004424,CUST02415,Debit Card,2016-05-16,200000.00,Active
CARD004790,CUST01983,Credit Card,2016-05-17,250000.00,Expired
CARD004593,CUST02443,Credit Card,2016-05-20,1000000.00,Active
CARD001754,CUST00608,Corporate Card,2016-05-27,500000.00,Active
CARD002116,CUST01352,Credit Card,2016-05-28,250000.00,Active
CARD004368,CUST00330,Credit Card,2016-05-29,150000.00,Active
CARD000116,CUST03640,Credit Card,2016-06-10,500000.00,Active
CARD002726,CUST01698,Credit Card,2016-06-10,250000.00,Active
CARD001569,CUST00896,Corporate Card,2016-06-19,200000.00,Active
CARD004971,CUST03101,Credit Card,2016-06-19,250000.00,Active
CARD002971,CUST00168,Credit Card,2016-06-20,250000.00,Active
CARD002724,CUST02366,Debit Card,2016-06-26,25000.00,Active
CARD002602,CUST01484,Debit Card,2016-06-28,100000.00,Active
CARD000890,CUST04829,Credit Card,2016-06-29,1000000.00,Active
CARD003431,CUST02572,Credit Card,2016-06-29,250000.00,Active
CARD000248,CUST04566,Credit Card,2016-07-01,50000.00,Active
CARD003357,CUST02405,Credit Card,2016-07-10,1000000.00,Active
CARD000483,CUST00834,Debit Card,2016-07-11,25000.00,Active
CARD004561,CUST00144,Credit Card,2016-07-12,100000.00,Blocked
CARD000982,CUST03062,Credit Card,2016-07-13,150000.00,Inactive
CARD004343,CUST00470,Debit Card,2016-07-13,200000.00,Active
CARD002068,CUST00056,Credit Card,2016-07-17,250000.00,Expired
CARD000236,CUST00198,Credit Card,2016-07-18,100000.00,Active
CARD002989,CUST04327,Debit Card,2016-07-19,25000.00,Active
CARD004682,CUST04809,Debit Card,2016-07-19,100000.00,Active
CARD003287,CUST00086,Credit Card,2016-07-20,100000.00,Active
CARD004796,CUST02275,Debit Card,2016-07-23,50000.00,Blocked
CARD004415,CUST04609,Debit Card,2016-07-24,100000.00,Expired
CARD000222,CUST00593,Debit Card,2016-07-28,25000.00,Active
CARD003134,CUST00395,Debit Card,2016-07-28,100000.00,Active
CARD002481,CUST02197,Corporate Card,2016-07-29,500000.00,Blocked
CARD001058,CUST02163,Debit Card,2016-08-02,100000.00,Blocked
CARD000768,CUST01719,Credit Card,2016-08-04,100000.00,Active
CARD000361,CUST02831,Credit Card,2016-08-06,50000.00,Expired
CARD001198,CUST01239,Debit Card,2016-08-06,200000.00,Active
CARD002927,CUST00288,Debit Card,2016-08-10,100000.00,Active
CARD004823,CUST04506,Credit Card,2016-08-12,50000.00,Active
CARD001582,CUST04528,Prepaid Card,2016-08-17,25000.00,Active
CARD001925,CUST00123,Credit Card,2016-08-19,250000.00,Active
CARD004547,CUST02553,Debit Card,2016-08-19,25000.00,Active
CARD004120,CUST04894,Prepaid Card,2016-08-24,25000.00,Active
CARD000157,CUST03163,Debit Card,2016-08-28,25000.00,Expired
CARD004052,CUST02325,Debit Card,2016-09-02,50000.00,Active
CARD000419,CUST01443,Debit Card,2016-09-10,25000.00,Active
CARD002566,CUST04780,Debit Card,2016-09-14,200000.00,Active
CARD003902,CUST03531,Prepaid Card,2016-09-14,50000.00,Active
CARD001751,CUST03268,Debit Card,2016-09-17,50000.00,Active
CARD000140,CUST00925,Credit Card,2016-09-19,1000000.00,Active
CARD000043,CUST02729,Credit Card,2016-09-20,150000.00,Active
CARD001274,CUST00009,Credit Card,2016-09-29,250000.00,Active
CARD001966,CUST00097,Credit Card,2016-10-01,500000.00,Active
CARD004293,CUST01582,Debit Card,2016-10-06,200000.00,Active
CARD002999,CUST04426,Credit Card,2016-10-09,250000.00,Active
CARD001780,CUST01382,Debit Card,2016-10-25,200000.00,Expired
CARD004206,CUST01864,Credit Card,2016-10-29,50000.00,Active
CARD002012,CUST01656,Credit Card,2016-11-12,50000.00,Active
CARD001215,CUST02072,Debit Card,2016-11-24,200000.00,Active
CARD003264,CUST04814,Credit Card,2016-12-01,100000.00,Active
CARD000607,CUST02750,Credit Card,2016-12-10,150000.00,Active
CARD002707,CUST03762,Prepaid Card,2016-12-11,10000.00,Active
CARD003247,CUST01570,Prepaid Card,2016-12-11,50000.00,Expired
CARD003439,CUST03040,Debit Card,2016-12-12,100000.00,Active
CARD004950,CUST00383,Credit Card,2016-12-12,100000.00,Active
CARD001632,CUST02782,Credit Card,2016-12-13,150000.00,Active
CARD002885,CUST00759,Credit Card,2016-12-13,1000000.00,Active
CARD000089,CUST04193,Debit Card,2016-12-14,50000.00,Active
CARD000360,CUST02095,Debit Card,2016-12-16,50000.00,Active
CARD000506,CUST04368,Credit Card,2016-12-17,1000000.00,Active
CARD002694,CUST04240,Debit Card,2016-12-18,200000.00,Active
CARD003059,CUST04329,Credit Card,2016-12-19,150000.00,Active
CARD002149,CUST00741,Credit Card,2016-12-20,500000.00,Active
CARD001211,CUST02829,Debit Card,2016-12-25,100000.00,Active
CARD003956,CUST02594,Credit Card,2016-12-26,500000.00,Active
CARD001750,CUST00489,Credit Card,2017-01-08,500000.00,Active
CARD003192,CUST01365,Debit Card,2017-01-08,25000.00,Active
CARD004433,CUST00308,Debit Card,2017-01-08,200000.00,Active
CARD004511,CUST00389,Debit Card,2017-01-12,100000.00,Active
CARD005062,CUST02540,Debit Card,2017-01-16,100000.00,Active
CARD001727,CUST04879,Credit Card,2017-01-20,50000.00,Active
CARD002636,CUST00179,Corporate Card,2017-01-24,500000.00,Active
CARD002197,CUST04092,Credit Card,2017-01-26,500000.00,Active
CARD003712,CUST02012,Debit Card,2017-01-30,200000.00,Active
CARD002611,CUST00988,Debit Card,2017-02-07,200000.00,Active
CARD000581,CUST02674,Debit Card,2017-02-09,50000.00,Active
CARD000987,CUST03801,Credit Card,2017-02-10,250000.00,Active
CARD000391,CUST01400,Debit Card,2017-02-22,200000.00,Active
CARD001122,CUST01277,Credit Card,2017-02-26,150000.00,Inactive
CARD004913,CUST04053,Debit Card,2017-02-28,50000.00,Active
CARD000568,CUST02773,Corporate Card,2017-03-01,1500000.00,Active
CARD004805,CUST00746,Debit Card,2017-03-04,100000.00,Active
CARD004352,CUST04837,Credit Card,2017-03-07,150000.00,Active
CARD001978,CUST03352,Credit Card,2017-03-08,50000.00,Active
CARD002117,CUST01357,Debit Card,2017-03-11,200000.00,Active
CARD003876,CUST00832,Prepaid Card,2017-03-11,10000.00,Active
CARD000487,CUST02434,Prepaid Card,2017-03-12,10000.00,Expired
CARD002974,CUST01846,Debit Card,2017-03-13,200000.00,Active
CARD003470,CUST00323,Credit Card,2017-03-22,50000.00,Active
CARD001879,CUST04271,Prepaid Card,2017-03-24,25000.00,Active
CARD003204,CUST03122,Prepaid Card,2017-03-25,50000.00,Active
CARD000132,CUST02457,Credit Card,2017-03-26,500000.00,Active
CARD002297,CUST01645,Debit Card,2017-04-01,25000.00,Blocked
CARD002055,CUST03601,Debit Card,2017-04-02,50000.00,Active
CARD004489,CUST01770,Debit Card,2017-04-05,200000.00,Active
CARD003075,CUST03352,Credit Card,2017-04-06,500000.00,Active
CARD000863,CUST04218,Debit Card,2017-04-10,25000.00,Active
CARD000010,CUST03278,Debit Card,2017-04-11,50000.00,Active
CARD002158,CUST01385,Debit Card,2017-04-13,200000.00,Active
CARD003105,CUST01361,Credit Card,2017-04-14,250000.00,Active
CARD005153,CUST03109,Prepaid Card,2017-04-14,10000.00,Active
CARD001420,CUST03795,Credit Card,2017-04-20,500000.00,Active
CARD004915,CUST02377,Credit Card,2017-04-20,250000.00,Active
CARD001117,CUST00695,Credit Card,2017-04-21,100000.00,Active
CARD002389,CUST03472,Credit Card,2017-04-25,100000.00,Active
CARD003053,CUST04540,Credit Card,2017-04-26,150000.00,Active
CARD003590,CUST01329,Prepaid Card,2017-04-26,50000.00,Active
CARD003604,CUST04443,Prepaid Card,2017-04-26,50000.00,Active
CARD003974,CUST03680,Credit Card,2017-04-29,150000.00,Active
CARD001695,CUST03115,Credit Card,2017-04-30,250000.00,Active
CARD004740,CUST01514,Debit Card,2017-05-02,200000.00,Active
CARD001882,CUST02589,Credit Card,2017-05-06,1000000.00,Active
CARD002638,CUST01245,Debit Card,2017-05-08,200000.00,Active
CARD003496,CUST00540,Credit Card,2017-05-08,150000.00,Active
CARD004542,CUST01194,Credit Card,2017-05-09,500000.00,Active
CARD001861,CUST02353,Credit Card,2017-05-10,500000.00,Active
CARD001023,CUST03260,Debit Card,2017-05-15,200000.00,Active
CARD003491,CUST01385,Prepaid Card,2017-05-22,10000.00,Active
CARD004888,CUST02672,Credit Card,2017-05-22,250000.00,Active
CARD003306,CUST01376,Debit Card,2017-05-29,100000.00,Active
CARD001068,CUST01004,Prepaid Card,2017-05-30,25000.00,Active
CARD003618,CUST01708,Credit Card,2017-06-05,250000.00,Active
CARD002032,CUST03320,Debit Card,2017-06-06,50000.00,Active
CARD002408,CUST03801,Credit Card,2017-06-06,100000.00,Active
CARD000835,CUST03406,Debit Card,2017-06-10,200000.00,Active
CARD000644,CUST02776,Credit Card,2017-06-17,250000.00,Active
CARD005106,CUST00190,Debit Card,2017-06-17,25000.00,Active
CARD000575,CUST04010,Prepaid Card,2017-06-19,25000.00,Active
CARD003245,CUST03969,Credit Card,2017-06-21,50000.00,Active
CARD002570,CUST00126,Corporate Card,2017-06-23,500000.00,Blocked
CARD002924,CUST04240,Debit Card,2017-06-23,100000.00,Active
CARD003399,CUST01945,Debit Card,2017-06-27,50000.00,Inactive
CARD004420,CUST00236,Debit Card,2017-06-27,200000.00,Active
CARD003409,CUST02996,Credit Card,2017-06-28,500000.00,Active
CARD004003,CUST04551,Credit Card,2017-06-29,50000.00,Active
CARD001684,CUST00372,Credit Card,2017-07-04,1000000.00,Active
CARD001349,CUST02187,Prepaid Card,2017-07-07,10000.00,Inactive
CARD003950,CUST02743,Debit Card,2017-07-07,50000.00,Active
CARD001877,CUST01237,Debit Card,2017-07-10,25000.00,Active
CARD003155,CUST01538,Corporate Card,2017-07-10,200000.00,Active
CARD004338,CUST01575,Credit Card,2017-07-10,100000.00,Active
CARD001527,CUST00032,Debit Card,2017-07-13,200000.00,Active
CARD002115,CUST00750,Debit Card,2017-07-18,25000.00,Blocked
CARD004169,CUST00861,Credit Card,2017-07-19,100000.00,Active
CARD000301,CUST04372,Credit Card,2017-07-20,500000.00,Active
CARD004807,CUST04113,Credit Card,2017-07-27,500000.00,Active
CARD002821,CUST02017,Debit Card,2017-07-29,200000.00,Blocked
CARD000182,CUST02949,Corporate Card,2017-08-04,1500000.00,Active
CARD002499,CUST02264,Credit Card,2017-08-04,500000.00,Active
CARD001289,CUST03340,Credit Card,2017-08-05,50000.00,Active
CARD003239,CUST01483,Debit Card,2017-08-08,200000.00,Blocked
CARD000492,CUST01665,Credit Card,2017-08-09,500000.00,Active
CARD003802,CUST04264,Prepaid Card,2017-08-09,25000.00,Active
CARD005101,CUST02036,Debit Card,2017-08-12,200000.00,Inactive
CARD000011,CUST00726,Credit Card,2017-08-17,150000.00,Active
CARD000452,CUST03477,Debit Card,2017-08-25,50000.00,Active
CARD004916,CUST02446,Debit Card,2017-08-28,100000.00,Active
CARD001680,CUST04798,Prepaid Card,2017-08-31,50000.00,Active
CARD002601,CUST02589,Credit Card,2017-08-31,1000000.00,Active
CARD002903,CUST03526,Debit Card,2017-09-02,50000.00,Active
CARD001253,CUST01703,Credit Card,2017-09-05,50000.00,Active
CARD003030,CUST02816,Credit Card,2017-09-07,100000.00,Active
CARD002579,CUST04717,Credit Card,2017-09-08,150000.00,Active
CARD004440,CUST00331,Credit Card,2017-09-08,1000000.00,Active
CARD002057,CUST03739,Debit Card,2017-09-11,50000.00,Active
CARD001744,CUST00677,Debit Card,2017-09-12,50000.00,Active
CARD001139,CUST00522,Credit Card,2017-09-15,1000000.00,Active
CARD002826,CUST02910,Prepaid Card,2017-09-15,50000.00,Active
CARD000175,CUST01800,Debit Card,2017-09-16,25000.00,Active
CARD000433,CUST02828,Debit Card,2017-09-18,100000.00,Active
CARD001260,CUST01480,Debit Card,2017-09-20,25000.00,Active
CARD002954,CUST04520,Credit Card,2017-09-21,1000000.00,Active
CARD002840,CUST02377,Credit Card,2017-09-22,500000.00,Active
CARD001476,CUST02324,Debit Card,2017-09-23,100000.00,Active
CARD000197,CUST02115,Credit Card,2017-09-24,50000.00,Active
CARD002445,CUST01390,Credit Card,2017-09-25,100000.00,Active
CARD003694,CUST02509,Credit Card,2017-09-27,100000.00,Active
CARD003137,CUST01469,Credit Card,2017-09-28,100000.00,Active
CARD001627,CUST01548,Credit Card,2017-10-01,150000.00,Active
CARD000322,CUST02170,Credit Card,2017-10-03,50000.00,Active
CARD004828,CUST00857,Debit Card,2017-10-05,50000.00,Active
CARD000395,CUST00695,Debit Card,2017-10-07,25000.00,Active
CARD003226,CUST04082,Debit Card,2017-10-08,200000.00,Active
CARD005077,CUST03010,Credit Card,2017-10-08,1000000.00,Active
CARD001137,CUST04588,Credit Card,2017-10-09,1000000.00,Active
CARD001543,CUST03868,Debit Card,2017-10-09,25000.00,Active
CARD002105,CUST00286,Credit Card,2017-10-09,100000.00,Active
CARD002233,CUST02150,Credit Card,2017-10-09,250000.00,Active
CARD003828,CUST02433,Credit Card,2017-10-09,50000.00,Active
CARD003576,CUST00148,Credit Card,2017-10-12,50000.00,Active
CARD001245,CUST04475,Credit Card,2017-10-15,500000.00,Active
CARD003676,CUST01994,Prepaid Card,2017-10-16,10000.00,Active
CARD004363,CUST01590,Debit Card,2017-10-16,25000.00,Active
CARD004624,CUST02354,Debit Card,2017-10-16,50000.00,Active
CARD000793,CUST01777,Prepaid Card,2017-10-17,10000.00,Active
CARD001781,CUST02426,Credit Card,2017-10-18,150000.00,Active
CARD002545,CUST02179,Credit Card,2017-10-18,50000.00,Active
CARD000111,CUST02443,Debit Card,2017-10-19,200000.00,Active
CARD000059,CUST01945,Credit Card,2017-10-22,500000.00,Active
CARD001026,CUST04316,Debit Card,2017-10-22,50000.00,Active
CARD001112,CUST02706,Credit Card,2017-10-24,250000.00,Active
CARD002487,CUST00968,Credit Card,2017-10-25,150000.00,Active
CARD000585,CUST02538,Debit Card,2017-10-26,200000.00,Active
CARD003069,CUST03501,Credit Card,2017-10-26,250000.00,Active
CARD004571,CUST00179,Credit Card,2017-10-26,150000.00,Active
CARD001291,CUST01861,Credit Card,2017-10-27,250000.00,Active
CARD000426,CUST01332,Debit Card,2017-11-04,50000.00,Active
CARD000962,CUST02465,Debit Card,2017-11-06,25000.00,Active
CARD005034,CUST03247,Prepaid Card,2017-11-07,25000.00,Active
CARD000429,CUST04955,Debit Card,2017-11-09,100000.00,Expired
CARD002279,CUST01004,Credit Card,2017-11-11,150000.00,Active
CARD001286,CUST00388,Debit Card,2017-11-13,200000.00,Expired
CARD001401,CUST02702,Credit Card,2017-11-13,50000.00,Active
CARD005008,CUST01937,Credit Card,2017-11-14,1000000.00,Active
CARD001706,CUST02128,Debit Card,2017-11-15,100000.00,Blocked
CARD003126,CUST00430,Debit Card,2017-11-21,50000.00,Active
CARD001923,CUST02616,Credit Card,2017-11-23,500000.00,Active
CARD001170,CUST00591,Credit Card,2017-11-25,500000.00,Active
CARD004054,CUST02863,Debit Card,2017-11-27,25000.00,Active
CARD004893,CUST02706,Credit Card,2017-11-27,1000000.00,Active
CARD002809,CUST00280,Credit Card,2017-11-30,150000.00,Blocked
CARD003270,CUST04141,Credit Card,2017-11-30,150000.00,Active
CARD000347,CUST04247,Credit Card,2017-12-03,250000.00,Active
CARD002466,CUST00569,Debit Card,2017-12-04,50000.00,Active
CARD003972,CUST01527,Debit Card,2017-12-05,25000.00,Active
CARD004471,CUST02927,Credit Card,2017-12-08,50000.00,Active
CARD005164,CUST04050,Credit Card,2017-12-08,500000.00,Active
CARD002756,CUST00932,Credit Card,2017-12-15,150000.00,Active
CARD003530,CUST02114,Debit Card,2017-12-15,200000.00,Active
CARD001535,CUST00785,Debit Card,2017-12-17,25000.00,Blocked
CARD002734,CUST04957,Credit Card,2017-12-18,50000.00,Active
CARD002794,CUST03646,Debit Card,2017-12-19,50000.00,Active
CARD000533,CUST03082,Debit Card,2017-12-21,25000.00,Active
CARD002944,CUST00143,Corporate Card,2017-12-22,500000.00,Active
CARD003446,CUST00927,Prepaid Card,2017-12-23,50000.00,Active
CARD004963,CUST04049,Debit Card,2017-12-23,200000.00,Active
CARD002970,CUST04419,Credit Card,2017-12-24,1000000.00,Active
CARD002538,CUST04187,Debit Card,2017-12-30,25000.00,Active
CARD002453,CUST03364,Debit Card,2018-01-03,50000.00,Blocked
CARD005155,CUST02233,Debit Card,2018-01-03,25000.00,Blocked
CARD001712,CUST01483,Debit Card,2018-01-08,100000.00,Active
CARD004719,CUST02998,Debit Card,2018-01-08,200000.00,Active
CARD002513,CUST04200,Debit Card,2018-01-09,25000.00,Active
CARD001246,CUST03739,Credit Card,2018-01-15,500000.00,Expired
CARD002161,CUST04458,Debit Card,2018-01-17,100000.00,Inactive
CARD001806,CUST03960,Credit Card,2018-01-18,1000000.00,Active
CARD002516,CUST02425,Debit Card,2018-01-23,25000.00,Expired
CARD003516,CUST01658,Debit Card,2018-01-23,50000.00,Active
CARD000372,CUST01826,Debit Card,2018-01-24,200000.00,Active
CARD000655,CUST00831,Credit Card,2018-01-25,250000.00,Active
CARD002983,CUST02299,Debit Card,2018-01-25,200000.00,Active
CARD003708,CUST00980,Credit Card,2018-01-26,50000.00,Active
CARD002785,CUST03676,Credit Card,2018-01-27,500000.00,Inactive
CARD004394,CUST01958,Debit Card,2018-01-27,100000.00,Inactive
CARD005133,CUST03948,Credit Card,2018-01-27,100000.00,Active
CARD001880,CUST01896,Credit Card,2018-01-31,500000.00,Active
CARD003622,CUST02193,Debit Card,2018-02-01,200000.00,Active
CARD002342,CUST00659,Credit Card,2018-02-03,50000.00,Active
CARD003911,CUST03841,Credit Card,2018-02-03,1000000.00,Active
CARD003975,CUST03007,Credit Card,2018-02-03,500000.00,Active
CARD000979,CUST01986,Debit Card,2018-02-04,100000.00,Active
CARD003136,CUST01388,Prepaid Card,2018-02-06,50000.00,Active
CARD003560,CUST01221,Prepaid Card,2018-02-07,10000.00,Active
CARD000501,CUST04790,Prepaid Card,2018-02-08,10000.00,Active
CARD001951,CUST03094,Credit Card,2018-02-08,150000.00,Active
CARD004499,CUST01509,Credit Card,2018-02-12,250000.00,Active
CARD000748,CUST03142,Credit Card,2018-02-14,500000.00,Active
CARD001991,CUST04073,Prepaid Card,2018-02-14,25000.00,Expired
CARD004312,CUST02341,Debit Card,2018-02-14,25000.00,Blocked
CARD002991,CUST04528,Credit Card,2018-02-16,250000.00,Active
CARD001098,CUST01607,Prepaid Card,2018-02-18,25000.00,Expired
CARD001209,CUST03868,Debit Card,2018-02-19,200000.00,Active
CARD003938,CUST00473,Credit Card,2018-02-19,1000000.00,Active
CARD004007,CUST04730,Prepaid Card,2018-02-19,10000.00,Active
CARD001050,CUST01270,Debit Card,2018-02-20,50000.00,Active
CARD000508,CUST03445,Debit Card,2018-02-22,200000.00,Blocked
CARD002452,CUST00444,Credit Card,2018-02-25,50000.00,Blocked
CARD003946,CUST00766,Credit Card,2018-02-25,100000.00,Active
CARD005130,CUST01209,Corporate Card,2018-02-26,500000.00,Blocked
CARD005191,CUST03966,Credit Card,2018-02-26,500000.00,Active
CARD004000,CUST03598,Credit Card,2018-02-27,150000.00,Active
CARD002878,CUST02301,Credit Card,2018-03-01,50000.00,Active
CARD003320,CUST04249,Credit Card,2018-03-03,150000.00,Active
CARD004096,CUST03015,Credit Card,2018-03-04,250000.00,Active
CARD000289,CUST01004,Credit Card,2018-03-05,150000.00,Active
CARD004365,CUST02947,Debit Card,2018-03-06,200000.00,Active
CARD000327,CUST01642,Debit Card,2018-03-08,50000.00,Active
CARD004406,CUST02909,Debit Card,2018-03-08,25000.00,Active
CARD000424,CUST01391,Credit Card,2018-03-14,150000.00,Active
CARD004954,CUST00059,Credit Card,2018-03-14,150000.00,Active
CARD001343,CUST01703,Credit Card,2018-03-15,150000.00,Active
CARD000650,CUST02508,Debit Card,2018-03-16,25000.00,Active
CARD001339,CUST04217,Credit Card,2018-03-17,500000.00,Active
CARD000077,CUST02223,Credit Card,2018-03-19,50000.00,Active
CARD001490,CUST02637,Debit Card,2018-03-26,100000.00,Active
CARD002061,CUST02815,Credit Card,2018-03-26,1000000.00,Active
CARD002461,CUST01329,Prepaid Card,2018-03-28,50000.00,Active
CARD002196,CUST00210,Debit Card,2018-03-29,200000.00,Active
CARD000125,CUST01172,Credit Card,2018-04-03,1000000.00,Active
CARD003466,CUST03898,Credit Card,2018-04-03,1000000.00,Active
CARD001044,CUST02431,Debit Card,2018-04-05,50000.00,Active
CARD003890,CUST03007,Credit Card,2018-04-08,150000.00,Active
CARD002725,CUST01697,Credit Card,2018-04-11,100000.00,Expired
CARD003404,CUST02233,Corporate Card,2018-04-12,1500000.00,Active
CARD003719,CUST00264,Credit Card,2018-04-12,150000.00,Active
CARD002572,CUST02007,Debit Card,2018-04-13,50000.00,Active
CARD001529,CUST04337,Debit Card,2018-04-14,200000.00,Active
CARD002512,CUST00382,Debit Card,2018-04-14,200000.00,Active
CARD004088,CUST01324,Credit Card,2018-04-14,50000.00,Active
CARD000972,CUST03247,Debit Card,2018-04-17,25000.00,Active
CARD004324,CUST03423,Credit Card,2018-04-17,250000.00,Active
CARD003288,CUST02996,Credit Card,2018-04-21,1000000.00,Active
CARD003539,CUST03699,Credit Card,2018-04-23,100000.00,Active
CARD004603,CUST00947,Credit Card,2018-04-27,1000000.00,Active
CARD004774,CUST00737,Credit Card,2018-04-27,100000.00,Active
CARD002469,CUST01480,Corporate Card,2018-04-28,200000.00,Active
CARD001911,CUST00740,Credit Card,2018-04-29,1000000.00,Active
CARD000966,CUST02457,Credit Card,2018-04-30,50000.00,Active
CARD001362,CUST01974,Debit Card,2018-04-30,25000.00,Active
CARD004521,CUST00607,Credit Card,2018-04-30,250000.00,Active
CARD002912,CUST01056,Credit Card,2018-05-04,150000.00,Active
CARD000831,CUST03267,Corporate Card,2018-05-05,500000.00,Active
CARD000763,CUST00208,Credit Card,2018-05-06,100000.00,Active
CARD001567,CUST03281,Credit Card,2018-05-11,250000.00,Active
CARD000751,CUST01788,Credit Card,2018-05-12,500000.00,Blocked
CARD001066,CUST00656,Debit Card,2018-05-14,200000.00,Active
CARD004940,CUST00932,Credit Card,2018-05-14,100000.00,Inactive
CARD004298,CUST00120,Credit Card,2018-05-19,1000000.00,Active
CARD002191,CUST02523,Credit Card,2018-05-21,100000.00,Expired
CARD005194,CUST01088,Debit Card,2018-05-23,200000.00,Inactive
CARD005145,CUST00591,Credit Card,2018-05-24,150000.00,Active
CARD000215,CUST02048,Debit Card,2018-05-25,25000.00,Inactive
CARD002825,CUST01599,Credit Card,2018-05-25,100000.00,Active
CARD003597,CUST03296,Credit Card,2018-05-25,50000.00,Active
CARD003107,CUST00434,Debit Card,2018-05-27,100000.00,Active
CARD000275,CUST04111,Debit Card,2018-05-31,200000.00,Active
CARD000128,CUST04233,Credit Card,2018-06-09,1000000.00,Active
CARD004109,CUST00320,Credit Card,2018-06-10,500000.00,Active
CARD002328,CUST03294,Credit Card,2018-06-11,150000.00,Active
CARD004630,CUST03239,Credit Card,2018-06-15,150000.00,Active
CARD005111,CUST01806,Debit Card,2018-06-17,100000.00,Active
CARD002036,CUST04643,Corporate Card,2018-06-18,200000.00,Active
CARD001878,CUST03959,Credit Card,2018-06-22,50000.00,Inactive
CARD001015,CUST01553,Debit Card,2018-06-23,25000.00,Active
CARD001191,CUST03088,Credit Card,2018-06-23,50000.00,Expired
CARD004148,CUST04987,Credit Card,2018-06-23,150000.00,Active
CARD004281,CUST03322,Credit Card,2018-06-26,100000.00,Active
CARD000758,CUST04225,Debit Card,2018-06-27,25000.00,Active
CARD002820,CUST01153,Debit Card,2018-06-27,50000.00,Active
CARD002920,CUST04683,Credit Card,2018-06-27,250000.00,Active
CARD000144,CUST04659,Credit Card,2018-06-28,500000.00,Active
CARD001979,CUST01376,Debit Card,2018-06-29,25000.00,Expired
CARD000910,CUST04194,Credit Card,2018-07-02,100000.00,Active
CARD001379,CUST02126,Credit Card,2018-07-02,250000.00,Inactive
CARD003045,CUST02961,Debit Card,2018-07-02,200000.00,Active
CARD004292,CUST04788,Corporate Card,2018-07-02,500000.00,Active
CARD000916,CUST03475,Credit Card,2018-07-04,50000.00,Active
CARD000963,CUST01264,Credit Card,2018-07-05,250000.00,Active
CARD004991,CUST04031,Debit Card,2018-07-05,200000.00,Blocked
CARD002867,CUST04433,Debit Card,2018-07-07,200000.00,Active
CARD004688,CUST04336,Credit Card,2018-07-09,1000000.00,Active
CARD000174,CUST02450,Debit Card,2018-07-11,200000.00,Inactive
CARD003924,CUST00019,Debit Card,2018-07-12,200000.00,Active
CARD003999,CUST01645,Debit Card,2018-07-13,50000.00,Active
CARD004372,CUST03319,Credit Card,2018-07-13,500000.00,Active
CARD001061,CUST02478,Credit Card,2018-07-14,250000.00,Active
CARD003274,CUST01511,Credit Card,2018-07-18,1000000.00,Expired
CARD003703,CUST01158,Debit Card,2018-07-19,50000.00,Active
CARD003606,CUST00211,Corporate Card,2018-07-21,200000.00,Active
CARD000070,CUST01694,Debit Card,2018-07-23,100000.00,Active
CARD001160,CUST02117,Credit Card,2018-07-23,250000.00,Blocked
CARD000682,CUST04502,Credit Card,2018-07-25,50000.00,Active
CARD003227,CUST02523,Credit Card,2018-07-27,50000.00,Active
CARD003973,CUST02553,Debit Card,2018-07-27,50000.00,Active
CARD002223,CUST00186,Credit Card,2018-07-29,50000.00,Active
CARD002064,CUST03719,Credit Card,2018-07-31,150000.00,Active
CARD002410,CUST03039,Debit Card,2018-07-31,100000.00,Active
CARD001035,CUST04270,Debit Card,2018-08-01,25000.00,Active
CARD002349,CUST01106,Debit Card,2018-08-01,50000.00,Active
CARD000342,CUST00711,Credit Card,2018-08-02,50000.00,Active
CARD001792,CUST03682,Credit Card,2018-08-02,100000.00,Active
CARD004345,CUST01464,Debit Card,2018-08-02,50000.00,Active
CARD001772,CUST03308,Debit Card,2018-08-03,50000.00,Active
CARD005137,CUST03079,Prepaid Card,2018-08-03,50000.00,Active
CARD002796,CUST02489,Credit Card,2018-08-05,50000.00,Active
CARD003628,CUST04066,Prepaid Card,2018-08-05,25000.00,Active
CARD004793,CUST00840,Debit Card,2018-08-05,25000.00,Active
CARD004344,CUST00208,Credit Card,2018-08-07,100000.00,Active
CARD002091,CUST00608,Credit Card,2018-08-11,50000.00,Active
CARD004391,CUST00330,Credit Card,2018-08-13,50000.00,Active
CARD002978,CUST00242,Debit Card,2018-08-14,25000.00,Active
CARD005057,CUST00507,Credit Card,2018-08-14,150000.00,Active
CARD004164,CUST00242,Debit Card,2018-08-15,200000.00,Active
CARD003586,CUST03082,Debit Card,2018-08-17,200000.00,Active
CARD004326,CUST04075,Prepaid Card,2018-08-19,50000.00,Active
CARD005055,CUST00152,Credit Card,2018-08-19,50000.00,Expired
CARD000296,CUST00744,Debit Card,2018-08-20,100000.00,Active
CARD002155,CUST00013,Debit Card,2018-08-20,25000.00,Active
CARD000627,CUST00484,Debit Card,2018-08-22,25000.00,Active
CARD004284,CUST03453,Credit Card,2018-08-22,500000.00,Active
CARD002231,CUST01333,Credit Card,2018-08-23,1000000.00,Active
CARD004082,CUST01911,Credit Card,2018-08-23,250000.00,Active
CARD000879,CUST03435,Prepaid Card,2018-08-25,10000.00,Active
CARD003123,CUST02151,Credit Card,2018-08-25,500000.00,Active
CARD001718,CUST01199,Corporate Card,2018-08-28,1500000.00,Active
CARD005163,CUST02122,Corporate Card,2018-08-28,1500000.00,Active
CARD001650,CUST03822,Debit Card,2018-09-02,200000.00,Active
CARD001132,CUST04515,Debit Card,2018-09-03,25000.00,Active
CARD001833,CUST00578,Debit Card,2018-09-04,50000.00,Active
CARD002251,CUST02875,Credit Card,2018-09-05,150000.00,Active
CARD002792,CUST03239,Credit Card,2018-09-05,500000.00,Active
CARD000122,CUST03161,Prepaid Card,2018-09-07,50000.00,Active
CARD003818,CUST03857,Prepaid Card,2018-09-07,50000.00,Active
CARD000875,CUST03514,Credit Card,2018-09-08,100000.00,Inactive
CARD005046,CUST03075,Debit Card,2018-09-08,50000.00,Active
CARD002723,CUST00739,Credit Card,2018-09-09,50000.00,Active
CARD002870,CUST03076,Debit Card,2018-09-09,50000.00,Blocked
CARD000230,CUST03200,Credit Card,2018-09-10,1000000.00,Active
CARD002965,CUST03591,Credit Card,2018-09-10,100000.00,Expired
CARD004137,CUST00394,Debit Card,2018-09-10,100000.00,Active
CARD004261,CUST04700,Credit Card,2018-09-10,250000.00,Active
CARD001693,CUST02114,Debit Card,2018-09-12,50000.00,Blocked
CARD001608,CUST02268,Debit Card,2018-09-13,200000.00,Active
CARD003987,CUST02320,Credit Card,2018-09-13,100000.00,Active
CARD000488,CUST03233,Credit Card,2018-09-14,1000000.00,Active
CARD001811,CUST00591,Corporate Card,2018-09-15,1500000.00,Active
CARD002126,CUST03215,Prepaid Card,2018-09-15,25000.00,Active
CARD002182,CUST00295,Debit Card,2018-09-15,200000.00,Active
CARD000927,CUST03116,Debit Card,2018-09-16,50000.00,Expired
CARD004920,CUST01770,Credit Card,2018-09-16,100000.00,Active
CARD003625,CUST03641,Credit Card,2018-09-18,100000.00,Active
CARD004114,CUST01461,Credit Card,2018-09-19,500000.00,Active
CARD003041,CUST01414,Credit Card,2018-09-21,500000.00,Active
CARD000251,CUST01164,Credit Card,2018-09-25,50000.00,Inactive
CARD004507,CUST02646,Debit Card,2018-09-28,200000.00,Active
CARD001159,CUST04961,Prepaid Card,2018-09-29,25000.00,Active
CARD003610,CUST02756,Debit Card,2018-10-03,50000.00,Active
CARD004223,CUST03258,Corporate Card,2018-10-03,500000.00,Inactive
CARD004224,CUST03722,Credit Card,2018-10-12,250000.00,Inactive
CARD005061,CUST04395,Prepaid Card,2018-10-12,10000.00,Blocked
CARD000065,CUST04928,Credit Card,2018-10-13,100000.00,Active
CARD002352,CUST04249,Prepaid Card,2018-10-13,25000.00,Active
CARD001451,CUST03129,Credit Card,2018-10-14,500000.00,Inactive
CARD005149,CUST01358,Prepaid Card,2018-10-16,10000.00,Active
CARD004311,CUST02230,Credit Card,2018-10-17,250000.00,Active
CARD000408,CUST02961,Debit Card,2018-10-19,50000.00,Active
CARD001672,CUST04784,Credit Card,2018-10-20,250000.00,Active
CARD002253,CUST00251,Credit Card,2018-10-21,250000.00,Active
CARD004359,CUST02175,Credit Card,2018-10-22,1000000.00,Active
CARD005156,CUST00121,Credit Card,2018-10-24,50000.00,Active
CARD001724,CUST02791,Debit Card,2018-10-25,100000.00,Active
CARD001052,CUST01365,Credit Card,2018-10-26,50000.00,Active
CARD001480,CUST02718,Credit Card,2018-10-26,1000000.00,Active
CARD002364,CUST00560,Debit Card,2018-10-26,100000.00,Active
CARD004056,CUST01966,Debit Card,2018-10-30,50000.00,Active
CARD003331,CUST00097,Debit Card,2018-11-01,25000.00,Active
CARD002241,CUST01037,Credit Card,2018-11-02,1000000.00,Expired
CARD003724,CUST00301,Debit Card,2018-11-02,100000.00,Active
CARD002382,CUST03627,Credit Card,2018-11-03,150000.00,Blocked
CARD004063,CUST00597,Debit Card,2018-11-03,200000.00,Active
CARD004515,CUST01896,Credit Card,2018-11-03,100000.00,Active
CARD000710,CUST02433,Debit Card,2018-11-04,200000.00,Active
CARD001314,CUST01913,Credit Card,2018-11-04,100000.00,Active
CARD003236,CUST04817,Credit Card,2018-11-05,500000.00,Active
CARD003773,CUST00315,Credit Card,2018-11-06,150000.00,Inactive
CARD004269,CUST00838,Credit Card,2018-11-06,150000.00,Inactive
CARD002098,CUST00117,Debit Card,2018-11-08,200000.00,Active
CARD002849,CUST02572,Credit Card,2018-11-08,1000000.00,Active
CARD003006,CUST03239,Credit Card,2018-11-08,500000.00,Active
CARD003330,CUST02192,Debit Card,2018-11-09,100000.00,Active
CARD003611,CUST04396,Credit Card,2018-11-09,250000.00,Active
CARD002407,CUST03465,Debit Card,2018-11-10,200000.00,Expired
CARD003339,CUST00988,Debit Card,2018-11-10,100000.00,Active
CARD003814,CUST00636,Prepaid Card,2018-11-12,50000.00,Inactive
CARD004191,CUST04916,Debit Card,2018-11-12,200000.00,Active
CARD000375,CUST04430,Debit Card,2018-11-14,25000.00,Active
CARD001421,CUST00641,Prepaid Card,2018-11-16,10000.00,Active
CARD004271,CUST00561,Credit Card,2018-11-16,250000.00,Active
CARD003941,CUST01788,Debit Card,2018-11-17,25000.00,Active
CARD000947,CUST03945,Credit Card,2018-11-18,100000.00,Active
CARD000441,CUST01070,Prepaid Card,2018-11-19,10000.00,Active
CARD003969,CUST04607,Debit Card,2018-11-19,100000.00,Blocked
CARD001009,CUST01333,Credit Card,2018-11-21,50000.00,Inactive
CARD001875,CUST01509,Debit Card,2018-11-21,200000.00,Active
CARD002320,CUST02486,Corporate Card,2018-11-21,200000.00,Active
CARD002642,CUST03477,Credit Card,2018-11-21,1000000.00,Active
CARD000836,CUST03412,Credit Card,2018-11-22,150000.00,Inactive
CARD002238,CUST03774,Credit Card,2018-11-23,500000.00,Active
CARD002834,CUST04027,Credit Card,2018-11-25,250000.00,Active
CARD001613,CUST02589,Credit Card,2018-11-26,50000.00,Active
CARD000643,CUST01734,Debit Card,2018-12-02,100000.00,Active
CARD000897,CUST00853,Debit Card,2018-12-03,25000.00,Active
CARD001935,CUST01712,Credit Card,2018-12-03,100000.00,Blocked
CARD002874,CUST01049,Debit Card,2018-12-03,200000.00,Active
CARD001087,CUST04532,Credit Card,2018-12-06,1000000.00,Active
CARD001453,CUST01028,Debit Card,2018-12-07,100000.00,Inactive
CARD004025,CUST01843,Debit Card,2018-12-07,200000.00,Active
CARD000066,CUST01541,Debit Card,2018-12-10,200000.00,Active
CARD000567,CUST04687,Debit Card,2018-12-11,200000.00,Active
CARD002436,CUST03473,Debit Card,2018-12-12,50000.00,Active
CARD003471,CUST02212,Debit Card,2018-12-13,100000.00,Active
CARD001698,CUST03229,Prepaid Card,2018-12-14,50000.00,Blocked
CARD003834,CUST04961,Debit Card,2018-12-14,50000.00,Active
CARD000628,CUST02977,Credit Card,2018-12-16,500000.00,Active
CARD002451,CUST04763,Debit Card,2018-12-16,50000.00,Active
CARD002811,CUST04336,Credit Card,2018-12-16,150000.00,Expired
CARD003167,CUST00704,Prepaid Card,2018-12-16,50000.00,Active
CARD001548,CUST01078,Credit Card,2018-12-17,500000.00,Active
CARD001944,CUST00838,Credit Card,2018-12-17,1000000.00,Active
CARD000208,CUST03640,Credit Card,2018-12-19,50000.00,Active
CARD004665,CUST03848,Debit Card,2018-12-21,50000.00,Active
CARD000030,CUST03054,Debit Card,2018-12-25,50000.00,Active
CARD002179,CUST00035,Credit Card,2018-12-25,100000.00,Active
CARD000882,CUST04782,Credit Card,2018-12-26,500000.00,Expired
CARD003741,CUST04894,Credit Card,2018-12-26,50000.00,Active
CARD002175,CUST03306,Credit Card,2018-12-27,250000.00,Active
CARD004473,CUST03185,Debit Card,2018-12-27,100000.00,Active
CARD002589,CUST01387,Credit Card,2018-12-29,150000.00,Active
CARD002715,CUST03650,Credit Card,2018-12-29,1000000.00,Active
CARD000683,CUST01701,Debit Card,2018-12-30,50000.00,Inactive
CARD001434,CUST00846,Credit Card,2018-12-30,100000.00,Active
CARD003831,CUST04250,Credit Card,2018-12-31,500000.00,Active
CARD005193,CUST00910,Debit Card,2018-12-31,50000.00,Active
CARD004860,CUST00322,Debit Card,2019-01-01,25000.00,Active
CARD002411,CUST00096,Debit Card,2019-01-02,100000.00,Active
CARD005098,CUST04831,Prepaid Card,2019-01-03,25000.00,Active
CARD001259,CUST02233,Debit Card,2019-01-04,200000.00,Active
CARD003699,CUST02894,Credit Card,2019-01-05,150000.00,Active
CARD002206,CUST01411,Credit Card,2019-01-07,1000000.00,Active
CARD003381,CUST03650,Debit Card,2019-01-07,25000.00,Active
CARD004501,CUST01140,Prepaid Card,2019-01-07,25000.00,Blocked
CARD004098,CUST04459,Credit Card,2019-01-09,500000.00,Active
CARD003463,CUST01207,Prepaid Card,2019-01-10,50000.00,Active
CARD001552,CUST01451,Credit Card,2019-01-11,250000.00,Active
CARD001586,CUST04607,Debit Card,2019-01-11,200000.00,Active
CARD002758,CUST02354,Credit Card,2019-01-13,100000.00,Active
CARD003517,CUST00440,Debit Card,2019-01-13,50000.00,Expired
CARD000594,CUST04669,Credit Card,2019-01-16,50000.00,Active
CARD001912,CUST03757,Credit Card,2019-01-16,250000.00,Active
CARD002109,CUST02310,Debit Card,2019-01-16,50000.00,Active
CARD001359,CUST04675,Credit Card,2019-01-19,500000.00,Active
CARD004588,CUST00186,Credit Card,2019-01-20,100000.00,Active
CARD002775,CUST00283,Credit Card,2019-01-21,1000000.00,Active
CARD002137,CUST04271,Credit Card,2019-01-22,1000000.00,Active
CARD003962,CUST01388,Debit Card,2019-01-22,50000.00,Active
CARD002146,CUST00054,Credit Card,2019-01-23,50000.00,Active
CARD002528,CUST01086,Prepaid Card,2019-01-23,25000.00,Active
CARD004810,CUST04492,Credit Card,2019-01-23,150000.00,Active
CARD001472,CUST01682,Debit Card,2019-01-24,50000.00,Active
CARD000159,CUST04419,Debit Card,2019-01-28,200000.00,Active
CARD000827,CUST01330,Debit Card,2019-01-28,50000.00,Active
CARD001013,CUST02059,Debit Card,2019-01-31,200000.00,Active
CARD001471,CUST01451,Credit Card,2019-01-31,1000000.00,Active
CARD003051,CUST00638,Debit Card,2019-01-31,100000.00,Active
CARD004425,CUST00776,Credit Card,2019-02-01,100000.00,Active
CARD000684,CUST00209,Debit Card,2019-02-05,25000.00,Active
CARD001171,CUST03137,Corporate Card,2019-02-06,1500000.00,Active
CARD003932,CUST02835,Credit Card,2019-02-08,50000.00,Active
CARD003257,CUST04910,Debit Card,2019-02-09,25000.00,Active
CARD001046,CUST04273,Debit Card,2019-02-10,50000.00,Active
CARD004773,CUST03203,Debit Card,2019-02-10,50000.00,Active
CARD002299,CUST02114,Corporate Card,2019-02-12,1500000.00,Active
CARD002338,CUST01607,Debit Card,2019-02-12,200000.00,Expired
CARD002737,CUST00280,Debit Card,2019-02-12,50000.00,Active
CARD002108,CUST00076,Credit Card,2019-02-13,50000.00,Active
CARD004775,CUST03369,Debit Card,2019-02-14,25000.00,Active
CARD005192,CUST02017,Debit Card,2019-02-14,200000.00,Active
CARD004689,CUST03521,Credit Card,2019-02-15,50000.00,Active
CARD001859,CUST02472,Credit Card,2019-02-17,50000.00,Active
CARD003551,CUST02054,Debit Card,2019-02-18,50000.00,Active
CARD004716,CUST01830,Credit Card,2019-02-18,1000000.00,Active
CARD004766,CUST01701,Credit Card,2019-02-19,250000.00,Active
CARD003495,CUST04563,Debit Card,2019-02-20,100000.00,Active
CARD002368,CUST00095,Corporate Card,2019-02-22,500000.00,Active
CARD003038,CUST01946,Debit Card,2019-02-22,100000.00,Active
CARD002439,CUST00317,Credit Card,2019-02-24,50000.00,Active
CARD004380,CUST04128,Debit Card,2019-02-24,100000.00,Active
CARD003015,CUST02212,Debit Card,2019-02-27,100000.00,Active
CARD000139,CUST02015,Debit Card,2019-02-28,50000.00,Expired
CARD003256,CUST01788,Debit Card,2019-02-28,50000.00,Active
CARD003378,CUST00155,Debit Card,2019-03-02,50000.00,Active
CARD000949,CUST03017,Credit Card,2019-03-03,500000.00,Blocked
CARD001948,CUST01642,Credit Card,2019-03-03,250000.00,Expired
CARD002027,CUST03068,Credit Card,2019-03-04,150000.00,Active
CARD002488,CUST02257,Credit Card,2019-03-06,150000.00,Active
CARD004567,CUST03075,Debit Card,2019-03-06,25000.00,Active
CARD005150,CUST02257,Corporate Card,2019-03-06,500000.00,Active
CARD002629,CUST03585,Credit Card,2019-03-08,100000.00,Active
CARD003370,CUST01827,Debit Card,2019-03-13,200000.00,Active
CARD003842,CUST00025,Credit Card,2019-03-19,1000000.00,Expired
CARD003215,CUST01348,Debit Card,2019-03-20,100000.00,Active
CARD001960,CUST01608,Debit Card,2019-03-22,25000.00,Active
CARD004877,CUST04612,Credit Card,2019-03-22,1000000.00,Blocked
CARD003198,CUST01267,Debit Card,2019-03-23,100000.00,Expired
CARD003737,CUST02439,Debit Card,2019-03-26,100000.00,Active
CARD004459,CUST03260,Debit Card,2019-03-27,200000.00,Blocked
CARD001952,CUST02297,Debit Card,2019-03-30,25000.00,Active
CARD001982,CUST04564,Credit Card,2019-03-31,50000.00,Active
CARD000662,CUST03719,Debit Card,2019-04-01,50000.00,Active
CARD004481,CUST02179,Prepaid Card,2019-04-01,50000.00,Active
CARD004631,CUST02107,Debit Card,2019-04-01,200000.00,Active
CARD000870,CUST01599,Debit Card,2019-04-03,50000.00,Active
CARD001570,CUST02928,Debit Card,2019-04-03,200000.00,Active
CARD001123,CUST04313,Credit Card,2019-04-04,250000.00,Active
CARD003761,CUST00899,Debit Card,2019-04-05,25000.00,Active
CARD005177,CUST02954,Debit Card,2019-04-05,100000.00,Active
CARD000284,CUST04350,Debit Card,2019-04-06,100000.00,Active
CARD001788,CUST01511,Credit Card,2019-04-07,150000.00,Active
CARD002418,CUST01541,Credit Card,2019-04-08,100000.00,Active
CARD001883,CUST04165,Debit Card,2019-04-10,50000.00,Active
CARD001340,CUST02049,Debit Card,2019-04-11,200000.00,Active
CARD001571,CUST03560,Debit Card,2019-04-12,100000.00,Active
CARD003376,CUST01106,Credit Card,2019-04-13,250000.00,Active
CARD002677,CUST02109,Debit Card,2019-04-14,25000.00,Active
CARD003707,CUST03554,Credit Card,2019-04-14,1000000.00,Active
CARD001378,CUST02423,Debit Card,2019-04-15,25000.00,Active
CARD001413,CUST04941,Credit Card,2019-04-15,150000.00,Active
CARD000263,CUST01171,Debit Card,2019-04-17,200000.00,Active
CARD000493,CUST04847,Corporate Card,2019-04-18,1500000.00,Active
CARD000700,CUST04754,Debit Card,2019-04-19,100000.00,Inactive
CARD001147,CUST01105,Credit Card,2019-04-19,100000.00,Active
CARD003474,CUST00607,Corporate Card,2019-04-19,200000.00,Active
CARD002535,CUST02532,Debit Card,2019-04-22,50000.00,Active
CARD002961,CUST01332,Debit Card,2019-04-24,200000.00,Active
CARD004286,CUST03654,Debit Card,2019-04-24,50000.00,Active
CARD005011,CUST00124,Prepaid Card,2019-04-24,10000.00,Active
CARD002835,CUST02284,Credit Card,2019-04-25,500000.00,Active
CARD003459,CUST04181,Credit Card,2019-04-26,50000.00,Active
CARD003162,CUST00364,Credit Card,2019-04-29,100000.00,Active
CARD002807,CUST04110,Credit Card,2019-04-30,250000.00,Expired
CARD000240,CUST03098,Debit Card,2019-05-01,50000.00,Active
CARD004305,CUST02464,Credit Card,2019-05-01,50000.00,Active
CARD001546,CUST01335,Credit Card,2019-05-03,1000000.00,Blocked
CARD000816,CUST02359,Credit Card,2019-05-04,1000000.00,Active
CARD003295,CUST01477,Credit Card,2019-05-05,500000.00,Active
CARD003734,CUST04147,Corporate Card,2019-05-06,1500000.00,Active
CARD004280,CUST04915,Credit Card,2019-05-06,500000.00,Inactive
CARD002554,CUST03548,Credit Card,2019-05-09,150000.00,Active
CARD002738,CUST04333,Debit Card,2019-05-13,50000.00,Active
CARD003316,CUST03161,Credit Card,2019-05-14,1000000.00,Active
CARD000457,CUST00194,Credit Card,2019-05-15,500000.00,Active
CARD004334,CUST04502,Credit Card,2019-05-15,50000.00,Active
CARD005064,CUST01164,Credit Card,2019-05-16,250000.00,Active
CARD002940,CUST02936,Debit Card,2019-05-17,100000.00,Active
CARD003766,CUST02539,Prepaid Card,2019-05-17,10000.00,Active
CARD004029,CUST04515,Debit Card,2019-05-19,50000.00,Active
CARD000656,CUST01147,Credit Card,2019-05-20,50000.00,Active
CARD003903,CUST00348,Credit Card,2019-05-21,250000.00,Active
CARD001689,CUST04292,Credit Card,2019-05-22,250000.00,Active
CARD002698,CUST04659,Debit Card,2019-05-23,25000.00,Active
CARD002947,CUST01430,Credit Card,2019-05-23,500000.00,Blocked
CARD003817,CUST03956,Debit Card,2019-05-23,25000.00,Blocked
CARD001996,CUST02968,Corporate Card,2019-05-26,1500000.00,Active
CARD002966,CUST03887,Debit Card,2019-05-27,200000.00,Active
CARD000048,CUST02982,Debit Card,2019-05-30,50000.00,Active
CARD002552,CUST03920,Credit Card,2019-05-30,150000.00,Active
CARD004771,CUST00697,Debit Card,2019-05-30,50000.00,Active
CARD000461,CUST02702,Debit Card,2019-05-31,100000.00,Active
CARD002122,CUST00323,Debit Card,2019-05-31,200000.00,Active
CARD004882,CUST03757,Prepaid Card,2019-05-31,10000.00,Active
CARD004586,CUST00715,Prepaid Card,2019-06-02,50000.00,Active
CARD000148,CUST02909,Debit Card,2019-06-03,25000.00,Active
CARD003249,CUST02818,Prepaid Card,2019-06-03,25000.00,Expired
CARD003794,CUST04581,Credit Card,2019-06-03,100000.00,Blocked
CARD004409,CUST03416,Credit Card,2019-06-04,150000.00,Active
CARD000198,CUST00988,Debit Card,2019-06-05,200000.00,Blocked
CARD001380,CUST01078,Prepaid Card,2019-06-07,50000.00,Active
CARD002687,CUST00485,Credit Card,2019-06-08,1000000.00,Active
CARD000351,CUST04275,Debit Card,2019-06-09,25000.00,Active
CARD001871,CUST00943,Debit Card,2019-06-09,50000.00,Active
CARD003250,CUST04676,Debit Card,2019-06-09,25000.00,Inactive
CARD003591,CUST00593,Credit Card,2019-06-10,100000.00,Active
CARD004211,CUST04642,Debit Card,2019-06-11,100000.00,Expired
CARD004959,CUST02354,Debit Card,2019-06-11,25000.00,Active
CARD000922,CUST01357,Credit Card,2019-06-14,100000.00,Active
CARD003102,CUST02418,Credit Card,2019-06-14,1000000.00,Active
CARD000867,CUST01984,Credit Card,2019-06-15,1000000.00,Active
CARD004451,CUST01835,Credit Card,2019-06-15,250000.00,Blocked
CARD001692,CUST00968,Debit Card,2019-06-16,200000.00,Active
CARD000907,CUST02146,Credit Card,2019-06-18,50000.00,Active
CARD000925,CUST03683,Credit Card,2019-06-18,250000.00,Active
CARD003488,CUST00086,Debit Card,2019-06-19,200000.00,Active
CARD004726,CUST04609,Corporate Card,2019-06-19,200000.00,Blocked
CARD001562,CUST04652,Debit Card,2019-06-20,200000.00,Active
CARD003677,CUST00956,Debit Card,2019-06-20,50000.00,Expired
CARD005090,CUST01842,Debit Card,2019-06-21,50000.00,Active
CARD000367,CUST01186,Credit Card,2019-06-23,50000.00,Active
CARD001653,CUST03580,Debit Card,2019-06-23,100000.00,Active
CARD004686,CUST01585,Prepaid Card,2019-06-23,50000.00,Active
CARD004932,CUST02512,Credit Card,2019-06-23,100000.00,Blocked
CARD000379,CUST01705,Debit Card,2019-06-25,100000.00,Active
CARD000591,CUST02601,Credit Card,2019-06-25,100000.00,Active
CARD004328,CUST00319,Debit Card,2019-06-25,200000.00,Active
CARD000739,CUST03747,Debit Card,2019-06-27,25000.00,Active
CARD000596,CUST00485,Prepaid Card,2019-06-29,25000.00,Active
CARD003369,CUST03734,Debit Card,2019-07-01,200000.00,Active
CARD003146,CUST03085,Debit Card,2019-07-02,200000.00,Active
CARD000057,CUST03184,Credit Card,2019-07-03,250000.00,Active
CARD003510,CUST01282,Credit Card,2019-07-03,50000.00,Active
CARD003986,CUST04145,Credit Card,2019-07-05,50000.00,Active
CARD005019,CUST00200,Debit Card,2019-07-05,200000.00,Active
CARD002383,CUST00280,Debit Card,2019-07-06,50000.00,Blocked
CARD001559,CUST01642,Debit Card,2019-07-09,50000.00,Active
CARD002670,CUST03697,Prepaid Card,2019-07-09,50000.00,Active
CARD000266,CUST04912,Credit Card,2019-07-10,1000000.00,Blocked
CARD000812,CUST04223,Debit Card,2019-07-10,200000.00,Expired
CARD002293,CUST03218,Credit Card,2019-07-10,150000.00,Active
CARD004781,CUST01171,Debit Card,2019-07-10,100000.00,Active
CARD002177,CUST03988,Debit Card,2019-07-11,100000.00,Active
CARD004596,CUST01386,Credit Card,2019-07-14,1000000.00,Active
CARD004381,CUST03740,Debit Card,2019-07-15,100000.00,Active
CARD004914,CUST03053,Corporate Card,2019-07-16,500000.00,Active
CARD000210,CUST04292,Credit Card,2019-07-17,1000000.00,Active
CARD002002,CUST01691,Credit Card,2019-07-17,1000000.00,Active
CARD002432,CUST01836,Credit Card,2019-07-19,500000.00,Active
CARD002650,CUST01415,Credit Card,2019-07-19,250000.00,Active
CARD004115,CUST01376,Credit Card,2019-07-20,500000.00,Active
CARD003636,CUST02476,Corporate Card,2019-07-22,200000.00,Active
CARD003681,CUST01562,Credit Card,2019-07-23,500000.00,Active
CARD000738,CUST04428,Debit Card,2019-07-24,100000.00,Active
CARD002288,CUST02526,Prepaid Card,2019-07-24,25000.00,Active
CARD000212,CUST04216,Corporate Card,2019-07-25,1500000.00,Active
CARD000358,CUST02894,Credit Card,2019-07-25,50000.00,Active
CARD002199,CUST02450,Debit Card,2019-07-25,100000.00,Inactive
CARD000624,CUST04700,Prepaid Card,2019-07-26,25000.00,Active
CARD003518,CUST00670,Debit Card,2019-07-27,200000.00,Active
CARD003070,CUST03274,Credit Card,2019-07-29,500000.00,Active
CARD004010,CUST03995,Credit Card,2019-07-29,50000.00,Active
CARD004608,CUST02739,Prepaid Card,2019-07-29,10000.00,Active
CARD003557,CUST01461,Credit Card,2019-07-30,150000.00,Active
CARD003395,CUST04612,Debit Card,2019-07-31,25000.00,Active
CARD003232,CUST02155,Debit Card,2019-08-02,25000.00,Active
CARD001237,CUST03958,Prepaid Card,2019-08-03,25000.00,Active
CARD003037,CUST01335,Debit Card,2019-08-03,100000.00,Active
CARD000930,CUST04511,Debit Card,2019-08-05,200000.00,Active
CARD004872,CUST01737,Debit Card,2019-08-06,100000.00,Active
CARD001766,CUST00284,Debit Card,2019-08-09,100000.00,Active
CARD002414,CUST04417,Credit Card,2019-08-09,150000.00,Active
CARD001064,CUST04393,Debit Card,2019-08-10,25000.00,Active
CARD000094,CUST00059,Debit Card,2019-08-11,100000.00,Active
CARD004486,CUST03323,Prepaid Card,2019-08-11,10000.00,Active
CARD005067,CUST02324,Prepaid Card,2019-08-12,10000.00,Active
CARD001374,CUST00134,Corporate Card,2019-08-13,200000.00,Active
CARD002121,CUST01424,Credit Card,2019-08-15,150000.00,Active
CARD003149,CUST01911,Debit Card,2019-08-15,200000.00,Active
CARD003016,CUST03218,Debit Card,2019-08-16,100000.00,Active
CARD003456,CUST00017,Prepaid Card,2019-08-17,10000.00,Inactive
CARD003205,CUST00620,Debit Card,2019-08-18,200000.00,Active
CARD003942,CUST00461,Credit Card,2019-08-20,150000.00,Active
CARD004782,CUST00700,Credit Card,2019-08-20,1000000.00,Inactive
CARD000071,CUST03930,Corporate Card,2019-08-21,500000.00,Active
CARD004947,CUST01101,Prepaid Card,2019-08-22,10000.00,Active
CARD000605,CUST01178,Debit Card,2019-08-23,50000.00,Active
CARD001032,CUST04687,Corporate Card,2019-08-25,1500000.00,Active
CARD000450,CUST01792,Debit Card,2019-08-26,200000.00,Blocked
CARD002013,CUST00400,Debit Card,2019-08-26,50000.00,Blocked
CARD004541,CUST04743,Credit Card,2019-08-27,500000.00,Active
CARD000539,CUST02639,Credit Card,2019-08-28,1000000.00,Inactive
CARD002613,CUST00367,Prepaid Card,2019-08-28,10000.00,Active
CARD004411,CUST03294,Prepaid Card,2019-08-29,50000.00,Blocked
CARD003893,CUST02388,Credit Card,2019-08-30,250000.00,Active
CARD004894,CUST04965,Credit Card,2019-08-30,150000.00,Active
CARD003304,CUST04260,Credit Card,2019-08-31,50000.00,Active
CARD003308,CUST02610,Credit Card,2019-08-31,500000.00,Active
CARD003871,CUST01704,Credit Card,2019-08-31,250000.00,Active
CARD005159,CUST04119,Debit Card,2019-08-31,200000.00,Active
CARD001353,CUST02718,Credit Card,2019-09-02,100000.00,Active
CARD003117,CUST02055,Debit Card,2019-09-02,200000.00,Active
CARD001310,CUST04698,Credit Card,2019-09-03,1000000.00,Active
CARD001347,CUST00719,Credit Card,2019-09-06,500000.00,Active
CARD000017,CUST02425,Credit Card,2019-09-07,150000.00,Active
CARD002318,CUST04927,Credit Card,2019-09-07,150000.00,Active
CARD004705,CUST01935,Credit Card,2019-09-09,500000.00,Expired
CARD002608,CUST04889,Credit Card,2019-09-11,1000000.00,Active
CARD002415,CUST01119,Debit Card,2019-09-14,100000.00,Active
CARD002559,CUST01779,Debit Card,2019-09-14,25000.00,Active
CARD004347,CUST00059,Corporate Card,2019-09-15,500000.00,Active
CARD000167,CUST04104,Debit Card,2019-09-16,50000.00,Active
CARD004506,CUST03644,Prepaid Card,2019-09-17,25000.00,Active
CARD001381,CUST02345,Debit Card,2019-09-18,25000.00,Active
CARD003525,CUST01964,Debit Card,2019-09-18,50000.00,Active
CARD001892,CUST02867,Credit Card,2019-09-20,500000.00,Active
CARD004315,CUST02809,Debit Card,2019-09-20,25000.00,Active
CARD001550,CUST01546,Debit Card,2019-09-21,25000.00,Active
CARD002893,CUST04942,Credit Card,2019-09-21,100000.00,Active
CARD002327,CUST02673,Debit Card,2019-09-22,25000.00,Active
CARD001740,CUST02143,Debit Card,2019-09-23,200000.00,Expired
CARD001200,CUST02912,Debit Card,2019-09-24,50000.00,Active
CARD000708,CUST00898,Credit Card,2019-09-25,1000000.00,Active
CARD002128,CUST02768,Debit Card,2019-09-26,50000.00,Active
CARD003004,CUST03008,Debit Card,2019-09-26,25000.00,Active
CARD001756,CUST01831,Credit Card,2019-09-27,500000.00,Active
CARD001293,CUST04636,Debit Card,2019-09-28,50000.00,Active
CARD002959,CUST03272,Credit Card,2019-09-28,100000.00,Active
CARD003324,CUST03521,Credit Card,2019-09-28,500000.00,Active
CARD003519,CUST00519,Credit Card,2019-09-29,150000.00,Active
CARD002630,CUST01744,Debit Card,2019-09-30,100000.00,Active
CARD000990,CUST01483,Credit Card,2019-10-02,150000.00,Active
CARD002429,CUST02206,Credit Card,2019-10-02,50000.00,Expired
CARD003031,CUST00419,Credit Card,2019-10-03,50000.00,Active
CARD005165,CUST01831,Debit Card,2019-10-03,25000.00,Blocked
CARD000548,CUST04681,Credit Card,2019-10-04,100000.00,Active
CARD004525,CUST03699,Debit Card,2019-10-04,100000.00,Active
CARD000498,CUST02477,Credit Card,2019-10-05,1000000.00,Active
CARD000762,CUST02323,Debit Card,2019-10-05,200000.00,Active
CARD001809,CUST01019,Credit Card,2019-10-06,250000.00,Active
CARD000027,CUST02177,Credit Card,2019-10-07,250000.00,Active
CARD003930,CUST02147,Credit Card,2019-10-07,50000.00,Inactive
CARD001337,CUST02175,Credit Card,2019-10-11,250000.00,Blocked
CARD004657,CUST01208,Prepaid Card,2019-10-11,25000.00,Active
CARD000466,CUST02446,Prepaid Card,2019-10-12,10000.00,Blocked
CARD004844,CUST01955,Credit Card,2019-10-12,1000000.00,Active
CARD001647,CUST04308,Corporate Card,2019-10-13,1500000.00,Active
CARD003233,CUST04484,Debit Card,2019-10-16,100000.00,Active
CARD004277,CUST00855,Credit Card,2019-10-16,150000.00,Active
CARD002684,CUST01245,Debit Card,2019-10-18,100000.00,Active
CARD000272,CUST01713,Credit Card,2019-10-21,1000000.00,Active
CARD001673,CUST04826,Debit Card,2019-10-21,25000.00,Active
CARD002857,CUST00407,Credit Card,2019-10-22,250000.00,Active
CARD001414,CUST02446,Credit Card,2019-10-23,1000000.00,Active
CARD001060,CUST00579,Credit Card,2019-10-25,250000.00,Expired
CARD003153,CUST02412,Credit Card,2019-10-25,1000000.00,Active
CARD000717,CUST04405,Credit Card,2019-10-26,50000.00,Active
CARD000536,CUST00224,Corporate Card,2019-10-28,200000.00,Active
CARD000524,CUST01267,Credit Card,2019-10-30,250000.00,Active
CARD000921,CUST04132,Corporate Card,2019-11-02,200000.00,Active
CARD001921,CUST00527,Credit Card,2019-11-05,500000.00,Active
CARD002446,CUST04173,Prepaid Card,2019-11-05,25000.00,Active
CARD005014,CUST02359,Debit Card,2019-11-05,50000.00,Active
CARD002162,CUST03085,Credit Card,2019-11-07,500000.00,Expired
CARD000589,CUST02977,Credit Card,2019-11-09,250000.00,Blocked
CARD001273,CUST00577,Debit Card,2019-11-09,100000.00,Active
CARD002247,CUST04245,Debit Card,2019-11-09,25000.00,Active
CARD004908,CUST04782,Debit Card,2019-11-09,200000.00,Active
CARD000918,CUST01922,Credit Card,2019-11-10,150000.00,Active
CARD000647,CUST04475,Debit Card,2019-11-11,100000.00,Active
CARD001186,CUST03028,Credit Card,2019-11-11,50000.00,Active
CARD001418,CUST02532,Credit Card,2019-11-11,500000.00,Active
CARD002614,CUST00104,Prepaid Card,2019-11-11,50000.00,Active
CARD004157,CUST02677,Debit Card,2019-11-13,100000.00,Active
CARD004250,CUST04036,Credit Card,2019-11-14,100000.00,Inactive
CARD004758,CUST04352,Credit Card,2019-11-15,1000000.00,Active
CARD002816,CUST02412,Debit Card,2019-11-16,50000.00,Active
CARD001763,CUST02629,Debit Card,2019-11-17,50000.00,Active
CARD001000,CUST03714,Debit Card,2019-11-20,200000.00,Inactive
CARD003085,CUST04796,Debit Card,2019-11-20,100000.00,Active
CARD001277,CUST03530,Debit Card,2019-11-21,100000.00,Active
CARD005029,CUST00686,Credit Card,2019-11-21,250000.00,Active
CARD002749,CUST02391,Debit Card,2019-11-23,100000.00,Active
CARD000415,CUST02407,Corporate Card,2019-11-24,200000.00,Active
CARD001487,CUST02234,Credit Card,2019-11-24,500000.00,Expired
CARD003300,CUST02121,Credit Card,2019-11-26,1000000.00,Active
CARD000350,CUST04624,Credit Card,2019-11-27,150000.00,Active
CARD003036,CUST04024,Debit Card,2019-11-28,25000.00,Active
CARD000941,CUST04210,Debit Card,2019-11-29,200000.00,Active
CARD003845,CUST04027,Credit Card,2019-11-29,100000.00,Active
CARD004895,CUST02139,Debit Card,2019-11-29,25000.00,Active
CARD002331,CUST02141,Debit Card,2019-11-30,50000.00,Active
CARD002534,CUST00646,Credit Card,2019-11-30,50000.00,Active
CARD004038,CUST03782,Credit Card,2019-12-02,100000.00,Active
CARD002623,CUST00185,Credit Card,2019-12-03,100000.00,Active
CARD004558,CUST02787,Debit Card,2019-12-04,100000.00,Active
CARD001075,CUST01922,Credit Card,2019-12-05,150000.00,Inactive
CARD001268,CUST04687,Debit Card,2019-12-05,50000.00,Active
CARD002645,CUST01694,Credit Card,2019-12-05,50000.00,Active
CARD005060,CUST03959,Credit Card,2019-12-05,250000.00,Active
CARD003093,CUST02523,Credit Card,2019-12-07,250000.00,Active
CARD004701,CUST04639,Credit Card,2019-12-07,100000.00,Active
CARD004779,CUST00287,Prepaid Card,2019-12-07,10000.00,Active
CARD000454,CUST02496,Debit Card,2019-12-08,100000.00,Active
CARD000742,CUST04504,Credit Card,2019-12-08,100000.00,Active
CARD001953,CUST01456,Credit Card,2019-12-08,100000.00,Active
CARD002779,CUST03777,Debit Card,2019-12-09,25000.00,Active
CARD003150,CUST01334,Debit Card,2019-12-09,100000.00,Active
CARD004407,CUST02232,Debit Card,2019-12-09,100000.00,Active
CARD002910,CUST03570,Credit Card,2019-12-10,150000.00,Active
CARD002211,CUST04656,Debit Card,2019-12-11,100000.00,Active
CARD004815,CUST04478,Corporate Card,2019-12-11,1500000.00,Active
CARD001093,CUST01599,Credit Card,2019-12-13,100000.00,Active
CARD002946,CUST03816,Debit Card,2019-12-13,25000.00,Blocked
CARD003888,CUST04904,Debit Card,2019-12-13,200000.00,Active
CARD000538,CUST03523,Debit Card,2019-12-14,200000.00,Active
CARD004018,CUST00717,Debit Card,2019-12-15,25000.00,Active
CARD001591,CUST03547,Debit Card,2019-12-17,25000.00,Active
CARD003101,CUST00739,Credit Card,2019-12-17,100000.00,Active
CARD004727,CUST02771,Debit Card,2019-12-18,200000.00,Active
CARD001881,CUST03766,Debit Card,2019-12-20,100000.00,Active
CARD001103,CUST01329,Credit Card,2019-12-21,150000.00,Expired
CARD001161,CUST01807,Prepaid Card,2019-12-21,50000.00,Active
CARD001496,CUST02377,Credit Card,2019-12-21,50000.00,Active
CARD002427,CUST02755,Debit Card,2019-12-21,50000.00,Active
CARD004023,CUST01891,Debit Card,2019-12-21,200000.00,Active
CARD004458,CUST01086,Debit Card,2019-12-21,100000.00,Active
CARD003966,CUST04233,Debit Card,2019-12-22,50000.00,Active
CARD001227,CUST04152,Debit Card,2019-12-23,25000.00,Active
CARD004832,CUST01957,Debit Card,2019-12-24,100000.00,Active
CARD002209,CUST02715,Credit Card,2019-12-25,500000.00,Active
CARD004308,CUST01101,Debit Card,2019-12-25,25000.00,Active
CARD002447,CUST04641,Debit Card,2019-12-26,100000.00,Active
CARD003436,CUST04480,Debit Card,2019-12-27,100000.00,Active
CARD000919,CUST02186,Prepaid Card,2019-12-30,10000.00,Active
CARD002751,CUST02545,Credit Card,2019-12-30,500000.00,Active
CARD003098,CUST04127,Debit Card,2020-01-01,200000.00,Active
CARD001126,CUST00670,Credit Card,2020-01-02,1000000.00,Active
CARD000775,CUST03268,Credit Card,2020-01-05,150000.00,Active
CARD002240,CUST02556,Debit Card,2020-01-05,200000.00,Blocked
CARD003141,CUST01079,Credit Card,2020-01-05,500000.00,Inactive
CARD001801,CUST04927,Debit Card,2020-01-06,50000.00,Active
CARD002188,CUST00355,Credit Card,2020-01-06,100000.00,Blocked
CARD003131,CUST00642,Debit Card,2020-01-09,25000.00,Active
CARD002326,CUST00405,Debit Card,2020-01-11,50000.00,Active
CARD004532,CUST01820,Debit Card,2020-01-11,200000.00,Active
CARD004304,CUST04447,Prepaid Card,2020-01-12,10000.00,Active
CARD000254,CUST04654,Debit Card,2020-01-14,100000.00,Active
CARD003862,CUST02012,Debit Card,2020-01-15,25000.00,Active
CARD004173,CUST00305,Credit Card,2020-01-16,250000.00,Active
CARD004594,CUST00665,Debit Card,2020-01-16,100000.00,Active
CARD004917,CUST04733,Credit Card,2020-01-19,1000000.00,Active
CARD002848,CUST00338,Debit Card,2020-01-20,25000.00,Active
CARD002968,CUST01798,Debit Card,2020-01-20,25000.00,Active
CARD004514,CUST03385,Prepaid Card,2020-01-22,25000.00,Active
CARD004843,CUST04131,Credit Card,2020-01-22,500000.00,Active
CARD001915,CUST03241,Credit Card,2020-01-23,150000.00,Active
CARD004310,CUST04165,Corporate Card,2020-01-23,1500000.00,Active
CARD002104,CUST02009,Credit Card,2020-01-24,150000.00,Active
CARD002221,CUST04668,Prepaid Card,2020-01-24,10000.00,Active
CARD005115,CUST01188,Debit Card,2020-01-24,50000.00,Active
CARD003084,CUST00944,Prepaid Card,2020-01-25,10000.00,Active
CARD004653,CUST03870,Debit Card,2020-01-27,50000.00,Active
CARD004956,CUST04186,Credit Card,2020-01-29,50000.00,Active
CARD002384,CUST04988,Debit Card,2020-02-02,25000.00,Active
CARD000857,CUST02395,Corporate Card,2020-02-04,500000.00,Active
CARD002901,CUST03417,Debit Card,2020-02-04,200000.00,Active
CARD004131,CUST01096,Credit Card,2020-02-04,500000.00,Active
CARD001400,CUST01153,Credit Card,2020-02-05,150000.00,Active
CARD003807,CUST00893,Debit Card,2020-02-07,100000.00,Active
CARD004856,CUST04096,Credit Card,2020-02-07,1000000.00,Active
CARD004140,CUST03937,Prepaid Card,2020-02-08,25000.00,Active
CARD002045,CUST03838,Prepaid Card,2020-02-11,50000.00,Active
CARD001762,CUST04322,Credit Card,2020-02-12,50000.00,Active
CARD002745,CUST01477,Debit Card,2020-02-13,200000.00,Active
CARD001482,CUST02986,Prepaid Card,2020-02-15,50000.00,Blocked
CARD001560,CUST03585,Credit Card,2020-02-15,500000.00,Active
CARD004194,CUST02828,Prepaid Card,2020-02-15,10000.00,Active
CARD004809,CUST02151,Credit Card,2020-02-16,150000.00,Active
CARD001790,CUST02191,Prepaid Card,2020-02-17,25000.00,Active
CARD002443,CUST01564,Debit Card,2020-02-17,25000.00,Active
CARD003710,CUST01108,Credit Card,2020-02-17,100000.00,Active
CARD004581,CUST04443,Credit Card,2020-02-17,100000.00,Active
CARD000678,CUST04786,Debit Card,2020-02-18,100000.00,Active
CARD001757,CUST03330,Credit Card,2020-02-18,50000.00,Blocked
CARD004058,CUST04659,Debit Card,2020-02-18,50000.00,Active
CARD003203,CUST00059,Debit Card,2020-02-20,200000.00,Active
CARD003515,CUST02717,Debit Card,2020-02-20,100000.00,Active
CARD000388,CUST03288,Debit Card,2020-02-21,50000.00,Active
CARD002662,CUST02909,Credit Card,2020-02-21,50000.00,Active
CARD000760,CUST00391,Debit Card,2020-02-23,100000.00,Active
CARD004412,CUST02692,Credit Card,2020-02-23,150000.00,Active
CARD000511,CUST04672,Debit Card,2020-02-24,25000.00,Active
CARD003169,CUST04275,Credit Card,2020-02-24,1000000.00,Active
CARD001411,CUST02780,Credit Card,2020-02-25,50000.00,Active
CARD003573,CUST02656,Credit Card,2020-02-25,50000.00,Active
CARD002943,CUST04124,Credit Card,2020-02-27,250000.00,Active
CARD000194,CUST00437,Debit Card,2020-02-29,25000.00,Blocked
CARD003082,CUST03326,Credit Card,2020-03-01,500000.00,Active
CARD004587,CUST02304,Corporate Card,2020-03-01,1500000.00,Active
CARD005122,CUST02887,Credit Card,2020-03-02,50000.00,Active
CARD002218,CUST04770,Credit Card,2020-03-03,250000.00,Active
CARD002701,CUST00549,Corporate Card,2020-03-03,200000.00,Active
CARD004049,CUST02776,Debit Card,2020-03-03,200000.00,Active
CARD003920,CUST00656,Prepaid Card,2020-03-04,10000.00,Active
CARD000098,CUST00864,Credit Card,2020-03-05,150000.00,Active
CARD003379,CUST00180,Credit Card,2020-03-06,100000.00,Active
CARD000772,CUST02599,Debit Card,2020-03-07,50000.00,Inactive
CARD001150,CUST04826,Credit Card,2020-03-08,250000.00,Active
CARD001475,CUST02135,Credit Card,2020-03-08,1000000.00,Active
CARD001933,CUST02260,Debit Card,2020-03-08,50000.00,Active
CARD003207,CUST04520,Debit Card,2020-03-08,200000.00,Active
CARD001947,CUST04297,Credit Card,2020-03-09,1000000.00,Active
CARD002832,CUST01831,Credit Card,2020-03-09,150000.00,Active
CARD001639,CUST04625,Credit Card,2020-03-10,500000.00,Active
CARD001341,CUST03988,Credit Card,2020-03-11,500000.00,Blocked
CARD003268,CUST03158,Corporate Card,2020-03-11,1500000.00,Active
CARD001716,CUST01451,Debit Card,2020-03-12,25000.00,Active
CARD003026,CUST04103,Prepaid Card,2020-03-13,50000.00,Active
CARD000473,CUST04729,Credit Card,2020-03-14,100000.00,Active
CARD002049,CUST03603,Debit Card,2020-03-14,100000.00,Active
CARD004410,CUST03271,Debit Card,2020-03-14,100000.00,Active
CARD004480,CUST03675,Credit Card,2020-03-14,100000.00,Active
CARD001774,CUST01700,Debit Card,2020-03-15,50000.00,Active
CARD003887,CUST02192,Credit Card,2020-03-15,250000.00,Active
CARD002271,CUST03658,Debit Card,2020-03-17,200000.00,Active
CARD004622,CUST00104,Credit Card,2020-03-18,150000.00,Active
CARD001519,CUST02193,Credit Card,2020-03-19,1000000.00,Active
CARD001779,CUST01763,Credit Card,2020-03-19,1000000.00,Active
CARD001430,CUST02848,Debit Card,2020-03-21,100000.00,Active
CARD003318,CUST04811,Corporate Card,2020-03-21,200000.00,Active
CARD004177,CUST02795,Credit Card,2020-03-22,1000000.00,Active
CARD003769,CUST03650,Credit Card,2020-03-23,150000.00,Active
CARD000697,CUST04637,Debit Card,2020-03-26,100000.00,Active
CARD001435,CUST02207,Debit Card,2020-03-26,200000.00,Active
CARD002864,CUST04654,Credit Card,2020-03-26,50000.00,Active
CARD003255,CUST02755,Credit Card,2020-03-26,50000.00,Active
CARD004787,CUST01705,Debit Card,2020-03-26,25000.00,Active
CARD003341,CUST04325,Credit Card,2020-03-27,500000.00,Active
CARD001997,CUST04729,Credit Card,2020-03-28,1000000.00,Active
CARD002254,CUST02945,Prepaid Card,2020-03-29,50000.00,Active
CARD005167,CUST02290,Prepaid Card,2020-03-29,50000.00,Active
CARD003536,CUST03917,Credit Card,2020-03-30,500000.00,Active
CARD003896,CUST00958,Credit Card,2020-03-30,250000.00,Active
CARD004662,CUST03694,Prepaid Card,2020-03-30,25000.00,Active
CARD000154,CUST02106,Credit Card,2020-03-31,100000.00,Active
CARD001971,CUST02742,Debit Card,2020-03-31,50000.00,Active
CARD003656,CUST02299,Credit Card,2020-03-31,1000000.00,Active
CARD001802,CUST03772,Prepaid Card,2020-04-01,10000.00,Active
CARD002458,CUST01070,Debit Card,2020-04-01,25000.00,Active
CARD004274,CUST00964,Debit Card,2020-04-01,50000.00,Active
CARD004330,CUST01184,Credit Card,2020-04-01,500000.00,Inactive
CARD001500,CUST04906,Corporate Card,2020-04-04,500000.00,Inactive
CARD001669,CUST01719,Debit Card,2020-04-04,100000.00,Active
CARD003564,CUST02595,Debit Card,2020-04-04,100000.00,Active
CARD005094,CUST02371,Debit Card,2020-04-04,50000.00,Active
CARD004272,CUST04979,Debit Card,2020-04-05,200000.00,Active
CARD000996,CUST00057,Credit Card,2020-04-09,50000.00,Active
CARD002470,CUST02531,Credit Card,2020-04-09,500000.00,Active
CARD004009,CUST03634,Debit Card,2020-04-09,200000.00,Active
CARD000595,CUST03426,Debit Card,2020-04-13,25000.00,Expired
CARD001855,CUST02286,Credit Card,2020-04-13,250000.00,Blocked
CARD002621,CUST02471,Debit Card,2020-04-14,100000.00,Active
CARD003910,CUST04149,Credit Card,2020-04-15,250000.00,Active
CARD003285,CUST02481,Credit Card,2020-04-17,100000.00,Active
CARD003453,CUST00766,Debit Card,2020-04-17,25000.00,Active
CARD000309,CUST01757,Debit Card,2020-04-18,50000.00,Blocked
CARD002378,CUST03412,Prepaid Card,2020-04-19,50000.00,Active
CARD003044,CUST02528,Credit Card,2020-04-19,50000.00,Active
CARD004141,CUST03042,Credit Card,2020-04-20,250000.00,Blocked
CARD000929,CUST00009,Debit Card,2020-04-22,50000.00,Active
CARD004378,CUST02207,Debit Card,2020-04-22,200000.00,Active
CARD001894,CUST00153,Credit Card,2020-04-24,50000.00,Active
CARD001958,CUST01078,Credit Card,2020-04-24,100000.00,Active
CARD001158,CUST04205,Debit Card,2020-04-26,50000.00,Active
CARD000100,CUST02094,Credit Card,2020-04-28,50000.00,Active
CARD001734,CUST00479,Debit Card,2020-04-28,50000.00,Active
CARD001970,CUST02475,Credit Card,2020-04-28,150000.00,Expired
CARD003934,CUST00257,Debit Card,2020-04-28,200000.00,Expired
CARD000016,CUST01208,Credit Card,2020-04-29,150000.00,Active
CARD001443,CUST01568,Credit Card,2020-05-01,250000.00,Inactive
CARD002308,CUST01660,Credit Card,2020-05-01,500000.00,Active
CARD002070,CUST04913,Debit Card,2020-05-02,100000.00,Inactive
CARD001067,CUST04109,Credit Card,2020-05-03,150000.00,Active
CARD001603,CUST01293,Debit Card,2020-05-03,100000.00,Active
CARD002124,CUST02347,Prepaid Card,2020-05-03,10000.00,Active
CARD003492,CUST04717,Credit Card,2020-05-04,100000.00,Active
CARD001473,CUST01006,Credit Card,2020-05-05,100000.00,Active
CARD003782,CUST01388,Credit Card,2020-05-05,250000.00,Active
CARD002485,CUST03666,Corporate Card,2020-05-06,500000.00,Active
CARD003532,CUST01658,Corporate Card,2020-05-07,1500000.00,Active
CARD003838,CUST02013,Credit Card,2020-05-07,100000.00,Active
CARD000968,CUST04749,Credit Card,2020-05-08,1000000.00,Blocked
CARD002094,CUST04296,Debit Card,2020-05-08,200000.00,Active
CARD002309,CUST01513,Debit Card,2020-05-08,50000.00,Active
CARD002022,CUST02673,Credit Card,2020-05-09,250000.00,Active
CARD000126,CUST03484,Debit Card,2020-05-11,50000.00,Active
CARD003056,CUST00389,Debit Card,2020-05-11,25000.00,Active
CARD004952,CUST03430,Credit Card,2020-05-11,50000.00,Active
CARD001025,CUST01103,Credit Card,2020-05-13,150000.00,Active
CARD004238,CUST04122,Debit Card,2020-05-13,50000.00,Active
CARD001192,CUST01853,Credit Card,2020-05-14,100000.00,Active
CARD002306,CUST02777,Prepaid Card,2020-05-16,50000.00,Active
CARD005070,CUST00819,Prepaid Card,2020-05-19,50000.00,Active
CARD003785,CUST03581,Credit Card,2020-05-21,100000.00,Active
CARD003373,CUST03184,Debit Card,2020-05-22,25000.00,Active
CARD000189,CUST04049,Debit Card,2020-05-23,200000.00,Active
CARD001257,CUST03942,Debit Card,2020-05-23,200000.00,Inactive
CARD003114,CUST00642,Debit Card,2020-05-23,100000.00,Active
CARD002385,CUST04886,Prepaid Card,2020-05-24,10000.00,Expired
CARD004788,CUST03861,Corporate Card,2020-05-25,1500000.00,Active
CARD001579,CUST01461,Debit Card,2020-05-26,100000.00,Active
CARD001764,CUST01365,Debit Card,2020-05-26,200000.00,Blocked
CARD004453,CUST03928,Debit Card,2020-05-26,100000.00,Active
CARD002087,CUST01844,Credit Card,2020-05-27,500000.00,Active
CARD004503,CUST04074,Debit Card,2020-05-29,200000.00,Active
CARD002366,CUST01152,Debit Card,2020-05-31,25000.00,Active
CARD000283,CUST01151,Prepaid Card,2020-06-02,10000.00,Active
CARD002571,CUST02001,Credit Card,2020-06-02,250000.00,Blocked
CARD001325,CUST04191,Credit Card,2020-06-04,50000.00,Active
CARD001985,CUST00383,Debit Card,2020-06-04,100000.00,Active
CARD002497,CUST00153,Debit Card,2020-06-04,200000.00,Active
CARD003454,CUST02178,Debit Card,2020-06-04,200000.00,Active
CARD003540,CUST03268,Debit Card,2020-06-04,50000.00,Active
CARD004260,CUST04243,Prepaid Card,2020-06-04,50000.00,Blocked
CARD000200,CUST04537,Debit Card,2020-06-05,50000.00,Blocked
CARD000206,CUST00275,Credit Card,2020-06-05,150000.00,Active
CARD002780,CUST04904,Credit Card,2020-06-05,50000.00,Active
CARD004016,CUST02320,Credit Card,2020-06-05,150000.00,Active
CARD003133,CUST02130,Credit Card,2020-06-06,250000.00,Active
CARD003193,CUST01078,Debit Card,2020-06-06,25000.00,Active
CARD000227,CUST04761,Debit Card,2020-06-07,200000.00,Active
CARD001797,CUST04610,Debit Card,2020-06-08,50000.00,Active
CARD004945,CUST02791,Debit Card,2020-06-08,200000.00,Active
CARD002666,CUST03343,Credit Card,2020-06-09,100000.00,Expired
CARD005131,CUST01295,Credit Card,2020-06-09,100000.00,Active
CARD000552,CUST01959,Prepaid Card,2020-06-10,50000.00,Active
CARD000673,CUST01689,Credit Card,2020-06-10,1000000.00,Active
CARD005050,CUST00975,Credit Card,2020-06-10,150000.00,Active
CARD000957,CUST01770,Credit Card,2020-06-12,100000.00,Active
CARD001640,CUST04953,Credit Card,2020-06-12,50000.00,Active
CARD000199,CUST01690,Debit Card,2020-06-13,100000.00,Active
CARD000948,CUST04855,Debit Card,2020-06-14,100000.00,Active
CARD002935,CUST03115,Credit Card,2020-06-14,500000.00,Inactive
CARD003152,CUST02582,Debit Card,2020-06-14,50000.00,Active
CARD002721,CUST01207,Debit Card,2020-06-15,25000.00,Active
CARD003210,CUST04018,Prepaid Card,2020-06-15,50000.00,Active
CARD001506,CUST00899,Debit Card,2020-06-17,25000.00,Active
CARD001956,CUST00086,Credit Card,2020-06-17,150000.00,Active
CARD002272,CUST00301,Debit Card,2020-06-17,50000.00,Active
CARD002653,CUST01499,Debit Card,2020-06-18,100000.00,Active
CARD002244,CUST00121,Debit Card,2020-06-19,200000.00,Active
CARD000805,CUST03068,Credit Card,2020-06-20,500000.00,Active
CARD004396,CUST04413,Credit Card,2020-06-21,250000.00,Active
CARD005197,CUST01187,Credit Card,2020-06-21,100000.00,Active
CARD000593,CUST01412,Debit Card,2020-06-22,200000.00,Expired
CARD002406,CUST01214,Debit Card,2020-06-22,100000.00,Active
CARD003328,CUST03098,Debit Card,2020-06-22,25000.00,Active
CARD001047,CUST04124,Debit Card,2020-06-25,100000.00,Active
CARD001679,CUST01413,Debit Card,2020-06-26,50000.00,Active
CARD003574,CUST02257,Debit Card,2020-06-26,50000.00,Active
CARD004278,CUST01197,Credit Card,2020-06-26,50000.00,Active
CARD002866,CUST00140,Credit Card,2020-06-27,50000.00,Active
CARD000913,CUST04759,Credit Card,2020-06-28,500000.00,Active
CARD000529,CUST00419,Debit Card,2020-06-29,100000.00,Active
CARD004462,CUST04401,Credit Card,2020-06-29,500000.00,Expired
CARD003216,CUST03289,Prepaid Card,2020-06-30,50000.00,Active
CARD004065,CUST02979,Debit Card,2020-06-30,25000.00,Active
CARD000725,CUST04706,Debit Card,2020-07-01,25000.00,Active
CARD001144,CUST04675,Credit Card,2020-07-01,1000000.00,Active
CARD003744,CUST02427,Credit Card,2020-07-01,500000.00,Active
CARD002144,CUST00678,Debit Card,2020-07-04,25000.00,Active
CARD003319,CUST04362,Debit Card,2020-07-05,50000.00,Active
CARD003853,CUST03855,Prepaid Card,2020-07-06,50000.00,Inactive
CARD003979,CUST03098,Corporate Card,2020-07-06,500000.00,Expired
CARD002945,CUST02278,Debit Card,2020-07-07,50000.00,Active
CARD004399,CUST03983,Prepaid Card,2020-07-07,25000.00,Active
CARD002908,CUST02326,Credit Card,2020-07-09,50000.00,Active
CARD000978,CUST02981,Credit Card,2020-07-10,1000000.00,Active
CARD001862,CUST04081,Prepaid Card,2020-07-10,10000.00,Active
CARD002712,CUST01798,Credit Card,2020-07-11,1000000.00,Active
CARD000699,CUST04063,Debit Card,2020-07-14,25000.00,Active
CARD001327,CUST02823,Debit Card,2020-07-14,25000.00,Active
CARD000795,CUST00131,Debit Card,2020-07-15,25000.00,Active
CARD005157,CUST02175,Debit Card,2020-07-15,50000.00,Active
CARD004546,CUST01272,Credit Card,2020-07-16,150000.00,Active
CARD003397,CUST01403,Credit Card,2020-07-17,1000000.00,Active
CARD001660,CUST00176,Credit Card,2020-07-20,50000.00,Active
CARD003224,CUST02129,Debit Card,2020-07-20,100000.00,Inactive
CARD004323,CUST03624,Corporate Card,2020-07-20,1500000.00,Active
CARD004393,CUST01885,Credit Card,2020-07-20,250000.00,Expired
CARD003143,CUST00008,Debit Card,2020-07-21,25000.00,Active
CARD004413,CUST03097,Credit Card,2020-07-22,50000.00,Active
CARD004012,CUST02807,Corporate Card,2020-07-23,200000.00,Active
CARD004201,CUST02683,Debit Card,2020-07-24,200000.00,Active
CARD002774,CUST03613,Prepaid Card,2020-07-25,25000.00,Active
CARD004242,CUST02077,Credit Card,2020-07-25,250000.00,Blocked
CARD002506,CUST00151,Credit Card,2020-07-26,250000.00,Active
CARD003450,CUST02715,Corporate Card,2020-07-27,500000.00,Active
CARD002438,CUST03069,Debit Card,2020-07-28,200000.00,Active
CARD004538,CUST00666,Debit Card,2020-07-29,50000.00,Active
CARD002610,CUST03037,Debit Card,2020-07-30,200000.00,Active
CARD003679,CUST01584,Debit Card,2020-07-31,100000.00,Active
CARD004035,CUST02207,Debit Card,2020-07-31,200000.00,Active
CARD004170,CUST02140,Credit Card,2020-07-31,150000.00,Active
CARD004865,CUST02048,Credit Card,2020-07-31,250000.00,Active
CARD001081,CUST02018,Debit Card,2020-08-01,50000.00,Active
CARD001838,CUST00269,Credit Card,2020-08-01,500000.00,Active
CARD003733,CUST02918,Debit Card,2020-08-01,25000.00,Active
CARD002511,CUST00375,Corporate Card,2020-08-02,500000.00,Active
CARD002819,CUST00465,Prepaid Card,2020-08-02,10000.00,Active
CARD004190,CUST00016,Credit Card,2020-08-04,250000.00,Active
CARD000813,CUST03990,Credit Card,2020-08-05,100000.00,Active
CARD001446,CUST00560,Prepaid Card,2020-08-05,25000.00,Active
CARD003252,CUST03386,Credit Card,2020-08-05,50000.00,Active
CARD004105,CUST00509,Credit Card,2020-08-05,150000.00,Active
CARD002431,CUST01595,Credit Card,2020-08-06,100000.00,Active
CARD004367,CUST00235,Debit Card,2020-08-07,25000.00,Blocked
CARD004639,CUST02446,Credit Card,2020-08-08,50000.00,Expired
CARD001592,CUST03065,Debit Card,2020-08-10,50000.00,Active
CARD002752,CUST04030,Debit Card,2020-08-10,200000.00,Active
CARD000012,CUST04054,Credit Card,2020-08-14,250000.00,Active
CARD004325,CUST01008,Debit Card,2020-08-14,25000.00,Expired
CARD001284,CUST01991,Debit Card,2020-08-15,100000.00,Active
CARD001646,CUST02755,Credit Card,2020-08-15,1000000.00,Active
CARD001331,CUST03935,Credit Card,2020-08-17,250000.00,Active
CARD002700,CUST04306,Corporate Card,2020-08-18,1500000.00,Blocked
CARD003870,CUST00580,Debit Card,2020-08-18,100000.00,Active
CARD004696,CUST02066,Debit Card,2020-08-19,25000.00,Expired
CARD005195,CUST03977,Debit Card,2020-08-19,100000.00,Active
CARD003943,CUST02839,Corporate Card,2020-08-20,1500000.00,Expired
CARD004715,CUST03378,Credit Card,2020-08-20,250000.00,Active
CARD000221,CUST02790,Debit Card,2020-08-21,200000.00,Active
CARD000285,CUST00295,Credit Card,2020-08-21,50000.00,Active
CARD001465,CUST02015,Credit Card,2020-08-21,150000.00,Active
CARD003475,CUST04685,Debit Card,2020-08-21,25000.00,Active
CARD004257,CUST02606,Debit Card,2020-08-21,25000.00,Active
CARD002042,CUST04795,Credit Card,2020-08-22,1000000.00,Active
CARD003624,CUST01383,Debit Card,2020-08-22,50000.00,Active
CARD000337,CUST03782,Debit Card,2020-08-23,25000.00,Active
CARD003616,CUST04823,Debit Card,2020-08-23,200000.00,Inactive
CARD004647,CUST02909,Credit Card,2020-08-24,500000.00,Blocked
CARD000096,CUST03315,Corporate Card,2020-08-25,500000.00,Expired
CARD002282,CUST03271,Debit Card,2020-08-25,200000.00,Expired
CARD002714,CUST04632,Debit Card,2020-08-26,100000.00,Active
CARD002084,CUST03451,Debit Card,2020-08-27,50000.00,Active
CARD002593,CUST01810,Credit Card,2020-08-27,150000.00,Active
CARD001393,CUST04690,Credit Card,2020-08-28,500000.00,Active
CARD001612,CUST00933,Credit Card,2020-08-28,100000.00,Active
CARD002001,CUST01936,Credit Card,2020-08-28,100000.00,Expired
CARD004240,CUST04691,Credit Card,2020-08-28,100000.00,Active
CARD004577,CUST03040,Debit Card,2020-08-28,200000.00,Expired
CARD003298,CUST00963,Prepaid Card,2020-08-30,25000.00,Active
CARD003594,CUST02990,Credit Card,2020-08-30,500000.00,Active
CARD004679,CUST00490,Debit Card,2020-08-30,200000.00,Blocked
CARD001995,CUST02908,Debit Card,2020-08-31,50000.00,Active
CARD002628,CUST03626,Credit Card,2020-08-31,1000000.00,Active
CARD004497,CUST04164,Credit Card,2020-08-31,1000000.00,Active
CARD002363,CUST03326,Debit Card,2020-09-01,100000.00,Expired
CARD000509,CUST02148,Debit Card,2020-09-02,200000.00,Active
CARD001962,CUST03418,Credit Card,2020-09-02,100000.00,Active
CARD003385,CUST03160,Debit Card,2020-09-02,200000.00,Active
CARD000616,CUST00339,Debit Card,2020-09-03,25000.00,Active
CARD003326,CUST03150,Credit Card,2020-09-05,500000.00,Active
CARD004776,CUST04615,Debit Card,2020-09-05,50000.00,Active
CARD003671,CUST00579,Debit Card,2020-09-06,25000.00,Active
CARD003851,CUST03499,Debit Card,2020-09-06,25000.00,Active
CARD003906,CUST03243,Debit Card,2020-09-08,50000.00,Active
CARD002934,CUST04260,Debit Card,2020-09-09,25000.00,Active
CARD004518,CUST00229,Credit Card,2020-09-09,1000000.00,Active
CARD000794,CUST00673,Corporate Card,2020-09-11,500000.00,Active
CARD002509,CUST02076,Credit Card,2020-09-11,50000.00,Expired
CARD003077,CUST03936,Credit Card,2020-09-11,250000.00,Inactive
CARD000062,CUST00014,Debit Card,2020-09-14,50000.00,Active
CARD000334,CUST02519,Debit Card,2020-09-14,50000.00,Active
CARD003804,CUST02682,Credit Card,2020-09-14,50000.00,Active
CARD000961,CUST00329,Debit Card,2020-09-16,200000.00,Active
CARD001324,CUST01727,Credit Card,2020-09-17,250000.00,Active
CARD003901,CUST02286,Credit Card,2020-09-17,150000.00,Active
CARD000006,CUST04190,Credit Card,2020-09-18,100000.00,Expired
CARD003428,CUST00674,Credit Card,2020-09-18,100000.00,Active
CARD001262,CUST02422,Debit Card,2020-09-19,25000.00,Active
CARD004139,CUST01375,Credit Card,2020-09-20,150000.00,Active
CARD002292,CUST01411,Debit Card,2020-09-25,100000.00,Active
CARD001804,CUST01304,Debit Card,2020-09-26,100000.00,Active
CARD003989,CUST04951,Credit Card,2020-09-28,100000.00,Active
CARD004437,CUST02598,Prepaid Card,2020-09-29,25000.00,Active
CARD001967,CUST04899,Prepaid Card,2020-09-30,50000.00,Blocked
CARD003469,CUST03767,Credit Card,2020-09-30,50000.00,Active
CARD004765,CUST04549,Debit Card,2020-09-30,50000.00,Active
CARD003663,CUST00283,Credit Card,2020-10-01,50000.00,Expired
CARD000428,CUST01681,Credit Card,2020-10-02,1000000.00,Active
CARD001893,CUST00780,Credit Card,2020-10-02,150000.00,Active
CARD002585,CUST00374,Credit Card,2020-10-03,150000.00,Active
CARD004295,CUST01845,Credit Card,2020-10-03,150000.00,Active
CARD000231,CUST04633,Debit Card,2020-10-04,25000.00,Active
CARD000680,CUST02321,Debit Card,2020-10-04,50000.00,Expired
CARD000784,CUST00249,Debit Card,2020-10-04,200000.00,Active
CARD002539,CUST04546,Debit Card,2020-10-04,200000.00,Active
CARD001572,CUST02542,Credit Card,2020-10-06,500000.00,Active
CARD002046,CUST03264,Debit Card,2020-10-06,200000.00,Active
CARD003156,CUST01925,Debit Card,2020-10-06,50000.00,Active
CARD001620,CUST01960,Credit Card,2020-10-07,500000.00,Active
CARD001585,CUST03027,Debit Card,2020-10-08,25000.00,Active
CARD002586,CUST01959,Debit Card,2020-10-08,25000.00,Active
CARD001938,CUST01991,Corporate Card,2020-10-09,1500000.00,Active
CARD002347,CUST00276,Credit Card,2020-10-09,1000000.00,Active
CARD004572,CUST04164,Credit Card,2020-10-09,150000.00,Active
CARD000307,CUST03355,Credit Card,2020-10-10,100000.00,Active
CARD001146,CUST01878,Debit Card,2020-10-11,50000.00,Active
CARD001488,CUST00016,Debit Card,2020-10-11,50000.00,Active
CARD002510,CUST04689,Debit Card,2020-10-12,25000.00,Active
CARD004256,CUST03684,Credit Card,2020-10-12,50000.00,Active
CARD000058,CUST02812,Debit Card,2020-10-13,25000.00,Active
CARD001512,CUST01105,Credit Card,2020-10-13,100000.00,Active
CARD004750,CUST03633,Corporate Card,2020-10-13,1500000.00,Active
CARD002697,CUST04477,Debit Card,2020-10-14,200000.00,Active
CARD003206,CUST04094,Debit Card,2020-10-14,25000.00,Active
CARD001367,CUST01260,Credit Card,2020-10-15,250000.00,Expired
CARD002755,CUST04811,Credit Card,2020-10-15,250000.00,Active
CARD002906,CUST03759,Debit Card,2020-10-15,100000.00,Active
CARD003276,CUST02861,Credit Card,2020-10-16,500000.00,Active
CARD000417,CUST01662,Debit Card,2020-10-17,200000.00,Active
CARD000604,CUST03572,Credit Card,2020-10-17,250000.00,Active
CARD002216,CUST04430,Debit Card,2020-10-19,200000.00,Active
CARD002588,CUST02226,Debit Card,2020-10-19,25000.00,Active
CARD004753,CUST00444,Debit Card,2020-10-21,50000.00,Active
CARD002778,CUST02467,Credit Card,2020-10-22,250000.00,Active
CARD002936,CUST04824,Credit Card,2020-10-22,50000.00,Active
CARD002958,CUST04227,Credit Card,2020-10-22,50000.00,Active
CARD004813,CUST04807,Debit Card,2020-10-23,25000.00,Active
CARD002875,CUST01363,Debit Card,2020-10-24,200000.00,Active
CARD005027,CUST01829,Debit Card,2020-10-25,25000.00,Active
CARD003019,CUST04451,Debit Card,2020-10-26,25000.00,Expired
CARD001748,CUST03567,Debit Card,2020-10-27,200000.00,Active
CARD004606,CUST02499,Debit Card,2020-10-27,200000.00,Active
CARD000039,CUST04686,Prepaid Card,2020-10-29,50000.00,Active
CARD000406,CUST02139,Credit Card,2020-10-29,1000000.00,Active
CARD000541,CUST04660,Debit Card,2020-10-30,25000.00,Active
CARD001100,CUST02018,Debit Card,2020-10-30,50000.00,Active
CARD004849,CUST04750,Debit Card,2020-10-30,200000.00,Expired
CARD001069,CUST03760,Debit Card,2020-10-31,50000.00,Active
CARD002159,CUST04587,Credit Card,2020-10-31,50000.00,Blocked
CARD003086,CUST00936,Prepaid Card,2020-10-31,50000.00,Active
CARD004654,CUST01106,Credit Card,2020-10-31,500000.00,Active
CARD001730,CUST01732,Credit Card,2020-11-02,250000.00,Active
CARD001819,CUST00471,Debit Card,2020-11-02,200000.00,Active
CARD000839,CUST03677,Debit Card,2020-11-03,100000.00,Active
CARD000385,CUST04736,Corporate Card,2020-11-04,500000.00,Active
CARD001105,CUST04971,Credit Card,2020-11-04,1000000.00,Active
CARD000438,CUST02456,Credit Card,2020-11-05,150000.00,Active
CARD003513,CUST02757,Debit Card,2020-11-06,100000.00,Expired
CARD000855,CUST03087,Credit Card,2020-11-07,1000000.00,Active
CARD003686,CUST03899,Debit Card,2020-11-07,50000.00,Active
CARD002277,CUST00124,Debit Card,2020-11-08,200000.00,Active
CARD004703,CUST03225,Debit Card,2020-11-08,25000.00,Active
CARD000563,CUST04863,Credit Card,2020-11-09,100000.00,Active
CARD000676,CUST00031,Credit Card,2020-11-09,100000.00,Active
CARD002421,CUST00954,Debit Card,2020-11-09,25000.00,Active
CARD002767,CUST01515,Corporate Card,2020-11-09,200000.00,Active
CARD001467,CUST01153,Credit Card,2020-11-11,150000.00,Active
CARD002871,CUST02043,Debit Card,2020-11-11,50000.00,Active
CARD003637,CUST03822,Credit Card,2020-11-12,100000.00,Active
CARD002994,CUST00330,Credit Card,2020-11-13,250000.00,Blocked
CARD003815,CUST00724,Debit Card,2020-11-13,25000.00,Active
CARD003653,CUST04768,Debit Card,2020-11-16,100000.00,Active
CARD000164,CUST03413,Debit Card,2020-11-17,100000.00,Active
CARD003106,CUST04010,Debit Card,2020-11-17,100000.00,Expired
CARD003430,CUST01938,Debit Card,2020-11-17,50000.00,Active
CARD004072,CUST01986,Debit Card,2020-11-17,100000.00,Active
CARD002895,CUST04714,Debit Card,2020-11-18,50000.00,Active
CARD004902,CUST02349,Debit Card,2020-11-18,50000.00,Active
CARD003412,CUST03889,Credit Card,2020-11-19,250000.00,Active
CARD003522,CUST01152,Credit Card,2020-11-19,250000.00,Active
CARD000486,CUST02521,Debit Card,2020-11-20,200000.00,Active
CARD003230,CUST04654,Debit Card,2020-11-21,25000.00,Active
CARD005128,CUST04701,Credit Card,2020-11-21,250000.00,Active
CARD001516,CUST03823,Debit Card,2020-11-22,200000.00,Active
CARD002565,CUST04927,Credit Card,2020-11-22,150000.00,Expired
CARD000060,CUST04010,Credit Card,2020-11-24,100000.00,Active
CARD000064,CUST00790,Credit Card,2020-11-24,500000.00,Blocked
CARD004155,CUST02837,Credit Card,2020-11-24,1000000.00,Inactive
CARD002990,CUST02523,Debit Card,2020-11-26,100000.00,Active
CARD003751,CUST02395,Debit Card,2020-11-27,25000.00,Active
CARD001329,CUST02693,Credit Card,2020-11-28,100000.00,Active
CARD001083,CUST02544,Debit Card,2020-11-30,100000.00,Active
CARD002100,CUST01795,Debit Card,2020-11-30,200000.00,Active
CARD004431,CUST03445,Debit Card,2020-12-01,25000.00,Active
CARD004496,CUST00300,Debit Card,2020-12-01,25000.00,Active
CARD000202,CUST00496,Credit Card,2020-12-03,100000.00,Active
CARD004754,CUST00443,Debit Card,2020-12-04,50000.00,Active
CARD002815,CUST03323,Credit Card,2020-12-05,500000.00,Active
CARD003858,CUST01360,Credit Card,2020-12-05,1000000.00,Active
CARD003479,CUST03980,Debit Card,2020-12-06,25000.00,Active
CARD003434,CUST01937,Credit Card,2020-12-07,150000.00,Active
CARD004262,CUST04127,Debit Card,2020-12-07,200000.00,Active
CARD002078,CUST01440,Corporate Card,2020-12-08,1500000.00,Active
CARD004218,CUST00779,Debit Card,2020-12-08,100000.00,Active
CARD005135,CUST00627,Credit Card,2020-12-08,50000.00,Inactive
CARD001376,CUST02937,Credit Card,2020-12-09,1000000.00,Expired
CARD000646,CUST04956,Credit Card,2020-12-10,100000.00,Active
CARD000944,CUST01731,Debit Card,2020-12-10,200000.00,Inactive
CARD004484,CUST03062,Debit Card,2020-12-12,50000.00,Active
CARD000113,CUST02927,Credit Card,2020-12-14,150000.00,Active
CARD001518,CUST02993,Debit Card,2020-12-15,50000.00,Active
CARD003484,CUST00229,Debit Card,2020-12-15,50000.00,Active
CARD003810,CUST00691,Debit Card,2020-12-15,50000.00,Active
CARD003823,CUST04010,Credit Card,2020-12-15,150000.00,Active
CARD004964,CUST00740,Credit Card,2020-12-15,1000000.00,Active
CARD001449,CUST00374,Debit Card,2020-12-16,200000.00,Blocked
CARD003148,CUST00705,Prepaid Card,2020-12-16,25000.00,Expired
CARD003749,CUST04919,Debit Card,2020-12-16,100000.00,Active
CARD001111,CUST02816,Credit Card,2020-12-17,500000.00,Active
CARD002072,CUST04748,Credit Card,2020-12-17,150000.00,Active
CARD002676,CUST03203,Credit Card,2020-12-17,50000.00,Expired
CARD004613,CUST02778,Debit Card,2020-12-17,200000.00,Active
CARD000014,CUST04760,Debit Card,2020-12-18,50000.00,Active
CARD003923,CUST03504,Debit Card,2020-12-18,50000.00,Active
CARD000308,CUST00925,Debit Card,2020-12-19,200000.00,Active
CARD000558,CUST03707,Credit Card,2020-12-20,250000.00,Active
CARD002281,CUST03426,Credit Card,2020-12-20,150000.00,Active
CARD003921,CUST03559,Debit Card,2020-12-20,25000.00,Active
CARD004346,CUST04278,Corporate Card,2020-12-20,1500000.00,Active
CARD001703,CUST03371,Corporate Card,2020-12-21,500000.00,Active
CARD004216,CUST03751,Credit Card,2020-12-21,250000.00,Active
CARD004871,CUST01953,Corporate Card,2020-12-21,1500000.00,Active
CARD001318,CUST02040,Debit Card,2020-12-22,25000.00,Active
CARD000320,CUST03073,Credit Card,2020-12-23,100000.00,Active
CARD002592,CUST00837,Credit Card,2020-12-23,100000.00,Blocked
CARD001404,CUST00301,Credit Card,2020-12-24,250000.00,Inactive
CARD000015,CUST04049,Debit Card,2020-12-25,200000.00,Active
CARD004467,CUST01966,Debit Card,2020-12-25,50000.00,Expired
CARD001118,CUST01343,Credit Card,2020-12-26,500000.00,Active
CARD001735,CUST02153,Credit Card,2020-12-27,250000.00,Expired
CARD002695,CUST04625,Debit Card,2020-12-27,50000.00,Active
CARD000530,CUST03547,Corporate Card,2020-12-28,200000.00,Active
CARD002151,CUST02418,Debit Card,2020-12-29,50000.00,Active
CARD000135,CUST03767,Debit Card,2020-12-30,200000.00,Active
CARD000991,CUST04704,Credit Card,2020-12-31,1000000.00,Active
CARD002546,CUST03055,Credit Card,2020-12-31,500000.00,Active
CARD002594,CUST02722,Credit Card,2020-12-31,500000.00,Active
CARD000703,CUST03108,Credit Card,2021-01-01,100000.00,Active
CARD001717,CUST00186,Credit Card,2021-01-01,250000.00,Active
CARD001749,CUST00112,Debit Card,2021-01-01,100000.00,Active
CARD000074,CUST01463,Corporate Card,2021-01-02,200000.00,Active
CARD002201,CUST03703,Debit Card,2021-01-02,25000.00,Active
CARD004755,CUST03832,Debit Card,2021-01-02,100000.00,Active
CARD004878,CUST03609,Debit Card,2021-01-02,25000.00,Active
CARD003777,CUST03929,Debit Card,2021-01-03,50000.00,Active
CARD000349,CUST02407,Credit Card,2021-01-04,500000.00,Active
CARD001295,CUST00540,Debit Card,2021-01-04,50000.00,Expired
CARD002386,CUST03865,Credit Card,2021-01-04,500000.00,Active
CARD004371,CUST02066,Debit Card,2021-01-04,200000.00,Inactive
CARD000448,CUST03630,Credit Card,2021-01-05,250000.00,Expired
CARD000871,CUST00545,Debit Card,2021-01-05,50000.00,Inactive
CARD001785,CUST03289,Credit Card,2021-01-05,500000.00,Active
CARD005136,CUST02787,Debit Card,2021-01-05,100000.00,Active
CARD001509,CUST00012,Prepaid Card,2021-01-06,25000.00,Active
CARD001866,CUST00247,Prepaid Card,2021-01-06,50000.00,Active
CARD002888,CUST02630,Credit Card,2021-01-08,50000.00,Blocked
CARD003868,CUST02249,Debit Card,2021-01-08,200000.00,Active
CARD001001,CUST02122,Debit Card,2021-01-09,200000.00,Active
CARD002828,CUST02424,Debit Card,2021-01-09,50000.00,Inactive
CARD003158,CUST01350,Debit Card,2021-01-09,25000.00,Active
CARD001194,CUST02499,Credit Card,2021-01-10,1000000.00,Active
CARD003968,CUST02380,Credit Card,2021-01-10,250000.00,Active
CARD004122,CUST02820,Credit Card,2021-01-10,100000.00,Active
CARD004574,CUST01091,Prepaid Card,2021-01-13,25000.00,Active
CARD000878,CUST00719,Credit Card,2021-01-18,150000.00,Active
CARD004404,CUST03900,Credit Card,2021-01-18,100000.00,Active
CARD001391,CUST02625,Debit Card,2021-01-19,25000.00,Active
CARD004962,CUST04310,Debit Card,2021-01-19,100000.00,Active
CARD001275,CUST03653,Debit Card,2021-01-20,200000.00,Active
CARD001041,CUST01776,Credit Card,2021-01-21,500000.00,Active
CARD004491,CUST02162,Credit Card,2021-01-21,500000.00,Active
CARD001842,CUST04690,Debit Card,2021-01-22,50000.00,Active
CARD004287,CUST04946,Debit Card,2021-01-22,100000.00,Active
CARD004417,CUST00162,Debit Card,2021-01-23,200000.00,Active
CARD004301,CUST00012,Debit Card,2021-01-24,50000.00,Expired
CARD004370,CUST01581,Credit Card,2021-01-24,50000.00,Active
CARD000160,CUST03714,Prepaid Card,2021-01-25,50000.00,Expired
CARD001183,CUST02392,Credit Card,2021-01-25,250000.00,Active
CARD002918,CUST02123,Prepaid Card,2021-01-25,50000.00,Active
CARD004026,CUST01661,Credit Card,2021-01-25,500000.00,Active
CARD004772,CUST04875,Debit Card,2021-01-26,25000.00,Active
CARD000341,CUST04968,Credit Card,2021-01-28,100000.00,Active
CARD000736,CUST00417,Debit Card,2021-01-28,50000.00,Active
CARD002942,CUST02161,Debit Card,2021-01-29,100000.00,Active
CARD003754,CUST00776,Debit Card,2021-01-29,200000.00,Active
CARD002681,CUST02749,Credit Card,2021-01-30,50000.00,Active
CARD002787,CUST00062,Credit Card,2021-01-30,100000.00,Active
CARD004562,CUST00595,Debit Card,2021-01-30,200000.00,Active
CARD001699,CUST00253,Debit Card,2021-02-01,25000.00,Active
CARD002131,CUST03840,Debit Card,2021-02-02,100000.00,Active
CARD004307,CUST03624,Debit Card,2021-02-02,100000.00,Active
CARD004464,CUST03997,Prepaid Card,2021-02-02,25000.00,Active
CARD000086,CUST01599,Debit Card,2021-02-03,100000.00,Active
CARD003864,CUST02518,Corporate Card,2021-02-03,1500000.00,Active
CARD002107,CUST04254,Credit Card,2021-02-04,150000.00,Active
CARD003762,CUST00419,Credit Card,2021-02-04,50000.00,Active
CARD004335,CUST03942,Corporate Card,2021-02-04,200000.00,Active
CARD000489,CUST02738,Debit Card,2021-02-05,200000.00,Active
CARD000273,CUST04094,Credit Card,2021-02-07,150000.00,Active
CARD000872,CUST00571,Credit Card,2021-02-07,1000000.00,Active
CARD003144,CUST01829,Debit Card,2021-02-07,50000.00,Active
CARD003579,CUST02017,Prepaid Card,2021-02-09,25000.00,Active
CARD000940,CUST04677,Credit Card,2021-02-11,50000.00,Active
CARD000577,CUST01668,Debit Card,2021-02-13,100000.00,Active
CARD002649,CUST02237,Debit Card,2021-02-13,200000.00,Active
CARD002716,CUST04225,Credit Card,2021-02-13,150000.00,Active
CARD004911,CUST00636,Debit Card,2021-02-13,100000.00,Active
CARD002490,CUST00024,Credit Card,2021-02-14,150000.00,Active
CARD004408,CUST04958,Corporate Card,2021-02-14,200000.00,Expired
CARD005112,CUST04990,Debit Card,2021-02-15,200000.00,Inactive
CARD003359,CUST00006,Debit Card,2021-02-17,25000.00,Expired
CARD002156,CUST00898,Credit Card,2021-02-18,1000000.00,Blocked
CARD003550,CUST03192,Debit Card,2021-02-19,25000.00,Blocked
CARD004048,CUST00846,Credit Card,2021-02-19,500000.00,Active
CARD001101,CUST02487,Debit Card,2021-02-20,25000.00,Active
CARD004827,CUST01461,Credit Card,2021-02-21,250000.00,Expired
CARD003498,CUST03649,Credit Card,2021-02-22,150000.00,Active
CARD004880,CUST04650,Debit Card,2021-02-23,25000.00,Active
CARD000685,CUST04723,Corporate Card,2021-02-24,1500000.00,Active
CARD000785,CUST04433,Debit Card,2021-02-24,200000.00,Expired
CARD000884,CUST00487,Credit Card,2021-02-24,250000.00,Inactive
CARD001460,CUST01034,Corporate Card,2021-02-25,1500000.00,Expired
CARD001726,CUST00553,Debit Card,2021-02-25,25000.00,Active
CARD002193,CUST04898,Credit Card,2021-02-25,250000.00,Active
CARD003291,CUST04421,Prepaid Card,2021-02-25,10000.00,Active
CARD000479,CUST04963,Credit Card,2021-02-26,50000.00,Active
CARD000783,CUST04780,Credit Card,2021-02-26,1000000.00,Active
CARD004333,CUST00835,Credit Card,2021-02-26,150000.00,Active
CARD004421,CUST00949,Credit Card,2021-02-28,250000.00,Active
CARD000312,CUST01730,Debit Card,2021-03-01,50000.00,Active
CARD002691,CUST04606,Debit Card,2021-03-01,100000.00,Expired
CARD002998,CUST02066,Credit Card,2021-03-01,500000.00,Expired
CARD000075,CUST01409,Debit Card,2021-03-02,100000.00,Active
CARD001218,CUST02523,Credit Card,2021-03-02,100000.00,Active
CARD001969,CUST00213,Credit Card,2021-03-03,50000.00,Active
CARD003079,CUST00218,Credit Card,2021-03-03,50000.00,Inactive
CARD003161,CUST00455,Debit Card,2021-03-03,25000.00,Active
CARD005054,CUST04095,Credit Card,2021-03-03,250000.00,Active
CARD001157,CUST00062,Credit Card,2021-03-04,100000.00,Active
CARD003009,CUST01863,Prepaid Card,2021-03-04,50000.00,Active
CARD003001,CUST02667,Debit Card,2021-03-05,50000.00,Active
CARD002357,CUST01557,Debit Card,2021-03-06,100000.00,Active
CARD000801,CUST02099,Credit Card,2021-03-08,500000.00,Active
CARD000993,CUST04362,Debit Card,2021-03-08,200000.00,Inactive
CARD004544,CUST00678,Credit Card,2021-03-08,150000.00,Active
CARD001163,CUST04932,Credit Card,2021-03-09,1000000.00,Active
CARD003340,CUST04522,Debit Card,2021-03-11,50000.00,Expired
CARD000826,CUST04856,Debit Card,2021-03-12,25000.00,Active
CARD000881,CUST00064,Credit Card,2021-03-12,500000.00,Active
CARD002337,CUST03912,Debit Card,2021-03-12,100000.00,Active
CARD001491,CUST04069,Debit Card,2021-03-14,25000.00,Active
CARD002278,CUST04439,Debit Card,2021-03-14,200000.00,Active
CARD003937,CUST03899,Credit Card,2021-03-14,50000.00,Active
CARD005162,CUST04220,Credit Card,2021-03-14,500000.00,Active
CARD000545,CUST01952,Debit Card,2021-03-15,100000.00,Active
CARD002747,CUST00711,Credit Card,2021-03-15,500000.00,Active
CARD004697,CUST01934,Debit Card,2021-03-15,25000.00,Active
CARD004077,CUST01784,Credit Card,2021-03-16,250000.00,Active
CARD004469,CUST02601,Debit Card,2021-03-16,200000.00,Active
CARD000181,CUST03440,Credit Card,2021-03-17,500000.00,Active
CARD001596,CUST01549,Credit Card,2021-03-17,1000000.00,Active
CARD003508,CUST03034,Prepaid Card,2021-03-17,50000.00,Blocked
CARD004319,CUST03450,Credit Card,2021-03-17,250000.00,Active
CARD000162,CUST02690,Prepaid Card,2021-03-18,50000.00,Active
CARD003866,CUST04164,Credit Card,2021-03-18,150000.00,Expired
CARD004806,CUST04421,Debit Card,2021-03-19,100000.00,Active
CARD000136,CUST04308,Debit Card,2021-03-20,25000.00,Inactive
CARD002089,CUST01267,Debit Card,2021-03-20,25000.00,Active
CARD003301,CUST04514,Credit Card,2021-03-20,250000.00,Active
CARD003350,CUST00123,Credit Card,2021-03-20,250000.00,Active
CARD000205,CUST03410,Debit Card,2021-03-21,200000.00,Active
CARD002319,CUST00425,Credit Card,2021-03-21,100000.00,Inactive
CARD002550,CUST00129,Prepaid Card,2021-03-22,10000.00,Inactive
CARD002551,CUST02236,Debit Card,2021-03-22,100000.00,Active
CARD004110,CUST01688,Debit Card,2021-03-22,25000.00,Active
CARD001701,CUST00372,Debit Card,2021-03-23,200000.00,Active
CARD001523,CUST04632,Credit Card,2021-03-24,100000.00,Active
CARD004297,CUST01070,Debit Card,2021-03-24,100000.00,Active
CARD004814,CUST03609,Debit Card,2021-03-24,25000.00,Active
CARD000733,CUST00361,Credit Card,2021-03-25,100000.00,Active
CARD004196,CUST03094,Prepaid Card,2021-03-25,10000.00,Active
CARD005005,CUST00127,Credit Card,2021-03-25,250000.00,Active
CARD000830,CUST01696,Debit Card,2021-03-26,200000.00,Active
CARD000632,CUST03506,Credit Card,2021-03-27,150000.00,Active
CARD001315,CUST00283,Debit Card,2021-03-27,50000.00,Active
CARD003362,CUST00721,Credit Card,2021-03-28,1000000.00,Blocked
CARD003231,CUST02387,Credit Card,2021-03-30,150000.00,Active
CARD000727,CUST04953,Credit Card,2021-03-31,100000.00,Active
CARD001017,CUST03570,Debit Card,2021-03-31,50000.00,Active
CARD004189,CUST00490,Credit Card,2021-04-01,500000.00,Active
CARD002605,CUST02497,Debit Card,2021-04-03,25000.00,Active
CARD003035,CUST04672,Debit Card,2021-04-03,25000.00,Active
CARD004055,CUST04748,Corporate Card,2021-04-03,500000.00,Active
CARD000001,CUST00623,Credit Card,2021-04-04,100000.00,Active
CARD000895,CUST03000,Debit Card,2021-04-04,100000.00,Active
CARD003113,CUST01479,Prepaid Card,2021-04-04,10000.00,Active
CARD004738,CUST03950,Credit Card,2021-04-04,500000.00,Expired
CARD001760,CUST00054,Credit Card,2021-04-05,1000000.00,Active
CARD002130,CUST01625,Credit Card,2021-04-06,100000.00,Active
CARD001384,CUST03315,Debit Card,2021-04-07,25000.00,Active
CARD003931,CUST03684,Credit Card,2021-04-07,1000000.00,Active
CARD000935,CUST00084,Credit Card,2021-04-08,250000.00,Active
CARD001433,CUST01834,Debit Card,2021-04-08,100000.00,Active
CARD002004,CUST04614,Debit Card,2021-04-08,25000.00,Active
CARD003981,CUST02778,Debit Card,2021-04-08,25000.00,Active
CARD000217,CUST02925,Credit Card,2021-04-09,1000000.00,Active
CARD003646,CUST00749,Credit Card,2021-04-09,250000.00,Active
CARD004145,CUST03769,Credit Card,2021-04-09,100000.00,Inactive
CARD000084,CUST02533,Debit Card,2021-04-10,200000.00,Active
CARD004445,CUST04492,Credit Card,2021-04-10,100000.00,Active
CARD005180,CUST01525,Credit Card,2021-04-10,50000.00,Active
CARD001555,CUST01134,Credit Card,2021-04-11,1000000.00,Active
CARD000390,CUST04088,Debit Card,2021-04-12,200000.00,Active
CARD000943,CUST00148,Credit Card,2021-04-12,150000.00,Active
CARD000500,CUST01465,Credit Card,2021-04-13,50000.00,Active
CARD001405,CUST04736,Credit Card,2021-04-14,100000.00,Active
CARD003580,CUST02967,Credit Card,2021-04-14,500000.00,Active
CARD002145,CUST00253,Credit Card,2021-04-15,1000000.00,Active
CARD002692,CUST01963,Debit Card,2021-04-15,100000.00,Active
CARD003342,CUST03676,Credit Card,2021-04-15,150000.00,Expired
CARD000579,CUST00130,Credit Card,2021-04-16,50000.00,Active
CARD001899,CUST01698,Credit Card,2021-04-17,150000.00,Expired
CARD000374,CUST02887,Debit Card,2021-04-18,25000.00,Active
CARD001323,CUST02647,Corporate Card,2021-04-19,200000.00,Active
CARD000456,CUST00810,Prepaid Card,2021-04-20,25000.00,Active
CARD000971,CUST00652,Credit Card,2021-04-20,1000000.00,Active
CARD003174,CUST01688,Credit Card,2021-04-20,500000.00,Active
CARD002359,CUST01773,Credit Card,2021-04-21,250000.00,Active
CARD004517,CUST01105,Debit Card,2021-04-21,25000.00,Active
CARD001287,CUST04481,Debit Card,2021-04-24,50000.00,Blocked
CARD002269,CUST00728,Credit Card,2021-04-26,1000000.00,Active
CARD004014,CUST00431,Credit Card,2021-04-26,100000.00,Active
CARD002981,CUST03260,Debit Card,2021-04-27,100000.00,Active
CARD002973,CUST01348,Credit Card,2021-04-28,1000000.00,Active
CARD004733,CUST01889,Debit Card,2021-04-28,200000.00,Active
CARD004966,CUST03570,Debit Card,2021-04-28,200000.00,Active
CARD001854,CUST01510,Prepaid Card,2021-04-29,10000.00,Active
CARD002417,CUST01234,Debit Card,2021-04-29,200000.00,Expired
CARD003447,CUST02475,Credit Card,2021-04-29,100000.00,Active
CARD004839,CUST02136,Debit Card,2021-04-29,25000.00,Active
CARD004863,CUST03793,Debit Card,2021-04-30,25000.00,Active
CARD004953,CUST04477,Corporate Card,2021-04-30,1500000.00,Active
CARD001370,CUST01555,Credit Card,2021-05-01,500000.00,Blocked
CARD004818,CUST02395,Credit Card,2021-05-01,150000.00,Expired
CARD003462,CUST03871,Debit Card,2021-05-02,100000.00,Active
CARD002604,CUST03307,Credit Card,2021-05-04,50000.00,Active
CARD004896,CUST03981,Debit Card,2021-05-05,100000.00,Active
CARD003351,CUST02044,Debit Card,2021-05-06,50000.00,Expired
CARD000090,CUST03330,Credit Card,2021-05-07,1000000.00,Active
CARD001736,CUST03837,Debit Card,2021-05-09,50000.00,Active
CARD002143,CUST00311,Debit Card,2021-05-09,100000.00,Active
CARD004219,CUST02975,Credit Card,2021-05-09,500000.00,Active
CARD001737,CUST00412,Credit Card,2021-05-10,150000.00,Active
CARD004589,CUST01416,Credit Card,2021-05-10,500000.00,Active
CARD004969,CUST01133,Credit Card,2021-05-10,250000.00,Active
CARD001868,CUST04034,Prepaid Card,2021-05-11,25000.00,Active
CARD004646,CUST01415,Debit Card,2021-05-11,50000.00,Active
CARD004450,CUST03020,Credit Card,2021-05-12,500000.00,Active
CARD000303,CUST02302,Debit Card,2021-05-13,200000.00,Active
CARD004247,CUST01913,Corporate Card,2021-05-15,1500000.00,Active
CARD000602,CUST02934,Credit Card,2021-05-16,500000.00,Active
CARD000377,CUST02838,Debit Card,2021-05-19,200000.00,Active
CARD001789,CUST03347,Credit Card,2021-05-19,150000.00,Active
CARD004869,CUST00010,Credit Card,2021-05-20,50000.00,Active
CARD001588,CUST03896,Credit Card,2021-05-21,500000.00,Active
CARD002507,CUST01957,Debit Card,2021-05-23,50000.00,Active
CARD000234,CUST02278,Debit Card,2021-05-24,100000.00,Active
CARD000449,CUST04842,Corporate Card,2021-05-24,200000.00,Active
CARD003222,CUST04511,Credit Card,2021-05-24,1000000.00,Inactive
CARD002043,CUST03083,Credit Card,2021-05-26,1000000.00,Active
CARD003139,CUST03234,Prepaid Card,2021-05-27,50000.00,Active
CARD005186,CUST04489,Debit Card,2021-05-27,50000.00,Inactive
CARD005188,CUST03737,Prepaid Card,2021-05-27,50000.00,Active
CARD003894,CUST02262,Credit Card,2021-05-29,1000000.00,Active
CARD004024,CUST01310,Debit Card,2021-05-29,100000.00,Blocked
CARD005035,CUST03400,Debit Card,2021-05-29,100000.00,Active
CARD001133,CUST01151,Corporate Card,2021-05-30,200000.00,Active
CARD002044,CUST03337,Credit Card,2021-05-30,1000000.00,Active
CARD002905,CUST01252,Corporate Card,2021-05-30,500000.00,Active
CARD004111,CUST00565,Credit Card,2021-05-30,100000.00,Active
CARD000418,CUST02098,Credit Card,2021-05-31,250000.00,Active
CARD003666,CUST04903,Credit Card,2021-06-01,100000.00,Active
CARD004204,CUST01224,Debit Card,2021-06-01,100000.00,Active
CARD004317,CUST00935,Debit Card,2021-06-01,25000.00,Active
CARD001832,CUST03631,Debit Card,2021-06-02,200000.00,Active
CARD002702,CUST02746,Credit Card,2021-06-02,500000.00,Active
CARD001288,CUST03743,Credit Card,2021-06-03,50000.00,Active
CARD002524,CUST02771,Credit Card,2021-06-03,50000.00,Active
CARD004239,CUST04445,Debit Card,2021-06-03,50000.00,Active
CARD000773,CUST04194,Debit Card,2021-06-04,100000.00,Active
CARD001330,CUST02794,Credit Card,2021-06-04,50000.00,Inactive
CARD001254,CUST00034,Debit Card,2021-06-05,50000.00,Active
CARD001746,CUST00463,Debit Card,2021-06-06,100000.00,Active
CARD000883,CUST00819,Credit Card,2021-06-07,50000.00,Active
CARD002652,CUST02937,Credit Card,2021-06-07,1000000.00,Active
CARD003569,CUST00224,Debit Card,2021-06-09,200000.00,Expired
CARD004008,CUST00070,Debit Card,2021-06-09,100000.00,Active
CARD004845,CUST04189,Debit Card,2021-06-11,100000.00,Active
CARD003791,CUST01826,Credit Card,2021-06-12,50000.00,Active
CARD005118,CUST03413,Credit Card,2021-06-13,100000.00,Active
CARD001169,CUST00553,Prepaid Card,2021-06-14,50000.00,Active
CARD001309,CUST02763,Credit Card,2021-06-14,100000.00,Active
CARD002284,CUST03850,Credit Card,2021-06-15,250000.00,Active
CARD000258,CUST00899,Credit Card,2021-06-16,100000.00,Active
CARD003290,CUST02779,Debit Card,2021-06-16,100000.00,Active
CARD003076,CUST03073,Credit Card,2021-06-17,250000.00,Active
CARD003554,CUST00877,Debit Card,2021-06-17,25000.00,Active
CARD003865,CUST02060,Credit Card,2021-06-17,50000.00,Expired
CARD001492,CUST01460,Debit Card,2021-06-18,200000.00,Active
CARD003096,CUST01182,Credit Card,2021-06-18,150000.00,Active
CARD004879,CUST00250,Credit Card,2021-06-18,100000.00,Inactive
CARD001864,CUST00848,Credit Card,2021-06-20,50000.00,Active
CARD003740,CUST03302,Credit Card,2021-06-20,250000.00,Active
CARD000436,CUST03147,Credit Card,2021-06-21,50000.00,Active
CARD003506,CUST03964,Credit Card,2021-06-22,150000.00,Active
CARD002071,CUST03188,Corporate Card,2021-06-23,500000.00,Active
CARD002827,CUST01808,Credit Card,2021-06-23,500000.00,Expired
CARD004802,CUST03944,Prepaid Card,2021-06-23,25000.00,Active
CARD004824,CUST02712,Credit Card,2021-06-25,1000000.00,Inactive
CARD001031,CUST01127,Debit Card,2021-06-26,50000.00,Active
CARD003572,CUST02146,Debit Card,2021-06-26,200000.00,Active
CARD002932,CUST00903,Credit Card,2021-06-27,500000.00,Active
CARD003115,CUST04708,Credit Card,2021-06-27,150000.00,Active
CARD003273,CUST00131,Debit Card,2021-06-27,50000.00,Active
CARD004808,CUST03871,Credit Card,2021-06-27,250000.00,Inactive
CARD005045,CUST03558,Credit Card,2021-06-27,50000.00,Active
CARD002660,CUST02888,Credit Card,2021-06-28,150000.00,Active
CARD002783,CUST03160,Debit Card,2021-06-28,200000.00,Active
CARD003416,CUST00853,Credit Card,2021-06-28,1000000.00,Active
CARD005033,CUST01701,Prepaid Card,2021-06-29,10000.00,Active
CARD001461,CUST00900,Debit Card,2021-06-30,100000.00,Active
CARD001587,CUST00911,Debit Card,2021-06-30,200000.00,Active
CARD004282,CUST00851,Prepaid Card,2021-06-30,50000.00,Active
CARD004722,CUST01652,Credit Card,2021-06-30,500000.00,Active
CARD005154,CUST01948,Debit Card,2021-06-30,25000.00,Expired
CARD003609,CUST00025,Credit Card,2021-07-03,150000.00,Active
CARD002669,CUST02931,Debit Card,2021-07-04,25000.00,Active
CARD004638,CUST04726,Credit Card,2021-07-04,500000.00,Active
CARD004064,CUST00415,Credit Card,2021-07-05,50000.00,Active
CARD001787,CUST01105,Debit Card,2021-07-06,50000.00,Active
CARD001390,CUST03918,Credit Card,2021-07-07,500000.00,Active
CARD001503,CUST04699,Debit Card,2021-07-07,200000.00,Active
CARD002037,CUST01917,Credit Card,2021-07-07,50000.00,Active
CARD004002,CUST02286,Prepaid Card,2021-07-08,50000.00,Active
CARD005113,CUST00404,Credit Card,2021-07-09,500000.00,Active
CARD000475,CUST00623,Debit Card,2021-07-11,100000.00,Active
CARD003983,CUST00785,Debit Card,2021-07-11,25000.00,Active
CARD002136,CUST02954,Debit Card,2021-07-12,200000.00,Active
CARD002442,CUST03804,Credit Card,2021-07-12,150000.00,Expired
CARD002258,CUST03431,Corporate Card,2021-07-13,500000.00,Active
CARD003157,CUST01742,Credit Card,2021-07-13,50000.00,Active
CARD000817,CUST01703,Debit Card,2021-07-14,100000.00,Expired
CARD002814,CUST00745,Credit Card,2021-07-14,500000.00,Active
CARD003472,CUST03827,Credit Card,2021-07-14,50000.00,Expired
CARD004051,CUST02596,Credit Card,2021-07-14,500000.00,Active
CARD002842,CUST04566,Credit Card,2021-07-15,150000.00,Blocked
CARD002518,CUST01484,Credit Card,2021-07-16,500000.00,Blocked
CARD002454,CUST03108,Credit Card,2021-07-17,50000.00,Active
CARD003468,CUST00300,Debit Card,2021-07-17,25000.00,Active
CARD002334,CUST03317,Credit Card,2021-07-19,1000000.00,Active
CARD004426,CUST00847,Debit Card,2021-07-19,200000.00,Active
CARD004313,CUST00713,Credit Card,2021-07-20,250000.00,Active
CARD004655,CUST04975,Debit Card,2021-07-20,200000.00,Active
CARD004714,CUST03656,Debit Card,2021-07-20,200000.00,Active
CARD005181,CUST01823,Corporate Card,2021-07-22,500000.00,Active
CARD001244,CUST03058,Debit Card,2021-07-23,25000.00,Active
CARD002262,CUST00978,Credit Card,2021-07-23,1000000.00,Active
CARD003936,CUST01613,Prepaid Card,2021-07-23,50000.00,Active
CARD002132,CUST04779,Debit Card,2021-07-25,25000.00,Active
CARD004084,CUST03593,Credit Card,2021-07-25,100000.00,Active
CARD004539,CUST03099,Debit Card,2021-07-25,50000.00,Active
CARD004389,CUST01845,Debit Card,2021-07-26,100000.00,Active
CARD004741,CUST03928,Credit Card,2021-07-26,150000.00,Active
CARD004997,CUST00185,Credit Card,2021-07-26,250000.00,Active
CARD002165,CUST03721,Credit Card,2021-07-27,500000.00,Active
CARD004402,CUST00479,Debit Card,2021-07-27,25000.00,Active
CARD001889,CUST02242,Credit Card,2021-07-28,1000000.00,Active
CARD000892,CUST00927,Credit Card,2021-07-31,100000.00,Active
CARD003420,CUST04678,Prepaid Card,2021-07-31,10000.00,Active
CARD000755,CUST02361,Credit Card,2021-08-01,150000.00,Active
CARD004060,CUST01762,Credit Card,2021-08-01,50000.00,Active
CARD001113,CUST01957,Credit Card,2021-08-02,250000.00,Blocked
CARD001545,CUST00875,Debit Card,2021-08-02,25000.00,Inactive
CARD004331,CUST02072,Credit Card,2021-08-02,150000.00,Active
CARD001468,CUST03588,Debit Card,2021-08-03,50000.00,Active
CARD001619,CUST02586,Debit Card,2021-08-03,100000.00,Active
CARD000430,CUST04432,Prepaid Card,2021-08-04,10000.00,Expired
CARD004057,CUST01867,Debit Card,2021-08-05,50000.00,Blocked
CARD000846,CUST01791,Prepaid Card,2021-08-06,50000.00,Active
CARD003527,CUST02529,Credit Card,2021-08-07,150000.00,Inactive
CARD004528,CUST00646,Credit Card,2021-08-07,50000.00,Active
CARD004675,CUST02299,Debit Card,2021-08-07,50000.00,Active
CARD002892,CUST00860,Debit Card,2021-08-08,100000.00,Active
CARD004353,CUST00524,Debit Card,2021-08-08,25000.00,Active
CARD003103,CUST03528,Corporate Card,2021-08-09,200000.00,Active
CARD003355,CUST02066,Credit Card,2021-08-09,100000.00,Active
CARD004924,CUST00511,Debit Card,2021-08-09,25000.00,Active
CARD001184,CUST04248,Credit Card,2021-08-10,100000.00,Active
CARD002405,CUST02654,Debit Card,2021-08-10,25000.00,Inactive
CARD004144,CUST03553,Credit Card,2021-08-10,50000.00,Active
CARD001599,CUST00426,Debit Card,2021-08-11,100000.00,Active
CARD003467,CUST02996,Debit Card,2021-08-11,200000.00,Active
CARD002358,CUST04348,Prepaid Card,2021-08-12,25000.00,Expired
CARD003220,CUST00723,Credit Card,2021-08-12,50000.00,Blocked
CARD000709,CUST02073,Credit Card,2021-08-13,500000.00,Active
CARD002985,CUST00697,Debit Card,2021-08-13,50000.00,Active
CARD003788,CUST03192,Debit Card,2021-08-14,100000.00,Active
CARD003918,CUST03274,Debit Card,2021-08-14,200000.00,Active
CARD004163,CUST04748,Prepaid Card,2021-08-15,25000.00,Active
CARD004066,CUST04960,Credit Card,2021-08-16,100000.00,Active
CARD002316,CUST00329,Debit Card,2021-08-17,100000.00,Blocked
CARD003897,CUST00191,Debit Card,2021-08-17,200000.00,Active
CARD000917,CUST01364,Debit Card,2021-08-18,25000.00,Active
CARD000932,CUST01513,Credit Card,2021-08-20,50000.00,Active
CARD001677,CUST03451,Debit Card,2021-08-20,50000.00,Active
CARD001927,CUST04251,Corporate Card,2021-08-20,500000.00,Active
CARD000133,CUST03295,Debit Card,2021-08-21,50000.00,Active
CARD001601,CUST03344,Prepaid Card,2021-08-21,10000.00,Active
CARD003821,CUST01845,Debit Card,2021-08-22,100000.00,Inactive
CARD004133,CUST00474,Credit Card,2021-08-22,500000.00,Expired
CARD004150,CUST04203,Credit Card,2021-08-22,100000.00,Expired
CARD004648,CUST02161,Credit Card,2021-08-22,1000000.00,Active
CARD002285,CUST01269,Credit Card,2021-08-23,100000.00,Blocked
CARD003964,CUST00310,Debit Card,2021-08-23,200000.00,Active
CARD000535,CUST00163,Debit Card,2021-08-24,200000.00,Active
CARD003623,CUST02135,Credit Card,2021-08-24,50000.00,Blocked
CARD000078,CUST01613,Credit Card,2021-08-25,100000.00,Active
CARD002761,CUST03451,Credit Card,2021-08-25,50000.00,Inactive
CARD004243,CUST00286,Debit Card,2021-08-25,25000.00,Active
CARD004354,CUST03094,Debit Card,2021-08-25,200000.00,Active
CARD000131,CUST00805,Credit Card,2021-08-26,150000.00,Active
CARD001949,CUST02277,Credit Card,2021-08-26,250000.00,Active
CARD000464,CUST02136,Debit Card,2021-08-28,25000.00,Active
CARD000564,CUST02949,Credit Card,2021-08-28,100000.00,Active
CARD001045,CUST01704,Debit Card,2021-08-28,50000.00,Active
CARD001940,CUST01185,Debit Card,2021-08-28,50000.00,Expired
CARD003843,CUST01856,Credit Card,2021-08-28,500000.00,Blocked
CARD002075,CUST01168,Prepaid Card,2021-08-29,50000.00,Active
CARD002858,CUST00488,Credit Card,2021-08-30,100000.00,Active
CARD004925,CUST02075,Prepaid Card,2021-08-30,50000.00,Active
CARD001534,CUST03668,Debit Card,2021-08-31,200000.00,Blocked
CARD003260,CUST04943,Credit Card,2021-08-31,100000.00,Active
CARD001096,CUST01237,Debit Card,2021-09-01,50000.00,Active
CARD002933,CUST04470,Credit Card,2021-09-01,250000.00,Active
CARD004159,CUST04050,Debit Card,2021-09-01,50000.00,Active
CARD004165,CUST03528,Corporate Card,2021-09-02,500000.00,Blocked
CARD000636,CUST01665,Debit Card,2021-09-03,200000.00,Active
CARD002295,CUST00089,Credit Card,2021-09-03,50000.00,Active
CARD002351,CUST03573,Debit Card,2021-09-03,50000.00,Active
CARD003839,CUST01902,Debit Card,2021-09-03,100000.00,Active
CARD000056,CUST01257,Debit Card,2021-09-04,200000.00,Active
CARD000926,CUST04910,Debit Card,2021-09-04,200000.00,Active
CARD003165,CUST01868,Prepaid Card,2021-09-06,10000.00,Active
CARD003476,CUST03327,Debit Card,2021-09-06,100000.00,Active
CARD002582,CUST04079,Credit Card,2021-09-07,100000.00,Active
CARD001424,CUST01411,Credit Card,2021-09-09,150000.00,Active
CARD004873,CUST00684,Corporate Card,2021-09-09,200000.00,Active
CARD000666,CUST01462,Prepaid Card,2021-09-10,10000.00,Active
CARD001190,CUST02572,Debit Card,2021-09-10,25000.00,Active
CARD001884,CUST02961,Debit Card,2021-09-10,25000.00,Active
CARD004093,CUST04449,Credit Card,2021-09-11,150000.00,Active
CARD004449,CUST02923,Debit Card,2021-09-11,50000.00,Active
CARD002938,CUST04258,Credit Card,2021-09-12,500000.00,Active
CARD003908,CUST03077,Credit Card,2021-09-12,50000.00,Blocked
CARD003982,CUST02543,Debit Card,2021-09-12,25000.00,Active
CARD004160,CUST02395,Debit Card,2021-09-12,200000.00,Active
CARD005040,CUST01822,Credit Card,2021-09-13,150000.00,Active
CARD000260,CUST03621,Debit Card,2021-09-14,50000.00,Active
CARD003643,CUST02611,Debit Card,2021-09-14,100000.00,Active
CARD004556,CUST04756,Credit Card,2021-09-14,50000.00,Active
CARD004650,CUST00317,Credit Card,2021-09-16,150000.00,Active
CARD004792,CUST02021,Debit Card,2021-09-16,100000.00,Active
CARD004988,CUST01255,Debit Card,2021-09-16,100000.00,Active
CARD001437,CUST03825,Credit Card,2021-09-17,1000000.00,Active
CARD001732,CUST00674,Credit Card,2021-09-17,500000.00,Active
CARD003993,CUST03506,Debit Card,2021-09-17,25000.00,Expired
CARD004149,CUST01031,Credit Card,2021-09-17,500000.00,Active
CARD000051,CUST00187,Debit Card,2021-09-18,200000.00,Blocked
CARD003129,CUST00972,Debit Card,2021-09-18,200000.00,Active
CARD003360,CUST03680,Corporate Card,2021-09-18,500000.00,Active
CARD004455,CUST01458,Debit Card,2021-09-18,200000.00,Active
CARD002709,CUST02166,Debit Card,2021-09-19,100000.00,Active
CARD003912,CUST04509,Credit Card,2021-09-19,100000.00,Active
CARD004748,CUST00010,Debit Card,2021-09-19,50000.00,Active
CARD002298,CUST00038,Debit Card,2021-09-21,25000.00,Active
CARD005006,CUST03171,Credit Card,2021-09-21,50000.00,Active
CARD001936,CUST03727,Credit Card,2021-09-22,150000.00,Active
CARD000752,CUST01963,Debit Card,2021-09-23,100000.00,Active
CARD002817,CUST04765,Debit Card,2021-09-23,100000.00,Active
CARD000274,CUST02746,Credit Card,2021-09-24,250000.00,Active
CARD005124,CUST00042,Credit Card,2021-09-24,100000.00,Active
CARD000599,CUST00637,Debit Card,2021-09-25,50000.00,Active
CARD001248,CUST00385,Credit Card,2021-09-25,150000.00,Expired
CARD001408,CUST00158,Credit Card,2021-09-26,250000.00,Inactive
CARD003352,CUST02361,Debit Card,2021-09-26,50000.00,Active
CARD000562,CUST04833,Credit Card,2021-09-27,100000.00,Active
CARD002798,CUST02908,Credit Card,2021-09-27,100000.00,Blocked
CARD003240,CUST04852,Credit Card,2021-09-28,100000.00,Active
CARD004427,CUST01716,Credit Card,2021-09-28,250000.00,Active
CARD001364,CUST02051,Credit Card,2021-10-01,250000.00,Active
CARD002310,CUST04975,Debit Card,2021-10-01,25000.00,Active
CARD000459,CUST03687,Debit Card,2021-10-02,100000.00,Active
CARD000268,CUST03169,Credit Card,2021-10-03,500000.00,Active
CARD002564,CUST04650,Debit Card,2021-10-03,50000.00,Active
CARD003700,CUST04728,Debit Card,2021-10-03,50000.00,Expired
CARD005097,CUST02730,Debit Card,2021-10-03,100000.00,Expired
CARD000749,CUST03590,Debit Card,2021-10-04,50000.00,Active
CARD001474,CUST01239,Credit Card,2021-10-06,100000.00,Active
CARD001595,CUST00991,Credit Card,2021-10-06,500000.00,Active
CARD002114,CUST01742,Credit Card,2021-10-06,500000.00,Active
CARD003309,CUST00645,Credit Card,2021-10-06,50000.00,Active
CARD004509,CUST00353,Debit Card,2021-10-06,100000.00,Active
CARD005049,CUST01705,Debit Card,2021-10-06,100000.00,Active
CARD000829,CUST00214,Debit Card,2021-10-07,100000.00,Active
CARD004234,CUST00437,Debit Card,2021-10-07,50000.00,Active
CARD003631,CUST02023,Debit Card,2021-10-09,25000.00,Active
CARD004454,CUST00406,Prepaid Card,2021-10-10,25000.00,Active
CARD002457,CUST00706,Debit Card,2021-10-11,100000.00,Blocked
CARD003310,CUST02484,Prepaid Card,2021-10-11,25000.00,Active
CARD004492,CUST04970,Credit Card,2021-10-11,250000.00,Active
CARD004731,CUST04788,Debit Card,2021-10-11,50000.00,Blocked
CARD002872,CUST00367,Credit Card,2021-10-12,150000.00,Active
CARD005132,CUST00692,Credit Card,2021-10-12,250000.00,Expired
CARD002224,CUST00358,Credit Card,2021-10-14,100000.00,Active
CARD002526,CUST00090,Debit Card,2021-10-14,25000.00,Active
CARD001607,CUST02553,Debit Card,2021-10-15,25000.00,Active
CARD002047,CUST03639,Credit Card,2021-10-15,250000.00,Active
CARD001733,CUST03720,Credit Card,2021-10-16,100000.00,Expired
CARD002125,CUST04473,Credit Card,2021-10-16,1000000.00,Active
CARD004575,CUST01644,Debit Card,2021-10-16,25000.00,Active
CARD000787,CUST00910,Credit Card,2021-10-17,250000.00,Active
CARD001432,CUST00686,Debit Card,2021-10-17,100000.00,Active
CARD003899,CUST00916,Prepaid Card,2021-10-18,50000.00,Expired
CARD001890,CUST04891,Credit Card,2021-10-19,100000.00,Expired
CARD002948,CUST04529,Credit Card,2021-10-19,250000.00,Active
CARD001027,CUST00436,Debit Card,2021-10-20,50000.00,Active
CARD003000,CUST00142,Credit Card,2021-10-20,50000.00,Active
CARD004043,CUST04821,Prepaid Card,2021-10-20,50000.00,Active
CARD004692,CUST00672,Credit Card,2021-10-20,1000000.00,Active
CARD001502,CUST01310,Credit Card,2021-10-21,1000000.00,Active
CARD001961,CUST00335,Debit Card,2021-10-21,50000.00,Active
CARD002595,CUST04131,Debit Card,2021-10-21,100000.00,Active
CARD002030,CUST01519,Debit Card,2021-10-22,100000.00,Expired
CARD004861,CUST00491,Debit Card,2021-10-22,25000.00,Active
CARD002704,CUST04413,Debit Card,2021-10-23,25000.00,Active
CARD001823,CUST02815,Debit Card,2021-10-24,200000.00,Active
CARD003497,CUST03430,Debit Card,2021-10-24,200000.00,Active
CARD000191,CUST00553,Prepaid Card,2021-10-25,10000.00,Active
CARD002949,CUST01628,Prepaid Card,2021-10-25,25000.00,Expired
CARD004193,CUST01898,Credit Card,2021-10-25,100000.00,Active
CARD005102,CUST01248,Credit Card,2021-10-25,100000.00,Active
CARD000432,CUST04112,Debit Card,2021-10-26,100000.00,Active
CARD000630,CUST04059,Debit Card,2021-10-26,50000.00,Active
CARD000888,CUST03945,Credit Card,2021-10-26,1000000.00,Active
CARD001360,CUST03188,Credit Card,2021-10-26,250000.00,Active
CARD002575,CUST04837,Debit Card,2021-10-26,200000.00,Active
CARD000329,CUST02922,Credit Card,2021-10-27,1000000.00,Blocked
CARD000959,CUST03177,Debit Card,2021-10-27,100000.00,Active
CARD003978,CUST04690,Debit Card,2021-10-27,200000.00,Expired
CARD004742,CUST01285,Debit Card,2021-10-27,25000.00,Inactive
CARD001887,CUST02484,Credit Card,2021-10-28,1000000.00,Active
CARD001898,CUST02095,Credit Card,2021-10-28,1000000.00,Expired
CARD004762,CUST02784,Debit Card,2021-10-28,50000.00,Active
CARD004910,CUST03671,Credit Card,2021-10-28,250000.00,Active
CARD005168,CUST03083,Credit Card,2021-10-28,1000000.00,Active
CARD003644,CUST02711,Credit Card,2021-10-29,150000.00,Active
CARD000747,CUST00064,Debit Card,2021-10-30,100000.00,Blocked
CARD003657,CUST00185,Debit Card,2021-10-30,25000.00,Active
CARD000797,CUST04205,Debit Card,2021-10-31,50000.00,Active
CARD002344,CUST04196,Debit Card,2021-10-31,200000.00,Active
CARD003251,CUST03042,Debit Card,2021-11-01,200000.00,Active
CARD004089,CUST01387,Credit Card,2021-11-01,500000.00,Active
CARD000401,CUST04155,Credit Card,2021-11-02,50000.00,Active
CARD002377,CUST02960,Credit Card,2021-11-02,150000.00,Active
CARD003022,CUST02749,Debit Card,2021-11-02,100000.00,Active
CARD003449,CUST03391,Prepaid Card,2021-11-02,25000.00,Active
CARD004474,CUST02687,Debit Card,2021-11-03,200000.00,Active
CARD004642,CUST03152,Corporate Card,2021-11-03,200000.00,Active
CARD004935,CUST00986,Credit Card,2021-11-03,100000.00,Active
CARD001342,CUST00812,Debit Card,2021-11-04,200000.00,Active
CARD002150,CUST01595,Credit Card,2021-11-04,100000.00,Active
CARD003545,CUST03443,Credit Card,2021-11-04,100000.00,Blocked
CARD000321,CUST02522,Debit Card,2021-11-05,25000.00,Active
CARD000746,CUST04961,Credit Card,2021-11-05,500000.00,Active
CARD001813,CUST01778,Debit Card,2021-11-05,25000.00,Active
CARD002477,CUST02118,Credit Card,2021-11-05,50000.00,Expired
CARD000141,CUST04452,Credit Card,2021-11-07,1000000.00,Active
CARD000956,CUST02185,Credit Card,2021-11-07,100000.00,Active
CARD005023,CUST04647,Debit Card,2021-11-07,25000.00,Active
CARD005110,CUST00876,Debit Card,2021-11-07,50000.00,Active
CARD002065,CUST04917,Credit Card,2021-11-08,50000.00,Active
CARD004889,CUST02853,Credit Card,2021-11-08,250000.00,Active
CARD005002,CUST02470,Credit Card,2021-11-08,50000.00,Active
CARD001440,CUST03521,Debit Card,2021-11-09,200000.00,Active
CARD002693,CUST01333,Prepaid Card,2021-11-09,10000.00,Blocked
CARD004573,CUST01033,Credit Card,2021-11-09,250000.00,Inactive
CARD001282,CUST04568,Credit Card,2021-11-10,100000.00,Active
CARD001305,CUST02702,Debit Card,2021-11-10,100000.00,Active
CARD001189,CUST01498,Credit Card,2021-11-11,100000.00,Active
CARD001350,CUST02891,Credit Card,2021-11-11,50000.00,Active
CARD000603,CUST02648,Prepaid Card,2021-11-12,10000.00,Active
CARD002268,CUST00145,Credit Card,2021-11-12,250000.00,Active
CARD004062,CUST04607,Debit Card,2021-11-12,50000.00,Expired
CARD001429,CUST00384,Credit Card,2021-11-13,100000.00,Blocked
CARD001704,CUST01857,Debit Card,2021-11-13,25000.00,Active
CARD003081,CUST04399,Debit Card,2021-11-13,25000.00,Active
CARD003504,CUST02254,Prepaid Card,2021-11-13,50000.00,Active
CARD004214,CUST02519,Prepaid Card,2021-11-13,25000.00,Active
CARD004362,CUST04481,Debit Card,2021-11-13,50000.00,Active
CARD003345,CUST04109,Credit Card,2021-11-14,150000.00,Active
CARD001278,CUST04816,Corporate Card,2021-11-15,1500000.00,Active
CARD001281,CUST00650,Debit Card,2021-11-15,25000.00,Inactive
CARD004318,CUST04534,Debit Card,2021-11-15,50000.00,Active
CARD000421,CUST04148,Prepaid Card,2021-11-16,50000.00,Blocked
CARD001904,CUST00122,Debit Card,2021-11-18,100000.00,Active
CARD000314,CUST01749,Credit Card,2021-11-19,100000.00,Expired
CARD001065,CUST01610,Prepaid Card,2021-11-19,50000.00,Active
CARD001214,CUST03881,Debit Card,2021-11-20,50000.00,Active
CARD003002,CUST00881,Credit Card,2021-11-20,50000.00,Inactive
CARD003670,CUST01301,Debit Card,2021-11-20,200000.00,Expired
CARD003879,CUST03354,Credit Card,2021-11-20,150000.00,Active
CARD000518,CUST04202,Credit Card,2021-11-21,100000.00,Active
CARD003567,CUST04941,Debit Card,2021-11-21,200000.00,Active
CARD005143,CUST00654,Debit Card,2021-11-21,100000.00,Active
CARD000008,CUST04575,Debit Card,2021-11-22,200000.00,Active
CARD000247,CUST00747,Debit Card,2021-11-22,200000.00,Active
CARD003626,CUST02700,Prepaid Card,2021-11-22,50000.00,Inactive
CARD004252,CUST00392,Debit Card,2021-11-22,50000.00,Active
CARD002183,CUST01604,Debit Card,2021-11-23,50000.00,Expired
CARD000362,CUST01850,Credit Card,2021-11-24,150000.00,Active
CARD002883,CUST04497,Credit Card,2021-11-24,150000.00,Active
CARD003195,CUST03448,Debit Card,2021-11-24,25000.00,Active
CARD001696,CUST04699,Credit Card,2021-11-25,250000.00,Active
CARD002314,CUST01935,Credit Card,2021-11-25,500000.00,Active
CARD002435,CUST04690,Debit Card,2021-11-25,200000.00,Active
CARD002929,CUST03954,Debit Card,2021-11-25,25000.00,Active
CARD004540,CUST03028,Debit Card,2021-11-25,100000.00,Active
CARD000355,CUST04459,Corporate Card,2021-11-26,500000.00,Active
CARD000663,CUST03422,Credit Card,2021-11-28,500000.00,Active
CARD004273,CUST00682,Debit Card,2021-11-28,25000.00,Active
CARD002060,CUST00853,Credit Card,2021-11-29,50000.00,Blocked
CARD003235,CUST02993,Credit Card,2021-11-29,250000.00,Active
CARD000824,CUST02788,Corporate Card,2021-11-30,500000.00,Active
CARD002167,CUST03478,Debit Card,2021-11-30,25000.00,Active
CARD000625,CUST04161,Credit Card,2021-12-01,1000000.00,Blocked
CARD000810,CUST03367,Corporate Card,2021-12-01,500000.00,Active
CARD002479,CUST02018,Prepaid Card,2021-12-01,10000.00,Blocked
CARD002561,CUST00479,Credit Card,2021-12-01,100000.00,Active
CARD002394,CUST02345,Debit Card,2021-12-02,100000.00,Active
CARD004382,CUST04470,Debit Card,2021-12-02,200000.00,Expired
CARD003391,CUST01518,Credit Card,2021-12-03,150000.00,Active
CARD001156,CUST04833,Credit Card,2021-12-04,100000.00,Active
CARD002186,CUST00249,Debit Card,2021-12-04,50000.00,Active
CARD004050,CUST02905,Credit Card,2021-12-04,250000.00,Active
CARD005043,CUST04184,Credit Card,2021-12-04,50000.00,Active
CARD000503,CUST02395,Debit Card,2021-12-05,50000.00,Active
CARD001972,CUST03774,Credit Card,2021-12-05,250000.00,Active
CARD005010,CUST00124,Credit Card,2021-12-05,150000.00,Inactive
CARD001901,CUST04944,Prepaid Card,2021-12-07,25000.00,Active
CARD000537,CUST01347,Debit Card,2021-12-08,50000.00,Active
CARD002401,CUST04464,Prepaid Card,2021-12-09,25000.00,Active
CARD002931,CUST03567,Debit Card,2021-12-09,25000.00,Expired
CARD005071,CUST00862,Credit Card,2021-12-09,150000.00,Expired
CARD001896,CUST02868,Debit Card,2021-12-10,50000.00,Active
CARD003154,CUST03710,Debit Card,2021-12-10,200000.00,Active
CARD004989,CUST00749,Credit Card,2021-12-10,100000.00,Active
CARD002995,CUST01952,Credit Card,2021-12-12,50000.00,Active
CARD000029,CUST02068,Credit Card,2021-12-13,50000.00,Active
CARD000468,CUST02930,Credit Card,2021-12-13,50000.00,Active
CARD003307,CUST03954,Debit Card,2021-12-13,200000.00,Active
CARD003443,CUST02596,Debit Card,2021-12-13,25000.00,Inactive
CARD003461,CUST03832,Credit Card,2021-12-13,1000000.00,Active
CARD004578,CUST02163,Credit Card,2021-12-13,500000.00,Active
CARD001710,CUST04619,Credit Card,2021-12-14,100000.00,Active
CARD003356,CUST03385,Credit Card,2021-12-15,50000.00,Active
CARD004866,CUST03084,Prepaid Card,2021-12-15,25000.00,Active
CARD005114,CUST03010,Debit Card,2021-12-16,200000.00,Active
CARD000983,CUST01903,Credit Card,2021-12-17,250000.00,Active
CARD002616,CUST02858,Credit Card,2021-12-17,250000.00,Active
CARD003570,CUST04063,Debit Card,2021-12-17,100000.00,Active
CARD000769,CUST03721,Prepaid Card,2021-12-18,25000.00,Inactive
CARD004995,CUST01966,Credit Card,2021-12-18,250000.00,Active
CARD004134,CUST04728,Debit Card,2021-12-19,200000.00,Inactive
CARD004158,CUST03742,Credit Card,2021-12-19,1000000.00,Active
CARD002140,CUST01599,Prepaid Card,2021-12-20,10000.00,Active
CARD001532,CUST02353,Corporate Card,2021-12-21,1500000.00,Active
CARD000244,CUST02585,Prepaid Card,2021-12-22,10000.00,Inactive
CARD001621,CUST00016,Debit Card,2021-12-22,25000.00,Active
CARD004468,CUST01325,Debit Card,2021-12-22,100000.00,Inactive
CARD000085,CUST00406,Debit Card,2021-12-23,25000.00,Active
CARD000715,CUST02890,Debit Card,2021-12-23,25000.00,Active
CARD001208,CUST02268,Credit Card,2021-12-23,500000.00,Active
CARD000618,CUST04697,Credit Card,2021-12-24,100000.00,Active
CARD001563,CUST03120,Debit Card,2021-12-24,200000.00,Active
CARD001987,CUST02891,Debit Card,2021-12-24,200000.00,Active
CARD003253,CUST02191,Debit Card,2021-12-24,100000.00,Active
CARD000209,CUST04153,Prepaid Card,2021-12-25,25000.00,Active
CARD000269,CUST02697,Debit Card,2021-12-25,25000.00,Active
CARD004101,CUST01506,Credit Card,2021-12-26,150000.00,Active
CARD003005,CUST03620,Credit Card,2021-12-27,1000000.00,Active
CARD004112,CUST01069,Debit Card,2021-12-27,100000.00,Active
CARD004162,CUST00684,Debit Card,2021-12-27,50000.00,Active
CARD000544,CUST00382,Credit Card,2021-12-29,100000.00,Active
CARD001412,CUST00512,Debit Card,2021-12-30,25000.00,Blocked
CARD001906,CUST00537,Corporate Card,2021-12-30,500000.00,Active
CARD002449,CUST00579,Debit Card,2021-12-30,25000.00,Expired
CARD002532,CUST02375,Credit Card,2021-12-31,100000.00,Active
CARD002733,CUST03985,Credit Card,2021-12-31,100000.00,Active
CARD004439,CUST01333,Credit Card,2021-12-31,150000.00,Active
CARD004475,CUST04697,Debit Card,2022-01-01,25000.00,Active
CARD002705,CUST04909,Prepaid Card,2022-01-02,10000.00,Active
CARD001229,CUST04559,Credit Card,2022-01-03,50000.00,Expired
CARD001368,CUST04804,Credit Card,2022-01-03,1000000.00,Active
CARD001942,CUST00060,Debit Card,2022-01-03,200000.00,Expired
CARD002977,CUST00665,Corporate Card,2022-01-03,200000.00,Active
CARD003147,CUST04204,Corporate Card,2022-01-03,500000.00,Active
CARD003229,CUST02021,Credit Card,2022-01-03,100000.00,Active
CARD003783,CUST03700,Debit Card,2022-01-03,100000.00,Active
CARD000661,CUST02428,Credit Card,2022-01-04,100000.00,Blocked
CARD001056,CUST00457,Credit Card,2022-01-04,150000.00,Active
CARD003528,CUST04884,Debit Card,2022-01-04,200000.00,Active
CARD004498,CUST02633,Debit Card,2022-01-04,25000.00,Active
CARD003214,CUST02856,Credit Card,2022-01-05,150000.00,Expired
CARD000496,CUST04026,Debit Card,2022-01-06,100000.00,Active
CARD000967,CUST02386,Credit Card,2022-01-06,500000.00,Inactive
CARD002312,CUST00589,Debit Card,2022-01-06,100000.00,Blocked
CARD004629,CUST03484,Credit Card,2022-01-06,1000000.00,Active
CARD004819,CUST00421,Credit Card,2022-01-06,250000.00,Blocked
CARD003078,CUST03081,Debit Card,2022-01-07,200000.00,Active
CARD004130,CUST04122,Credit Card,2022-01-07,1000000.00,Active
CARD002090,CUST01613,Debit Card,2022-01-08,25000.00,Active
CARD002647,CUST01341,Credit Card,2022-01-08,250000.00,Active
CARD003877,CUST04771,Debit Card,2022-01-08,200000.00,Active
CARD001849,CUST04840,Credit Card,2022-01-09,250000.00,Active
CARD002275,CUST04282,Prepaid Card,2022-01-10,50000.00,Inactive
CARD003014,CUST02323,Debit Card,2022-01-10,100000.00,Expired
CARD003809,CUST02156,Credit Card,2022-01-10,250000.00,Active
CARD004598,CUST01105,Credit Card,2022-01-10,250000.00,Inactive
CARD000453,CUST01436,Debit Card,2022-01-11,50000.00,Active
CARD003959,CUST03779,Debit Card,2022-01-11,200000.00,Active
CARD001216,CUST00901,Credit Card,2022-01-12,250000.00,Active
CARD001008,CUST00723,Credit Card,2022-01-13,250000.00,Active
CARD004108,CUST01769,Corporate Card,2022-01-13,200000.00,Active
CARD001399,CUST03522,Debit Card,2022-01-14,200000.00,Active
CARD001968,CUST01774,Prepaid Card,2022-01-14,50000.00,Active
CARD004168,CUST04573,Debit Card,2022-01-14,50000.00,Active
CARD000313,CUST03732,Debit Card,2022-01-15,100000.00,Inactive
CARD001172,CUST03162,Debit Card,2022-01-15,200000.00,Inactive
CARD002237,CUST04561,Credit Card,2022-01-15,100000.00,Active
CARD002843,CUST03866,Credit Card,2022-01-15,50000.00,Active
CARD003805,CUST04349,Debit Card,2022-01-15,200000.00,Active
CARD000123,CUST00893,Debit Card,2022-01-16,200000.00,Active
CARD001185,CUST04753,Credit Card,2022-01-16,100000.00,Active
CARD004222,CUST02394,Prepaid Card,2022-01-16,50000.00,Active
CARD004717,CUST04704,Credit Card,2022-01-16,1000000.00,Active
CARD001642,CUST01366,Credit Card,2022-01-17,150000.00,Active
CARD002010,CUST04953,Credit Card,2022-01-17,1000000.00,Active
CARD000788,CUST00163,Credit Card,2022-01-18,250000.00,Active
CARD001202,CUST03119,Credit Card,2022-01-18,100000.00,Active
CARD003835,CUST00423,Credit Card,2022-01-18,50000.00,Expired
CARD000184,CUST02757,Credit Card,2022-01-19,250000.00,Active
CARD001290,CUST00006,Credit Card,2022-01-19,250000.00,Active
CARD002795,CUST00977,Debit Card,2022-01-19,200000.00,Active
CARD001383,CUST02684,Credit Card,2022-01-20,1000000.00,Active
CARD002051,CUST03333,Debit Card,2022-01-20,50000.00,Expired
CARD004797,CUST02934,Debit Card,2022-01-20,100000.00,Active
CARD003900,CUST03986,Credit Card,2022-01-21,250000.00,Active
CARD001975,CUST01248,Debit Card,2022-01-22,50000.00,Active
CARD004040,CUST04580,Prepaid Card,2022-01-22,10000.00,Active
CARD000651,CUST02235,Debit Card,2022-01-23,200000.00,Active
CARD001808,CUST00425,Debit Card,2022-01-23,50000.00,Active
CARD002426,CUST03443,Prepaid Card,2022-01-23,10000.00,Active
CARD003538,CUST02626,Credit Card,2022-01-23,100000.00,Blocked
CARD004673,CUST02285,Debit Card,2022-01-23,50000.00,Active
CARD004930,CUST02722,Debit Card,2022-01-23,100000.00,Active
CARD002969,CUST02023,Debit Card,2022-01-24,200000.00,Active
CARD003784,CUST02694,Debit Card,2022-01-24,25000.00,Expired
CARD003473,CUST01493,Debit Card,2022-01-25,25000.00,Expired
CARD003200,CUST01760,Credit Card,2022-01-26,50000.00,Active
CARD000744,CUST00718,Debit Card,2022-01-27,50000.00,Active
CARD002606,CUST02777,Corporate Card,2022-01-27,200000.00,Active
CARD004791,CUST01310,Debit Card,2022-01-27,50000.00,Active
CARD001988,CUST01505,Credit Card,2022-01-28,100000.00,Active
CARD004021,CUST02064,Credit Card,2022-01-28,100000.00,Active
CARD002782,CUST04432,Debit Card,2022-01-29,200000.00,Active
CARD003238,CUST03033,Corporate Card,2022-01-29,500000.00,Active
CARD003375,CUST02077,Credit Card,2022-01-29,50000.00,Expired
CARD004285,CUST01764,Credit Card,2022-01-29,100000.00,Active
CARD001276,CUST00620,Credit Card,2022-01-31,50000.00,Inactive
CARD003321,CUST00237,Debit Card,2022-01-31,50000.00,Active
CARD004712,CUST01244,Credit Card,2022-01-31,1000000.00,Active
CARD005036,CUST01231,Corporate Card,2022-01-31,500000.00,Active
CARD003327,CUST01774,Debit Card,2022-02-01,25000.00,Active
CARD001425,CUST04157,Credit Card,2022-02-02,500000.00,Active
CARD001299,CUST00968,Prepaid Card,2022-02-03,50000.00,Active
CARD001600,CUST02546,Credit Card,2022-02-04,150000.00,Active
CARD004128,CUST02118,Debit Card,2022-02-04,200000.00,Active
CARD004803,CUST02203,Debit Card,2022-02-04,50000.00,Active
CARD000497,CUST00094,Credit Card,2022-02-05,500000.00,Active
CARD002095,CUST03677,Debit Card,2022-02-06,25000.00,Active
CARD002891,CUST03480,Credit Card,2022-02-06,500000.00,Active
CARD001720,CUST04975,Credit Card,2022-02-07,500000.00,Active
CARD001241,CUST02787,Credit Card,2022-02-08,50000.00,Inactive
CARD003392,CUST01606,Debit Card,2022-02-08,50000.00,Active
CARD003678,CUST00291,Debit Card,2022-02-08,200000.00,Active
CARD005047,CUST00640,Credit Card,2022-02-08,150000.00,Active
CARD001306,CUST01291,Debit Card,2022-02-09,100000.00,Expired
CARD002462,CUST00355,Credit Card,2022-02-10,100000.00,Active
CARD000180,CUST02630,Credit Card,2022-02-11,150000.00,Active
CARD000765,CUST02935,Debit Card,2022-02-12,100000.00,Active
CARD001143,CUST00303,Debit Card,2022-02-12,25000.00,Active
CARD004069,CUST01267,Debit Card,2022-02-12,25000.00,Active
CARD005104,CUST04822,Credit Card,2022-02-12,1000000.00,Active
CARD004147,CUST01177,Credit Card,2022-02-15,100000.00,Expired
CARD000352,CUST00001,Credit Card,2022-02-16,150000.00,Active
CARD002584,CUST01993,Prepaid Card,2022-02-16,10000.00,Active
CARD004661,CUST04461,Debit Card,2022-02-16,25000.00,Active
CARD005037,CUST00346,Debit Card,2022-02-16,100000.00,Active
CARD002569,CUST02835,Credit Card,2022-02-17,100000.00,Active
CARD003659,CUST02298,Debit Card,2022-02-17,100000.00,Active
CARD000938,CUST02516,Debit Card,2022-02-19,50000.00,Blocked
CARD002348,CUST01333,Debit Card,2022-02-20,50000.00,Active
CARD004512,CUST02460,Credit Card,2022-02-20,1000000.00,Active
CARD004943,CUST01657,Corporate Card,2022-02-20,200000.00,Blocked
CARD002437,CUST03526,Debit Card,2022-02-21,100000.00,Active
CARD002984,CUST03726,Debit Card,2022-02-21,50000.00,Active
CARD003683,CUST02177,Credit Card,2022-02-21,500000.00,Inactive
CARD004616,CUST04217,Prepaid Card,2022-02-21,50000.00,Active
CARD004694,CUST03871,Debit Card,2022-02-22,100000.00,Blocked
CARD000440,CUST03274,Credit Card,2022-02-23,1000000.00,Active
CARD003032,CUST04273,Debit Card,2022-02-23,50000.00,Active
CARD004151,CUST00506,Debit Card,2022-02-23,50000.00,Active
CARD005138,CUST04005,Credit Card,2022-02-23,150000.00,Active
CARD000724,CUST04903,Debit Card,2022-02-24,25000.00,Active
CARD001011,CUST03471,Debit Card,2022-02-24,100000.00,Active
CARD003073,CUST00361,Prepaid Card,2022-02-24,25000.00,Expired
CARD003867,CUST01301,Credit Card,2022-02-24,150000.00,Active
CARD002266,CUST01390,Debit Card,2022-02-25,50000.00,Active
CARD004337,CUST03522,Credit Card,2022-02-25,500000.00,Active
CARD002365,CUST02734,Debit Card,2022-02-26,50000.00,Active
CARD004388,CUST01084,Debit Card,2022-02-26,50000.00,Active
CARD005082,CUST01312,Credit Card,2022-02-26,1000000.00,Active
CARD003407,CUST04103,Prepaid Card,2022-02-28,50000.00,Active
CARD003638,CUST01864,Corporate Card,2022-02-28,1500000.00,Active
CARD004336,CUST00736,Debit Card,2022-02-28,200000.00,Active
CARD000974,CUST00881,Debit Card,2022-03-01,50000.00,Active
CARD001145,CUST02810,Credit Card,2022-03-01,1000000.00,Active
CARD002063,CUST03422,Prepaid Card,2022-03-01,25000.00,Active
CARD002301,CUST03520,Credit Card,2022-03-01,50000.00,Blocked
CARD004730,CUST03323,Credit Card,2022-03-01,500000.00,Active
CARD002465,CUST04178,Credit Card,2022-03-02,50000.00,Expired
CARD003650,CUST01823,Debit Card,2022-03-02,100000.00,Expired
CARD003780,CUST02308,Debit Card,2022-03-02,50000.00,Active
CARD001664,CUST02009,Credit Card,2022-03-03,500000.00,Active
CARD002290,CUST01934,Credit Card,2022-03-03,500000.00,Active
CARD003071,CUST03540,Credit Card,2022-03-03,150000.00,Active
CARD005189,CUST00293,Credit Card,2022-03-03,250000.00,Active
CARD000730,CUST03350,Credit Card,2022-03-04,50000.00,Active
CARD003312,CUST01515,Corporate Card,2022-03-04,200000.00,Active
CARD004592,CUST00135,Debit Card,2022-03-04,50000.00,Active
CARD002581,CUST00337,Credit Card,2022-03-05,150000.00,Active
CARD004091,CUST00626,Corporate Card,2022-03-05,500000.00,Blocked
CARD001910,CUST02519,Credit Card,2022-03-07,1000000.00,Active
CARD001522,CUST04865,Corporate Card,2022-03-08,500000.00,Active
CARD003017,CUST04782,Debit Card,2022-03-09,200000.00,Active
CARD000898,CUST01091,Debit Card,2022-03-11,200000.00,Inactive
CARD004199,CUST00427,Credit Card,2022-03-12,150000.00,Active
CARD004590,CUST02373,Debit Card,2022-03-12,25000.00,Active
CARD002392,CUST03559,Credit Card,2022-03-14,250000.00,Active
CARD001573,CUST04403,Debit Card,2022-03-15,100000.00,Active
CARD004103,CUST03832,Credit Card,2022-03-15,1000000.00,Active
CARD000179,CUST01836,Credit Card,2022-03-16,500000.00,Active
CARD001020,CUST02535,Credit Card,2022-03-16,1000000.00,Active
CARD001539,CUST02625,Debit Card,2022-03-17,25000.00,Active
CARD004764,CUST02322,Credit Card,2022-03-17,500000.00,Active
CARD001355,CUST01367,Debit Card,2022-03-20,25000.00,Active
CARD004520,CUST04463,Debit Card,2022-03-20,25000.00,Active
CARD001344,CUST02960,Credit Card,2022-03-22,250000.00,Active
CARD002248,CUST01097,Debit Card,2022-03-24,200000.00,Active
CARD003172,CUST03643,Credit Card,2022-03-24,1000000.00,Active
CARD000614,CUST02905,Debit Card,2022-03-25,25000.00,Active
CARD000704,CUST04382,Debit Card,2022-03-25,100000.00,Active
CARD001270,CUST02557,Credit Card,2022-03-25,150000.00,Active
CARD003408,CUST00275,Debit Card,2022-03-25,100000.00,Active
CARD003760,CUST03490,Prepaid Card,2022-03-25,25000.00,Active
CARD004466,CUST01039,Debit Card,2022-03-26,50000.00,Active
CARD002841,CUST03208,Credit Card,2022-03-27,150000.00,Active
CARD002212,CUST03229,Corporate Card,2022-03-28,500000.00,Active
CARD003272,CUST04566,Debit Card,2022-03-28,100000.00,Active
CARD003756,CUST04091,Credit Card,2022-03-28,50000.00,Active
CARD004707,CUST04148,Prepaid Card,2022-03-28,10000.00,Active
CARD001661,CUST01325,Debit Card,2022-03-29,50000.00,Active
CARD002210,CUST00016,Debit Card,2022-03-29,50000.00,Active
CARD003555,CUST00329,Prepaid Card,2022-03-29,25000.00,Active
CARD003750,CUST03976,Prepaid Card,2022-03-29,10000.00,Active
CARD004822,CUST01832,Debit Card,2022-03-30,25000.00,Blocked
CARD002398,CUST03304,Prepaid Card,2022-04-01,50000.00,Active
CARD002777,CUST00874,Credit Card,2022-04-01,100000.00,Active
CARD000130,CUST01735,Prepaid Card,2022-04-02,10000.00,Active
CARD001941,CUST01624,Debit Card,2022-04-03,200000.00,Active
CARD004663,CUST04213,Debit Card,2022-04-03,100000.00,Expired
CARD002048,CUST03895,Credit Card,2022-04-04,250000.00,Blocked
CARD001820,CUST01567,Debit Card,2022-04-05,200000.00,Active
CARD002198,CUST03312,Credit Card,2022-04-05,1000000.00,Active
CARD002227,CUST02728,Credit Card,2022-04-06,500000.00,Active
CARD002390,CUST03027,Credit Card,2022-04-06,500000.00,Active
CARD000311,CUST03422,Credit Card,2022-04-07,1000000.00,Active
CARD001891,CUST00928,Credit Card,2022-04-07,50000.00,Active
CARD002657,CUST00470,Debit Card,2022-04-07,100000.00,Active
CARD002699,CUST00044,Prepaid Card,2022-04-07,50000.00,Active
CARD002911,CUST04346,Debit Card,2022-04-07,25000.00,Active
CARD001515,CUST00538,Debit Card,2022-04-08,50000.00,Inactive
CARD001768,CUST00017,Credit Card,2022-04-08,100000.00,Active
CARD002829,CUST00828,Credit Card,2022-04-09,150000.00,Active
CARD003406,CUST04154,Debit Card,2022-04-10,50000.00,Active
CARD003857,CUST00823,Credit Card,2022-04-10,50000.00,Active
CARD004356,CUST02366,Corporate Card,2022-04-10,200000.00,Active
CARD004973,CUST02027,Debit Card,2022-04-10,25000.00,Active
CARD002235,CUST02244,Prepaid Card,2022-04-11,25000.00,Active
CARD004154,CUST01795,Credit Card,2022-04-11,50000.00,Active
CARD001162,CUST02363,Credit Card,2022-04-12,250000.00,Active
CARD001164,CUST02232,Credit Card,2022-04-12,150000.00,Active
CARD001264,CUST04425,Debit Card,2022-04-12,100000.00,Blocked
CARD003660,CUST01068,Credit Card,2022-04-12,100000.00,Active
CARD004465,CUST03047,Credit Card,2022-04-12,50000.00,Active
CARD004178,CUST00083,Debit Card,2022-04-13,200000.00,Active
CARD000365,CUST04294,Debit Card,2022-04-14,25000.00,Active
CARD001135,CUST00462,Debit Card,2022-04-14,25000.00,Active
CARD004452,CUST01330,Debit Card,2022-04-14,100000.00,Active
CARD000556,CUST00617,Credit Card,2022-04-15,100000.00,Expired
CARD001610,CUST04677,Corporate Card,2022-04-15,500000.00,Active
CARD001917,CUST01173,Debit Card,2022-04-15,25000.00,Active
CARD002195,CUST01003,Debit Card,2022-04-15,200000.00,Expired
CARD002460,CUST00057,Credit Card,2022-04-15,500000.00,Active
CARD000156,CUST02176,Debit Card,2022-04-17,25000.00,Active
CARD000218,CUST04250,Debit Card,2022-04-17,25000.00,Expired
CARD001386,CUST00203,Credit Card,2022-04-18,1000000.00,Active
CARD001946,CUST04446,Credit Card,2022-04-18,250000.00,Active
CARD002541,CUST04040,Credit Card,2022-04-18,250000.00,Active
CARD004725,CUST04138,Prepaid Card,2022-04-18,50000.00,Active
CARD004770,CUST00286,Prepaid Card,2022-04-19,10000.00,Active
CARD003111,CUST03186,Debit Card,2022-04-20,25000.00,Active
CARD003237,CUST02958,Credit Card,2022-04-20,500000.00,Active
CARD003723,CUST04736,Corporate Card,2022-04-20,500000.00,Active
CARD003478,CUST02945,Credit Card,2022-04-22,100000.00,Active
CARD005083,CUST00610,Credit Card,2022-04-22,100000.00,Active
CARD001072,CUST00175,Debit Card,2022-04-23,100000.00,Active
CARD002836,CUST02832,Debit Card,2022-04-23,50000.00,Active
CARD002083,CUST01360,Corporate Card,2022-04-24,200000.00,Active
CARD004883,CUST00017,Debit Card,2022-04-24,25000.00,Expired
CARD004958,CUST02876,Corporate Card,2022-04-24,500000.00,Active
CARD002494,CUST04828,Credit Card,2022-04-25,100000.00,Active
CARD001134,CUST02681,Prepaid Card,2022-04-26,25000.00,Expired
CARD001280,CUST03411,Credit Card,2022-04-26,50000.00,Active
CARD002242,CUST04246,Credit Card,2022-04-26,250000.00,Active
CARD003951,CUST04421,Prepaid Card,2022-04-26,10000.00,Active
CARD005092,CUST01429,Debit Card,2022-04-27,50000.00,Active
CARD000226,CUST03684,Debit Card,2022-04-28,50000.00,Active
CARD005039,CUST03643,Debit Card,2022-04-28,25000.00,Active
CARD001091,CUST02562,Credit Card,2022-04-30,50000.00,Active
CARD004535,CUST04949,Debit Card,2022-04-30,100000.00,Active
CARD005151,CUST03516,Debit Card,2022-04-30,200000.00,Active
CARD001121,CUST01120,Debit Card,2022-05-01,200000.00,Expired
CARD001263,CUST03964,Corporate Card,2022-05-01,1500000.00,Active
CARD001714,CUST01013,Debit Card,2022-05-01,200000.00,Active
CARD003704,CUST01903,Prepaid Card,2022-05-02,10000.00,Expired
CARD004027,CUST02136,Credit Card,2022-05-02,1000000.00,Blocked
CARD004761,CUST04855,Prepaid Card,2022-05-02,10000.00,Active
CARD000097,CUST03742,Debit Card,2022-05-03,100000.00,Active
CARD002184,CUST00860,Debit Card,2022-05-03,25000.00,Active
CARD002643,CUST02168,Debit Card,2022-05-03,50000.00,Active
CARD003254,CUST02149,Credit Card,2022-05-04,500000.00,Active
CARD004207,CUST00134,Credit Card,2022-05-04,100000.00,Active
CARD001826,CUST00293,Credit Card,2022-05-10,250000.00,Active
CARD003325,CUST04043,Credit Card,2022-05-10,1000000.00,Active
CARD003398,CUST04262,Debit Card,2022-05-10,50000.00,Active
CARD000396,CUST04285,Debit Card,2022-05-11,200000.00,Blocked
CARD004289,CUST03976,Debit Card,2022-05-12,50000.00,Active
CARD000668,CUST00126,Credit Card,2022-05-13,50000.00,Active
CARD002626,CUST01811,Credit Card,2022-05-13,100000.00,Active
CARD000229,CUST01468,Credit Card,2022-05-14,100000.00,Active
CARD000786,CUST02283,Prepaid Card,2022-05-14,50000.00,Expired
CARD003451,CUST03483,Debit Card,2022-05-14,50000.00,Active
CARD001441,CUST03148,Credit Card,2022-05-15,250000.00,Active
CARD002668,CUST04448,Credit Card,2022-05-15,250000.00,Expired
CARD003988,CUST02917,Credit Card,2022-05-15,150000.00,Active
CARD001387,CUST00566,Credit Card,2022-05-16,500000.00,Active
CARD004524,CUST02430,Credit Card,2022-05-16,150000.00,Active
CARD004652,CUST00390,Credit Card,2022-05-16,500000.00,Active
CARD005001,CUST04759,Debit Card,2022-05-16,25000.00,Active
CARD000325,CUST02908,Corporate Card,2022-05-17,1500000.00,Active
CARD004300,CUST01313,Debit Card,2022-05-17,25000.00,Active
CARD003696,CUST02646,Debit Card,2022-05-18,25000.00,Active
CARD000124,CUST00549,Credit Card,2022-05-19,50000.00,Active
CARD001648,CUST03443,Debit Card,2022-05-19,100000.00,Active
CARD002573,CUST04168,Credit Card,2022-05-19,1000000.00,Active
CARD002740,CUST01932,Debit Card,2022-05-19,100000.00,Active
CARD002797,CUST00917,Credit Card,2022-05-19,150000.00,Active
CARD003592,CUST02172,Debit Card,2022-05-19,50000.00,Blocked
CARD004254,CUST00688,Credit Card,2022-05-20,50000.00,Active
CARD004246,CUST01727,Credit Card,2022-05-21,100000.00,Active
CARD000569,CUST02408,Debit Card,2022-05-22,200000.00,Active
CARD002005,CUST03694,Debit Card,2022-05-22,50000.00,Active
CARD004094,CUST03702,Debit Card,2022-05-22,25000.00,Active
CARD002099,CUST02503,Debit Card,2022-05-23,50000.00,Active
CARD002360,CUST04820,Prepaid Card,2022-05-23,25000.00,Blocked
CARD002996,CUST01893,Credit Card,2022-05-23,150000.00,Blocked
CARD003556,CUST01893,Credit Card,2022-05-23,100000.00,Active
CARD004993,CUST03974,Credit Card,2022-05-23,100000.00,Active
CARD005185,CUST00812,Credit Card,2022-05-23,100000.00,Active
CARD000757,CUST00016,Credit Card,2022-05-24,100000.00,Active
CARD003771,CUST01709,Debit Card,2022-05-25,100000.00,Active
CARD003909,CUST02467,Credit Card,2022-05-25,50000.00,Active
CARD002168,CUST03550,Credit Card,2022-05-26,1000000.00,Active
CARD002270,CUST02867,Debit Card,2022-05-26,100000.00,Active
CARD003779,CUST02548,Debit Card,2022-05-26,200000.00,Active
CARD004364,CUST02958,Credit Card,2022-05-26,150000.00,Active
CARD003675,CUST01190,Debit Card,2022-05-27,100000.00,Active
CARD004113,CUST00948,Prepaid Card,2022-05-27,25000.00,Active
CARD001106,CUST01675,Credit Card,2022-05-28,150000.00,Active
CARD001980,CUST04589,Prepaid Card,2022-05-28,10000.00,Active
CARD002003,CUST02895,Debit Card,2022-05-28,50000.00,Active
CARD002402,CUST00360,Credit Card,2022-05-28,500000.00,Active
CARD002038,CUST02090,Credit Card,2022-05-29,100000.00,Active
CARD001557,CUST02455,Debit Card,2022-05-31,200000.00,Expired
CARD002907,CUST01413,Debit Card,2022-05-31,100000.00,Active
CARD002963,CUST04563,Prepaid Card,2022-05-31,25000.00,Active
CARD004385,CUST00954,Debit Card,2022-05-31,25000.00,Active
CARD004831,CUST00718,Credit Card,2022-05-31,50000.00,Expired
CARD001916,CUST02571,Debit Card,2022-06-01,50000.00,Active
CARD001051,CUST02051,Debit Card,2022-06-02,100000.00,Active
CARD003841,CUST04039,Credit Card,2022-06-02,100000.00,Active
CARD004379,CUST01969,Credit Card,2022-06-02,50000.00,Active
CARD004677,CUST04343,Debit Card,2022-06-02,200000.00,Blocked
CARD001365,CUST02048,Credit Card,2022-06-03,100000.00,Active
CARD004123,CUST00071,Debit Card,2022-06-03,100000.00,Active
CARD004291,CUST01158,Credit Card,2022-06-03,50000.00,Active
CARD005179,CUST04974,Debit Card,2022-06-03,100000.00,Active
CARD000104,CUST04509,Credit Card,2022-06-04,250000.00,Active
CARD000629,CUST04601,Credit Card,2022-06-06,500000.00,Blocked
CARD000648,CUST03730,Debit Card,2022-06-06,50000.00,Blocked
CARD000681,CUST00630,Debit Card,2022-06-06,100000.00,Expired
CARD001124,CUST03122,Credit Card,2022-06-07,500000.00,Active
CARD002017,CUST01317,Credit Card,2022-06-07,1000000.00,Active
CARD002152,CUST01863,Credit Card,2022-06-07,1000000.00,Active
CARD003122,CUST00421,Credit Card,2022-06-07,1000000.00,Active
CARD003485,CUST04052,Corporate Card,2022-06-08,200000.00,Active
CARD003984,CUST02462,Debit Card,2022-06-08,25000.00,Active
CARD004743,CUST02427,Credit Card,2022-06-08,150000.00,Active
CARD001843,CUST00303,Credit Card,2022-06-09,250000.00,Active
CARD003850,CUST02639,Credit Card,2022-06-09,1000000.00,Active
CARD000067,CUST02005,Debit Card,2022-06-10,50000.00,Active
CARD001992,CUST01815,Debit Card,2022-06-10,25000.00,Inactive
CARD002350,CUST04180,Debit Card,2022-06-10,25000.00,Active
CARD002519,CUST04085,Debit Card,2022-06-11,200000.00,Inactive
CARD003711,CUST04516,Debit Card,2022-06-11,200000.00,Active
CARD004700,CUST00976,Debit Card,2022-06-11,200000.00,Blocked
CARD001829,CUST02096,Debit Card,2022-06-12,25000.00,Active
CARD000046,CUST04730,Debit Card,2022-06-14,25000.00,Active
CARD001590,CUST02741,Prepaid Card,2022-06-14,25000.00,Expired
CARD004001,CUST01482,Debit Card,2022-06-14,25000.00,Active
CARD004179,CUST02314,Debit Card,2022-06-14,25000.00,Active
CARD004957,CUST02674,Debit Card,2022-06-14,50000.00,Active
CARD001497,CUST02593,Debit Card,2022-06-15,50000.00,Active
CARD001711,CUST00807,Corporate Card,2022-06-15,1500000.00,Active
CARD002744,CUST04196,Credit Card,2022-06-15,500000.00,Active
CARD000346,CUST01354,Debit Card,2022-06-16,200000.00,Active
CARD000900,CUST01816,Prepaid Card,2022-06-16,25000.00,Active
CARD001382,CUST02885,Corporate Card,2022-06-16,200000.00,Active
CARD002922,CUST01133,Debit Card,2022-06-16,200000.00,Active
CARD003329,CUST02859,Credit Card,2022-06-16,500000.00,Active
CARD003465,CUST01183,Credit Card,2022-06-16,500000.00,Active
CARD004100,CUST04951,Credit Card,2022-06-16,500000.00,Active
CARD004620,CUST02412,Credit Card,2022-06-16,500000.00,Active
CARD005139,CUST02672,Debit Card,2022-06-16,25000.00,Blocked
CARD003183,CUST02341,Credit Card,2022-06-18,150000.00,Blocked
CARD004004,CUST02358,Credit Card,2022-06-18,150000.00,Active
CARD004838,CUST04333,Debit Card,2022-06-18,100000.00,Active
CARD000394,CUST00051,Credit Card,2022-06-20,50000.00,Active
CARD000403,CUST03774,Debit Card,2022-06-20,50000.00,Active
CARD000416,CUST02317,Credit Card,2022-06-20,100000.00,Active
CARD000634,CUST03080,Credit Card,2022-06-21,250000.00,Active
CARD004904,CUST03203,Debit Card,2022-06-21,25000.00,Active
CARD001104,CUST00029,Debit Card,2022-06-22,100000.00,Expired
CARD002440,CUST02812,Debit Card,2022-06-22,50000.00,Inactive
CARD004531,CUST01327,Debit Card,2022-06-22,200000.00,Active
CARD000235,CUST03535,Credit Card,2022-06-23,250000.00,Blocked
CARD002805,CUST01769,Prepaid Card,2022-06-23,50000.00,Active
CARD002869,CUST01227,Debit Card,2022-06-23,200000.00,Active
CARD000262,CUST04580,Credit Card,2022-06-24,1000000.00,Active
CARD003361,CUST02324,Debit Card,2022-06-24,100000.00,Active
CARD004341,CUST00779,Debit Card,2022-06-24,50000.00,Active
CARD000261,CUST02227,Prepaid Card,2022-06-25,50000.00,Active
CARD003338,CUST03778,Credit Card,2022-06-25,50000.00,Expired
CARD003790,CUST03627,Prepaid Card,2022-06-25,50000.00,Active
CARD004565,CUST02933,Prepaid Card,2022-06-25,50000.00,Active
CARD004975,CUST04572,Corporate Card,2022-06-25,200000.00,Active
CARD001606,CUST03735,Corporate Card,2022-06-26,200000.00,Expired
CARD002514,CUST04075,Debit Card,2022-06-26,200000.00,Expired
CARD004605,CUST01643,Debit Card,2022-06-26,50000.00,Active
CARD002468,CUST02174,Credit Card,2022-06-27,50000.00,Blocked
CARD000954,CUST02904,Credit Card,2022-06-28,100000.00,Expired
CARD003429,CUST00549,Credit Card,2022-06-28,150000.00,Active
CARD003201,CUST03501,Credit Card,2022-06-30,50000.00,Active
CARD005144,CUST04347,Credit Card,2022-06-30,50000.00,Active
CARD001551,CUST00229,Debit Card,2022-07-01,50000.00,Active
CARD002367,CUST02196,Prepaid Card,2022-07-01,25000.00,Active
CARD004610,CUST02283,Credit Card,2022-07-01,50000.00,Active
CARD000292,CUST02963,Debit Card,2022-07-02,25000.00,Active
CARD001205,CUST01797,Debit Card,2022-07-02,100000.00,Active
CARD004126,CUST01475,Debit Card,2022-07-02,25000.00,Active
CARD004342,CUST00775,Debit Card,2022-07-03,200000.00,Active
CARD000079,CUST03004,Credit Card,2022-07-04,100000.00,Blocked
CARD000443,CUST01648,Credit Card,2022-07-04,250000.00,Inactive
CARD000504,CUST04398,Credit Card,2022-07-04,1000000.00,Active
CARD000551,CUST01928,Credit Card,2022-07-04,50000.00,Active
CARD005198,CUST01615,Prepaid Card,2022-07-04,50000.00,Active
CARD002000,CUST03406,Debit Card,2022-07-05,50000.00,Inactive
CARD004533,CUST00630,Debit Card,2022-07-05,200000.00,Active
CARD000586,CUST03353,Credit Card,2022-07-06,500000.00,Active
CARD000674,CUST00586,Credit Card,2022-07-06,150000.00,Active
CARD002808,CUST03812,Credit Card,2022-07-06,1000000.00,Active
CARD003289,CUST01904,Credit Card,2022-07-06,150000.00,Active
CARD003541,CUST01196,Prepaid Card,2022-07-06,25000.00,Active
CARD002574,CUST01603,Debit Card,2022-07-07,200000.00,Active
CARD003305,CUST01620,Debit Card,2022-07-07,25000.00,Active
CARD001458,CUST01706,Debit Card,2022-07-08,200000.00,Expired
CARD003464,CUST01447,Debit Card,2022-07-08,100000.00,Active
CARD003486,CUST00684,Credit Card,2022-07-08,250000.00,Active
CARD003083,CUST02725,Debit Card,2022-07-10,100000.00,Blocked
CARD003358,CUST00613,Credit Card,2022-07-10,250000.00,Active
CARD003383,CUST03693,Prepaid Card,2022-07-10,25000.00,Active
CARD003874,CUST03980,Credit Card,2022-07-10,250000.00,Active
CARD000737,CUST00154,Debit Card,2022-07-11,25000.00,Active
CARD000893,CUST02491,Debit Card,2022-07-11,50000.00,Active
CARD002710,CUST00772,Credit Card,2022-07-11,1000000.00,Active
CARD003054,CUST00154,Credit Card,2022-07-11,1000000.00,Active
CARD004487,CUST00176,Credit Card,2022-07-11,100000.00,Active
CARD004720,CUST03035,Credit Card,2022-07-11,100000.00,Active
CARD000903,CUST02868,Credit Card,2022-07-12,1000000.00,Active
CARD000038,CUST03764,Debit Card,2022-07-13,100000.00,Active
CARD001817,CUST02952,Debit Card,2022-07-13,50000.00,Active
CARD001983,CUST00632,Debit Card,2022-07-13,200000.00,Blocked
CARD004374,CUST04514,Credit Card,2022-07-13,150000.00,Active
CARD002960,CUST04964,Debit Card,2022-07-14,200000.00,Blocked
CARD005190,CUST03152,Credit Card,2022-07-14,250000.00,Active
CARD002850,CUST04513,Debit Card,2022-07-15,200000.00,Expired
CARD003589,CUST02935,Debit Card,2022-07-15,200000.00,Active
CARD003738,CUST03611,Credit Card,2022-07-15,150000.00,Active
CARD000216,CUST02747,Debit Card,2022-07-16,25000.00,Active
CARD003824,CUST03588,Credit Card,2022-07-16,100000.00,Expired
CARD002204,CUST02919,Credit Card,2022-07-17,500000.00,Active
CARD001294,CUST00700,Prepaid Card,2022-07-18,10000.00,Inactive
CARD004890,CUST04584,Prepaid Card,2022-07-19,25000.00,Active
CARD005085,CUST04716,Debit Card,2022-07-19,100000.00,Active
CARD002558,CUST01884,Debit Card,2022-07-20,200000.00,Active
CARD004817,CUST00345,Credit Card,2022-07-20,500000.00,Active
CARD000013,CUST04950,Debit Card,2022-07-21,100000.00,Active
CARD001462,CUST04039,Credit Card,2022-07-21,500000.00,Active
CARD002997,CUST03405,Prepaid Card,2022-07-21,25000.00,Active
CARD003048,CUST02782,Corporate Card,2022-07-21,200000.00,Active
CARD003380,CUST03652,Prepaid Card,2022-07-22,25000.00,Active
CARD003531,CUST02772,Debit Card,2022-07-22,25000.00,Expired
CARD005017,CUST00056,Debit Card,2022-07-22,50000.00,Active
CARD000023,CUST01548,Credit Card,2022-07-23,500000.00,Active
CARD003180,CUST00887,Credit Card,2022-07-23,1000000.00,Active
CARD000237,CUST03642,Credit Card,2022-07-24,1000000.00,Active
CARD002766,CUST04675,Debit Card,2022-07-26,200000.00,Active
CARD002833,CUST02733,Debit Card,2022-07-26,200000.00,Active
CARD004820,CUST02865,Debit Card,2022-07-26,25000.00,Active
CARD000639,CUST03005,Debit Card,2022-07-28,50000.00,Active
CARD000877,CUST02934,Debit Card,2022-07-28,100000.00,Active
CARD001755,CUST02933,Credit Card,2022-07-28,250000.00,Active
CARD002362,CUST03452,Corporate Card,2022-07-28,1500000.00,Active
CARD002765,CUST04316,Corporate Card,2022-07-28,1500000.00,Active
CARD003025,CUST02768,Prepaid Card,2022-07-28,25000.00,Active
CARD004135,CUST04607,Debit Card,2022-07-29,200000.00,Active
CARD000670,CUST02060,Credit Card,2022-07-30,150000.00,Active
CARD003018,CUST00033,Credit Card,2022-07-30,50000.00,Active
CARD001702,CUST00813,Credit Card,2022-07-31,100000.00,Active
CARD002329,CUST01644,Debit Card,2022-07-31,100000.00,Active
CARD003039,CUST03195,Credit Card,2022-07-31,500000.00,Active
CARD000293,CUST00028,Credit Card,2022-08-01,50000.00,Expired
CARD004909,CUST01828,Prepaid Card,2022-08-01,10000.00,Active
CARD005170,CUST03439,Debit Card,2022-08-01,50000.00,Active
CARD001597,CUST00989,Credit Card,2022-08-02,100000.00,Active
CARD004752,CUST03341,Credit Card,2022-08-02,100000.00,Expired
CARD000658,CUST04164,Credit Card,2022-08-03,250000.00,Active
CARD000845,CUST00931,Credit Card,2022-08-03,250000.00,Active
CARD002336,CUST03679,Debit Card,2022-08-03,25000.00,Active
CARD000190,CUST03474,Credit Card,2022-08-04,150000.00,Active
CARD004745,CUST01539,Debit Card,2022-08-04,25000.00,Active
CARD001526,CUST03680,Debit Card,2022-08-05,25000.00,Active
CARD003164,CUST03139,Debit Card,2022-08-05,25000.00,Blocked
CARD001791,CUST03715,Credit Card,2022-08-06,500000.00,Expired
CARD003728,CUST03257,Prepaid Card,2022-08-06,10000.00,Active
CARD004619,CUST00131,Debit Card,2022-08-06,200000.00,Active
CARD000853,CUST02411,Credit Card,2022-08-07,250000.00,Active
CARD000339,CUST02660,Credit Card,2022-08-08,100000.00,Active
CARD001924,CUST02648,Debit Card,2022-08-08,25000.00,Active
CARD002921,CUST03864,Credit Card,2022-08-08,1000000.00,Expired
CARD004259,CUST02077,Debit Card,2022-08-08,50000.00,Active
CARD000759,CUST03631,Credit Card,2022-08-09,150000.00,Active
CARD003669,CUST00610,Debit Card,2022-08-09,25000.00,Active
CARD001531,CUST02615,Debit Card,2022-08-10,25000.00,Expired
CARD001564,CUST01986,Debit Card,2022-08-10,50000.00,Active
CARD003209,CUST00899,Debit Card,2022-08-10,50000.00,Expired
CARD000082,CUST04891,Credit Card,2022-08-11,500000.00,Active
CARD001652,CUST00356,Debit Card,2022-08-11,100000.00,Active
CARD004768,CUST01633,Credit Card,2022-08-11,150000.00,Active
CARD000158,CUST01541,Debit Card,2022-08-12,100000.00,Expired
CARD000414,CUST03532,Debit Card,2022-08-12,100000.00,Active
CARD003186,CUST00519,Debit Card,2022-08-12,50000.00,Active
CARD003833,CUST02758,Credit Card,2022-08-12,150000.00,Active
CARD001444,CUST01898,Credit Card,2022-08-13,250000.00,Blocked
CARD001524,CUST02983,Debit Card,2022-08-13,50000.00,Active
CARD003387,CUST01640,Debit Card,2022-08-13,50000.00,Active
CARD004604,CUST04822,Debit Card,2022-08-13,25000.00,Active
CARD000333,CUST04918,Debit Card,2022-08-14,25000.00,Inactive
CARD001406,CUST01949,Credit Card,2022-08-14,1000000.00,Active
CARD003674,CUST02833,Debit Card,2022-08-14,25000.00,Active
CARD002376,CUST03599,Debit Card,2022-08-15,100000.00,Active
CARD000188,CUST00993,Credit Card,2022-08-16,50000.00,Active
CARD001742,CUST03359,Debit Card,2022-08-16,200000.00,Active
CARD003524,CUST04111,Credit Card,2022-08-16,1000000.00,Active
CARD004083,CUST01912,Debit Card,2022-08-16,50000.00,Active
CARD004858,CUST01483,Credit Card,2022-08-16,150000.00,Active
CARD002076,CUST02819,Debit Card,2022-08-17,100000.00,Blocked
CARD002138,CUST03823,Credit Card,2022-08-17,150000.00,Active
CARD002622,CUST02377,Credit Card,2022-08-17,250000.00,Active
CARD005125,CUST00506,Debit Card,2022-08-17,100000.00,Active
CARD001575,CUST02234,Debit Card,2022-08-18,25000.00,Active
CARD002790,CUST00765,Debit Card,2022-08-18,200000.00,Expired
CARD003374,CUST04121,Credit Card,2022-08-18,50000.00,Active
CARD004984,CUST03506,Debit Card,2022-08-18,25000.00,Active
CARD001517,CUST03262,Debit Card,2022-08-19,100000.00,Active
CARD003922,CUST04586,Credit Card,2022-08-19,50000.00,Active
CARD001102,CUST03581,Corporate Card,2022-08-20,200000.00,Active
CARD001769,CUST01225,Debit Card,2022-08-20,100000.00,Active
CARD003873,CUST00721,Credit Card,2022-08-20,150000.00,Active
CARD004634,CUST01642,Prepaid Card,2022-08-20,10000.00,Active
CARD004704,CUST02232,Credit Card,2022-08-20,150000.00,Active
CARD005080,CUST03134,Credit Card,2022-08-20,250000.00,Active
CARD003410,CUST04864,Credit Card,2022-08-21,150000.00,Active
CARD005141,CUST04606,Debit Card,2022-08-21,100000.00,Active
CARD000353,CUST02097,Prepaid Card,2022-08-22,10000.00,Active
CARD002034,CUST00669,Credit Card,2022-08-22,150000.00,Blocked
CARD003963,CUST02192,Corporate Card,2022-08-22,200000.00,Active
CARD004695,CUST03786,Debit Card,2022-08-22,25000.00,Active
CARD005171,CUST03811,Debit Card,2022-08-22,100000.00,Active
CARD001236,CUST03093,Credit Card,2022-08-23,150000.00,Active
CARD001125,CUST04011,Credit Card,2022-08-24,150000.00,Active
CARD004628,CUST01363,Credit Card,2022-08-24,1000000.00,Active
CARD004926,CUST01410,Debit Card,2022-08-24,50000.00,Active
CARD005084,CUST02783,Credit Card,2022-08-25,250000.00,Active
CARD003217,CUST02346,Credit Card,2022-08-26,50000.00,Active
CARD000908,CUST02496,Credit Card,2022-08-27,500000.00,Expired
CARD000992,CUST01248,Debit Card,2022-08-27,100000.00,Active
CARD000161,CUST04706,Debit Card,2022-08-28,100000.00,Active
CARD001204,CUST02916,Credit Card,2022-08-28,150000.00,Inactive
CARD002496,CUST00399,Credit Card,2022-08-28,1000000.00,Active
CARD003279,CUST00079,Debit Card,2022-08-28,50000.00,Active
CARD003507,CUST02523,Credit Card,2022-08-28,500000.00,Active
CARD003665,CUST02330,Debit Card,2022-08-28,25000.00,Active
CARD003549,CUST02471,Credit Card,2022-08-29,150000.00,Active
CARD004602,CUST03579,Credit Card,2022-08-30,150000.00,Active
CARD000387,CUST03078,Debit Card,2022-09-01,50000.00,Active
CARD004967,CUST01894,Credit Card,2022-09-01,1000000.00,Active
CARD005009,CUST01337,Debit Card,2022-09-01,25000.00,Active
CARD002154,CUST03542,Credit Card,2022-09-02,50000.00,Blocked
CARD000532,CUST00599,Debit Card,2022-09-03,200000.00,Active
CARD001477,CUST03773,Debit Card,2022-09-03,50000.00,Active
CARD002801,CUST04099,Credit Card,2022-09-04,500000.00,Inactive
CARD003040,CUST01050,Credit Card,2022-09-04,1000000.00,Inactive
CARD001311,CUST02607,Debit Card,2022-09-05,200000.00,Active
CARD003998,CUST02509,Debit Card,2022-09-06,100000.00,Inactive
CARD004181,CUST00390,Debit Card,2022-09-06,100000.00,Active
CARD000606,CUST04586,Credit Card,2022-09-07,1000000.00,Inactive
CARD002455,CUST04757,Debit Card,2022-09-07,25000.00,Active
CARD003701,CUST03826,Credit Card,2022-09-07,250000.00,Active
CARD004870,CUST01604,Debit Card,2022-09-07,200000.00,Active
CARD001605,CUST00262,Credit Card,2022-09-08,250000.00,Active
CARD001777,CUST01577,Credit Card,2022-09-08,50000.00,Active
CARD003619,CUST00438,Debit Card,2022-09-08,100000.00,Active
CARD003849,CUST01300,Credit Card,2022-09-09,150000.00,Active
CARD004405,CUST00754,Credit Card,2022-09-09,100000.00,Active
CARD004747,CUST03942,Credit Card,2022-09-09,250000.00,Active
CARD001240,CUST04785,Debit Card,2022-09-10,50000.00,Active
CARD000446,CUST01899,Debit Card,2022-09-11,50000.00,Active
CARD004804,CUST02195,Prepaid Card,2022-09-11,25000.00,Active
CARD002596,CUST00701,Debit Card,2022-09-12,50000.00,Active
CARD000985,CUST00499,Credit Card,2022-09-13,500000.00,Active
CARD001478,CUST02870,Debit Card,2022-09-13,100000.00,Active
CARD000474,CUST01869,Debit Card,2022-09-14,25000.00,Active
CARD001228,CUST03319,Debit Card,2022-09-14,200000.00,Active
CARD001279,CUST04722,Debit Card,2022-09-14,200000.00,Active
CARD002683,CUST01651,Credit Card,2022-09-14,50000.00,Active
CARD002769,CUST00732,Debit Card,2022-09-14,100000.00,Active
CARD004723,CUST04938,Credit Card,2022-09-14,50000.00,Active
CARD000554,CUST01478,Credit Card,2022-09-16,1000000.00,Active
CARD000804,CUST01917,Debit Card,2022-09-16,25000.00,Active
CARD001308,CUST02967,Prepaid Card,2022-09-16,25000.00,Active
CARD002952,CUST01556,Credit Card,2022-09-16,1000000.00,Active
CARD003797,CUST02598,Debit Card,2022-09-16,25000.00,Active
CARD005072,CUST02277,Credit Card,2022-09-16,500000.00,Active
CARD001127,CUST00892,Credit Card,2022-09-17,500000.00,Expired
CARD001888,CUST01468,Credit Card,2022-09-17,500000.00,Active
CARD004068,CUST00899,Prepaid Card,2022-09-17,50000.00,Active
CARD000255,CUST03819,Debit Card,2022-09-18,50000.00,Active
CARD002133,CUST04452,Corporate Card,2022-09-18,200000.00,Active
CARD003095,CUST04594,Debit Card,2022-09-19,200000.00,Active
CARD003919,CUST04970,Credit Card,2022-09-20,1000000.00,Active
CARD000815,CUST02628,Debit Card,2022-09-21,50000.00,Expired
CARD001221,CUST02664,Credit Card,2022-09-21,150000.00,Active
CARD002092,CUST00060,Credit Card,2022-09-21,50000.00,Active
CARD002391,CUST02977,Credit Card,2022-09-21,1000000.00,Active
CARD003747,CUST04627,Corporate Card,2022-09-21,1500000.00,Active
CARD004186,CUST01024,Credit Card,2022-09-21,500000.00,Active
CARD004881,CUST04197,Credit Card,2022-09-21,1000000.00,Active
CARD004976,CUST03182,Corporate Card,2022-09-21,500000.00,Active
CARD000068,CUST02731,Debit Card,2022-09-22,25000.00,Active
CARD001715,CUST04791,Debit Card,2022-09-22,25000.00,Expired
CARD001322,CUST02943,Debit Card,2022-09-23,100000.00,Active
CARD003615,CUST03987,Prepaid Card,2022-09-23,25000.00,Inactive
CARD001874,CUST04245,Debit Card,2022-09-25,200000.00,Active
CARD002567,CUST02876,Debit Card,2022-09-25,100000.00,Active
CARD000945,CUST02121,Debit Card,2022-09-26,50000.00,Active
CARD001918,CUST02653,Credit Card,2022-09-26,1000000.00,Active
CARD002964,CUST03145,Debit Card,2022-09-26,100000.00,Active
CARD004316,CUST04237,Debit Card,2022-09-27,25000.00,Active
CARD005126,CUST00872,Credit Card,2022-09-27,250000.00,Active
CARD001388,CUST03012,Credit Card,2022-09-28,1000000.00,Active
CARD003990,CUST04581,Prepaid Card,2022-09-28,25000.00,Expired
CARD004756,CUST01784,Credit Card,2022-09-28,250000.00,Active
CARD001167,CUST03814,Credit Card,2022-09-29,150000.00,Active
CARD002768,CUST02690,Debit Card,2022-09-29,100000.00,Active
CARD003178,CUST01882,Credit Card,2022-09-29,50000.00,Active
CARD003691,CUST00836,Corporate Card,2022-09-29,200000.00,Active
CARD001285,CUST02486,Credit Card,2022-09-30,250000.00,Active
CARD005088,CUST00080,Corporate Card,2022-09-30,200000.00,Active
CARD002824,CUST01534,Debit Card,2022-10-01,25000.00,Active
CARD001151,CUST03598,Credit Card,2022-10-02,150000.00,Active
CARD003568,CUST00687,Prepaid Card,2022-10-02,10000.00,Active
CARD001513,CUST02719,Debit Card,2022-10-03,200000.00,Blocked
CARD001705,CUST03731,Debit Card,2022-10-03,25000.00,Active
CARD003390,CUST02475,Debit Card,2022-10-03,100000.00,Active
CARD004690,CUST03114,Debit Card,2022-10-03,100000.00,Active
CARD004530,CUST00250,Credit Card,2022-10-04,100000.00,Active
CARD001448,CUST04148,Prepaid Card,2022-10-05,10000.00,Active
CARD004416,CUST04741,Credit Card,2022-10-06,100000.00,Active
CARD000796,CUST01283,Credit Card,2022-10-07,50000.00,Active
CARD004563,CUST01762,Debit Card,2022-10-07,25000.00,Inactive
CARD002395,CUST04575,Credit Card,2022-10-08,150000.00,Active
CARD002671,CUST01526,Credit Card,2022-10-08,500000.00,Inactive
CARD002112,CUST02118,Credit Card,2022-10-09,1000000.00,Active
CARD003684,CUST04647,Debit Card,2022-10-09,50000.00,Active
CARD000306,CUST04313,Credit Card,2022-10-10,100000.00,Active
CARD001363,CUST02853,Debit Card,2022-10-10,50000.00,Active
CARD001483,CUST04245,Debit Card,2022-10-10,100000.00,Active
CARD002456,CUST03493,Credit Card,2022-10-10,1000000.00,Active
CARD002580,CUST01983,Debit Card,2022-10-10,200000.00,Active
CARD004202,CUST03334,Credit Card,2022-10-10,150000.00,Active
CARD004296,CUST02389,Credit Card,2022-10-12,50000.00,Active
CARD004623,CUST00405,Credit Card,2022-10-12,50000.00,Active
CARD004933,CUST04992,Credit Card,2022-10-12,250000.00,Blocked
CARD000054,CUST02513,Debit Card,2022-10-13,200000.00,Active
CARD000146,CUST02755,Debit Card,2022-10-13,200000.00,Active
CARD000359,CUST00681,Debit Card,2022-10-13,100000.00,Active
CARD000995,CUST04281,Debit Card,2022-10-13,100000.00,Active
CARD003664,CUST00560,Debit Card,2022-10-13,200000.00,Active
CARD004044,CUST01096,Credit Card,2022-10-13,250000.00,Active
CARD001018,CUST00609,Credit Card,2022-10-14,150000.00,Blocked
CARD000767,CUST00119,Debit Card,2022-10-15,25000.00,Active
CARD001369,CUST04583,Prepaid Card,2022-10-15,50000.00,Active
CARD004854,CUST04969,Prepaid Card,2022-10-15,50000.00,Active
CARD000958,CUST04410,Debit Card,2022-10-16,25000.00,Active
CARD001568,CUST00490,Credit Card,2022-10-16,500000.00,Active
CARD002294,CUST04767,Prepaid Card,2022-10-16,50000.00,Inactive
CARD002706,CUST04100,Debit Card,2022-10-16,200000.00,Active
CARD002852,CUST03903,Debit Card,2022-10-16,25000.00,Expired
CARD004906,CUST00344,Credit Card,2022-10-16,1000000.00,Active
CARD003682,CUST00849,Credit Card,2022-10-17,150000.00,Active
CARD002549,CUST04878,Credit Card,2022-10-18,500000.00,Blocked
CARD002953,CUST04373,Credit Card,2022-10-19,50000.00,Active
CARD004358,CUST04744,Credit Card,2022-10-19,100000.00,Active
CARD000713,CUST03114,Debit Card,2022-10-20,50000.00,Active
CARD000914,CUST04294,Credit Card,2022-10-20,1000000.00,Inactive
CARD003543,CUST03378,Corporate Card,2022-10-20,500000.00,Active
CARD001089,CUST00824,Credit Card,2022-10-21,50000.00,Active
CARD001416,CUST00135,Credit Card,2022-10-21,50000.00,Active
CARD003960,CUST02109,Credit Card,2022-10-21,1000000.00,Active
CARD004570,CUST03194,Debit Card,2022-10-21,200000.00,Expired
CARD005174,CUST01271,Credit Card,2022-10-21,250000.00,Active
CARD000455,CUST01147,Debit Card,2022-10-22,25000.00,Active
CARD002617,CUST04273,Credit Card,2022-10-22,1000000.00,Active
CARD000400,CUST00532,Credit Card,2022-10-24,250000.00,Active
CARD002476,CUST04238,Debit Card,2022-10-24,100000.00,Active
CARD003523,CUST01839,Debit Card,2022-10-24,100000.00,Active
CARD001188,CUST01320,Credit Card,2022-10-25,100000.00,Active
CARD002330,CUST02628,Debit Card,2022-10-25,200000.00,Active
CARD002416,CUST03362,Debit Card,2022-10-25,200000.00,Active
CARD003571,CUST02626,Credit Card,2022-10-25,1000000.00,Active
CARD004085,CUST04740,Credit Card,2022-10-25,150000.00,Active
CARD003424,CUST02527,Debit Card,2022-10-26,50000.00,Active
CARD003884,CUST03823,Credit Card,2022-10-26,1000000.00,Active
CARD004500,CUST00282,Debit Card,2022-10-26,200000.00,Active
CARD004266,CUST01614,Debit Card,2022-10-27,50000.00,Expired
CARD002207,CUST04760,Debit Card,2022-10-28,25000.00,Active
CARD002313,CUST02399,Debit Card,2022-10-28,25000.00,Active
CARD003633,CUST03683,Debit Card,2022-10-28,100000.00,Active
CARD004678,CUST01487,Debit Card,2022-10-28,25000.00,Active
CARD005146,CUST04530,Credit Card,2022-10-29,500000.00,Active
CARD000397,CUST00505,Credit Card,2022-10-30,100000.00,Active
CARD001317,CUST02653,Credit Card,2022-10-30,500000.00,Active
CARD002403,CUST03475,Credit Card,2022-10-30,1000000.00,Active
CARD002862,CUST03785,Credit Card,2022-11-01,50000.00,Active
CARD000654,CUST00645,Credit Card,2022-11-02,250000.00,Active
CARD002937,CUST04438,Debit Card,2022-11-02,25000.00,Active
CARD003883,CUST01619,Debit Card,2022-11-02,50000.00,Active
CARD004210,CUST01296,Credit Card,2022-11-02,250000.00,Inactive
CARD004875,CUST00771,Credit Card,2022-11-02,250000.00,Active
CARD003128,CUST00859,Debit Card,2022-11-03,200000.00,Active
CARD004156,CUST01369,Corporate Card,2022-11-03,1500000.00,Active
CARD000820,CUST03113,Debit Card,2022-11-04,100000.00,Active
CARD001581,CUST03916,Debit Card,2022-11-04,100000.00,Active
CARD002185,CUST00717,Prepaid Card,2022-11-04,25000.00,Active
CARD002665,CUST01585,Credit Card,2022-11-04,250000.00,Active
CARD002800,CUST03582,Debit Card,2022-11-04,25000.00,Inactive
CARD004017,CUST00173,Prepaid Card,2022-11-04,50000.00,Active
CARD004227,CUST02339,Credit Card,2022-11-04,100000.00,Active
CARD004842,CUST04360,Credit Card,2022-11-04,100000.00,Active
CARD000706,CUST04028,Debit Card,2022-11-05,25000.00,Active
CARD002562,CUST00103,Debit Card,2022-11-05,200000.00,Active
CARD004585,CUST01725,Debit Card,2022-11-05,50000.00,Active
CARD002659,CUST02190,Corporate Card,2022-11-06,1500000.00,Active
CARD001558,CUST01950,Credit Card,2022-11-07,100000.00,Expired
CARD002374,CUST00565,Debit Card,2022-11-07,50000.00,Active
CARD003138,CUST00936,Debit Card,2022-11-07,50000.00,Active
CARD002053,CUST02826,Credit Card,2022-11-08,500000.00,Blocked
CARD003060,CUST00830,Debit Card,2022-11-08,200000.00,Active
CARD000969,CUST01115,Credit Card,2022-11-09,1000000.00,Active
CARD003759,CUST00037,Credit Card,2022-11-09,1000000.00,Active
CARD004176,CUST01380,Debit Card,2022-11-09,25000.00,Active
CARD000002,CUST02721,Debit Card,2022-11-10,200000.00,Active
CARD000645,CUST04775,Prepaid Card,2022-11-10,50000.00,Active
CARD001392,CUST01249,Credit Card,2022-11-10,1000000.00,Active
CARD002664,CUST02559,Debit Card,2022-11-10,25000.00,Active
CARD003297,CUST03916,Debit Card,2022-11-10,50000.00,Inactive
CARD001235,CUST00028,Prepaid Card,2022-11-11,50000.00,Expired
CARD005024,CUST01783,Prepaid Card,2022-11-11,25000.00,Active
CARD002054,CUST01502,Debit Card,2022-11-12,100000.00,Active
CARD002975,CUST03264,Debit Card,2022-11-13,50000.00,Expired
CARD001494,CUST03237,Prepaid Card,2022-11-14,10000.00,Active
CARD002736,CUST03833,Credit Card,2022-11-14,100000.00,Active
CARD002793,CUST00377,Corporate Card,2022-11-14,1500000.00,Active
CARD003840,CUST04592,Corporate Card,2022-11-14,500000.00,Active
CARD004488,CUST04648,Debit Card,2022-11-14,50000.00,Active
CARD000183,CUST03918,Credit Card,2022-11-15,250000.00,Active
CARD001450,CUST01014,Prepaid Card,2022-11-15,10000.00,Active
CARD004361,CUST04423,Credit Card,2022-11-15,500000.00,Blocked
CARD001957,CUST02960,Credit Card,2022-11-16,1000000.00,Active
CARD002729,CUST03179,Credit Card,2022-11-16,100000.00,Inactive
CARD002956,CUST02815,Debit Card,2022-11-16,50000.00,Active
CARD003521,CUST00756,Credit Card,2022-11-16,500000.00,Inactive
CARD004941,CUST02983,Debit Card,2022-11-16,50000.00,Active
CARD001657,CUST02759,Debit Card,2022-11-17,200000.00,Active
CARD002627,CUST01748,Debit Card,2022-11-17,25000.00,Active
CARD003848,CUST04936,Debit Card,2022-11-17,200000.00,Active
CARD004833,CUST03855,Credit Card,2022-11-17,50000.00,Active
CARD002255,CUST04485,Credit Card,2022-11-18,150000.00,Active
CARD002976,CUST00249,Credit Card,2022-11-18,150000.00,Active
CARD000470,CUST02109,Credit Card,2022-11-19,1000000.00,Active
CARD001269,CUST02690,Debit Card,2022-11-19,100000.00,Active
CARD001805,CUST04063,Debit Card,2022-11-19,200000.00,Active
CARD000989,CUST02584,Debit Card,2022-11-20,100000.00,Active
CARD001054,CUST00071,Debit Card,2022-11-20,200000.00,Blocked
CARD003881,CUST02667,Credit Card,2022-11-20,250000.00,Active
CARD000641,CUST03901,Credit Card,2022-11-21,500000.00,Expired
CARD001375,CUST04389,Debit Card,2022-11-21,100000.00,Inactive
CARD001499,CUST04138,Prepaid Card,2022-11-21,50000.00,Expired
CARD001753,CUST01888,Credit Card,2022-11-21,100000.00,Active
CARD002424,CUST03298,Corporate Card,2022-11-21,500000.00,Inactive
CARD002678,CUST02158,Prepaid Card,2022-11-21,10000.00,Active
CARD004826,CUST01936,Debit Card,2022-11-21,200000.00,Active
CARD000219,CUST01556,Credit Card,2022-11-22,1000000.00,Active
CARD001775,CUST03316,Debit Card,2022-11-22,200000.00,Active
CARD003600,CUST02407,Credit Card,2022-11-22,500000.00,Active
CARD003745,CUST03561,Credit Card,2022-11-22,250000.00,Active
CARD004403,CUST00131,Corporate Card,2022-11-22,1500000.00,Active
CARD004923,CUST01706,Debit Card,2022-11-22,25000.00,Blocked
CARD002289,CUST02933,Credit Card,2022-11-23,1000000.00,Active
CARD004633,CUST00623,Prepaid Card,2022-11-23,10000.00,Active
CARD003092,CUST02375,Debit Card,2022-11-24,100000.00,Active
CARD000423,CUST00904,Prepaid Card,2022-11-25,10000.00,Active
CARD000565,CUST01379,Credit Card,2022-11-25,100000.00,Active
CARD001611,CUST00543,Credit Card,2022-11-26,50000.00,Active
CARD004447,CUST00690,Credit Card,2022-11-26,100000.00,Blocked
CARD000728,CUST04280,Debit Card,2022-11-27,25000.00,Active
CARD002502,CUST02537,Credit Card,2022-11-27,100000.00,Active
CARD002568,CUST01432,Credit Card,2022-11-27,1000000.00,Active
CARD003627,CUST01380,Credit Card,2022-11-28,150000.00,Active
CARD004022,CUST02538,Credit Card,2022-11-28,100000.00,Active
CARD005161,CUST00654,Credit Card,2022-11-28,500000.00,Active
CARD004998,CUST04015,Debit Card,2022-11-29,25000.00,Active
CARD000317,CUST03830,Debit Card,2022-11-30,25000.00,Active
CARD003382,CUST01802,Credit Card,2022-12-01,100000.00,Expired
CARD004783,CUST01097,Credit Card,2022-12-01,250000.00,Active
CARD000171,CUST04865,Debit Card,2022-12-02,50000.00,Active
CARD000186,CUST04365,Corporate Card,2022-12-02,200000.00,Active
CARD002423,CUST02556,Prepaid Card,2022-12-02,50000.00,Active
CARD003792,CUST04284,Debit Card,2022-12-02,100000.00,Expired
CARD002243,CUST03086,Credit Card,2022-12-03,1000000.00,Active
CARD002548,CUST01337,Debit Card,2022-12-03,50000.00,Active
CARD002728,CUST01772,Debit Card,2022-12-03,50000.00,Active
CARD003415,CUST02744,Credit Card,2022-12-03,150000.00,Active
CARD000582,CUST04736,Credit Card,2022-12-04,100000.00,Active
CARD003752,CUST01628,Debit Card,2022-12-04,200000.00,Active
CARD005003,CUST04459,Debit Card,2022-12-04,200000.00,Active
CARD005134,CUST00624,Credit Card,2022-12-04,500000.00,Inactive
CARD001249,CUST02286,Credit Card,2022-12-05,100000.00,Active
CARD004226,CUST00923,Credit Card,2022-12-05,50000.00,Active
CARD000779,CUST00647,Debit Card,2022-12-07,200000.00,Active
CARD002791,CUST01663,Corporate Card,2022-12-07,500000.00,Active
CARD003477,CUST04168,Debit Card,2022-12-07,200000.00,Active
CARD004200,CUST02728,Debit Card,2022-12-07,200000.00,Active
CARD004918,CUST02839,Debit Card,2022-12-07,50000.00,Active
CARD001029,CUST01663,Credit Card,2022-12-08,100000.00,Active
CARD001148,CUST03577,Prepaid Card,2022-12-09,50000.00,Active
CARD001852,CUST01744,Corporate Card,2022-12-09,1500000.00,Active
CARD002556,CUST01403,Credit Card,2022-12-09,500000.00,Active
CARD004233,CUST03890,Credit Card,2022-12-09,500000.00,Active
CARD004436,CUST04309,Prepaid Card,2022-12-09,10000.00,Blocked
CARD001668,CUST00707,Credit Card,2022-12-10,500000.00,Blocked
CARD002786,CUST00179,Debit Card,2022-12-10,200000.00,Active
CARD004419,CUST02368,Prepaid Card,2022-12-10,25000.00,Active
CARD004931,CUST01050,Credit Card,2022-12-10,100000.00,Active
CARD001094,CUST03250,Credit Card,2022-12-11,250000.00,Active
CARD001656,CUST01100,Debit Card,2022-12-11,100000.00,Expired
CARD002103,CUST04584,Debit Card,2022-12-11,100000.00,Active
CARD002404,CUST04282,Credit Card,2022-12-11,500000.00,Active
CARD002529,CUST02376,Debit Card,2022-12-11,200000.00,Active
CARD003800,CUST03944,Debit Card,2022-12-11,100000.00,Active
CARD003905,CUST02385,Credit Card,2022-12-11,100000.00,Blocked
CARD000047,CUST04261,Corporate Card,2022-12-12,1500000.00,Expired
CARD003188,CUST03658,Prepaid Card,2022-12-12,10000.00,Active
CARD003768,CUST01778,Credit Card,2022-12-12,150000.00,Active
CARD000584,CUST02995,Credit Card,2022-12-13,150000.00,Active
CARD000729,CUST00495,Credit Card,2022-12-13,100000.00,Active
CARD002859,CUST00671,Corporate Card,2022-12-13,200000.00,Active
CARD000924,CUST05000,Debit Card,2022-12-14,100000.00,Active
CARD001963,CUST01357,Debit Card,2022-12-14,100000.00,Active
CARD002164,CUST00342,Debit Card,2022-12-14,25000.00,Active
CARD004116,CUST02884,Corporate Card,2022-12-14,500000.00,Active
CARD000201,CUST04207,Debit Card,2022-12-15,100000.00,Active
CARD000850,CUST02724,Credit Card,2022-12-15,100000.00,Active
CARD003337,CUST01665,Credit Card,2022-12-15,250000.00,Active
CARD000185,CUST04697,Credit Card,2022-12-16,1000000.00,Active
CARD000690,CUST04429,Credit Card,2022-12-16,150000.00,Active
CARD002837,CUST04421,Debit Card,2022-12-16,50000.00,Active
CARD003003,CUST01324,Credit Card,2022-12-16,150000.00,Active
CARD004980,CUST00831,Corporate Card,2022-12-16,500000.00,Active
CARD001095,CUST01538,Credit Card,2022-12-17,250000.00,Active
CARD001783,CUST00316,Corporate Card,2022-12-17,200000.00,Expired
CARD002067,CUST02798,Corporate Card,2022-12-17,1500000.00,Active
CARD003895,CUST02631,Credit Card,2022-12-17,500000.00,Active
CARD004987,CUST03390,Credit Card,2022-12-17,150000.00,Active
CARD002346,CUST02021,Prepaid Card,2022-12-18,10000.00,Active
CARD003995,CUST00002,Prepaid Card,2022-12-18,50000.00,Active
CARD001508,CUST00520,Credit Card,2022-12-19,500000.00,Active
CARD001943,CUST00541,Credit Card,2022-12-19,500000.00,Inactive
CARD003581,CUST01874,Debit Card,2022-12-19,25000.00,Active
CARD005158,CUST00699,Credit Card,2022-12-19,100000.00,Active
CARD000692,CUST04309,Prepaid Card,2022-12-20,25000.00,Active
CARD000818,CUST01292,Credit Card,2022-12-20,100000.00,Active
CARD001409,CUST00799,Credit Card,2022-12-20,100000.00,Active
CARD002141,CUST01904,Credit Card,2022-12-20,100000.00,Active
CARD003367,CUST04779,Credit Card,2022-12-20,1000000.00,Active
CARD004527,CUST00878,Credit Card,2022-12-20,150000.00,Active
CARD000037,CUST01069,Credit Card,2022-12-21,100000.00,Active
CARD002741,CUST03411,Credit Card,2022-12-21,50000.00,Active
CARD004276,CUST03598,Debit Card,2022-12-21,25000.00,Active
CARD001442,CUST01476,Credit Card,2022-12-22,500000.00,Active
CARD001840,CUST03290,Credit Card,2022-12-22,100000.00,Active
CARD002799,CUST03569,Credit Card,2022-12-22,150000.00,Active
CARD003642,CUST01384,Debit Card,2022-12-22,200000.00,Active
CARD004559,CUST00864,Prepaid Card,2022-12-22,25000.00,Active
CARD004564,CUST03802,Debit Card,2022-12-22,100000.00,Inactive
CARD004576,CUST03604,Debit Card,2022-12-22,25000.00,Active
CARD001116,CUST04201,Debit Card,2022-12-23,100000.00,Active
CARD004303,CUST02891,Prepaid Card,2022-12-23,25000.00,Active
CARD000147,CUST01347,Debit Card,2022-12-24,25000.00,Active
CARD003202,CUST01666,Credit Card,2022-12-24,1000000.00,Active
CARD003296,CUST04323,Debit Card,2022-12-24,200000.00,Active
CARD003311,CUST04034,Credit Card,2022-12-24,150000.00,Active
CARD003445,CUST00879,Credit Card,2022-12-24,100000.00,Active
CARD001759,CUST04331,Debit Card,2022-12-25,100000.00,Active
CARD002332,CUST00069,Credit Card,2022-12-25,150000.00,Active
CARD002926,CUST04414,Debit Card,2022-12-25,100000.00,Active
CARD001521,CUST02166,Credit Card,2022-12-26,50000.00,Active
CARD002471,CUST00641,Credit Card,2022-12-26,50000.00,Active
CARD002757,CUST02581,Credit Card,2022-12-26,50000.00,Active
CARD004288,CUST00923,Debit Card,2022-12-26,50000.00,Active
CARD000187,CUST04586,Credit Card,2022-12-27,50000.00,Active
CARD002420,CUST04846,Credit Card,2022-12-27,100000.00,Active
CARD000007,CUST01666,Debit Card,2022-12-28,200000.00,Active
CARD000143,CUST04023,Credit Card,2022-12-28,150000.00,Active
CARD000981,CUST04719,Debit Card,2022-12-28,200000.00,Active
CARD003997,CUST04699,Credit Card,2022-12-28,100000.00,Active
CARD004736,CUST02930,Debit Card,2022-12-28,25000.00,Active
CARD001530,CUST00542,Corporate Card,2022-12-29,200000.00,Active
CARD003173,CUST04327,Credit Card,2022-12-29,100000.00,Active
CARD003241,CUST02798,Credit Card,2022-12-29,500000.00,Active
CARD003844,CUST01676,Debit Card,2022-12-29,200000.00,Active
CARD004067,CUST00794,Credit Card,2022-12-29,50000.00,Active
CARD001232,CUST01430,Credit Card,2022-12-30,250000.00,Active
CARD004885,CUST03063,Credit Card,2022-12-30,250000.00,Active
CARD001298,CUST03338,Credit Card,2022-12-31,150000.00,Active
CARD003685,CUST02094,Debit Card,2022-12-31,25000.00,Active
CARD003776,CUST02592,Credit Card,2022-12-31,1000000.00,Active
CARD004627,CUST04046,Debit Card,2022-12-31,25000.00,Active
CARD000555,CUST01607,Credit Card,2023-01-01,150000.00,Active
CARD002503,CUST04109,Credit Card,2023-01-01,50000.00,Active
CARD003695,CUST00234,Debit Card,2023-01-01,200000.00,Active
CARD000121,CUST04477,Credit Card,2023-01-02,100000.00,Active
CARD002050,CUST02854,Credit Card,2023-01-03,250000.00,Active
CARD003639,CUST02151,Debit Card,2023-01-03,100000.00,Blocked
CARD000750,CUST02310,Credit Card,2023-01-04,500000.00,Active
CARD004221,CUST01792,Debit Card,2023-01-04,100000.00,Active
CARD003159,CUST03359,Credit Card,2023-01-05,100000.00,Active
CARD004435,CUST04229,Credit Card,2023-01-05,150000.00,Active
CARD000243,CUST00429,Debit Card,2023-01-06,100000.00,Inactive
CARD001796,CUST04985,Debit Card,2023-01-06,50000.00,Active
CARD003087,CUST03969,Debit Card,2023-01-06,200000.00,Active
CARD003145,CUST01202,Credit Card,2023-01-06,500000.00,Inactive
CARD003743,CUST02214,Credit Card,2023-01-06,150000.00,Active
CARD001641,CUST03093,Debit Card,2023-01-07,200000.00,Active
CARD000451,CUST00461,Credit Card,2023-01-08,250000.00,Active
CARD002192,CUST04514,Credit Card,2023-01-08,50000.00,Active
CARD003023,CUST00823,Debit Card,2023-01-08,25000.00,Active
CARD003957,CUST00952,Credit Card,2023-01-08,150000.00,Active
CARD000127,CUST00165,Credit Card,2023-01-09,100000.00,Active
CARD000253,CUST03944,Credit Card,2023-01-09,100000.00,Active
CARD001398,CUST04907,Credit Card,2023-01-10,100000.00,Active
CARD003811,CUST03820,Prepaid Card,2023-01-10,25000.00,Active
CARD004212,CUST04297,Debit Card,2023-01-10,50000.00,Active
CARD002230,CUST02958,Credit Card,2023-01-11,50000.00,Blocked
CARD004188,CUST00951,Credit Card,2023-01-11,500000.00,Active
CARD000393,CUST02214,Debit Card,2023-01-12,25000.00,Active
CARD000402,CUST02762,Credit Card,2023-01-12,1000000.00,Inactive
CARD000694,CUST04853,Credit Card,2023-01-13,250000.00,Blocked
CARD001131,CUST00468,Debit Card,2023-01-13,50000.00,Expired
CARD003727,CUST02616,Prepaid Card,2023-01-13,10000.00,Active
CARD004974,CUST02355,Debit Card,2023-01-13,100000.00,Inactive
CARD000137,CUST04869,Credit Card,2023-01-14,50000.00,Active
CARD000576,CUST04216,Credit Card,2023-01-14,500000.00,Active
CARD000649,CUST02403,Debit Card,2023-01-14,50000.00,Active
CARD000778,CUST02273,Debit Card,2023-01-14,200000.00,Active
CARD003617,CUST04891,Credit Card,2023-01-14,1000000.00,Active
CARD002696,CUST00986,Debit Card,2023-01-15,200000.00,Active
CARD000931,CUST00135,Credit Card,2023-01-16,50000.00,Active
CARD001187,CUST04371,Credit Card,2023-01-16,50000.00,Active
CARD001812,CUST01075,Prepaid Card,2023-01-16,10000.00,Active
CARD001872,CUST00924,Credit Card,2023-01-16,50000.00,Active
CARD005041,CUST04887,Debit Card,2023-01-16,200000.00,Active
CARD001635,CUST01519,Credit Card,2023-01-17,250000.00,Active
CARD003052,CUST01271,Credit Card,2023-01-17,100000.00,Active
CARD003262,CUST03833,Credit Card,2023-01-17,100000.00,Active
CARD000955,CUST04601,Prepaid Card,2023-01-18,10000.00,Active
CARD001533,CUST00098,Credit Card,2023-01-18,50000.00,Active
CARD002979,CUST02802,Credit Card,2023-01-18,150000.00,Active
CARD003055,CUST04919,Prepaid Card,2023-01-18,10000.00,Active
CARD001542,CUST04380,Credit Card,2023-01-19,500000.00,Active
CARD001713,CUST01844,Debit Card,2023-01-19,100000.00,Active
CARD002375,CUST00052,Credit Card,2023-01-19,250000.00,Active
CARD002718,CUST00120,Corporate Card,2023-01-19,1500000.00,Active
CARD003971,CUST03076,Debit Card,2023-01-19,25000.00,Active
CARD005172,CUST02035,Debit Card,2023-01-19,50000.00,Blocked
CARD004683,CUST02302,Corporate Card,2023-01-20,500000.00,Blocked
CARD000026,CUST03825,Debit Card,2023-01-21,25000.00,Active
CARD001633,CUST00052,Credit Card,2023-01-21,100000.00,Active
CARD003028,CUST04576,Credit Card,2023-01-21,100000.00,Active
CARD003372,CUST04231,Debit Card,2023-01-21,200000.00,Active
CARD003552,CUST04120,Debit Card,2023-01-21,50000.00,Expired
CARD004867,CUST00900,Debit Card,2023-01-21,50000.00,Active
CARD002578,CUST04650,Credit Card,2023-01-22,500000.00,Active
CARD004644,CUST03221,Credit Card,2023-01-22,150000.00,Active
CARD004651,CUST04829,Credit Card,2023-01-22,150000.00,Blocked
CARD004951,CUST00023,Debit Card,2023-01-22,100000.00,Active
CARD002059,CUST01307,Debit Card,2023-01-23,200000.00,Active
CARD004846,CUST00136,Debit Card,2023-01-23,25000.00,Active
CARD000091,CUST04993,Debit Card,2023-01-24,100000.00,Active
CARD001193,CUST02010,Credit Card,2023-01-24,100000.00,Active
CARD001319,CUST03977,Debit Card,2023-01-24,25000.00,Active
CARD002219,CUST04727,Debit Card,2023-01-25,200000.00,Active
CARD003565,CUST03717,Debit Card,2023-01-25,25000.00,Active
CARD004816,CUST00108,Debit Card,2023-01-25,25000.00,Expired
CARD005099,CUST02440,Debit Card,2023-01-26,100000.00,Blocked
CARD000842,CUST00098,Credit Card,2023-01-27,500000.00,Active
CARD001594,CUST01783,Credit Card,2023-01-27,500000.00,Active
CARD002533,CUST01941,Credit Card,2023-01-27,50000.00,Active
CARD003368,CUST04567,Credit Card,2023-01-27,500000.00,Active
CARD005069,CUST00147,Credit Card,2023-01-27,150000.00,Active
CARD000169,CUST03228,Prepaid Card,2023-01-28,25000.00,Active
CARD004071,CUST00449,Corporate Card,2023-01-28,500000.00,Active
CARD000238,CUST04340,Debit Card,2023-01-29,200000.00,Active
CARD001847,CUST03780,Credit Card,2023-01-29,1000000.00,Active
CARD002181,CUST01317,Credit Card,2023-01-29,50000.00,Active
CARD003955,CUST04086,Credit Card,2023-01-29,150000.00,Active
CARD004942,CUST01259,Credit Card,2023-01-29,150000.00,Active
CARD001489,CUST01242,Credit Card,2023-01-30,50000.00,Blocked
CARD002106,CUST01345,Prepaid Card,2023-01-30,10000.00,Active
CARD002302,CUST02199,Credit Card,2023-01-30,150000.00,Active
CARD003278,CUST02542,Debit Card,2023-01-30,200000.00,Active
CARD004955,CUST01336,Debit Card,2023-01-30,100000.00,Active
CARD000063,CUST04102,Credit Card,2023-01-31,500000.00,Active
CARD000546,CUST02730,Credit Card,2023-01-31,500000.00,Active
CARD002007,CUST03921,Debit Card,2023-02-01,25000.00,Active
CARD002655,CUST01048,Debit Card,2023-02-01,200000.00,Active
CARD003654,CUST00535,Credit Card,2023-02-01,500000.00,Active
CARD004099,CUST04028,Credit Card,2023-02-01,250000.00,Active
CARD001114,CUST04099,Corporate Card,2023-02-02,500000.00,Active
CARD001685,CUST01598,Credit Card,2023-02-02,500000.00,Expired
CARD003806,CUST01987,Debit Card,2023-02-02,50000.00,Active
CARD001004,CUST04023,Debit Card,2023-02-04,50000.00,Active
CARD001213,CUST04185,Debit Card,2023-02-04,200000.00,Active
CARD001507,CUST03021,Corporate Card,2023-02-04,200000.00,Expired
CARD002025,CUST01170,Debit Card,2023-02-04,100000.00,Active
CARD002686,CUST03657,Credit Card,2023-02-05,1000000.00,Active
CARD004321,CUST03018,Credit Card,2023-02-05,250000.00,Active
CARD000382,CUST04706,Prepaid Card,2023-02-06,50000.00,Active
CARD002517,CUST04560,Credit Card,2023-02-06,1000000.00,Active
CARD003322,CUST00772,Credit Card,2023-02-06,500000.00,Active
CARD000515,CUST03422,Credit Card,2023-02-07,1000000.00,Active
CARD001776,CUST02813,Debit Card,2023-02-07,200000.00,Active
CARD005120,CUST04061,Debit Card,2023-02-07,200000.00,Active
CARD000435,CUST00012,Credit Card,2023-02-08,50000.00,Active
CARD001357,CUST04069,Credit Card,2023-02-08,50000.00,Active
CARD002992,CUST03627,Debit Card,2023-02-08,100000.00,Active
CARD003512,CUST04582,Prepaid Card,2023-02-08,50000.00,Active
CARD000761,CUST04384,Credit Card,2023-02-09,500000.00,Active
CARD001932,CUST02587,Debit Card,2023-02-09,100000.00,Active
CARD003334,CUST00495,Corporate Card,2023-02-09,500000.00,Active
CARD004075,CUST01704,Debit Card,2023-02-09,50000.00,Active
CARD000045,CUST02406,Prepaid Card,2023-02-10,50000.00,Active
CARD000514,CUST03921,Credit Card,2023-02-11,500000.00,Expired
CARD001037,CUST04863,Prepaid Card,2023-02-11,50000.00,Active
CARD001149,CUST03573,Debit Card,2023-02-11,100000.00,Active
CARD002913,CUST02194,Debit Card,2023-02-11,200000.00,Active
CARD004124,CUST03892,Debit Card,2023-02-11,50000.00,Active
CARD004597,CUST02579,Credit Card,2023-02-12,250000.00,Active
CARD000874,CUST02257,Credit Card,2023-02-13,150000.00,Inactive
CARD003263,CUST04440,Debit Card,2023-02-13,25000.00,Active
CARD000399,CUST02674,Debit Card,2023-02-14,25000.00,Active
CARD000665,CUST04842,Prepaid Card,2023-02-14,50000.00,Active
CARD000828,CUST02021,Debit Card,2023-02-14,100000.00,Inactive
CARD002252,CUST01372,Debit Card,2023-02-14,100000.00,Active
CARD004418,CUST04924,Debit Card,2023-02-14,50000.00,Active
CARD001663,CUST00802,Credit Card,2023-02-15,500000.00,Active
CARD003284,CUST00468,Credit Card,2023-02-15,150000.00,Active
CARD003688,CUST03414,Credit Card,2023-02-15,1000000.00,Active
CARD000458,CUST00930,Debit Card,2023-02-16,50000.00,Active
CARD001498,CUST01686,Credit Card,2023-02-16,250000.00,Active
CARD001886,CUST04408,Credit Card,2023-02-16,500000.00,Active
CARD005107,CUST04042,Debit Card,2023-02-16,200000.00,Active
CARD005117,CUST00237,Prepaid Card,2023-02-16,50000.00,Active
CARD000856,CUST01374,Credit Card,2023-02-17,150000.00,Blocked
CARD001721,CUST01347,Debit Card,2023-02-17,200000.00,Active
CARD002428,CUST01274,Credit Card,2023-02-17,50000.00,Active
CARD004763,CUST01774,Debit Card,2023-02-17,100000.00,Active
CARD000734,CUST04531,Debit Card,2023-02-18,50000.00,Active
CARD001176,CUST00188,Debit Card,2023-02-18,100000.00,Active
CARD001913,CUST04614,Credit Card,2023-02-18,100000.00,Active
CARD003427,CUST03073,Credit Card,2023-02-18,50000.00,Active
CARD003772,CUST03958,Credit Card,2023-02-18,50000.00,Active
CARD000120,CUST03972,Credit Card,2023-02-19,250000.00,Active
CARD003266,CUST03036,Credit Card,2023-02-19,150000.00,Active
CARD001438,CUST04192,Debit Card,2023-02-20,50000.00,Inactive
CARD003605,CUST00222,Debit Card,2023-02-20,200000.00,Active
CARD003789,CUST03435,Credit Card,2023-02-20,50000.00,Active
CARD000689,CUST00460,Debit Card,2023-02-21,100000.00,Active
CARD003384,CUST02833,Credit Card,2023-02-21,1000000.00,Expired
CARD004053,CUST04758,Credit Card,2023-02-21,500000.00,Active
CARD004502,CUST03700,Credit Card,2023-02-21,250000.00,Active
CARD001203,CUST00221,Credit Card,2023-02-22,100000.00,Active
CARD002612,CUST01212,Credit Card,2023-02-22,150000.00,Active
CARD002861,CUST00217,Credit Card,2023-02-22,50000.00,Active
CARD000196,CUST02173,Credit Card,2023-02-23,50000.00,Active
CARD001439,CUST01918,Credit Card,2023-02-23,1000000.00,Active
CARD004848,CUST04405,Debit Card,2023-02-23,100000.00,Active
CARD002746,CUST04375,Credit Card,2023-02-24,250000.00,Active
CARD003698,CUST00496,Credit Card,2023-02-24,50000.00,Active
CARD000061,CUST04880,Credit Card,2023-02-25,100000.00,Active
CARD000117,CUST04218,Debit Card,2023-02-25,200000.00,Expired
CARD000865,CUST04373,Debit Card,2023-02-25,25000.00,Active
CARD001085,CUST04423,Credit Card,2023-02-25,1000000.00,Expired
CARD002863,CUST01407,Credit Card,2023-02-25,50000.00,Inactive
CARD003008,CUST01640,Credit Card,2023-02-25,500000.00,Expired
CARD003587,CUST04897,Debit Card,2023-02-25,200000.00,Inactive
CARD004937,CUST04826,Debit Card,2023-02-25,50000.00,Active
CARD000745,CUST04251,Prepaid Card,2023-02-26,10000.00,Active
CARD004537,CUST04647,Credit Card,2023-02-26,50000.00,Active
CARD004428,CUST03800,Debit Card,2023-02-27,200000.00,Active
CARD001300,CUST00760,Credit Card,2023-02-28,1000000.00,Active
CARD001394,CUST03787,Corporate Card,2023-02-28,1500000.00,Active
CARD000491,CUST03668,Credit Card,2023-03-01,250000.00,Active
CARD001501,CUST02459,Prepaid Card,2023-03-01,50000.00,Active
CARD002234,CUST00795,Debit Card,2023-03-01,25000.00,Active
CARD002371,CUST03089,Corporate Card,2023-03-01,500000.00,Expired
CARD002387,CUST00935,Debit Card,2023-03-01,25000.00,Active
CARD004397,CUST04738,Debit Card,2023-03-01,100000.00,Active
CARD000053,CUST02894,Credit Card,2023-03-02,250000.00,Inactive
CARD003753,CUST03326,Debit Card,2023-03-02,100000.00,Active
CARD001142,CUST00066,Debit Card,2023-03-03,200000.00,Active
CARD001201,CUST01462,Corporate Card,2023-03-04,500000.00,Inactive
CARD001302,CUST01722,Debit Card,2023-03-04,100000.00,Active
CARD004551,CUST03716,Debit Card,2023-03-04,25000.00,Active
CARD000149,CUST02539,Prepaid Card,2023-03-05,10000.00,Active
CARD000155,CUST01978,Debit Card,2023-03-06,100000.00,Active
CARD001697,CUST00400,Credit Card,2023-03-06,100000.00,Expired
CARD002615,CUST04885,Prepaid Card,2023-03-06,10000.00,Active
CARD004789,CUST04962,Debit Card,2023-03-06,200000.00,Active
CARD001082,CUST01942,Debit Card,2023-03-07,100000.00,Active
CARD001937,CUST04216,Debit Card,2023-03-07,200000.00,Active
CARD004493,CUST02909,Debit Card,2023-03-07,50000.00,Blocked
CARD002804,CUST01369,Credit Card,2023-03-08,150000.00,Active
CARD003954,CUST00476,Debit Card,2023-03-08,100000.00,Active
CARD001316,CUST03986,Corporate Card,2023-03-09,200000.00,Active
CARD002501,CUST03480,Debit Card,2023-03-09,200000.00,Active
CARD003332,CUST02408,Credit Card,2023-03-09,1000000.00,Active
CARD004708,CUST04525,Credit Card,2023-03-09,50000.00,Blocked
CARD000080,CUST01271,Corporate Card,2023-03-10,1500000.00,Active
CARD000693,CUST02099,Credit Card,2023-03-10,100000.00,Active
CARD000798,CUST04560,Credit Card,2023-03-11,100000.00,Active
CARD002020,CUST03774,Credit Card,2023-03-11,1000000.00,Blocked
CARD002536,CUST02034,Debit Card,2023-03-11,200000.00,Active
CARD003280,CUST01164,Credit Card,2023-03-11,150000.00,Active
CARD004887,CUST03919,Debit Card,2023-03-11,50000.00,Active
CARD001622,CUST04517,Credit Card,2023-03-12,50000.00,Active
CARD003417,CUST00132,Corporate Card,2023-03-12,500000.00,Active
CARD003778,CUST01122,Credit Card,2023-03-12,500000.00,Active
CARD005196,CUST03105,Debit Card,2023-03-12,200000.00,Active
CARD000163,CUST02543,Credit Card,2023-03-13,1000000.00,Active
CARD002303,CUST00603,Credit Card,2023-03-13,250000.00,Active
CARD002540,CUST03783,Credit Card,2023-03-13,250000.00,Active
CARD004444,CUST01995,Corporate Card,2023-03-14,500000.00,Blocked
CARD004659,CUST04154,Debit Card,2023-03-14,200000.00,Active
CARD004928,CUST04482,Credit Card,2023-03-14,250000.00,Active
CARD004674,CUST03184,Credit Card,2023-03-15,500000.00,Active
CARD000193,CUST02232,Debit Card,2023-03-16,100000.00,Active
CARD001225,CUST00773,Prepaid Card,2023-03-16,50000.00,Active
CARD002914,CUST02561,Prepaid Card,2023-03-16,10000.00,Active
CARD003089,CUST01241,Debit Card,2023-03-16,25000.00,Active
CARD004812,CUST02538,Debit Card,2023-03-16,100000.00,Active
CARD002163,CUST04360,Debit Card,2023-03-17,100000.00,Inactive
CARD003614,CUST03439,Debit Card,2023-03-17,50000.00,Active
CARD003697,CUST04185,Debit Card,2023-03-17,200000.00,Active
CARD003970,CUST01145,Credit Card,2023-03-17,250000.00,Active
CARD004702,CUST03915,Credit Card,2023-03-17,100000.00,Active
CARD000294,CUST04399,Debit Card,2023-03-18,100000.00,Active
CARD001634,CUST04998,Debit Card,2023-03-18,200000.00,Active
CARD001055,CUST01953,Prepaid Card,2023-03-19,25000.00,Blocked
CARD001174,CUST02847,Debit Card,2023-03-19,200000.00,Expired
CARD002483,CUST03565,Debit Card,2023-03-19,50000.00,Active
CARD003127,CUST00535,Credit Card,2023-03-19,1000000.00,Active
CARD001019,CUST00066,Credit Card,2023-03-21,250000.00,Active
CARD001658,CUST01655,Debit Card,2023-03-22,200000.00,Active
CARD003774,CUST01225,Debit Card,2023-03-22,200000.00,Active
CARD003057,CUST04103,Credit Card,2023-03-23,50000.00,Expired
CARD003505,CUST00823,Debit Card,2023-03-23,200000.00,Active
CARD003501,CUST02544,Debit Card,2023-03-24,100000.00,Active
CARD000166,CUST03196,Credit Card,2023-03-25,100000.00,Active
CARD001332,CUST04441,Credit Card,2023-03-25,500000.00,Active
CARD005129,CUST00789,Credit Card,2023-03-25,250000.00,Active
CARD005175,CUST01719,Prepaid Card,2023-03-25,10000.00,Active
CARD000282,CUST00104,Debit Card,2023-03-26,200000.00,Active
CARD000319,CUST04083,Credit Card,2023-03-26,150000.00,Active
CARD002673,CUST01042,Credit Card,2023-03-26,500000.00,Active
CARD003187,CUST03681,Debit Card,2023-03-26,100000.00,Active
CARD003189,CUST00425,Debit Card,2023-03-26,25000.00,Active
CARD003218,CUST01033,Debit Card,2023-03-26,25000.00,Active
CARD002822,CUST00247,Debit Card,2023-03-27,25000.00,Active
CARD000465,CUST04040,Debit Card,2023-03-28,200000.00,Expired
CARD001945,CUST02279,Debit Card,2023-03-28,200000.00,Active
CARD003246,CUST04508,Credit Card,2023-03-28,250000.00,Active
CARD004669,CUST00065,Credit Card,2023-03-28,150000.00,Expired
CARD000102,CUST01075,Debit Card,2023-03-29,50000.00,Active
CARD003511,CUST01166,Debit Card,2023-03-29,25000.00,Active
CARD004718,CUST01833,Debit Card,2023-03-29,50000.00,Active
CARD005152,CUST04095,Credit Card,2023-03-29,500000.00,Expired
CARD000242,CUST00773,Credit Card,2023-03-30,500000.00,Active
CARD000887,CUST02791,Credit Card,2023-03-30,150000.00,Active
CARD003652,CUST00673,Debit Card,2023-03-30,200000.00,Expired
CARD000239,CUST02282,Credit Card,2023-03-31,500000.00,Active
CARD001219,CUST02724,Corporate Card,2023-03-31,200000.00,Active
CARD003537,CUST02823,Debit Card,2023-03-31,100000.00,Active
CARD004557,CUST00203,Credit Card,2023-03-31,1000000.00,Active
CARD000412,CUST00245,Credit Card,2023-04-01,150000.00,Active
CARD000445,CUST01075,Debit Card,2023-04-01,100000.00,Active
CARD001175,CUST04777,Corporate Card,2023-04-01,1500000.00,Expired
CARD002879,CUST03568,Credit Card,2023-04-01,50000.00,Blocked
CARD004078,CUST02849,Debit Card,2023-04-01,100000.00,Active
CARD004505,CUST03122,Debit Card,2023-04-01,25000.00,Active
CARD005056,CUST02469,Prepaid Card,2023-04-01,10000.00,Active
CARD003944,CUST02769,Debit Card,2023-04-02,50000.00,Active
CARD001265,CUST02625,Credit Card,2023-04-03,50000.00,Active
CARD001292,CUST01363,Debit Card,2023-04-03,100000.00,Active
CARD002877,CUST03523,Debit Card,2023-04-03,100000.00,Blocked
CARD005015,CUST04400,Credit Card,2023-04-03,500000.00,Expired
CARD000807,CUST03691,Debit Card,2023-04-04,25000.00,Active
CARD003958,CUST04136,Prepaid Card,2023-04-04,50000.00,Active
CARD004490,CUST00965,Credit Card,2023-04-04,1000000.00,Active
CARD000316,CUST00796,Credit Card,2023-04-05,100000.00,Active
CARD001976,CUST02357,Debit Card,2023-04-07,50000.00,Active
CARD000093,CUST03080,Debit Card,2023-04-08,200000.00,Active
CARD001845,CUST01793,Debit Card,2023-04-08,50000.00,Active
CARD002040,CUST04917,Credit Card,2023-04-08,150000.00,Active
CARD005000,CUST03273,Credit Card,2023-04-08,150000.00,Active
CARD004463,CUST04579,Credit Card,2023-04-09,50000.00,Inactive
CARD000055,CUST03277,Credit Card,2023-04-10,100000.00,Active
CARD001348,CUST01316,Debit Card,2023-04-11,25000.00,Active
CARD004255,CUST00454,Credit Card,2023-04-11,250000.00,Inactive
CARD001255,CUST01824,Credit Card,2023-04-12,50000.00,Active
CARD002202,CUST00823,Credit Card,2023-04-12,50000.00,Active
CARD002472,CUST01525,Corporate Card,2023-04-12,1500000.00,Active
CARD000866,CUST04744,Prepaid Card,2023-04-13,25000.00,Active
CARD001063,CUST04488,Debit Card,2023-04-13,25000.00,Active
CARD001593,CUST00874,Credit Card,2023-04-13,150000.00,Active
CARD002654,CUST04271,Prepaid Card,2023-04-13,50000.00,Active
CARD000033,CUST04574,Credit Card,2023-04-15,250000.00,Active
CARD000291,CUST04858,Debit Card,2023-04-15,25000.00,Active
CARD001637,CUST04332,Debit Card,2023-04-15,100000.00,Active
CARD004667,CUST01953,Debit Card,2023-04-15,50000.00,Active
CARD004615,CUST04791,Credit Card,2023-04-16,150000.00,Inactive
CARD000923,CUST01615,Credit Card,2023-04-17,250000.00,Active
CARD003855,CUST01133,Credit Card,2023-04-17,500000.00,Active
CARD000482,CUST00493,Credit Card,2023-04-18,150000.00,Active
CARD002542,CUST00066,Debit Card,2023-04-18,100000.00,Active
CARD002760,CUST04814,Debit Card,2023-04-18,50000.00,Active
CARD003634,CUST04741,Credit Card,2023-04-18,50000.00,Expired
CARD000192,CUST03812,Credit Card,2023-04-19,500000.00,Active
CARD001903,CUST02051,Credit Card,2023-04-19,250000.00,Active
CARD002754,CUST00096,Credit Card,2023-04-19,50000.00,Active
CARD002661,CUST02104,Debit Card,2023-04-20,100000.00,Active
CARD002663,CUST01694,Debit Card,2023-04-20,100000.00,Active
CARD003140,CUST00801,Debit Card,2023-04-21,200000.00,Active
CARD003598,CUST04071,Debit Card,2023-04-21,50000.00,Expired
CARD005021,CUST00075,Debit Card,2023-04-21,50000.00,Active
CARD001436,CUST04398,Credit Card,2023-04-22,50000.00,Expired
CARD001514,CUST03070,Debit Card,2023-04-22,25000.00,Expired
CARD003046,CUST04578,Debit Card,2023-04-22,100000.00,Active
CARD001197,CUST03744,Credit Card,2023-04-23,100000.00,Active
CARD001626,CUST04058,Debit Card,2023-04-23,50000.00,Active
CARD001681,CUST00131,Credit Card,2023-04-23,500000.00,Active
CARD002590,CUST04074,Debit Card,2023-04-23,25000.00,Expired
CARD002762,CUST04917,Debit Card,2023-04-23,25000.00,Expired
CARD005053,CUST03393,Debit Card,2023-04-23,100000.00,Inactive
CARD003401,CUST04196,Debit Card,2023-04-24,200000.00,Active
CARD003503,CUST03587,Credit Card,2023-04-24,1000000.00,Active
CARD004921,CUST00775,Prepaid Card,2023-04-24,50000.00,Active
CARD005016,CUST01494,Credit Card,2023-04-24,250000.00,Active
CARD000145,CUST00160,Credit Card,2023-04-25,100000.00,Active
CARD002732,CUST02039,Prepaid Card,2023-04-25,50000.00,Active
CARD003859,CUST02219,Credit Card,2023-04-26,250000.00,Active
CARD001272,CUST00398,Credit Card,2023-04-27,250000.00,Inactive
CARD001950,CUST03094,Credit Card,2023-04-27,500000.00,Active
CARD000328,CUST04671,Credit Card,2023-04-28,500000.00,Active
CARD001580,CUST01197,Debit Card,2023-04-28,25000.00,Active
CARD001690,CUST03805,Debit Card,2023-04-28,25000.00,Blocked
CARD002658,CUST03524,Prepaid Card,2023-04-28,10000.00,Inactive
CARD004349,CUST01802,Corporate Card,2023-04-28,500000.00,Active
CARD000150,CUST02258,Debit Card,2023-04-29,50000.00,Active
CARD000731,CUST04195,Debit Card,2023-04-29,100000.00,Active
CARD000976,CUST00711,Debit Card,2023-04-29,200000.00,Inactive
CARD001238,CUST04275,Credit Card,2023-04-29,100000.00,Active
CARD005076,CUST00191,Credit Card,2023-04-29,100000.00,Active
CARD003563,CUST00977,Debit Card,2023-04-30,200000.00,Active
CARD000638,CUST04727,Debit Card,2023-05-01,200000.00,Active
CARD000952,CUST00406,Credit Card,2023-05-01,50000.00,Active
CARD001615,CUST04234,Debit Card,2023-05-01,200000.00,Active
CARD003027,CUST00208,Credit Card,2023-05-01,150000.00,Active
CARD003526,CUST02191,Debit Card,2023-05-01,50000.00,Active
CARD004948,CUST03753,Credit Card,2023-05-01,150000.00,Active
CARD000376,CUST00966,Credit Card,2023-05-02,150000.00,Active
CARD000478,CUST02229,Debit Card,2023-05-02,200000.00,Blocked
CARD001079,CUST02088,Debit Card,2023-05-02,100000.00,Inactive
CARD003499,CUST02688,Debit Card,2023-05-02,200000.00,Blocked
CARD004835,CUST02916,Credit Card,2023-05-02,250000.00,Active
CARD001173,CUST02537,Debit Card,2023-05-03,25000.00,Active
CARD004182,CUST03020,Credit Card,2023-05-03,50000.00,Active
CARD004600,CUST00069,Debit Card,2023-05-03,100000.00,Active
CARD000107,CUST00081,Debit Card,2023-05-04,25000.00,Active
CARD001719,CUST02219,Credit Card,2023-05-04,1000000.00,Active
CARD002433,CUST00215,Prepaid Card,2023-05-04,10000.00,Active
CARD003091,CUST03907,Credit Card,2023-05-04,250000.00,Inactive
CARD003219,CUST01908,Credit Card,2023-05-04,150000.00,Active
CARD003904,CUST01629,Debit Card,2023-05-04,200000.00,Active
CARD004166,CUST03800,Credit Card,2023-05-04,100000.00,Expired
CARD000540,CUST02329,Debit Card,2023-05-05,100000.00,Active
CARD000864,CUST03901,Credit Card,2023-05-05,50000.00,Expired
CARD002304,CUST04026,Debit Card,2023-05-05,100000.00,Active
CARD000653,CUST01130,Debit Card,2023-05-06,50000.00,Active
CARD002495,CUST04261,Credit Card,2023-05-06,1000000.00,Active
CARD002720,CUST02592,Prepaid Card,2023-05-06,25000.00,Active
CARD000129,CUST03222,Credit Card,2023-05-08,1000000.00,Active
CARD000323,CUST02811,Prepaid Card,2023-05-08,25000.00,Active
CARD001454,CUST02974,Debit Card,2023-05-08,100000.00,Active
CARD001481,CUST02183,Credit Card,2023-05-08,150000.00,Active
CARD004891,CUST04252,Credit Card,2023-05-08,50000.00,Active
CARD005119,CUST01022,Credit Card,2023-05-08,250000.00,Active
CARD000083,CUST01238,Credit Card,2023-05-09,250000.00,Active
CARD000889,CUST02996,Debit Card,2023-05-09,25000.00,Active
CARD003482,CUST04823,Corporate Card,2023-05-09,500000.00,Inactive
CARD003953,CUST03509,Credit Card,2023-05-09,100000.00,Active
CARD004632,CUST02020,Credit Card,2023-05-09,50000.00,Active
CARD000753,CUST02135,Credit Card,2023-05-10,250000.00,Active
CARD002246,CUST00137,Debit Card,2023-05-10,25000.00,Active
CARD005087,CUST00548,Debit Card,2023-05-10,25000.00,Blocked
CARD000357,CUST01033,Credit Card,2023-05-11,250000.00,Active
CARD001470,CUST04648,Prepaid Card,2023-05-11,10000.00,Active
CARD004039,CUST04282,Debit Card,2023-05-11,200000.00,Active
CARD004205,CUST00542,Credit Card,2023-05-11,1000000.00,Active
CARD002557,CUST04539,Debit Card,2023-05-12,200000.00,Expired
CARD003808,CUST04099,Debit Card,2023-05-12,50000.00,Active
CARD000520,CUST02572,Debit Card,2023-05-13,50000.00,Active
CARD000915,CUST04826,Debit Card,2023-05-13,200000.00,Active
CARD002170,CUST04972,Debit Card,2023-05-13,200000.00,Active
CARD000688,CUST02246,Credit Card,2023-05-14,150000.00,Active
CARD004236,CUST00185,Debit Card,2023-05-14,100000.00,Active
CARD000172,CUST00579,Debit Card,2023-05-15,25000.00,Active
CARD000609,CUST03103,Credit Card,2023-05-15,150000.00,Active
CARD002413,CUST04296,Debit Card,2023-05-15,200000.00,Active
CARD005038,CUST03483,Prepaid Card,2023-05-15,50000.00,Expired
CARD003542,CUST02402,Debit Card,2023-05-16,100000.00,Active
CARD004299,CUST03833,Debit Card,2023-05-16,100000.00,Active
CARD003012,CUST04107,Credit Card,2023-05-17,150000.00,Active
CARD003364,CUST00615,Prepaid Card,2023-05-17,10000.00,Active
CARD004485,CUST02408,Debit Card,2023-05-17,25000.00,Active
CARD000442,CUST02144,Credit Card,2023-05-18,50000.00,Active
CARD004656,CUST01885,Debit Card,2023-05-18,200000.00,Blocked
CARD000370,CUST01124,Debit Card,2023-05-19,100000.00,Active
CARD000896,CUST00132,Credit Card,2023-05-19,100000.00,Active
CARD001869,CUST03368,Prepaid Card,2023-05-19,10000.00,Expired
CARD004612,CUST02434,Prepaid Card,2023-05-19,25000.00,Active
CARD004830,CUST03668,Credit Card,2023-05-19,250000.00,Active
CARD001525,CUST00585,Credit Card,2023-05-20,150000.00,Active
CARD004161,CUST00793,Debit Card,2023-05-20,100000.00,Active
CARD001115,CUST03170,Credit Card,2023-05-21,50000.00,Active
CARD000299,CUST03457,Credit Card,2023-05-22,1000000.00,Active
CARD001709,CUST00936,Credit Card,2023-05-22,1000000.00,Active
CARD003837,CUST02635,Credit Card,2023-05-22,100000.00,Active
CARD001251,CUST00915,Debit Card,2023-05-23,25000.00,Active
CARD001687,CUST00223,Debit Card,2023-05-23,200000.00,Active
CARD002632,CUST03846,Debit Card,2023-05-23,100000.00,Active
CARD002881,CUST00259,Debit Card,2023-05-23,25000.00,Active
CARD003142,CUST03006,Debit Card,2023-05-23,100000.00,Active
CARD005028,CUST02586,Credit Card,2023-05-23,100000.00,Active
CARD001561,CUST03348,Debit Card,2023-05-24,50000.00,Active
CARD002473,CUST01405,Debit Card,2023-05-24,100000.00,Active
CARD004523,CUST01042,Debit Card,2023-05-24,200000.00,Active
CARD005075,CUST02830,Credit Card,2023-05-24,50000.00,Active
CARD000806,CUST00831,Debit Card,2023-05-25,200000.00,Blocked
CARD001266,CUST02614,Debit Card,2023-05-25,25000.00,Active
CARD004821,CUST02242,Debit Card,2023-05-25,100000.00,Active
CARD001825,CUST01131,Prepaid Card,2023-05-26,25000.00,Active
CARD002265,CUST01968,Credit Card,2023-05-26,1000000.00,Active
CARD002742,CUST04002,Corporate Card,2023-05-26,1500000.00,Active
CARD000851,CUST04172,Credit Card,2023-05-27,100000.00,Active
CARD001021,CUST01954,Credit Card,2023-05-27,150000.00,Blocked
CARD002019,CUST01947,Debit Card,2023-05-27,50000.00,Active
CARD003645,CUST02561,Credit Card,2023-05-27,100000.00,Active
CARD000542,CUST03761,Credit Card,2023-05-28,100000.00,Active
CARD000848,CUST00265,Corporate Card,2023-05-28,1500000.00,Active
CARD001814,CUST01603,Credit Card,2023-05-28,1000000.00,Active
CARD002522,CUST00542,Credit Card,2023-05-28,250000.00,Expired
CARD003757,CUST04909,Prepaid Card,2023-05-28,50000.00,Active
CARD000105,CUST01988,Credit Card,2023-05-29,50000.00,Blocked
CARD000108,CUST01470,Debit Card,2023-05-29,200000.00,Active
CARD000177,CUST03165,Prepaid Card,2023-05-29,25000.00,Active
CARD000277,CUST04185,Debit Card,2023-05-30,100000.00,Active
CARD001012,CUST01338,Debit Card,2023-05-31,50000.00,Active
CARD001043,CUST00051,Debit Card,2023-05-31,25000.00,Active
CARD001540,CUST02245,Debit Card,2023-05-31,100000.00,Active
CARD001463,CUST00281,Credit Card,2023-06-01,1000000.00,Blocked
CARD000072,CUST04521,Debit Card,2023-06-02,100000.00,Active
CARD000886,CUST04384,Prepaid Card,2023-06-03,50000.00,Active
CARD000950,CUST00022,Debit Card,2023-06-03,25000.00,Active
CARD000998,CUST00007,Credit Card,2023-06-03,500000.00,Active
CARD001053,CUST02617,Prepaid Card,2023-06-03,25000.00,Active
CARD001930,CUST02956,Debit Card,2023-06-03,100000.00,Expired
CARD004899,CUST03861,Debit Card,2023-06-03,100000.00,Active
CARD001059,CUST01746,Credit Card,2023-06-04,500000.00,Active
CARD002788,CUST02638,Credit Card,2023-06-04,500000.00,Active
CARD003593,CUST04227,Credit Card,2023-06-04,1000000.00,Active
CARD003991,CUST00894,Credit Card,2023-06-04,1000000.00,Active
CARD004801,CUST01407,Debit Card,2023-06-04,25000.00,Active
CARD000220,CUST01787,Debit Card,2023-06-05,25000.00,Active
CARD000409,CUST02626,Debit Card,2023-06-05,50000.00,Blocked
CARD000528,CUST00090,Debit Card,2023-06-05,200000.00,Active
CARD002672,CUST02443,Credit Card,2023-06-05,1000000.00,Inactive
CARD003160,CUST00855,Credit Card,2023-06-05,100000.00,Active
CARD003826,CUST04331,Debit Card,2023-06-05,25000.00,Active
CARD004851,CUST00005,Debit Card,2023-06-05,25000.00,Active
CARD000103,CUST03358,Credit Card,2023-06-06,500000.00,Active
CARD000740,CUST04389,Debit Card,2023-06-06,25000.00,Active
CARD001283,CUST04976,Credit Card,2023-06-06,250000.00,Active
CARD002607,CUST03293,Credit Card,2023-06-06,250000.00,Expired
CARD003630,CUST03395,Credit Card,2023-06-06,50000.00,Active
CARD004855,CUST03053,Corporate Card,2023-06-06,200000.00,Active
CARD005048,CUST03473,Credit Card,2023-06-06,500000.00,Active
CARD000305,CUST00757,Credit Card,2023-06-07,1000000.00,Inactive
CARD000447,CUST03916,Credit Card,2023-06-07,250000.00,Active
CARD000550,CUST02674,Credit Card,2023-06-07,50000.00,Active
CARD001181,CUST04679,Corporate Card,2023-06-07,1500000.00,Active
CARD004355,CUST02517,Debit Card,2023-06-07,100000.00,Active
CARD004366,CUST00176,Debit Card,2023-06-07,100000.00,Active
CARD004992,CUST03471,Debit Card,2023-06-07,200000.00,Active
CARD001030,CUST04254,Prepaid Card,2023-06-08,10000.00,Active
CARD002153,CUST00291,Debit Card,2023-06-08,50000.00,Active
CARD003413,CUST02323,Debit Card,2023-06-08,100000.00,Active
CARD004251,CUST02885,Credit Card,2023-06-08,100000.00,Active
CARD004829,CUST00457,Credit Card,2023-06-08,100000.00,Active
CARD001195,CUST00646,Prepaid Card,2023-06-09,10000.00,Active
CARD002225,CUST03813,Debit Card,2023-06-09,100000.00,Active
CARD002609,CUST03245,Credit Card,2023-06-09,500000.00,Active
CARD004892,CUST00219,Corporate Card,2023-06-09,200000.00,Active
CARD005160,CUST02067,Credit Card,2023-06-09,50000.00,Active
CARD000613,CUST04573,Debit Card,2023-06-10,100000.00,Active
CARD000988,CUST04028,Credit Card,2023-06-10,100000.00,Active
CARD004898,CUST00319,Credit Card,2023-06-10,500000.00,Active
CARD000513,CUST01651,Debit Card,2023-06-11,50000.00,Active
CARD000578,CUST04324,Debit Card,2023-06-11,25000.00,Active
CARD001722,CUST02658,Prepaid Card,2023-06-11,10000.00,Inactive
CARD002166,CUST00169,Prepaid Card,2023-06-11,10000.00,Active
CARD002369,CUST03334,Debit Card,2023-06-11,200000.00,Active
CARD002422,CUST00363,Credit Card,2023-06-11,100000.00,Active
CARD004423,CUST00289,Debit Card,2023-06-11,25000.00,Active
CARD002361,CUST03549,Credit Card,2023-06-12,250000.00,Active
CARD000791,CUST02063,Credit Card,2023-06-13,100000.00,Active
CARD001226,CUST00892,Credit Card,2023-06-13,50000.00,Active
CARD001547,CUST02662,Credit Card,2023-06-14,250000.00,Inactive
CARD001667,CUST04502,Prepaid Card,2023-06-14,10000.00,Active
CARD002625,CUST00370,Credit Card,2023-06-14,500000.00,Active
CARD003293,CUST04108,Credit Card,2023-06-14,150000.00,Active
CARD004734,CUST04020,Credit Card,2023-06-14,1000000.00,Active
CARD000547,CUST02717,Debit Card,2023-06-15,100000.00,Active
CARD000566,CUST04192,Debit Card,2023-06-15,25000.00,Active
CARD001407,CUST04298,Debit Card,2023-06-15,50000.00,Active
CARD004710,CUST01039,Debit Card,2023-06-15,50000.00,Active
CARD004884,CUST00858,Credit Card,2023-06-15,250000.00,Active
CARD001771,CUST04984,Debit Card,2023-06-16,25000.00,Active
CARD000134,CUST00873,Debit Card,2023-06-17,100000.00,Active
CARD001816,CUST04816,Prepaid Card,2023-06-17,50000.00,Active
CARD002400,CUST04000,Credit Card,2023-06-17,50000.00,Active
CARD002823,CUST01600,Credit Card,2023-06-18,100000.00,Active
CARD004569,CUST01095,Credit Card,2023-06-18,50000.00,Active
CARD002515,CUST04770,Debit Card,2023-06-19,25000.00,Active
CARD003718,CUST00120,Corporate Card,2023-06-19,1500000.00,Active
CARD004778,CUST02215,Credit Card,2023-06-19,500000.00,Expired
CARD004560,CUST02257,Corporate Card,2023-06-20,1500000.00,Active
CARD004985,CUST03118,Credit Card,2023-06-20,50000.00,Active
CARD001908,CUST01465,Corporate Card,2023-06-21,1500000.00,Inactive
CARD001024,CUST04701,Credit Card,2023-06-22,500000.00,Active
CARD002689,CUST00679,Debit Card,2023-06-22,100000.00,Active
CARD003080,CUST03758,Credit Card,2023-06-22,250000.00,Active
CARD003132,CUST02363,Corporate Card,2023-06-22,200000.00,Expired
CARD003913,CUST04893,Credit Card,2023-06-22,50000.00,Active
CARD004265,CUST01675,Credit Card,2023-06-22,500000.00,Active
CARD000671,CUST03567,Credit Card,2023-06-23,100000.00,Active
CARD001655,CUST04625,Debit Card,2023-06-23,50000.00,Active
CARD004395,CUST04688,Debit Card,2023-06-23,100000.00,Active
CARD004618,CUST01296,Credit Card,2023-06-23,150000.00,Active
CARD005183,CUST01958,Prepaid Card,2023-06-23,10000.00,Active
CARD000384,CUST03081,Credit Card,2023-06-24,100000.00,Active
CARD002372,CUST00551,Prepaid Card,2023-06-24,25000.00,Active
CARD001929,CUST02237,Credit Card,2023-06-25,1000000.00,Active
CARD002743,CUST04471,Debit Card,2023-06-25,200000.00,Active
CARD004369,CUST03435,Credit Card,2023-06-25,1000000.00,Active
CARD001088,CUST01495,Corporate Card,2023-06-26,1500000.00,Active
CARD003640,CUST02469,Debit Card,2023-06-26,50000.00,Active
CARD001541,CUST03860,Debit Card,2023-06-27,100000.00,Active
CARD004180,CUST04644,Credit Card,2023-06-27,100000.00,Active
CARD005176,CUST00548,Prepaid Card,2023-06-27,50000.00,Active
CARD000687,CUST01008,Debit Card,2023-06-28,50000.00,Active
CARD003104,CUST04904,Credit Card,2023-06-29,500000.00,Expired
CARD003265,CUST00460,Debit Card,2023-06-29,100000.00,Active
CARD003444,CUST04549,Debit Card,2023-06-29,25000.00,Active
CARD000213,CUST04573,Debit Card,2023-06-30,200000.00,Inactive
CARD002014,CUST00894,Debit Card,2023-06-30,200000.00,Active
CARD001002,CUST02511,Debit Card,2023-07-01,50000.00,Active
CARD002441,CUST03287,Debit Card,2023-07-01,25000.00,Active
CARD002771,CUST03901,Credit Card,2023-07-01,150000.00,Active
CARD003175,CUST00469,Debit Card,2023-07-01,100000.00,Active
CARD004270,CUST04600,Credit Card,2023-07-01,500000.00,Active
CARD001800,CUST03719,Debit Card,2023-07-03,50000.00,Active
CARD002599,CUST04370,Corporate Card,2023-07-03,500000.00,Active
CARD003323,CUST03389,Debit Card,2023-07-03,200000.00,Active
CARD004042,CUST04488,Credit Card,2023-07-03,100000.00,Blocked
CARD000490,CUST01995,Credit Card,2023-07-04,1000000.00,Expired
CARD001073,CUST03395,Credit Card,2023-07-04,50000.00,Active
CARD003394,CUST00108,Credit Card,2023-07-04,1000000.00,Active
CARD004508,CUST00701,Debit Card,2023-07-04,50000.00,Active
CARD000389,CUST02959,Credit Card,2023-07-05,50000.00,Active
CARD002088,CUST00388,Prepaid Card,2023-07-05,25000.00,Active
CARD003714,CUST02841,Credit Card,2023-07-05,500000.00,Blocked
CARD005004,CUST02740,Debit Card,2023-07-05,100000.00,Inactive
CARD001395,CUST01407,Debit Card,2023-07-06,200000.00,Active
CARD002813,CUST02571,Debit Card,2023-07-06,50000.00,Active
CARD002844,CUST00848,Debit Card,2023-07-06,25000.00,Expired
CARD003927,CUST01389,Credit Card,2023-07-06,100000.00,Active
CARD004387,CUST02834,Prepaid Card,2023-07-06,50000.00,Active
CARD002180,CUST00867,Credit Card,2023-07-07,500000.00,Active
CARD002412,CUST02068,Corporate Card,2023-07-07,500000.00,Active
CARD002493,CUST03092,Debit Card,2023-07-07,50000.00,Expired
CARD003282,CUST00747,Debit Card,2023-07-07,25000.00,Active
CARD003347,CUST01099,Debit Card,2023-07-07,200000.00,Inactive
CARD003985,CUST01324,Debit Card,2023-07-08,200000.00,Active
CARD004536,CUST00307,Credit Card,2023-07-08,50000.00,Active
CARD000543,CUST02586,Credit Card,2023-07-10,100000.00,Active
CARD001964,CUST00520,Debit Card,2023-07-10,50000.00,Active
CARD003259,CUST01975,Corporate Card,2023-07-10,1500000.00,Active
CARD003758,CUST04460,Credit Card,2023-07-10,1000000.00,Active
CARD002081,CUST00592,Credit Card,2023-07-11,500000.00,Active
CARD003667,CUST02116,Credit Card,2023-07-11,50000.00,Expired
CARD004457,CUST04062,Debit Card,2023-07-11,100000.00,Active
CARD000587,CUST03354,Debit Card,2023-07-12,100000.00,Active
CARD000790,CUST01550,Credit Card,2023-07-12,500000.00,Blocked
CARD000099,CUST01908,Credit Card,2023-07-13,150000.00,Active
CARD001334,CUST02364,Debit Card,2023-07-13,200000.00,Active
CARD001389,CUST02212,Credit Card,2023-07-13,500000.00,Active
CARD000168,CUST03651,Debit Card,2023-07-14,100000.00,Active
CARD000005,CUST01861,Credit Card,2023-07-15,100000.00,Active
CARD003448,CUST04478,Credit Card,2023-07-15,150000.00,Active
CARD004441,CUST02633,Credit Card,2023-07-15,500000.00,Active
CARD004595,CUST02026,Credit Card,2023-07-15,50000.00,Active
CARD004706,CUST03749,Credit Card,2023-07-15,500000.00,Active
CARD000092,CUST02712,Debit Card,2023-07-16,25000.00,Active
CARD000386,CUST03638,Debit Card,2023-07-16,100000.00,Active
CARD000776,CUST00070,Credit Card,2023-07-16,100000.00,Active
CARD001707,CUST04918,Credit Card,2023-07-16,50000.00,Active
CARD003547,CUST00981,Debit Card,2023-07-16,50000.00,Active
CARD004429,CUST03660,Prepaid Card,2023-07-16,10000.00,Active
CARD004446,CUST02824,Debit Card,2023-07-16,50000.00,Active
CARD000580,CUST00369,Credit Card,2023-07-17,50000.00,Active
CARD003455,CUST01609,Credit Card,2023-07-17,250000.00,Active
CARD000499,CUST02240,Prepaid Card,2023-07-18,50000.00,Active
CARD001688,CUST02538,Debit Card,2023-07-18,50000.00,Active
CARD001993,CUST03867,Credit Card,2023-07-18,250000.00,Expired
CARD002069,CUST04765,Debit Card,2023-07-18,200000.00,Active
CARD002174,CUST02648,Debit Card,2023-07-18,25000.00,Active
CARD003011,CUST00871,Debit Card,2023-07-18,100000.00,Blocked
CARD004033,CUST00714,Credit Card,2023-07-18,500000.00,Active
CARD000965,CUST00253,Debit Card,2023-07-19,50000.00,Active
CARD002890,CUST01202,Credit Card,2023-07-19,150000.00,Active
CARD002988,CUST04197,Debit Card,2023-07-19,50000.00,Active
CARD003939,CUST01182,Credit Card,2023-07-19,150000.00,Active
CARD005147,CUST04182,Credit Card,2023-07-19,1000000.00,Active
CARD000696,CUST01717,Debit Card,2023-07-20,25000.00,Active
CARD005051,CUST04641,Debit Card,2023-07-20,100000.00,Active
CARD000326,CUST00386,Credit Card,2023-07-21,500000.00,Active
CARD001694,CUST03881,Credit Card,2023-07-21,150000.00,Active
CARD001876,CUST02832,Prepaid Card,2023-07-21,50000.00,Active
CARD001396,CUST02932,Debit Card,2023-07-22,50000.00,Active
CARD003064,CUST01056,Debit Card,2023-07-22,25000.00,Active
CARD003668,CUST02766,Credit Card,2023-07-22,50000.00,Active
CARD003755,CUST04947,Debit Card,2023-07-22,25000.00,Active
CARD003854,CUST00304,Credit Card,2023-07-22,500000.00,Active
CARD000119,CUST01797,Debit Card,2023-07-23,25000.00,Active
CARD001485,CUST03497,Credit Card,2023-07-23,100000.00,Expired
CARD001553,CUST02651,Prepaid Card,2023-07-23,10000.00,Active
CARD003732,CUST00310,Corporate Card,2023-07-23,500000.00,Active
CARD004513,CUST00738,Corporate Card,2023-07-23,200000.00,Active
CARD004841,CUST02077,Credit Card,2023-07-23,150000.00,Inactive
CARD000702,CUST04234,Credit Card,2023-07-24,250000.00,Active
CARD002257,CUST04662,Debit Card,2023-07-24,200000.00,Active
CARD004208,CUST01841,Prepaid Card,2023-07-25,25000.00,Active
CARD000726,CUST00790,Debit Card,2023-07-26,50000.00,Expired
CARD000997,CUST00508,Debit Card,2023-07-26,100000.00,Active
CARD003426,CUST04626,Corporate Card,2023-07-26,200000.00,Expired
CARD003860,CUST03681,Corporate Card,2023-07-26,1500000.00,Active
CARD004643,CUST01503,Debit Card,2023-07-26,25000.00,Inactive
CARD004800,CUST01422,Corporate Card,2023-07-26,200000.00,Active
CARD000764,CUST02704,Corporate Card,2023-07-27,500000.00,Active
CARD001086,CUST01098,Debit Card,2023-07-27,25000.00,Active
CARD002256,CUST03735,Credit Card,2023-07-27,500000.00,Active
CARD003171,CUST04120,Debit Card,2023-07-27,50000.00,Active
CARD001885,CUST04778,Credit Card,2023-07-28,250000.00,Active
CARD001986,CUST03858,Debit Card,2023-07-28,100000.00,Inactive
CARD002215,CUST02038,Debit Card,2023-07-28,50000.00,Active
CARD004037,CUST00200,Credit Card,2023-07-28,50000.00,Active
CARD004744,CUST01021,Debit Card,2023-07-28,100000.00,Active
CARD005096,CUST04978,Debit Card,2023-07-28,50000.00,Blocked
CARD000557,CUST04293,Debit Card,2023-07-29,25000.00,Active
CARD001328,CUST00676,Corporate Card,2023-07-29,1500000.00,Active
CARD001914,CUST02953,Debit Card,2023-07-29,50000.00,Active
CARD003500,CUST04969,Credit Card,2023-07-29,500000.00,Active
CARD000173,CUST01048,Debit Card,2023-07-30,25000.00,Active
CARD000615,CUST02185,Debit Card,2023-07-30,50000.00,Active
CARD001844,CUST00408,Credit Card,2023-07-30,1000000.00,Active
CARD002370,CUST04341,Credit Card,2023-07-30,50000.00,Active
CARD003275,CUST03816,Debit Card,2023-07-30,100000.00,Active
CARD000405,CUST01395,Credit Card,2023-07-31,1000000.00,Active
CARD002854,CUST01502,Debit Card,2023-07-31,200000.00,Active
CARD003299,CUST00899,Debit Card,2023-07-31,25000.00,Active
CARD003736,CUST02327,Prepaid Card,2023-07-31,10000.00,Active
CARD000265,CUST04831,Debit Card,2023-08-01,200000.00,Active
CARD000407,CUST02697,Prepaid Card,2023-08-01,50000.00,Blocked
CARD001199,CUST01288,Credit Card,2023-08-01,150000.00,Expired
CARD002489,CUST00472,Credit Card,2023-08-01,100000.00,Active
CARD002685,CUST01765,Debit Card,2023-08-01,100000.00,Blocked
CARD002909,CUST02919,Debit Card,2023-08-01,200000.00,Active
CARD003706,CUST01059,Debit Card,2023-08-01,25000.00,Expired
CARD003822,CUST00357,Debit Card,2023-08-01,50000.00,Active
CARD004005,CUST01507,Credit Card,2023-08-01,100000.00,Blocked
CARD004729,CUST01043,Debit Card,2023-08-01,100000.00,Active
CARD003819,CUST03727,Credit Card,2023-08-02,1000000.00,Active
CARD004526,CUST01837,Debit Card,2023-08-02,200000.00,Active
CARD000214,CUST01264,Credit Card,2023-08-03,50000.00,Active
CARD001010,CUST00858,Credit Card,2023-08-03,250000.00,Active
CARD001867,CUST01561,Credit Card,2023-08-03,500000.00,Active
CARD004095,CUST03150,Credit Card,2023-08-03,150000.00,Expired
CARD005169,CUST03374,Credit Card,2023-08-03,250000.00,Active
CARD003068,CUST04898,Debit Card,2023-08-04,200000.00,Active
CARD003715,CUST01975,Debit Card,2023-08-04,50000.00,Active
CARD000302,CUST02604,Credit Card,2023-08-05,150000.00,Active
CARD000559,CUST03643,Credit Card,2023-08-05,150000.00,Active
CARD003118,CUST03619,Debit Card,2023-08-05,200000.00,Active
CARD003184,CUST02102,Credit Card,2023-08-05,50000.00,Inactive
CARD003763,CUST01115,Credit Card,2023-08-05,250000.00,Blocked
CARD003801,CUST04828,Credit Card,2023-08-05,100000.00,Active
CARD003863,CUST02956,Credit Card,2023-08-05,150000.00,Active
CARD000517,CUST03390,Debit Card,2023-08-06,50000.00,Active
CARD001313,CUST02870,Credit Card,2023-08-06,500000.00,Expired
CARD002635,CUST04121,Debit Card,2023-08-07,50000.00,Active
CARD003074,CUST00193,Debit Card,2023-08-08,200000.00,Inactive
CARD003403,CUST01338,Credit Card,2023-08-08,1000000.00,Active
CARD004591,CUST00011,Credit Card,2023-08-08,1000000.00,Active
CARD000481,CUST02665,Prepaid Card,2023-08-09,25000.00,Active
CARD001807,CUST03953,Debit Card,2023-08-09,25000.00,Active
CARD001835,CUST01066,Debit Card,2023-08-09,25000.00,Inactive
CARD001895,CUST03256,Credit Card,2023-08-09,50000.00,Active
CARD003748,CUST03627,Debit Card,2023-08-09,200000.00,Expired
CARD004621,CUST00136,Credit Card,2023-08-09,500000.00,Blocked
CARD001973,CUST03174,Debit Card,2023-08-10,50000.00,Active
CARD002463,CUST00034,Prepaid Card,2023-08-10,10000.00,Blocked
CARD002889,CUST01317,Debit Card,2023-08-10,200000.00,Active
CARD003729,CUST01467,Credit Card,2023-08-10,100000.00,Active
CARD004183,CUST01933,Credit Card,2023-08-10,500000.00,Active
CARD000467,CUST00215,Debit Card,2023-08-11,50000.00,Active
CARD002190,CUST01477,Credit Card,2023-08-11,1000000.00,Active
CARD000635,CUST01818,Debit Card,2023-08-12,200000.00,Active
CARD003377,CUST01916,Corporate Card,2023-08-12,500000.00,Expired
CARD001870,CUST03598,Credit Card,2023-08-13,500000.00,Active
CARD002287,CUST03519,Debit Card,2023-08-13,25000.00,Active
CARD001224,CUST03673,Debit Card,2023-08-14,50000.00,Active
CARD001479,CUST01149,Debit Card,2023-08-14,100000.00,Active
CARD002430,CUST04168,Debit Card,2023-08-14,50000.00,Active
CARD003166,CUST04622,Credit Card,2023-08-14,100000.00,Active
CARD000659,CUST04459,Credit Card,2023-08-15,150000.00,Active
CARD005093,CUST04872,Debit Card,2023-08-15,25000.00,Active
CARD000404,CUST03121,Credit Card,2023-08-16,100000.00,Active
CARD002203,CUST02368,Prepaid Card,2023-08-16,25000.00,Blocked
CARD002464,CUST01729,Debit Card,2023-08-16,200000.00,Active
CARD003948,CUST00965,Debit Card,2023-08-16,25000.00,Active
CARD005166,CUST02497,Corporate Card,2023-08-16,1500000.00,Expired
CARD000858,CUST04112,Debit Card,2023-08-17,50000.00,Active
CARD001452,CUST03048,Debit Card,2023-08-17,50000.00,Active
CARD003346,CUST00685,Debit Card,2023-08-17,200000.00,Active
CARD000573,CUST02295,Credit Card,2023-08-18,500000.00,Active
CARD000891,CUST04531,Corporate Card,2023-08-18,1500000.00,Active
CARD001638,CUST00753,Credit Card,2023-08-18,100000.00,Active
CARD002831,CUST02995,Debit Card,2023-08-18,200000.00,Active
CARD004759,CUST00681,Corporate Card,2023-08-18,200000.00,Active
CARD005105,CUST00976,Debit Card,2023-08-18,50000.00,Active
CARD000834,CUST00550,Debit Card,2023-08-19,25000.00,Blocked
CARD001346,CUST04412,Prepaid Card,2023-08-19,10000.00,Active
CARD004769,CUST02285,Prepaid Card,2023-08-19,25000.00,Active
CARD000364,CUST02356,Debit Card,2023-08-20,100000.00,Active
CARD002527,CUST00148,Prepaid Card,2023-08-20,25000.00,Active
CARD000425,CUST00607,Debit Card,2023-08-21,25000.00,Active
CARD000561,CUST01252,Credit Card,2023-08-21,500000.00,Active
CARD000833,CUST02430,Corporate Card,2023-08-21,500000.00,Blocked
CARD002419,CUST00636,Debit Card,2023-08-21,50000.00,Active
CARD002448,CUST02898,Credit Card,2023-08-21,50000.00,Active
CARD002722,CUST03987,Credit Card,2023-08-21,150000.00,Active
CARD003421,CUST02152,Debit Card,2023-08-21,200000.00,Active
CARD001822,CUST04577,Prepaid Card,2023-08-22,50000.00,Active
CARD002806,CUST03114,Credit Card,2023-08-22,100000.00,Blocked
CARD004438,CUST04956,Credit Card,2023-08-22,150000.00,Active
CARD004609,CUST00534,Debit Card,2023-08-22,25000.00,Inactive
CARD000852,CUST01116,Prepaid Card,2023-08-23,50000.00,Active
CARD001070,CUST04055,Credit Card,2023-08-23,150000.00,Active
CARD003269,CUST04143,Corporate Card,2023-08-23,200000.00,Active
CARD000276,CUST04851,Prepaid Card,2023-08-24,25000.00,Active
CARD000844,CUST03340,Credit Card,2023-08-24,100000.00,Expired
CARD001851,CUST02680,Credit Card,2023-08-24,250000.00,Active
CARD002637,CUST01302,Credit Card,2023-08-24,250000.00,Blocked
CARD002703,CUST03914,Credit Card,2023-08-24,50000.00,Expired
CARD003544,CUST02427,Credit Card,2023-08-24,50000.00,Active
CARD003607,CUST02105,Debit Card,2023-08-24,50000.00,Active
CARD004268,CUST00084,Credit Card,2023-08-24,150000.00,Active
CARD004640,CUST03540,Credit Card,2023-08-24,250000.00,Active
CARD004709,CUST04740,Credit Card,2023-08-24,50000.00,Active
CARD004927,CUST03772,Prepaid Card,2023-08-24,25000.00,Active
CARD000076,CUST04492,Credit Card,2023-08-25,500000.00,Active
CARD001617,CUST00093,Debit Card,2023-08-25,50000.00,Active
CARD003529,CUST01667,Credit Card,2023-08-25,100000.00,Blocked
CARD004097,CUST01908,Debit Card,2023-08-25,200000.00,Active
CARD002739,CUST01065,Prepaid Card,2023-08-26,10000.00,Active
CARD000109,CUST04703,Credit Card,2023-08-27,500000.00,Active
CARD000471,CUST03527,Credit Card,2023-08-27,150000.00,Active
CARD001959,CUST01647,Credit Card,2023-08-27,50000.00,Active
CARD002748,CUST02098,Debit Card,2023-08-27,25000.00,Blocked
CARD000902,CUST00429,Credit Card,2023-08-28,150000.00,Active
CARD001022,CUST02333,Credit Card,2023-08-28,50000.00,Expired
CARD002409,CUST04330,Debit Card,2023-08-28,25000.00,Active
CARD003534,CUST02919,Prepaid Card,2023-08-28,25000.00,Active
CARD003861,CUST04683,Debit Card,2023-08-28,100000.00,Active
CARD003440,CUST03273,Credit Card,2023-08-29,250000.00,Active
CARD001739,CUST03421,Credit Card,2023-08-30,500000.00,Active
CARD003825,CUST05000,Credit Card,2023-08-30,150000.00,Active
CARD000383,CUST00868,Debit Card,2023-08-31,100000.00,Active
CARD001128,CUST00255,Credit Card,2023-08-31,50000.00,Active
CARD002648,CUST00827,Credit Card,2023-08-31,150000.00,Active
CARD005199,CUST04801,Debit Card,2023-08-31,200000.00,Expired
CARD003720,CUST00159,Credit Card,2023-09-01,250000.00,Active
CARD004862,CUST00864,Debit Card,2023-09-01,25000.00,Active
CARD000413,CUST02217,Credit Card,2023-09-02,100000.00,Active
CARD001352,CUST03228,Debit Card,2023-09-02,200000.00,Expired
CARD003892,CUST02741,Debit Card,2023-09-02,50000.00,Active
CARD004635,CUST00021,Debit Card,2023-09-02,25000.00,Active
CARD003021,CUST00523,Credit Card,2023-09-03,250000.00,Active
CARD003765,CUST00358,Debit Card,2023-09-03,25000.00,Active
CARD003813,CUST04250,Credit Card,2023-09-03,1000000.00,Expired
CARD003949,CUST03915,Credit Card,2023-09-03,500000.00,Active
CARD000114,CUST01233,Credit Card,2023-09-04,100000.00,Blocked
CARD002015,CUST03194,Debit Card,2023-09-04,100000.00,Active
CARD004241,CUST02828,Credit Card,2023-09-04,150000.00,Active
CARD000004,CUST02630,Prepaid Card,2023-09-05,50000.00,Active
CARD001511,CUST04673,Debit Card,2023-09-05,100000.00,Active
CARD001827,CUST02568,Credit Card,2023-09-05,150000.00,Active
CARD002118,CUST03689,Credit Card,2023-09-05,500000.00,Blocked
CARD002296,CUST03073,Credit Card,2023-09-05,1000000.00,Active
CARD004079,CUST01688,Credit Card,2023-09-05,100000.00,Active
CARD000811,CUST01137,Debit Card,2023-09-06,200000.00,Expired
CARD002286,CUST00194,Debit Card,2023-09-06,100000.00,Active
CARD002478,CUST04591,Debit Card,2023-09-06,25000.00,Active
CARD003170,CUST01010,Corporate Card,2023-09-06,500000.00,Active
CARD003546,CUST04424,Debit Card,2023-09-06,200000.00,Active
CARD004960,CUST00653,Corporate Card,2023-09-06,1500000.00,Active
CARD000153,CUST01118,Credit Card,2023-09-07,150000.00,Active
CARD002222,CUST04548,Debit Card,2023-09-07,100000.00,Active
CARD003847,CUST01253,Debit Card,2023-09-07,50000.00,Active
CARD004897,CUST03273,Credit Card,2023-09-07,100000.00,Active
CARD000036,CUST01723,Credit Card,2023-09-08,1000000.00,Active
CARD004231,CUST01622,Credit Card,2023-09-08,150000.00,Active
CARD004874,CUST01332,Debit Card,2023-09-08,100000.00,Active
CARD000348,CUST02828,Prepaid Card,2023-09-09,50000.00,Expired
CARD000714,CUST04192,Prepaid Card,2023-09-09,25000.00,Active
CARD002024,CUST02953,Corporate Card,2023-09-09,200000.00,Active
CARD002555,CUST03205,Credit Card,2023-09-09,150000.00,Active
CARD002082,CUST03928,Debit Card,2023-09-10,50000.00,Active
CARD000652,CUST03974,Debit Card,2023-09-11,200000.00,Active
CARD001242,CUST04078,Debit Card,2023-09-11,200000.00,Active
CARD003548,CUST02859,Debit Card,2023-09-11,100000.00,Active
CARD004076,CUST02319,Credit Card,2023-09-11,250000.00,Expired
CARD004649,CUST00589,Debit Card,2023-09-11,100000.00,Active
CARD004711,CUST02468,Debit Card,2023-09-11,50000.00,Active
CARD005184,CUST02961,Prepaid Card,2023-09-11,50000.00,Active
CARD003480,CUST01070,Debit Card,2023-09-12,50000.00,Active
CARD005018,CUST03955,Credit Card,2023-09-12,500000.00,Active
CARD001994,CUST02680,Debit Card,2023-09-13,200000.00,Active
CARD002846,CUST03181,Credit Card,2023-09-13,100000.00,Active
CARD003024,CUST00437,Debit Card,2023-09-13,25000.00,Active
CARD004555,CUST00438,Credit Card,2023-09-13,250000.00,Active
CARD004579,CUST02885,Debit Card,2023-09-13,200000.00,Active
CARD001180,CUST01095,Debit Card,2023-09-14,25000.00,Active
CARD003709,CUST01963,Credit Card,2023-09-14,100000.00,Active
CARD004746,CUST01261,Credit Card,2023-09-14,500000.00,Blocked
CARD004786,CUST04138,Debit Card,2023-09-14,100000.00,Inactive
CARD001741,CUST00472,Debit Card,2023-09-15,100000.00,Active
CARD002521,CUST01251,Credit Card,2023-09-15,500000.00,Active
CARD001210,CUST00002,Debit Card,2023-09-17,25000.00,Active
CARD001682,CUST02333,Debit Card,2023-09-17,25000.00,Active
CARD002853,CUST04715,Credit Card,2023-09-17,250000.00,Active
CARD004375,CUST04488,Corporate Card,2023-09-17,1500000.00,Active
CARD004401,CUST02102,Credit Card,2023-09-17,50000.00,Active
CARD001078,CUST00876,Debit Card,2023-09-18,100000.00,Active
CARD001974,CUST01780,Debit Card,2023-09-18,200000.00,Active
CARD003442,CUST02258,Debit Card,2023-09-18,50000.00,Active
CARD001773,CUST04431,Credit Card,2023-09-19,1000000.00,Active
CARD002646,CUST03651,Corporate Card,2023-09-19,500000.00,Active
CARD003050,CUST01344,Debit Card,2023-09-19,25000.00,Blocked
CARD004903,CUST02144,Credit Card,2023-09-19,1000000.00,Active
CARD001836,CUST00884,Credit Card,2023-09-20,250000.00,Active
CARD002228,CUST04960,Credit Card,2023-09-20,1000000.00,Active
CARD002812,CUST02549,Debit Card,2023-09-20,25000.00,Active
CARD001459,CUST00344,Credit Card,2023-09-21,500000.00,Active
CARD004443,CUST02342,Debit Card,2023-09-21,100000.00,Active
CARD004614,CUST00946,Debit Card,2023-09-21,50000.00,Active
CARD000259,CUST04241,Debit Card,2023-09-22,25000.00,Active
CARD000381,CUST04859,Debit Card,2023-09-22,50000.00,Active
CARD003423,CUST01899,Credit Card,2023-09-22,150000.00,Active
CARD004121,CUST02255,Credit Card,2023-09-22,500000.00,Active
CARD005127,CUST04936,Prepaid Card,2023-09-22,10000.00,Active
CARD000802,CUST01374,Credit Card,2023-09-23,50000.00,Active
CARD001618,CUST00330,Credit Card,2023-09-23,100000.00,Active
CARD001857,CUST01825,Debit Card,2023-09-23,25000.00,Active
CARD004327,CUST00582,Debit Card,2023-09-23,100000.00,Active
CARD004360,CUST03907,Corporate Card,2023-09-23,500000.00,Active
CARD004780,CUST02274,Debit Card,2023-09-23,200000.00,Active
CARD000437,CUST01165,Debit Card,2023-09-24,200000.00,Active
CARD002119,CUST01570,Credit Card,2023-09-24,50000.00,Active
CARD002770,CUST01394,Prepaid Card,2023-09-24,50000.00,Active
CARD004510,CUST00357,Credit Card,2023-09-24,100000.00,Active
CARD002291,CUST00092,Credit Card,2023-09-25,100000.00,Inactive
CARD003489,CUST02699,Prepaid Card,2023-09-25,10000.00,Active
CARD002955,CUST00773,Credit Card,2023-09-26,100000.00,Active
CARD004460,CUST03089,Credit Card,2023-09-26,500000.00,Active
CARD004999,CUST02374,Credit Card,2023-09-26,50000.00,Active
CARD002073,CUST01436,Credit Card,2023-09-27,50000.00,Active
CARD002148,CUST03160,Credit Card,2023-09-27,500000.00,Active
CARD002865,CUST02038,Debit Card,2023-09-27,200000.00,Active
CARD003726,CUST02253,Credit Card,2023-09-27,250000.00,Expired
CARD004102,CUST00847,Credit Card,2023-09-27,100000.00,Active
CARD004106,CUST00102,Credit Card,2023-09-27,50000.00,Active
CARD000523,CUST02299,Debit Card,2023-09-28,100000.00,Active
CARD000933,CUST02889,Credit Card,2023-09-28,150000.00,Active
CARD000642,CUST01449,Debit Card,2023-09-29,25000.00,Active
CARD001445,CUST03349,Corporate Card,2023-09-29,500000.00,Active
CARD002560,CUST04064,Prepaid Card,2023-09-29,10000.00,Active
CARD004476,CUST00174,Corporate Card,2023-09-29,500000.00,Active
CARD000469,CUST02814,Debit Card,2023-09-30,100000.00,Active
CARD002644,CUST02762,Debit Card,2023-09-30,100000.00,Active
CARD002855,CUST04251,Credit Card,2023-09-30,250000.00,Active
CARD003179,CUST02765,Debit Card,2023-09-30,50000.00,Active
CARD003365,CUST02940,Debit Card,2023-09-30,50000.00,Active
CARD000701,CUST02966,Credit Card,2023-10-01,50000.00,Active
CARD004751,CUST02688,Debit Card,2023-10-01,100000.00,Blocked
CARD004978,CUST00128,Credit Card,2023-10-01,100000.00,Active
CARD005020,CUST04227,Prepaid Card,2023-10-01,10000.00,Active
CARD002026,CUST02245,Debit Card,2023-10-02,50000.00,Active
CARD002039,CUST03273,Credit Card,2023-10-02,500000.00,Active
CARD003926,CUST02376,Debit Card,2023-10-02,200000.00,Active
CARD004977,CUST00714,Credit Card,2023-10-02,500000.00,Active
CARD000460,CUST00734,Credit Card,2023-10-03,500000.00,Active
CARD000657,CUST00285,Debit Card,2023-10-03,200000.00,Active
CARD004461,CUST00147,Debit Card,2023-10-03,200000.00,Active
CARD002773,CUST02154,Debit Card,2023-10-04,100000.00,Active
CARD003925,CUST00215,Credit Card,2023-10-04,150000.00,Active
CARD000549,CUST01938,Debit Card,2023-10-05,25000.00,Active
CARD001828,CUST03174,Debit Card,2023-10-05,100000.00,Active
CARD001831,CUST01844,Debit Card,2023-10-05,25000.00,Active
CARD002058,CUST02232,Debit Card,2023-10-05,100000.00,Active
CARD002129,CUST00792,Credit Card,2023-10-05,100000.00,Blocked
CARD002345,CUST01951,Debit Card,2023-10-05,200000.00,Active
CARD000911,CUST00397,Debit Card,2023-10-06,100000.00,Expired
CARD002950,CUST00106,Credit Card,2023-10-06,50000.00,Active
CARD004994,CUST03991,Corporate Card,2023-10-06,500000.00,Active
CARD001691,CUST01010,Credit Card,2023-10-07,50000.00,Active
CARD002111,CUST01605,Credit Card,2023-10-07,500000.00,Active
CARD003029,CUST02139,Debit Card,2023-10-07,100000.00,Inactive
CARD003575,CUST04487,Corporate Card,2023-10-07,500000.00,Active
CARD004637,CUST03927,Credit Card,2023-10-07,250000.00,Blocked
CARD003176,CUST02862,Credit Card,2023-10-08,500000.00,Active
CARD001671,CUST00903,Debit Card,2023-10-09,100000.00,Inactive
CARD001767,CUST00063,Debit Card,2023-10-09,200000.00,Active
CARD004482,CUST01263,Credit Card,2023-10-10,150000.00,Active
CARD004215,CUST04620,Debit Card,2023-10-11,200000.00,Active
CARD000223,CUST02805,Debit Card,2023-10-12,100000.00,Active
CARD001177,CUST04775,Debit Card,2023-10-12,50000.00,Active
CARD002719,CUST01340,Debit Card,2023-10-12,50000.00,Expired
CARD003196,CUST04671,Debit Card,2023-10-12,200000.00,Active
CARD003221,CUST04764,Debit Card,2023-10-13,200000.00,Active
CARD003746,CUST01148,Credit Card,2023-10-13,100000.00,Active
CARD001415,CUST01301,Credit Card,2023-10-14,500000.00,Active
CARD004373,CUST04764,Credit Card,2023-10-14,150000.00,Active
CARD003097,CUST04080,Debit Card,2023-10-15,100000.00,Active
CARD005022,CUST03174,Credit Card,2023-10-15,150000.00,Blocked
CARD005066,CUST01873,Debit Card,2023-10-15,200000.00,Expired
CARD000245,CUST00942,Debit Card,2023-10-16,25000.00,Active
CARD000986,CUST03490,Prepaid Card,2023-10-16,25000.00,Active
CARD002029,CUST02773,Debit Card,2023-10-16,100000.00,Active
CARD004749,CUST01419,Credit Card,2023-10-16,50000.00,Active
CARD005121,CUST03349,Credit Card,2023-10-16,500000.00,Active
CARD000297,CUST02127,Corporate Card,2023-10-17,500000.00,Active
CARD000356,CUST02617,Debit Card,2023-10-17,50000.00,Active
CARD004938,CUST00703,Prepaid Card,2023-10-17,25000.00,Active
CARD000211,CUST02807,Prepaid Card,2023-10-18,10000.00,Active
CARD000526,CUST02410,Corporate Card,2023-10-18,200000.00,Active
CARD000781,CUST04170,Credit Card,2023-10-18,250000.00,Active
CARD002134,CUST01661,Credit Card,2023-10-18,50000.00,Active
CARD002259,CUST02255,Credit Card,2023-10-18,250000.00,Active
CARD002393,CUST04093,Credit Card,2023-10-18,1000000.00,Active
CARD002434,CUST00911,Debit Card,2023-10-18,200000.00,Active
CARD004691,CUST00027,Credit Card,2023-10-18,150000.00,Active
CARD001860,CUST01672,Debit Card,2023-10-19,200000.00,Active
CARD001731,CUST03752,Credit Card,2023-10-20,50000.00,Active
CARD004442,CUST00094,Debit Card,2023-10-20,200000.00,Blocked
CARD000279,CUST00482,Debit Card,2023-10-21,200000.00,Active
CARD001758,CUST00573,Debit Card,2023-10-21,200000.00,Active
CARD000519,CUST00475,Corporate Card,2023-10-22,500000.00,Active
CARD002274,CUST03034,Prepaid Card,2023-10-22,25000.00,Active
CARD000332,CUST01969,Prepaid Card,2023-10-23,50000.00,Active
CARD000620,CUST03287,Credit Card,2023-10-23,50000.00,Active
CARD001039,CUST02002,Debit Card,2023-10-23,50000.00,Active
CARD001556,CUST03249,Debit Card,2023-10-23,100000.00,Active
CARD003135,CUST00343,Credit Card,2023-10-23,150000.00,Active
CARD003803,CUST03409,Debit Card,2023-10-23,200000.00,Blocked
CARD004767,CUST04878,Debit Card,2023-10-23,25000.00,Active
CARD000860,CUST01251,Credit Card,2023-10-24,1000000.00,Active
CARD001366,CUST00411,Debit Card,2023-10-24,200000.00,Expired
CARD001645,CUST00888,Credit Card,2023-10-24,1000000.00,Active
CARD004011,CUST02570,Debit Card,2023-10-24,200000.00,Active
CARD004041,CUST03507,Credit Card,2023-10-24,500000.00,Inactive
CARD001138,CUST04715,Debit Card,2023-10-25,100000.00,Blocked
CARD004339,CUST04524,Credit Card,2023-10-26,250000.00,Active
CARD001233,CUST04676,Prepaid Card,2023-10-27,25000.00,Expired
CARD002250,CUST04140,Corporate Card,2023-10-27,500000.00,Active
CARD003562,CUST04554,Credit Card,2023-10-27,250000.00,Active
CARD003914,CUST00563,Credit Card,2023-10-27,500000.00,Active
CARD004264,CUST00784,Debit Card,2023-10-27,25000.00,Active
CARD004422,CUST00587,Debit Card,2023-10-27,100000.00,Active
CARD001989,CUST03208,Debit Card,2023-10-28,100000.00,Active
CARD003007,CUST04268,Credit Card,2023-10-28,150000.00,Active
CARD004118,CUST04679,Prepaid Card,2023-10-28,10000.00,Active
CARD000034,CUST01563,Credit Card,2023-10-29,500000.00,Active
CARD002339,CUST02248,Debit Card,2023-10-29,50000.00,Active
CARD003033,CUST01246,Corporate Card,2023-10-29,500000.00,Active
CARD003062,CUST02747,Credit Card,2023-10-29,250000.00,Active
CARD004636,CUST01287,Corporate Card,2023-10-29,500000.00,Active
CARD000344,CUST02062,Prepaid Card,2023-10-30,50000.00,Active
CARD001196,CUST01101,Debit Card,2023-10-30,200000.00,Active
CARD002897,CUST02322,Credit Card,2023-10-30,250000.00,Blocked
CARD004479,CUST01252,Corporate Card,2023-10-30,200000.00,Active
CARD004672,CUST03680,Credit Card,2023-10-30,250000.00,Active
CARD000732,CUST01470,Debit Card,2023-10-31,25000.00,Active
CARD002086,CUST02858,Debit Card,2023-10-31,100000.00,Active
CARD002810,CUST03669,Debit Card,2023-10-31,200000.00,Inactive
CARD002957,CUST00670,Debit Card,2023-10-31,50000.00,Active
CARD003793,CUST03856,Debit Card,2023-10-31,100000.00,Active
CARD004504,CUST02748,Debit Card,2023-10-31,25000.00,Active
CARD000178,CUST04015,Credit Card,2023-11-01,100000.00,Active
CARD003588,CUST04370,Credit Card,2023-11-01,150000.00,Active
CARD005042,CUST02245,Credit Card,2023-11-01,250000.00,Active
CARD000336,CUST04612,Credit Card,2023-11-02,150000.00,Blocked
CARD000295,CUST01752,Credit Card,2023-11-03,50000.00,Active
CARD001666,CUST03775,Credit Card,2023-11-03,100000.00,Blocked
CARD003261,CUST00849,Debit Card,2023-11-03,200000.00,Active
CARD004671,CUST00147,Prepaid Card,2023-11-03,10000.00,Expired
CARD000522,CUST00401,Debit Card,2023-11-05,25000.00,Active
CARD003061,CUST04189,Credit Card,2023-11-05,100000.00,Expired
CARD003781,CUST03897,Prepaid Card,2023-11-05,50000.00,Active
CARD004664,CUST01116,Debit Card,2023-11-05,50000.00,Active
CARD005116,CUST00888,Credit Card,2023-11-05,150000.00,Active
CARD003063,CUST04319,Debit Card,2023-11-06,50000.00,Active
CARD003065,CUST00829,Credit Card,2023-11-06,250000.00,Active
CARD004237,CUST01982,Debit Card,2023-11-06,25000.00,Active
CARD003452,CUST04503,Debit Card,2023-11-07,200000.00,Active
CARD003647,CUST02483,Debit Card,2023-11-07,50000.00,Active
CARD005200,CUST03099,Credit Card,2023-11-07,1000000.00,Active
CARD000195,CUST04448,Debit Card,2023-11-08,25000.00,Active
CARD000241,CUST03853,Credit Card,2023-11-08,50000.00,Active
CARD003947,CUST00689,Debit Card,2023-11-08,200000.00,Active
CARD000101,CUST03364,Debit Card,2023-11-09,100000.00,Active
CARD001747,CUST04567,Credit Card,2023-11-09,50000.00,Active
CARD003730,CUST03011,Credit Card,2023-11-09,150000.00,Active
CARD000612,CUST03089,Debit Card,2023-11-10,200000.00,Expired
CARD000617,CUST01273,Credit Card,2023-11-10,500000.00,Active
CARD000766,CUST01249,Credit Card,2023-11-10,50000.00,Active
CARD001258,CUST04441,Credit Card,2023-11-10,1000000.00,Active
CARD002011,CUST01185,Prepaid Card,2023-11-10,50000.00,Active
CARD002169,CUST02520,Debit Card,2023-11-10,25000.00,Active
CARD003483,CUST04488,Debit Card,2023-11-10,100000.00,Active
CARD004837,CUST00720,Debit Card,2023-11-10,100000.00,Active
CARD000984,CUST04530,Credit Card,2023-11-11,1000000.00,Active
CARD001179,CUST01799,Credit Card,2023-11-11,50000.00,Expired
CARD001345,CUST04115,Credit Card,2023-11-11,150000.00,Active
CARD001907,CUST04594,Credit Card,2023-11-11,50000.00,Active
CARD002079,CUST01766,Credit Card,2023-11-11,500000.00,Active
CARD002354,CUST02044,Prepaid Card,2023-11-11,25000.00,Active
CARD003163,CUST01745,Debit Card,2023-11-11,100000.00,Inactive
CARD003722,CUST03836,Credit Card,2023-11-11,150000.00,Blocked
CARD004939,CUST03137,Debit Card,2023-11-11,50000.00,Expired
CARD003502,CUST01041,Credit Card,2023-11-12,1000000.00,Active
CARD004721,CUST00262,Debit Card,2023-11-12,100000.00,Active
CARD001256,CUST01630,Prepaid Card,2023-11-13,10000.00,Active
CARD003596,CUST04305,Credit Card,2023-11-13,500000.00,Active
CARD003721,CUST04192,Credit Card,2023-11-13,500000.00,Active
CARD000024,CUST03728,Credit Card,2023-11-14,500000.00,Active
CARD000088,CUST03403,Credit Card,2023-11-14,500000.00,Active
CARD001784,CUST02454,Debit Card,2023-11-15,50000.00,Active
CARD001810,CUST01578,Credit Card,2023-11-15,1000000.00,Blocked
CARD003940,CUST01540,Credit Card,2023-11-15,250000.00,Active
CARD005095,CUST03928,Corporate Card,2023-11-15,500000.00,Active
CARD001036,CUST00845,Credit Card,2023-11-16,100000.00,Active
CARD001624,CUST01879,Credit Card,2023-11-16,1000000.00,Active
CARD003343,CUST04825,Credit Card,2023-11-16,500000.00,Expired
CARD003595,CUST01484,Credit Card,2023-11-16,1000000.00,Inactive
CARD005013,CUST03873,Debit Card,2023-11-16,25000.00,Active
CARD000819,CUST02786,Credit Card,2023-11-17,100000.00,Active
CARD001373,CUST00309,Credit Card,2023-11-17,250000.00,Active
CARD004125,CUST00080,Debit Card,2023-11-17,100000.00,Active
CARD004377,CUST04797,Credit Card,2023-11-17,150000.00,Active
CARD004390,CUST00818,Credit Card,2023-11-17,50000.00,Active
CARD004549,CUST02436,Debit Card,2023-11-17,50000.00,Active
CARD002110,CUST02400,Credit Card,2023-11-18,150000.00,Blocked
CARD002675,CUST03311,Prepaid Card,2023-11-18,10000.00,Active
CARD002717,CUST02048,Credit Card,2023-11-18,1000000.00,Active
CARD004850,CUST03996,Debit Card,2023-11-18,200000.00,Active
CARD000854,CUST02619,Prepaid Card,2023-11-19,50000.00,Active
CARD000869,CUST01080,Debit Card,2023-11-19,100000.00,Active
CARD001905,CUST01263,Debit Card,2023-11-19,100000.00,Active
CARD003651,CUST00709,Corporate Card,2023-11-19,500000.00,Active
CARD005031,CUST02119,Credit Card,2023-11-19,150000.00,Active
CARD001049,CUST01380,Corporate Card,2023-11-20,500000.00,Active
CARD001110,CUST00040,Debit Card,2023-11-20,50000.00,Active
CARD001649,CUST02630,Credit Card,2023-11-20,150000.00,Active
CARD001793,CUST02752,Credit Card,2023-11-20,50000.00,Active
CARD001954,CUST01422,Credit Card,2023-11-20,50000.00,Active
CARD003067,CUST01389,Debit Card,2023-11-20,50000.00,Active
CARD003242,CUST04407,Debit Card,2023-11-20,50000.00,Active
CARD003961,CUST00281,Credit Card,2023-11-20,150000.00,Active
CARD004143,CUST03856,Credit Card,2023-11-20,150000.00,Active
CARD003191,CUST00498,Credit Card,2023-11-21,100000.00,Active
CARD003437,CUST03249,Credit Card,2023-11-21,50000.00,Active
CARD003558,CUST03024,Credit Card,2023-11-21,100000.00,Inactive
CARD004232,CUST02470,Debit Card,2023-11-21,25000.00,Active
CARD004329,CUST01176,Debit Card,2023-11-22,25000.00,Active
CARD004676,CUST02119,Credit Card,2023-11-22,100000.00,Active
CARD004886,CUST02552,Credit Card,2023-11-22,100000.00,Active
CARD000862,CUST03715,Credit Card,2023-11-23,250000.00,Expired
CARD002475,CUST04202,Debit Card,2023-11-23,100000.00,Active
CARD004554,CUST03891,Debit Card,2023-11-23,100000.00,Active
CARD000366,CUST00582,Debit Card,2023-11-24,50000.00,Active
CARD000780,CUST01703,Debit Card,2023-11-24,100000.00,Active
CARD001824,CUST02714,Debit Card,2023-11-24,200000.00,Active
CARD002399,CUST00199,Debit Card,2023-11-24,100000.00,Blocked
CARD004197,CUST04792,Debit Card,2023-11-24,100000.00,Expired
CARD004302,CUST02349,Debit Card,2023-11-24,50000.00,Active
CARD000803,CUST03403,Credit Card,2023-11-25,100000.00,Active
CARD001358,CUST04148,Debit Card,2023-11-25,100000.00,Active
CARD002305,CUST02263,Corporate Card,2023-11-25,200000.00,Active
CARD002688,CUST01394,Credit Card,2023-11-25,250000.00,Active
CARD000052,CUST00541,Debit Card,2023-11-26,25000.00,Active
CARD000280,CUST02797,Debit Card,2023-11-26,100000.00,Active
CARD002018,CUST04286,Credit Card,2023-11-26,150000.00,Active
CARD004698,CUST00223,Credit Card,2023-11-26,500000.00,Active
CARD001099,CUST03283,Credit Card,2023-11-28,1000000.00,Active
CARD001271,CUST04172,Credit Card,2023-11-28,100000.00,Active
CARD002208,CUST04095,Prepaid Card,2023-11-28,50000.00,Active
CARD001708,CUST03138,Debit Card,2023-11-29,25000.00,Active
CARD001965,CUST01204,Credit Card,2023-11-30,50000.00,Active
CARD002321,CUST00414,Debit Card,2023-11-30,200000.00,Active
CARD003400,CUST03856,Credit Card,2023-11-30,100000.00,Blocked
CARD003441,CUST04870,Debit Card,2023-11-30,200000.00,Active
CARD000028,CUST03666,Corporate Card,2023-12-01,1500000.00,Active
CARD000619,CUST01845,Prepaid Card,2023-12-01,50000.00,Active
CARD001798,CUST02266,Debit Card,2023-12-01,25000.00,Active
CARD004267,CUST01302,Credit Card,2023-12-01,1000000.00,Active
CARD004825,CUST03965,Debit Card,2023-12-01,100000.00,Active
CARD000946,CUST04558,Debit Card,2023-12-02,200000.00,Active
CARD003578,CUST02385,Prepaid Card,2023-12-02,50000.00,Active
CARD004015,CUST02370,Debit Card,2023-12-02,100000.00,Expired
CARD004981,CUST02167,Debit Card,2023-12-02,25000.00,Active
CARD001016,CUST03628,Credit Card,2023-12-03,150000.00,Active
CARD001431,CUST01520,Credit Card,2023-12-03,1000000.00,Active
CARD002587,CUST02429,Credit Card,2023-12-03,100000.00,Active
CARD002597,CUST03197,Credit Card,2023-12-03,500000.00,Expired
CARD000626,CUST01490,Debit Card,2023-12-04,200000.00,Active
CARD001850,CUST01583,Credit Card,2023-12-04,100000.00,Active
CARD000392,CUST04242,Credit Card,2023-12-05,500000.00,Active
CARD001038,CUST00915,Debit Card,2023-12-05,25000.00,Active
CARD003680,CUST04255,Credit Card,2023-12-05,1000000.00,Active
CARD004034,CUST01346,Prepaid Card,2023-12-05,25000.00,Active
CARD004936,CUST03907,Debit Card,2023-12-05,100000.00,Active
CARD005089,CUST03174,Corporate Card,2023-12-05,500000.00,Active
CARD005123,CUST04938,Debit Card,2023-12-05,200000.00,Active
CARD003827,CUST00236,Debit Card,2023-12-06,50000.00,Active
CARD004687,CUST03875,Credit Card,2023-12-06,150000.00,Expired
CARD000207,CUST04948,Debit Card,2023-12-07,50000.00,Active
CARD000232,CUST02910,Credit Card,2023-12-07,50000.00,Active
CARD001166,CUST04480,Credit Card,2023-12-07,150000.00,Active
CARD000841,CUST00060,Credit Card,2023-12-08,50000.00,Active
CARD005026,CUST02079,Debit Card,2023-12-08,25000.00,Active
CARD000110,CUST04760,Debit Card,2023-12-09,50000.00,Active
CARD000822,CUST02789,Credit Card,2023-12-09,500000.00,Active
CARD000980,CUST00714,Prepaid Card,2023-12-09,25000.00,Active
CARD002160,CUST02466,Debit Card,2023-12-09,100000.00,Active
CARD004020,CUST01041,Credit Card,2023-12-09,50000.00,Active
CARD004220,CUST01593,Credit Card,2023-12-09,500000.00,Active
CARD004448,CUST03629,Credit Card,2023-12-09,150000.00,Active
CARD001338,CUST04452,Debit Card,2023-12-10,200000.00,Active
CARD001625,CUST03856,Debit Card,2023-12-10,25000.00,Active
CARD001614,CUST00585,Credit Card,2023-12-11,1000000.00,Inactive
CARD001662,CUST04897,Credit Card,2023-12-11,150000.00,Active
CARD002830,CUST04794,Credit Card,2023-12-11,250000.00,Active
CARD004495,CUST02793,Credit Card,2023-12-11,500000.00,Active
CARD003335,CUST01442,Debit Card,2023-12-12,50000.00,Active
CARD000369,CUST00230,Debit Card,2023-12-13,100000.00,Active
CARD001077,CUST04231,Debit Card,2023-12-13,100000.00,Active
CARD001335,CUST04937,Prepaid Card,2023-12-13,10000.00,Active
CARD002450,CUST04091,Credit Card,2023-12-13,500000.00,Active
CARD002838,CUST02122,Debit Card,2023-12-13,25000.00,Active
CARD003980,CUST00403,Credit Card,2023-12-13,150000.00,Active
CARD001301,CUST04910,Credit Card,2023-12-14,100000.00,Expired
CARD002482,CUST00067,Debit Card,2023-12-14,100000.00,Active
CARD004617,CUST02148,Debit Card,2023-12-14,100000.00,Active
CARD005030,CUST02797,Credit Card,2023-12-14,250000.00,Active
CARD000507,CUST03563,Debit Card,2023-12-15,50000.00,Active
CARD002323,CUST04302,Credit Card,2023-12-15,500000.00,Active
CARD004104,CUST01183,Prepaid Card,2023-12-15,50000.00,Active
CARD001574,CUST00723,Credit Card,2023-12-16,250000.00,Active
CARD002928,CUST02600,Credit Card,2023-12-16,50000.00,Active
CARD000859,CUST02647,Debit Card,2023-12-17,25000.00,Active
CARD001900,CUST02349,Credit Card,2023-12-17,1000000.00,Expired
CARD002273,CUST04677,Debit Card,2023-12-17,50000.00,Active
CARD002735,CUST04591,Debit Card,2023-12-17,100000.00,Active
CARD003945,CUST04801,Debit Card,2023-12-17,50000.00,Active
CARD000960,CUST03127,Debit Card,2023-12-18,100000.00,Active
CARD002784,CUST02367,Debit Card,2023-12-18,50000.00,Blocked
CARD003353,CUST02200,Credit Card,2023-12-18,500000.00,Active
CARD003561,CUST00109,Credit Card,2023-12-18,150000.00,Active
CARD003603,CUST03784,Debit Card,2023-12-18,25000.00,Active
CARD004972,CUST04621,Credit Card,2023-12-18,1000000.00,Active
CARD000427,CUST00242,Debit Card,2023-12-19,200000.00,Inactive
CARD001577,CUST00159,Credit Card,2023-12-19,100000.00,Active
CARD001604,CUST03165,Debit Card,2023-12-19,100000.00,Active
CARD002077,CUST01634,Debit Card,2023-12-19,50000.00,Active
CARD003620,CUST04025,Credit Card,2023-12-19,100000.00,Active
CARD004949,CUST02443,Credit Card,2023-12-19,1000000.00,Active
CARD000741,CUST04991,Debit Card,2023-12-20,50000.00,Active
CARD000942,CUST04180,Credit Card,2023-12-20,100000.00,Expired
CARD001057,CUST03742,Credit Card,2023-12-20,150000.00,Active
CARD001848,CUST01480,Credit Card,2023-12-20,150000.00,Active
CARD002157,CUST02904,Debit Card,2023-12-20,50000.00,Active
CARD002868,CUST03474,Credit Card,2023-12-20,250000.00,Active
CARD003411,CUST01707,Prepaid Card,2023-12-20,25000.00,Active
CARD003419,CUST00510,Credit Card,2023-12-20,50000.00,Active
CARD001643,CUST02764,Credit Card,2023-12-21,50000.00,Active
CARD003661,CUST02883,Credit Card,2023-12-21,150000.00,Active
CARD003977,CUST04938,Debit Card,2023-12-21,25000.00,Active
CARD001676,CUST01059,Credit Card,2023-12-22,100000.00,Active
CARD002987,CUST01879,Debit Card,2023-12-22,25000.00,Active
CARD003125,CUST04542,Prepaid Card,2023-12-22,10000.00,Active
CARD003952,CUST03568,Debit Card,2023-12-22,100000.00,Active
CARD000691,CUST00736,Credit Card,2023-12-23,150000.00,Active
CARD002486,CUST03579,Credit Card,2023-12-23,150000.00,Active
CARD003302,CUST02418,Credit Card,2023-12-23,250000.00,Active
CARD003673,CUST01411,Debit Card,2023-12-23,50000.00,Active
CARD004699,CUST00007,Prepaid Card,2023-12-23,25000.00,Active
CARD001665,CUST02515,Credit Card,2023-12-24,150000.00,Active
CARD002576,CUST00178,Credit Card,2023-12-24,250000.00,Active
CARD004757,CUST02144,Debit Card,2023-12-24,200000.00,Active
CARD004799,CUST01170,Credit Card,2023-12-24,1000000.00,Active
CARD000304,CUST02385,Credit Card,2023-12-25,500000.00,Inactive
CARD001120,CUST03807,Debit Card,2023-12-25,50000.00,Active
CARD001296,CUST01299,Credit Card,2023-12-25,1000000.00,Active
CARD002173,CUST01990,Credit Card,2023-12-25,1000000.00,Blocked
CARD002690,CUST02934,Credit Card,2023-12-25,250000.00,Active
CARD004583,CUST00293,Prepaid Card,2023-12-25,50000.00,Active
CARD000264,CUST02018,Corporate Card,2023-12-26,500000.00,Active
CARD000420,CUST00937,Credit Card,2023-12-26,250000.00,Active
CARD000705,CUST01794,Debit Card,2023-12-26,25000.00,Active
CARD001636,CUST03706,Debit Card,2023-12-26,50000.00,Active
CARD004735,CUST01075,Credit Card,2023-12-26,500000.00,Active
CARD004784,CUST00213,Debit Card,2023-12-26,50000.00,Active
CARD000937,CUST00352,Credit Card,2023-12-27,100000.00,Active
CARD001977,CUST01337,Credit Card,2023-12-27,1000000.00,Active
CARD003225,CUST03589,Debit Card,2023-12-27,100000.00,Active
CARD003872,CUST01442,Credit Card,2023-12-27,1000000.00,Active
CARD005142,CUST00996,Prepaid Card,2023-12-27,10000.00,Expired
CARD000698,CUST02814,Corporate Card,2023-12-28,500000.00,Active
CARD001795,CUST02065,Credit Card,2023-12-28,500000.00,Active
CARD004229,CUST04894,Credit Card,2023-12-28,500000.00,Active
CARD000009,CUST00709,Credit Card,2023-12-29,500000.00,Active
CARD000270,CUST02027,Debit Card,2023-12-29,100000.00,Active
CARD001723,CUST02906,Credit Card,2023-12-29,150000.00,Active
CARD000792,CUST02402,Credit Card,2023-12-30,100000.00,Blocked
CARD003058,CUST01650,Credit Card,2023-12-30,100000.00,Expired
CARD004970,CUST04025,Credit Card,2023-12-30,50000.00,Active
CARD001815,CUST00927,Debit Card,2023-12-31,200000.00,Active
CARD002939,CUST00238,Debit Card,2023-12-31,100000.00,Active
CARD001129,CUST03711,Credit Card,2024-01-01,50000.00,Active
CARD001675,CUST02401,Credit Card,2024-01-01,100000.00,Active
CARD001920,CUST01379,Credit Card,2024-01-01,100000.00,Active
CARD004979,CUST01053,Debit Card,2024-01-01,200000.00,Active
CARD000876,CUST03431,Debit Card,2024-01-02,50000.00,Active
CARD000999,CUST01258,Credit Card,2024-01-02,250000.00,Active
CARD002781,CUST03165,Debit Card,2024-01-02,100000.00,Expired
CARD004081,CUST00604,Credit Card,2024-01-02,50000.00,Active
CARD000338,CUST02980,Credit Card,2024-01-03,150000.00,Expired
CARD000590,CUST04306,Debit Card,2024-01-03,50000.00,Active
CARD001659,CUST01765,Credit Card,2024-01-03,50000.00,Active
CARD004175,CUST04791,Credit Card,2024-01-03,250000.00,Active
CARD004922,CUST00664,Credit Card,2024-01-03,100000.00,Active
CARD005059,CUST03539,Credit Card,2024-01-03,50000.00,Active
CARD001007,CUST03856,Credit Card,2024-01-04,500000.00,Active
CARD001250,CUST02409,Debit Card,2024-01-04,100000.00,Expired
CARD003197,CUST01220,Debit Card,2024-01-04,200000.00,Active
CARD000373,CUST04097,Credit Card,2024-01-05,100000.00,Active
CARD000592,CUST00870,Debit Card,2024-01-05,50000.00,Active
CARD000814,CUST02821,Debit Card,2024-01-05,100000.00,Active
CARD001486,CUST02974,Credit Card,2024-01-05,1000000.00,Blocked
CARD001678,CUST00199,Debit Card,2024-01-05,200000.00,Active
CARD002917,CUST03226,Credit Card,2024-01-05,50000.00,Active
CARD001578,CUST03724,Credit Card,2024-01-06,50000.00,Active
CARD002484,CUST04558,Credit Card,2024-01-06,500000.00,Active
CARD003313,CUST02162,Credit Card,2024-01-06,1000000.00,Active
CARD000782,CUST01113,Prepaid Card,2024-01-07,25000.00,Active
CARD001304,CUST02915,Credit Card,2024-01-07,100000.00,Active
CARD002467,CUST04744,Prepaid Card,2024-01-07,25000.00,Active
CARD003130,CUST00570,Debit Card,2024-01-07,200000.00,Active
CARD003208,CUST03866,Debit Card,2024-01-07,200000.00,Active
CARD000934,CUST03117,Credit Card,2024-01-08,1000000.00,Active
CARD000936,CUST00924,Debit Card,2024-01-08,50000.00,Active
CARD000695,CUST00300,Credit Card,2024-01-09,250000.00,Active
CARD000720,CUST00230,Debit Card,2024-01-09,200000.00,Active
CARD003099,CUST04851,Credit Card,2024-01-09,150000.00,Active
CARD000994,CUST02047,Debit Card,2024-01-10,200000.00,Active
CARD001385,CUST00601,Credit Card,2024-01-10,1000000.00,Active
CARD001686,CUST03972,Prepaid Card,2024-01-10,25000.00,Active
CARD003315,CUST03191,Credit Card,2024-01-10,250000.00,Active
CARD003916,CUST01726,Debit Card,2024-01-10,200000.00,Active
CARD004073,CUST04986,Credit Card,2024-01-10,500000.00,Active
CARD004847,CUST02125,Prepaid Card,2024-01-10,10000.00,Active
CARD004864,CUST00160,Credit Card,2024-01-10,100000.00,Active
CARD002356,CUST00527,Corporate Card,2024-01-11,500000.00,Active
CARD002498,CUST02423,Debit Card,2024-01-11,50000.00,Active
CARD004400,CUST01600,Debit Card,2024-01-11,200000.00,Inactive
CARD004961,CUST04485,Credit Card,2024-01-11,500000.00,Inactive
CARD001377,CUST02029,Credit Card,2024-01-12,100000.00,Active
CARD002708,CUST04953,Credit Card,2024-01-12,50000.00,Active
CARD003043,CUST02712,Debit Card,2024-01-12,50000.00,Active
CARD003271,CUST03837,Debit Card,2024-01-12,50000.00,Active
CARD003559,CUST03919,Debit Card,2024-01-12,200000.00,Expired
CARD004107,CUST02463,Credit Card,2024-01-12,1000000.00,Active
CARD004794,CUST01294,Credit Card,2024-01-12,150000.00,Active
CARD000743,CUST04156,Credit Card,2024-01-13,500000.00,Active
CARD001402,CUST02231,Prepaid Card,2024-01-13,50000.00,Inactive
CARD002171,CUST01789,Debit Card,2024-01-13,25000.00,Active
CARD002333,CUST04554,Credit Card,2024-01-13,500000.00,Blocked
CARD002459,CUST03235,Debit Card,2024-01-13,50000.00,Active
CARD002667,CUST02507,Debit Card,2024-01-13,25000.00,Active
CARD004552,CUST04967,Credit Card,2024-01-13,500000.00,Active
CARD000368,CUST00047,Debit Card,2024-01-14,200000.00,Active
CARD001243,CUST03401,Prepaid Card,2024-01-14,10000.00,Active
CARD003182,CUST01558,Debit Card,2024-01-14,25000.00,Active
CARD001267,CUST02897,Credit Card,2024-01-15,250000.00,Active
CARD002679,CUST04560,Credit Card,2024-01-15,500000.00,Blocked
CARD003190,CUST01038,Credit Card,2024-01-15,100000.00,Active
CARD002307,CUST01646,Credit Card,2024-01-16,150000.00,Expired
CARD002856,CUST03561,Debit Card,2024-01-16,100000.00,Active
CARD004192,CUST01940,Credit Card,2024-01-16,500000.00,Active
CARD004599,CUST04844,Debit Card,2024-01-16,50000.00,Active
CARD000588,CUST03538,Debit Card,2024-01-17,100000.00,Active
CARD000977,CUST04003,Credit Card,2024-01-17,150000.00,Active
CARD001178,CUST02501,Credit Card,2024-01-17,500000.00,Active
CARD001495,CUST04105,Debit Card,2024-01-17,50000.00,Active
CARD004414,CUST04305,Debit Card,2024-01-17,50000.00,Active
CARD004432,CUST00191,Credit Card,2024-01-17,50000.00,Active
CARD005073,CUST03717,Debit Card,2024-01-17,100000.00,Active
CARD001729,CUST02915,Credit Card,2024-01-18,250000.00,Active
CARD002276,CUST02220,Debit Card,2024-01-18,200000.00,Expired
CARD003649,CUST00573,Debit Card,2024-01-18,100000.00,Active
CARD004456,CUST04283,Debit Card,2024-01-18,25000.00,Blocked
CARD001230,CUST01476,Debit Card,2024-01-19,50000.00,Active
CARD001839,CUST01305,Credit Card,2024-01-19,100000.00,Active
CARD002016,CUST03821,Debit Card,2024-01-19,100000.00,Active
CARD002028,CUST02348,Credit Card,2024-01-19,500000.00,Active
CARD002311,CUST04510,Debit Card,2024-01-19,200000.00,Active
CARD003121,CUST01422,Debit Card,2024-01-19,200000.00,Active
CARD003386,CUST01180,Credit Card,2024-01-19,100000.00,Active
CARD004392,CUST00023,Credit Card,2024-01-19,100000.00,Active
CARD004983,CUST04268,Debit Card,2024-01-19,100000.00,Expired
CARD000224,CUST04470,Credit Card,2024-01-20,150000.00,Active
CARD000611,CUST00365,Debit Card,2024-01-20,100000.00,Expired
CARD000686,CUST00055,Credit Card,2024-01-20,150000.00,Blocked
CARD002052,CUST03209,Debit Card,2024-01-20,100000.00,Expired
CARD002315,CUST01314,Debit Card,2024-01-20,200000.00,Active
CARD002500,CUST02453,Debit Card,2024-01-20,50000.00,Active
CARD003425,CUST00905,Prepaid Card,2024-01-20,10000.00,Active
CARD000042,CUST01758,Credit Card,2024-01-21,500000.00,Active
CARD000723,CUST03755,Credit Card,2024-01-21,250000.00,Blocked
CARD003286,CUST03494,Debit Card,2024-01-21,200000.00,Blocked
CARD003460,CUST00206,Credit Card,2024-01-21,250000.00,Active
CARD000371,CUST00758,Credit Card,2024-01-22,50000.00,Active
CARD000840,CUST00001,Debit Card,2024-01-22,100000.00,Active
CARD001674,CUST00604,Debit Card,2024-01-22,200000.00,Expired
CARD003702,CUST02343,Credit Card,2024-01-22,250000.00,Active
CARD004171,CUST00158,Debit Card,2024-01-22,25000.00,Active
CARD004625,CUST01397,Credit Card,2024-01-22,250000.00,Active
CARD000246,CUST02181,Credit Card,2024-01-23,250000.00,Active
CARD000502,CUST01059,Credit Card,2024-01-23,250000.00,Active
CARD001140,CUST04202,Corporate Card,2024-01-23,200000.00,Active
CARD004263,CUST00965,Credit Card,2024-01-23,150000.00,Active
CARD004934,CUST01436,Credit Card,2024-01-23,150000.00,Active
CARD000040,CUST00162,Credit Card,2024-01-24,1000000.00,Active
CARD000821,CUST02993,Credit Card,2024-01-24,500000.00,Active
CARD003020,CUST03421,Credit Card,2024-01-24,50000.00,Active
CARD003799,CUST00380,Credit Card,2024-01-24,500000.00,Active
CARD004132,CUST00582,Corporate Card,2024-01-24,200000.00,Active
CARD000152,CUST02090,Debit Card,2024-01-25,50000.00,Active
CARD001119,CUST01433,Debit Card,2024-01-25,200000.00,Active
CARD003066,CUST04877,Debit Card,2024-01-25,200000.00,Active
CARD004580,CUST01275,Debit Card,2024-01-25,100000.00,Active
CARD000281,CUST02087,Credit Card,2024-01-26,250000.00,Active
CARD000774,CUST04866,Debit Card,2024-01-26,50000.00,Active
CARD001651,CUST02169,Debit Card,2024-01-26,200000.00,Active
CARD004031,CUST04401,Debit Card,2024-01-26,200000.00,Active
CARD004340,CUST02605,Debit Card,2024-01-26,50000.00,Active
CARD001670,CUST03441,Credit Card,2024-01-27,250000.00,Active
CARD004483,CUST00633,Corporate Card,2024-01-27,200000.00,Blocked
CARD000899,CUST04241,Credit Card,2024-01-28,1000000.00,Active
CARD001212,CUST00317,Credit Card,2024-01-28,150000.00,Active
CARD001297,CUST00116,Credit Card,2024-01-28,250000.00,Active
CARD001419,CUST00803,Debit Card,2024-01-28,50000.00,Blocked
CARD003317,CUST01802,Prepaid Card,2024-01-28,10000.00,Active
CARD003608,CUST01296,Debit Card,2024-01-28,200000.00,Active
CARD003632,CUST01392,Credit Card,2024-01-28,150000.00,Active
CARD003929,CUST00342,Corporate Card,2024-01-28,500000.00,Active
CARD004203,CUST02680,Debit Card,2024-01-28,25000.00,Active
CARD004494,CUST01191,Debit Card,2024-01-28,50000.00,Active
CARD004728,CUST00230,Debit Card,2024-01-28,50000.00,Active
CARD000288,CUST04229,Debit Card,2024-01-29,100000.00,Active
CARD001856,CUST02006,Credit Card,2024-01-29,50000.00,Active
CARD002803,CUST00575,Debit Card,2024-01-29,100000.00,Active
CARD000003,CUST04696,Prepaid Card,2024-01-30,25000.00,Active
CARD000431,CUST01916,Debit Card,2024-01-30,50000.00,Active
CARD001858,CUST00594,Credit Card,2024-01-30,50000.00,Active
CARD003010,CUST04547,Credit Card,2024-01-30,150000.00,Active
CARD003168,CUST03568,Corporate Card,2024-01-30,200000.00,Active
CARD003641,CUST03006,Prepaid Card,2024-01-30,10000.00,Active
CARD004225,CUST03480,Debit Card,2024-01-30,50000.00,Active
CARD000250,CUST01758,Debit Card,2024-01-31,100000.00,Active
CARD002041,CUST02876,Debit Card,2024-01-31,50000.00,Active
CARD003213,CUST00654,Credit Card,2024-01-31,1000000.00,Active
CARD003739,CUST00369,Debit Card,2024-01-31,100000.00,Active
CARD003856,CUST03946,Credit Card,2024-01-31,50000.00,Active
CARD004080,CUST04538,Debit Card,2024-01-31,200000.00,Active
CARD004543,CUST03441,Debit Card,2024-01-31,50000.00,Active
CARD004982,CUST00900,Credit Card,2024-01-31,250000.00,Active
CARD000675,CUST00047,Debit Card,2024-02-01,100000.00,Active
CARD001565,CUST03984,Credit Card,2024-02-01,250000.00,Active
CARD002802,CUST02653,Prepaid Card,2024-02-01,10000.00,Active
CARD002898,CUST01017,Debit Card,2024-02-01,50000.00,Active
CARD002919,CUST04778,Credit Card,2024-02-01,500000.00,Active
CARD003185,CUST04332,Debit Card,2024-02-01,200000.00,Inactive
CARD004785,CUST01733,Credit Card,2024-02-01,100000.00,Active
CARD000081,CUST01886,Credit Card,2024-02-02,150000.00,Active
CARD001108,CUST02833,Credit Card,2024-02-02,250000.00,Active
CARD002031,CUST01345,Credit Card,2024-02-02,150000.00,Active
CARD003928,CUST01402,Debit Card,2024-02-02,100000.00,Active
CARD000861,CUST01855,Debit Card,2024-02-03,50000.00,Active
CARD000718,CUST02970,Credit Card,2024-02-04,1000000.00,Active
CARD001048,CUST01351,Credit Card,2024-02-04,250000.00,Active
CARD001182,CUST01967,Credit Card,2024-02-04,50000.00,Active
CARD003602,CUST03757,Credit Card,2024-02-04,100000.00,Active
CARD004430,CUST00716,Debit Card,2024-02-04,200000.00,Active
CARD005103,CUST02072,Debit Card,2024-02-04,200000.00,Expired
CARD000310,CUST00826,Credit Card,2024-02-05,250000.00,Active
CARD002200,CUST02578,Debit Card,2024-02-05,200000.00,Active
CARD002900,CUST04940,Corporate Card,2024-02-05,500000.00,Active
CARD000837,CUST00866,Debit Card,2024-02-06,25000.00,Active
CARD001782,CUST00099,Debit Card,2024-02-06,100000.00,Active
CARD002074,CUST02140,Debit Card,2024-02-06,100000.00,Active
CARD002239,CUST01470,Debit Card,2024-02-06,200000.00,Active
CARD002986,CUST03152,Debit Card,2024-02-06,100000.00,Active
CARD004217,CUST00475,Credit Card,2024-02-06,50000.00,Active
CARD002520,CUST00658,Debit Card,2024-02-07,200000.00,Active
CARD003100,CUST03138,Credit Card,2024-02-07,100000.00,Blocked
CARD004086,CUST03794,Credit Card,2024-02-07,500000.00,Active
CARD004283,CUST00376,Debit Card,2024-02-07,100000.00,Active
CARD001261,CUST00556,Debit Card,2024-02-08,100000.00,Active
CARD002178,CUST03183,Prepaid Card,2024-02-08,10000.00,Active
CARD002373,CUST01338,Credit Card,2024-02-08,50000.00,Active
CARD003124,CUST01733,Debit Card,2024-02-08,200000.00,Inactive
CARD003363,CUST00376,Corporate Card,2024-02-08,1500000.00,Active
CARD004693,CUST04254,Credit Card,2024-02-08,250000.00,Active
CARD004876,CUST01996,Debit Card,2024-02-08,25000.00,Active
CARD000808,CUST02502,Credit Card,2024-02-09,500000.00,Active
CARD001040,CUST00833,Debit Card,2024-02-10,25000.00,Active
CARD001153,CUST03284,Credit Card,2024-02-10,100000.00,Active
CARD002916,CUST03796,Debit Card,2024-02-10,100000.00,Active
CARD003108,CUST01071,Debit Card,2024-02-10,100000.00,Active
CARD003917,CUST00066,Debit Card,2024-02-10,100000.00,Active
CARD004244,CUST03667,Credit Card,2024-02-10,250000.00,Inactive
CARD004350,CUST03569,Debit Card,2024-02-10,200000.00,Active
CARD000525,CUST02410,Debit Card,2024-02-11,100000.00,Active
CARD001141,CUST01089,Credit Card,2024-02-11,250000.00,Active
CARD001234,CUST04558,Debit Card,2024-02-11,50000.00,Active
CARD002147,CUST03420,Credit Card,2024-02-11,150000.00,Active
CARD003889,CUST04120,Debit Card,2024-02-11,25000.00,Active
CARD000756,CUST04766,Credit Card,2024-02-12,100000.00,Active
CARD002882,CUST00368,Debit Card,2024-02-12,25000.00,Active
CARD003458,CUST01263,Debit Card,2024-02-12,100000.00,Active
CARD003494,CUST02707,Debit Card,2024-02-12,200000.00,Active
CARD004013,CUST00597,Prepaid Card,2024-02-12,25000.00,Expired
CARD000789,CUST00866,Debit Card,2024-02-13,50000.00,Active
CARD001456,CUST03761,Debit Card,2024-02-13,50000.00,Active
CARD001778,CUST03933,Debit Card,2024-02-13,25000.00,Active
CARD001897,CUST03386,Credit Card,2024-02-13,250000.00,Active
CARD002941,CUST00451,Credit Card,2024-02-13,100000.00,Active
CARD003457,CUST02169,Debit Card,2024-02-13,100000.00,Active
CARD003566,CUST00957,Credit Card,2024-02-13,150000.00,Active
CARD004724,CUST03342,Credit Card,2024-02-13,1000000.00,Active
CARD000249,CUST03568,Credit Card,2024-02-14,150000.00,Active
CARD000660,CUST03607,Debit Card,2024-02-14,50000.00,Active
CARD001939,CUST04359,Credit Card,2024-02-14,100000.00,Active
CARD002839,CUST03606,Debit Card,2024-02-14,200000.00,Active
CARD004568,CUST00376,Credit Card,2024-02-14,50000.00,Active
CARD004732,CUST01983,Prepaid Card,2024-02-14,50000.00,Active
CARD005052,CUST03285,Credit Card,2024-02-14,500000.00,Active
CARD000049,CUST01276,Corporate Card,2024-02-15,200000.00,Active
CARD004074,CUST04582,Prepaid Card,2024-02-15,50000.00,Active
CARD004834,CUST00381,Credit Card,2024-02-15,50000.00,Active
CARD000707,CUST00956,Credit Card,2024-02-16,50000.00,Active
CARD001728,CUST03242,Debit Card,2024-02-16,200000.00,Active
CARD002139,CUST03717,Debit Card,2024-02-16,200000.00,Active
CARD003047,CUST00980,Credit Card,2024-02-16,150000.00,Active
CARD004047,CUST00563,Debit Card,2024-02-16,50000.00,Active
CARD000118,CUST04314,Debit Card,2024-02-17,100000.00,Active
CARD000572,CUST01747,Credit Card,2024-02-17,500000.00,Active
CARD001074,CUST03512,Credit Card,2024-02-17,500000.00,Active
CARD000973,CUST02447,Debit Card,2024-02-18,50000.00,Active
CARD001033,CUST04771,Debit Card,2024-02-18,100000.00,Active
CARD001616,CUST04286,Credit Card,2024-02-18,50000.00,Active
CARD000531,CUST02642,Prepaid Card,2024-02-19,50000.00,Active
CARD001803,CUST03686,Debit Card,2024-02-19,200000.00,Active
CARD000621,CUST01955,Debit Card,2024-02-20,200000.00,Active
CARD002600,CUST04465,Debit Card,2024-02-20,200000.00,Active
CARD002639,CUST02940,Debit Card,2024-02-20,50000.00,Active
CARD003629,CUST01871,Corporate Card,2024-02-20,1500000.00,Active
CARD004019,CUST00940,Debit Card,2024-02-20,100000.00,Active
CARD004142,CUST02123,Credit Card,2024-02-20,1000000.00,Active
CARD004641,CUST00306,Credit Card,2024-02-20,1000000.00,Blocked
CARD004919,CUST02906,Credit Card,2024-02-20,100000.00,Active
CARD002340,CUST03204,Debit Card,2024-02-21,50000.00,Active
CARD003621,CUST00374,Credit Card,2024-02-21,100000.00,Expired
CARD000679,CUST04652,Credit Card,2024-02-22,1000000.00,Active
CARD000964,CUST01623,Credit Card,2024-02-22,100000.00,Active
CARD001154,CUST01181,Credit Card,2024-02-22,100000.00,Active
CARD001427,CUST02575,Credit Card,2024-02-22,250000.00,Active
CARD002598,CUST01487,Corporate Card,2024-02-22,500000.00,Active
CARD002902,CUST04334,Credit Card,2024-02-22,1000000.00,Blocked
CARD004187,CUST02119,Debit Card,2024-02-22,200000.00,Active
CARD000041,CUST00680,Credit Card,2024-02-23,150000.00,Inactive
CARD003490,CUST03612,Credit Card,2024-02-23,1000000.00,Active
CARD003967,CUST00423,Debit Card,2024-02-23,25000.00,Active
CARD000512,CUST00205,Credit Card,2024-02-24,50000.00,Active
CARD001005,CUST01872,Debit Card,2024-02-24,100000.00,Expired
CARD001417,CUST00413,Credit Card,2024-02-24,1000000.00,Blocked
CARD001469,CUST04304,Debit Card,2024-02-24,200000.00,Active
CARD002260,CUST00344,Prepaid Card,2024-02-24,25000.00,Active
CARD003072,CUST04425,Credit Card,2024-02-24,250000.00,Active
CARD000770,CUST04271,Credit Card,2024-02-25,500000.00,Active
CARD001003,CUST00132,Credit Card,2024-02-25,1000000.00,Active
CARD001097,CUST04711,Debit Card,2024-02-25,50000.00,Active
CARD002930,CUST01569,Debit Card,2024-02-25,100000.00,Expired
CARD004680,CUST03209,Debit Card,2024-02-25,25000.00,Active
CARD000495,CUST04613,Credit Card,2024-02-26,250000.00,Active
CARD001422,CUST02176,Credit Card,2024-02-26,250000.00,Inactive
CARD001457,CUST01706,Debit Card,2024-02-26,25000.00,Blocked
CARD002711,CUST03849,Credit Card,2024-02-26,50000.00,Active
CARD003829,CUST02740,Debit Card,2024-02-26,50000.00,Active
CARD003832,CUST00430,Debit Card,2024-02-26,100000.00,Active
CARD000975,CUST04521,Debit Card,2024-02-27,100000.00,Active
CARD004249,CUST04501,Debit Card,2024-02-27,25000.00,Active
CARD000463,CUST01509,Debit Card,2024-02-28,100000.00,Active
CARD001999,CUST01370,Debit Card,2024-02-28,200000.00,Blocked
CARD004601,CUST02680,Credit Card,2024-02-28,150000.00,Active
CARD001071,CUST03319,Credit Card,2024-02-29,100000.00,Inactive
CARD002009,CUST04297,Debit Card,2024-02-29,200000.00,Active
CARD002713,CUST02047,Debit Card,2024-02-29,25000.00,Active
CARD003371,CUST03781,Credit Card,2024-02-29,1000000.00,Active
CARD004383,CUST00581,Prepaid Card,2024-02-29,25000.00,Active
CARD005182,CUST03003,Debit Card,2024-02-29,25000.00,Active
CARD000799,CUST00911,Credit Card,2024-03-01,1000000.00,Active
CARD001034,CUST04242,Corporate Card,2024-03-01,200000.00,Expired
CARD001536,CUST01193,Credit Card,2024-03-01,500000.00,Active
CARD001765,CUST04654,Credit Card,2024-03-01,250000.00,Active
CARD002096,CUST01346,Debit Card,2024-03-01,25000.00,Active
CARD002388,CUST04670,Credit Card,2024-03-01,250000.00,Active
CARD002674,CUST02445,Debit Card,2024-03-01,200000.00,Blocked
CARD002951,CUST02706,Debit Card,2024-03-01,200000.00,Active
CARD002993,CUST01442,Debit Card,2024-03-01,100000.00,Active
CARD001042,CUST00866,Debit Card,2024-03-02,100000.00,Active
CARD002021,CUST00451,Credit Card,2024-03-02,50000.00,Active
CARD002097,CUST03651,Credit Card,2024-03-02,100000.00,Blocked
CARD003088,CUST03245,Credit Card,2024-03-02,50000.00,Active
CARD003852,CUST04510,Debit Card,2024-03-02,25000.00,Active
CARD003880,CUST03512,Credit Card,2024-03-02,1000000.00,Active
CARD003891,CUST03216,Debit Card,2024-03-02,50000.00,Active
CARD004174,CUST01396,Debit Card,2024-03-02,100000.00,Active
CARD000439,CUST01753,Credit Card,2024-03-03,500000.00,Active
CARD000735,CUST04524,Debit Card,2024-03-03,50000.00,Active
CARD001361,CUST03551,Credit Card,2024-03-03,100000.00,Active
CARD001510,CUST03996,Credit Card,2024-03-03,250000.00,Active
CARD003090,CUST00958,Debit Card,2024-03-03,50000.00,Active
CARD003120,CUST04458,Credit Card,2024-03-03,100000.00,Expired
CARD004384,CUST02023,Debit Card,2024-03-03,100000.00,Blocked
CARD000069,CUST04976,Debit Card,2024-03-04,50000.00,Active
CARD000278,CUST00554,Credit Card,2024-03-04,250000.00,Active
CARD000608,CUST02805,Credit Card,2024-03-04,150000.00,Expired
CARD001130,CUST04640,Credit Card,2024-03-04,50000.00,Expired
CARD001206,CUST01639,Credit Card,2024-03-04,1000000.00,Active
CARD002023,CUST00819,Corporate Card,2024-03-04,500000.00,Active
CARD002093,CUST03387,Debit Card,2024-03-04,25000.00,Active
CARD004032,CUST03782,Debit Card,2024-03-04,200000.00,Active
CARD000472,CUST02659,Credit Card,2024-03-05,500000.00,Active
CARD001076,CUST01043,Debit Card,2024-03-05,50000.00,Active
CARD002884,CUST00709,Debit Card,2024-03-05,100000.00,Active
CARD004253,CUST04862,Credit Card,2024-03-05,500000.00,Active
CARD000905,CUST00060,Debit Card,2024-03-06,100000.00,Active
CARD001109,CUST03683,Credit Card,2024-03-06,50000.00,Active
CARD003405,CUST02719,Debit Card,2024-03-06,100000.00,Active
CARD003414,CUST03440,Credit Card,2024-03-06,1000000.00,Active
CARD003846,CUST02793,Debit Card,2024-03-06,50000.00,Active
CARD000485,CUST01521,Credit Card,2024-03-07,150000.00,Active
CARD002085,CUST04558,Debit Card,2024-03-07,200000.00,Active
CARD003277,CUST03999,Credit Card,2024-03-07,1000000.00,Active
CARD004739,CUST04094,Credit Card,2024-03-07,500000.00,Active
CARD000018,CUST04304,Debit Card,2024-03-08,100000.00,Active
CARD001165,CUST03256,Debit Card,2024-03-08,50000.00,Active
CARD003830,CUST01126,Debit Card,2024-03-08,100000.00,Active
CARD004228,CUST03878,Prepaid Card,2024-03-08,50000.00,Active
CARD000823,CUST03984,Credit Card,2024-03-09,100000.00,Active
CARD002353,CUST01020,Credit Card,2024-03-09,1000000.00,Active
CARD000637,CUST00403,Debit Card,2024-03-10,200000.00,Active
CARD001549,CUST00822,Credit Card,2024-03-10,500000.00,Active
CARD001830,CUST03117,Credit Card,2024-03-10,50000.00,Active
CARD002444,CUST01724,Credit Card,2024-03-10,100000.00,Active
CARD002731,CUST03660,Prepaid Card,2024-03-10,25000.00,Active
CARD002972,CUST00730,Credit Card,2024-03-10,100000.00,Active
CARD005148,CUST00870,Credit Card,2024-03-10,1000000.00,Active
CARD000050,CUST03674,Debit Card,2024-03-11,25000.00,Active
CARD000204,CUST02560,Credit Card,2024-03-11,500000.00,Active
CARD002619,CUST02431,Credit Card,2024-03-11,100000.00,Active
CARD002776,CUST04013,Credit Card,2024-03-11,250000.00,Active
CARD003094,CUST01204,Debit Card,2024-03-11,200000.00,Active
CARD002325,CUST01829,Debit Card,2024-03-12,50000.00,Active
CARD004607,CUST04767,Debit Card,2024-03-12,25000.00,Active
CARD004859,CUST00803,Debit Card,2024-03-12,100000.00,Active
CARD000203,CUST01980,Prepaid Card,2024-03-13,25000.00,Active
CARD000410,CUST00197,Debit Card,2024-03-13,50000.00,Active
CARD000953,CUST02071,Debit Card,2024-03-13,100000.00,Active
CARD001566,CUST00539,Credit Card,2024-03-13,50000.00,Blocked
CARD002322,CUST01687,Prepaid Card,2024-03-13,10000.00,Active
CARD002759,CUST00340,Debit Card,2024-03-13,200000.00,Active
CARD003303,CUST03301,Credit Card,2024-03-13,150000.00,Active
CARD005007,CUST01474,Credit Card,2024-03-13,1000000.00,Blocked
CARD000873,CUST00138,Credit Card,2024-03-14,250000.00,Active
CARD000906,CUST03955,Credit Card,2024-03-14,250000.00,Active
CARD002113,CUST00429,Credit Card,2024-03-14,100000.00,Active
CARD003292,CUST04013,Prepaid Card,2024-03-14,25000.00,Expired
CARD003348,CUST02199,Debit Card,2024-03-14,100000.00,Active
CARD003577,CUST04399,Prepaid Card,2024-03-14,10000.00,Active
CARD004245,CUST04947,Debit Card,2024-03-14,100000.00,Active
CARD003907,CUST03866,Credit Card,2024-03-15,500000.00,Active
CARD004944,CUST01685,Debit Card,2024-03-15,200000.00,Expired
CARD005108,CUST01066,Credit Card,2024-03-15,250000.00,Active
CARD001584,CUST01351,Debit Card,2024-03-16,100000.00,Active
CARD001654,CUST03843,Credit Card,2024-03-16,150000.00,Active
CARD003177,CUST01812,Debit Card,2024-03-16,50000.00,Active
CARD003717,CUST01240,Prepaid Card,2024-03-16,50000.00,Active
CARD004529,CUST02626,Credit Card,2024-03-16,100000.00,Active
CARD004901,CUST04917,Credit Card,2024-03-16,1000000.00,Active
CARD005044,CUST03632,Credit Card,2024-03-16,150000.00,Active
CARD001589,CUST04896,Debit Card,2024-03-17,50000.00,Blocked
CARD002525,CUST02499,Credit Card,2024-03-17,500000.00,Active
CARD003493,CUST03796,Debit Card,2024-03-17,100000.00,Active
CARD004548,CUST00271,Corporate Card,2024-03-17,500000.00,Blocked
CARD000345,CUST02730,Credit Card,2024-03-18,250000.00,Active
CARD001252,CUST04962,Debit Card,2024-03-18,100000.00,Expired
CARD002123,CUST02631,Debit Card,2024-03-18,25000.00,Active
CARD002245,CUST00829,Credit Card,2024-03-18,250000.00,Active
CARD000115,CUST03867,Debit Card,2024-03-19,200000.00,Active
CARD001447,CUST01010,Debit Card,2024-03-19,100000.00,Active
CARD001583,CUST02939,Credit Card,2024-03-19,50000.00,Active
CARD002035,CUST01285,Debit Card,2024-03-19,100000.00,Active
CARD002236,CUST01077,Debit Card,2024-03-19,100000.00,Expired
CARD002324,CUST04659,Prepaid Card,2024-03-19,10000.00,Active
CARD002880,CUST03017,Debit Card,2024-03-19,25000.00,Active
CARD003248,CUST00079,Credit Card,2024-03-19,1000000.00,Active
CARD004434,CUST02343,Debit Card,2024-03-19,25000.00,Inactive
CARD004553,CUST02400,Credit Card,2024-03-19,150000.00,Active
CARD004900,CUST00679,Debit Card,2024-03-19,50000.00,Active
CARD001136,CUST00125,Debit Card,2024-03-21,100000.00,Active
CARD001576,CUST02675,Debit Card,2024-03-21,25000.00,Active
CARD003194,CUST03981,Debit Card,2024-03-21,100000.00,Active
CARD003336,CUST04859,Credit Card,2024-03-21,1000000.00,Active
CARD003583,CUST04871,Credit Card,2024-03-21,500000.00,Active
CARD000640,CUST04570,Debit Card,2024-03-22,100000.00,Active
CARD001834,CUST04462,Credit Card,2024-03-22,1000000.00,Active
CARD002620,CUST01075,Credit Card,2024-03-22,1000000.00,Active
CARD003965,CUST00389,Debit Card,2024-03-22,25000.00,Active
CARD000904,CUST03648,Debit Card,2024-03-23,200000.00,Expired
CARD002335,CUST00499,Debit Card,2024-03-23,25000.00,Active
CARD004314,CUST04510,Credit Card,2024-03-23,150000.00,Active
CARD005012,CUST04456,Debit Card,2024-03-23,200000.00,Active
CARD000928,CUST04693,Debit Card,2024-03-24,50000.00,Blocked
CARD002355,CUST02544,Corporate Card,2024-03-24,1500000.00,Active
CARD004811,CUST01928,Credit Card,2024-03-24,50000.00,Active
CARD000843,CUST00870,Credit Card,2024-03-25,150000.00,Active
CARD002508,CUST02793,Credit Card,2024-03-25,100000.00,Active
CARD002537,CUST02241,Debit Card,2024-03-25,50000.00,Active
CARD004119,CUST00298,Debit Card,2024-03-25,25000.00,Active
CARD005063,CUST04488,Debit Card,2024-03-25,25000.00,Active
CARD000712,CUST02119,Prepaid Card,2024-03-26,50000.00,Active
CARD000970,CUST00336,Credit Card,2024-03-26,50000.00,Active
CARD003181,CUST02980,Credit Card,2024-03-26,250000.00,Active
CARD003535,CUST03197,Credit Card,2024-03-26,150000.00,Active
CARD003662,CUST00393,Debit Card,2024-03-26,50000.00,Active
CARD004322,CUST00446,Credit Card,2024-03-26,150000.00,Active
CARD004522,CUST04570,Credit Card,2024-03-26,150000.00,Active
CARD001092,CUST02979,Debit Card,2024-03-27,25000.00,Active
CARD003333,CUST00138,Debit Card,2024-03-27,200000.00,Inactive
CARD003432,CUST03551,Credit Card,2024-03-27,500000.00,Active
CARD003635,CUST02461,Credit Card,2024-03-27,100000.00,Active
CARD004685,CUST00184,Prepaid Card,2024-03-27,50000.00,Blocked
CARD004946,CUST04499,Credit Card,2024-03-27,100000.00,Active
CARD000825,CUST03580,Debit Card,2024-03-28,100000.00,Active
CARD001609,CUST00196,Debit Card,2024-03-28,100000.00,Active
CARD002591,CUST04409,Credit Card,2024-03-28,1000000.00,Expired
CARD002603,CUST02855,Credit Card,2024-03-28,1000000.00,Active
CARD003509,CUST04696,Debit Card,2024-03-28,25000.00,Expired
CARD004996,CUST00438,Debit Card,2024-03-28,50000.00,Active
CARD002267,CUST00510,Credit Card,2024-03-29,100000.00,Active
CARD004386,CUST01578,Credit Card,2024-03-29,50000.00,Active
CARD000939,CUST00037,Credit Card,2024-03-30,100000.00,Active
CARD001107,CUST04056,Debit Card,2024-03-30,200000.00,Active
CARD004209,CUST02420,Debit Card,2024-03-30,200000.00,Blocked
CARD004332,CUST02398,Debit Card,2024-03-30,100000.00,Active
CARD000477,CUST04311,Credit Card,2024-03-31,1000000.00,Active
CARD001320,CUST01509,Debit Card,2024-03-31,25000.00,Active
CARD002006,CUST00595,Credit Card,2024-03-31,100000.00,Active
CARD002056,CUST03749,Debit Card,2024-03-31,100000.00,Expired
CARD002261,CUST01120,Debit Card,2024-03-31,50000.00,Active
CARD003481,CUST03848,Credit Card,2024-03-31,50000.00,Inactive
CARD003533,CUST01250,Debit Card,2024-03-31,200000.00,Active
CARD004045,CUST01025,Credit Card,2024-03-31,150000.00,Active
CARD000298,CUST00112,Debit Card,2024-04-01,50000.00,Active
CARD000598,CUST00784,Credit Card,2024-04-01,1000000.00,Active
CARD001984,CUST04969,Debit Card,2024-04-01,100000.00,Active
CARD002300,CUST04951,Credit Card,2024-04-01,250000.00,Active
CARD002531,CUST00993,Credit Card,2024-04-01,500000.00,Active
CARD003795,CUST04407,Credit Card,2024-04-01,500000.00,Active
CARD004472,CUST03011,Credit Card,2024-04-01,250000.00,Active
CARD002818,CUST00563,Credit Card,2024-04-02,50000.00,Expired
CARD004129,CUST02869,Credit Card,2024-04-02,1000000.00,Active
CARD004584,CUST04023,Corporate Card,2024-04-02,500000.00,Blocked
CARD000597,CUST00072,Credit Card,2024-04-03,50000.00,Active
CARD000095,CUST00088,Credit Card,2024-04-04,50000.00,Active
CARD002860,CUST01703,Debit Card,2024-04-04,25000.00,Active
CARD005140,CUST01793,Debit Card,2024-04-04,100000.00,Active
CARD000324,CUST00537,Prepaid Card,2024-04-05,50000.00,Active
CARD001312,CUST02381,Corporate Card,2024-04-05,500000.00,Active
CARD001397,CUST00889,Debit Card,2024-04-05,50000.00,Active
CARD003388,CUST04739,Debit Card,2024-04-05,100000.00,Active
CARD003933,CUST04304,Debit Card,2024-04-05,50000.00,Active
CARD004840,CUST01652,Credit Card,2024-04-05,250000.00,Active
CARD004912,CUST04291,Credit Card,2024-04-05,250000.00,Active
CARD004990,CUST00225,Credit Card,2024-04-05,50000.00,Active
CARD001371,CUST04516,Prepaid Card,2024-04-06,10000.00,Active
CARD002577,CUST01524,Credit Card,2024-04-06,1000000.00,Active
CARD002896,CUST01306,Debit Card,2024-04-06,50000.00,Active
CARD003211,CUST04507,Credit Card,2024-04-06,1000000.00,Active
CARD001902,CUST04696,Credit Card,2024-04-07,500000.00,Active
CARD003258,CUST02246,Corporate Card,2024-04-07,200000.00,Active
CARD003396,CUST04097,Credit Card,2024-04-07,500000.00,Active
CARD004534,CUST02903,Debit Card,2024-04-07,100000.00,Active
CARD000331,CUST02536,Debit Card,2024-04-08,25000.00,Active
CARD001028,CUST04874,Credit Card,2024-04-08,100000.00,Active
CARD001303,CUST03003,Credit Card,2024-04-08,50000.00,Active
CARD003034,CUST04784,Debit Card,2024-04-08,100000.00,Active
CARD003812,CUST00829,Debit Card,2024-04-08,50000.00,Active
CARD003898,CUST03986,Credit Card,2024-04-08,1000000.00,Active
CARD003976,CUST03976,Debit Card,2024-04-08,100000.00,Active
CARD000343,CUST00105,Debit Card,2024-04-09,100000.00,Active
CARD000516,CUST02364,Debit Card,2024-04-09,50000.00,Active
CARD001743,CUST03552,Credit Card,2024-04-09,250000.00,Expired
CARD002789,CUST04229,Debit Card,2024-04-09,25000.00,Active
CARD003438,CUST03305,Credit Card,2024-04-09,50000.00,Active
CARD000777,CUST02949,Credit Card,2024-04-10,150000.00,Blocked
CARD003655,CUST04991,Prepaid Card,2024-04-10,50000.00,Active
CARD003787,CUST01433,Debit Card,2024-04-10,25000.00,Active
CARD004666,CUST03632,Prepaid Card,2024-04-10,50000.00,Active
CARD000711,CUST04341,Debit Card,2024-04-11,200000.00,Active
CARD000920,CUST01495,Credit Card,2024-04-11,250000.00,Active
CARD001623,CUST01458,Debit Card,2024-04-11,25000.00,Active
CARD001794,CUST01123,Debit Card,2024-04-11,100000.00,Active
CARD002530,CUST02384,Credit Card,2024-04-11,500000.00,Active
CARD002544,CUST04354,Credit Card,2024-04-11,250000.00,Active
CARD003992,CUST02241,Debit Card,2024-04-11,50000.00,Active
CARD002505,CUST01463,Credit Card,2024-04-12,150000.00,Active
CARD002633,CUST03206,Debit Card,2024-04-13,200000.00,Active
CARD003112,CUST01422,Credit Card,2024-04-13,500000.00,Active
CARD003389,CUST02785,Credit Card,2024-04-13,250000.00,Active
CARD004087,CUST03661,Debit Card,2024-04-13,25000.00,Active
CARD004968,CUST03728,Debit Card,2024-04-13,25000.00,Active
CARD000335,CUST00042,Debit Card,2024-04-14,200000.00,Blocked
CARD001217,CUST00982,Credit Card,2024-04-14,500000.00,Active
CARD001222,CUST04947,Credit Card,2024-04-14,250000.00,Active
CARD003687,CUST00497,Credit Card,2024-04-14,250000.00,Active
CARD003716,CUST02595,Credit Card,2024-04-14,500000.00,Active
CARD004070,CUST02463,Debit Card,2024-04-14,100000.00,Active
CARD002923,CUST01369,Corporate Card,2024-04-15,200000.00,Active
CARD003742,CUST04311,Credit Card,2024-04-15,500000.00,Active
CARD004320,CUST01227,Credit Card,2024-04-15,500000.00,Active
CARD001683,CUST01586,Credit Card,2024-04-16,150000.00,Active
CARD003314,CUST03287,Prepaid Card,2024-04-16,25000.00,Blocked
CARD000286,CUST02063,Credit Card,2024-04-17,250000.00,Active
CARD000553,CUST00573,Corporate Card,2024-04-17,200000.00,Active
CARD001631,CUST02938,Debit Card,2024-04-17,100000.00,Active
CARD003612,CUST02366,Credit Card,2024-04-17,100000.00,Active
CARD000832,CUST03080,Debit Card,2024-04-18,200000.00,Active
CARD004198,CUST03619,Prepaid Card,2024-04-18,50000.00,Active
CARD001356,CUST03938,Credit Card,2024-04-19,100000.00,Active
CARD002396,CUST03299,Debit Card,2024-04-19,200000.00,Active
CARD003689,CUST03458,Debit Card,2024-04-19,100000.00,Active
CARD005079,CUST01871,Debit Card,2024-04-19,25000.00,Active
CARD001725,CUST04003,Debit Card,2024-04-20,200000.00,Active
CARD002651,CUST02738,Credit Card,2024-04-20,250000.00,Active
CARD002915,CUST01094,Credit Card,2024-04-20,150000.00,Active
CARD000633,CUST03373,Credit Card,2024-04-21,250000.00,Active
CARD001520,CUST00029,Credit Card,2024-04-21,100000.00,Active
CARD004195,CUST04170,Credit Card,2024-04-21,500000.00,Blocked
CARD005086,CUST03099,Debit Card,2024-04-21,50000.00,Active
CARD000885,CUST00467,Debit Card,2024-04-22,200000.00,Active
CARD001922,CUST03550,Credit Card,2024-04-22,100000.00,Active
CARD003935,CUST01799,Debit Card,2024-04-22,200000.00,Active
CARD004146,CUST03482,Debit Card,2024-04-22,25000.00,Active
CARD004760,CUST02811,Credit Card,2024-04-22,1000000.00,Active
CARD000901,CUST00455,Credit Card,2024-04-23,50000.00,Active
CARD002229,CUST02352,Credit Card,2024-04-23,250000.00,Active
CARD002727,CUST02703,Corporate Card,2024-04-23,500000.00,Expired
CARD003243,CUST03569,Credit Card,2024-04-23,50000.00,Active
CARD004306,CUST02083,Debit Card,2024-04-23,50000.00,Active
CARD004660,CUST01113,Debit Card,2024-04-23,50000.00,Active
CARD000354,CUST02640,Corporate Card,2024-04-24,1500000.00,Active
CARD001931,CUST03954,Debit Card,2024-04-24,50000.00,Active
CARD002982,CUST00235,Debit Card,2024-04-24,200000.00,Active
CARD001818,CUST00933,Credit Card,2024-04-25,50000.00,Active
CARD002504,CUST00826,Corporate Card,2024-04-25,200000.00,Active
CARD003013,CUST02344,Debit Card,2024-04-25,25000.00,Active
CARD003433,CUST03512,Debit Card,2024-04-25,100000.00,Active
CARD004777,CUST01315,Debit Card,2024-04-25,25000.00,Active
CARD000667,CUST00599,Prepaid Card,2024-04-26,25000.00,Active
CARD002062,CUST03871,Debit Card,2024-04-26,25000.00,Blocked
CARD002474,CUST03226,Debit Card,2024-04-26,50000.00,Active
CARD003705,CUST03912,Debit Card,2024-04-26,25000.00,Active
CARD004138,CUST01202,Debit Card,2024-04-26,50000.00,Expired
CARD004185,CUST03718,Credit Card,2024-04-26,500000.00,Active
CARD004213,CUST01947,Credit Card,2024-04-26,500000.00,Inactive
CARD004645,CUST02526,Debit Card,2024-04-26,50000.00,Active
CARD000664,CUST01457,Debit Card,2024-04-27,200000.00,Active
CARD000894,CUST01116,Debit Card,2024-04-27,200000.00,Active
CARD001466,CUST01138,Debit Card,2024-04-27,50000.00,Active
CARD001629,CUST04022,Debit Card,2024-04-27,100000.00,Active
CARD002543,CUST04636,Debit Card,2024-04-27,100000.00,Active
CARD002873,CUST01160,Credit Card,2024-04-27,1000000.00,Expired
CARD003713,CUST04498,Credit Card,2024-04-27,100000.00,Active
CARD005187,CUST03703,Debit Card,2024-04-27,100000.00,Active
CARD002283,CUST01812,Prepaid Card,2024-04-28,50000.00,Active
CARD003816,CUST02381,Corporate Card,2024-04-28,200000.00,Expired
CARD005058,CUST02108,Prepaid Card,2024-04-28,50000.00,Active
CARD000035,CUST01632,Credit Card,2024-04-29,250000.00,Active
CARD000256,CUST04173,Credit Card,2024-04-29,50000.00,Active
CARD000494,CUST03269,Debit Card,2024-04-29,100000.00,Active
CARD000527,CUST02065,Debit Card,2024-04-29,100000.00,Active
CARD002232,CUST02203,Credit Card,2024-04-29,100000.00,Active
CARD004028,CUST01249,Corporate Card,2024-04-29,200000.00,Active
CARD004681,CUST01867,Debit Card,2024-04-29,50000.00,Active
CARD000020,CUST03178,Debit Card,2024-04-30,100000.00,Inactive
CARD000112,CUST01637,Debit Card,2024-04-30,200000.00,Active
CARD001786,CUST04440,Debit Card,2024-04-30,50000.00,Expired
CARD003690,CUST00262,Debit Card,2024-04-30,200000.00,Active
CARD004626,CUST03849,Credit Card,2024-04-30,1000000.00,Active
CARD000809,CUST01677,Credit Card,2024-05-01,250000.00,Active
CARD003878,CUST02463,Credit Card,2024-05-01,250000.00,Active
CARD004117,CUST01558,Debit Card,2024-05-01,200000.00,Active
CARD004235,CUST04851,Debit Card,2024-05-01,200000.00,Active
CARD004516,CUST03886,Debit Card,2024-05-01,25000.00,Active
CARD000267,CUST03777,Debit Card,2024-05-02,200000.00,Active
CARD001090,CUST04903,Credit Card,2024-05-02,1000000.00,Active
CARD002194,CUST04236,Prepaid Card,2024-05-02,25000.00,Inactive
CARD000363,CUST04976,Credit Card,2024-05-03,500000.00,Active
CARD000484,CUST03230,Credit Card,2024-05-03,250000.00,Active
CARD000771,CUST00879,Debit Card,2024-05-03,25000.00,Active
CARD000170,CUST00950,Credit Card,2024-05-04,500000.00,Expired
CARD000287,CUST02163,Debit Card,2024-05-04,25000.00,Active
CARD003599,CUST03803,Corporate Card,2024-05-04,500000.00,Active
CARD000176,CUST03421,Debit Card,2024-05-05,50000.00,Active
CARD000271,CUST02578,Credit Card,2024-05-05,250000.00,Active
CARD000672,CUST00133,Credit Card,2024-05-05,250000.00,Active
CARD000847,CUST03089,Credit Card,2024-05-05,250000.00,Active
CARD001307,CUST04450,Debit Card,2024-05-05,50000.00,Active
CARD002343,CUST02223,Credit Card,2024-05-05,150000.00,Active
CARD002845,CUST00438,Debit Card,2024-05-05,25000.00,Active
CARD000031,CUST03388,Debit Card,2024-05-06,200000.00,Active
CARD000032,CUST04870,Credit Card,2024-05-06,500000.00,Active
CARD000610,CUST02132,Credit Card,2024-05-06,150000.00,Active
CARD001351,CUST04498,Credit Card,2024-05-06,1000000.00,Active
CARD002379,CUST02018,Debit Card,2024-05-06,50000.00,Active
CARD003520,CUST01520,Credit Card,2024-05-06,250000.00,Active
CARD003735,CUST02329,Credit Card,2024-05-06,150000.00,Active
CARD001223,CUST03172,Debit Card,2024-05-07,25000.00,Blocked
CARD001326,CUST04993,Prepaid Card,2024-05-07,25000.00,Blocked
CARD002226,CUST02807,Credit Card,2024-05-07,50000.00,Blocked
CARD002925,CUST01834,Corporate Card,2024-05-07,1500000.00,Active
CARD003601,CUST02256,Debit Card,2024-05-07,50000.00,Active
CARD003693,CUST02314,Debit Card,2024-05-07,50000.00,Active
CARD004357,CUST00042,Debit Card,2024-05-07,100000.00,Active
CARD004684,CUST01035,Credit Card,2024-05-07,100000.00,Active
CARD000560,CUST03789,Credit Card,2024-05-08,50000.00,Active
CARD003648,CUST03843,Prepaid Card,2024-05-08,25000.00,Active
CARD003767,CUST02500,Debit Card,2024-05-08,50000.00,Active
CARD004152,CUST00133,Debit Card,2024-05-08,200000.00,Active
CARD000021,CUST04431,Credit Card,2024-05-09,50000.00,Expired
CARD000151,CUST04135,Debit Card,2024-05-09,50000.00,Active
CARD000571,CUST01595,Prepaid Card,2024-05-09,50000.00,Active
CARD001231,CUST03427,Credit Card,2024-05-09,500000.00,Active
CARD002886,CUST01240,Debit Card,2024-05-09,200000.00,Active
CARD002967,CUST02640,Debit Card,2024-05-09,50000.00,Active
CARD003582,CUST02421,Credit Card,2024-05-09,500000.00,Active
CARD003613,CUST01824,Credit Card,2024-05-09,100000.00,Active
CARD003764,CUST03332,Prepaid Card,2024-05-09,50000.00,Active
CARD005091,CUST02919,Credit Card,2024-05-09,500000.00,Inactive
CARD000411,CUST00732,Credit Card,2024-05-10,250000.00,Active
CARD000462,CUST01371,Credit Card,2024-05-10,150000.00,Active
CARD000480,CUST03345,Credit Card,2024-05-10,150000.00,Active
CARD000721,CUST03890,Credit Card,2024-05-10,50000.00,Active
CARD001863,CUST02381,Prepaid Card,2024-05-10,25000.00,Active
CARD003151,CUST01882,Credit Card,2024-05-10,500000.00,Active
CARD001062,CUST03660,Debit Card,2024-05-11,100000.00,Blocked
CARD001598,CUST03012,Prepaid Card,2024-05-11,25000.00,Active
CARD003672,CUST00700,Debit Card,2024-05-11,200000.00,Inactive
CARD004046,CUST00220,Debit Card,2024-05-11,50000.00,Active
CARD004905,CUST01145,Debit Card,2024-05-11,100000.00,Active
CARD002263,CUST04725,Debit Card,2024-05-12,100000.00,Active
CARD002618,CUST01226,Credit Card,2024-05-12,250000.00,Active
CARD002640,CUST02029,Prepaid Card,2024-05-12,25000.00,Active
CARD000505,CUST03127,Credit Card,2024-05-13,1000000.00,Active
CARD001484,CUST03360,Credit Card,2024-05-13,1000000.00,Active
CARD002492,CUST01055,Credit Card,2024-05-13,150000.00,Active
CARD002656,CUST04241,Debit Card,2024-05-13,50000.00,Active
CARD004090,CUST03204,Prepaid Card,2024-05-13,10000.00,Active
CARD004348,CUST03969,Debit Card,2024-05-13,50000.00,Active
CARD000583,CUST03003,Credit Card,2024-05-14,150000.00,Active
CARD001006,CUST02005,Credit Card,2024-05-14,150000.00,Active
CARD001504,CUST01812,Debit Card,2024-05-14,50000.00,Active
CARD001700,CUST02322,Credit Card,2024-05-14,100000.00,Expired
CARD002033,CUST04669,Corporate Card,2024-05-14,1500000.00,Active
CARD002317,CUST04573,Debit Card,2024-05-14,25000.00,Active
CARD002563,CUST01301,Debit Card,2024-05-14,200000.00,Active
CARD003110,CUST02222,Credit Card,2024-05-14,250000.00,Active
CARD002764,CUST00690,Debit Card,2024-05-15,50000.00,Active
CARD002847,CUST00049,Debit Card,2024-05-15,100000.00,Active
CARD003553,CUST01261,Debit Card,2024-05-15,100000.00,Active
CARD004006,CUST02808,Debit Card,2024-05-15,25000.00,Active
CARD001410,CUST04755,Debit Card,2024-05-16,200000.00,Active
CARD004275,CUST00014,Prepaid Card,2024-05-16,50000.00,Active
CARD001841,CUST00884,Credit Card,2024-05-17,1000000.00,Active
CARD002641,CUST03814,Credit Card,2024-05-17,150000.00,Active
CARD003585,CUST04411,Credit Card,2024-05-17,1000000.00,Active
CARD003875,CUST01418,Debit Card,2024-05-17,50000.00,Active
CARD000252,CUST03117,Prepaid Card,2024-05-18,10000.00,Active
CARD000677,CUST01479,Debit Card,2024-05-18,200000.00,Active
CARD001321,CUST01427,Credit Card,2024-05-18,50000.00,Active
CARD001426,CUST03923,Credit Card,2024-05-18,100000.00,Active
CARD001873,CUST04973,Debit Card,2024-05-18,200000.00,Active
CARD002205,CUST04008,Debit Card,2024-05-18,50000.00,Active
CARD002249,CUST02392,Credit Card,2024-05-18,150000.00,Active
CARD002904,CUST02169,Debit Card,2024-05-18,50000.00,Active
CARD004036,CUST02334,Corporate Card,2024-05-18,500000.00,Active
CARD000106,CUST01455,Credit Card,2024-05-19,500000.00,Active
CARD000510,CUST04732,Credit Card,2024-05-19,50000.00,Active
CARD001602,CUST00418,Prepaid Card,2024-05-19,50000.00,Active
CARD001926,CUST01017,Debit Card,2024-05-19,200000.00,Active
CARD002397,CUST03688,Debit Card,2024-05-19,25000.00,Active
CARD003836,CUST02877,Credit Card,2024-05-19,100000.00,Active
CARD004136,CUST01646,Credit Card,2024-05-19,250000.00,Active
CARD004658,CUST00099,Credit Card,2024-05-19,1000000.00,Active
CARD001207,CUST03059,Credit Card,2024-05-20,500000.00,Active
CARD004470,CUST03344,Prepaid Card,2024-05-20,25000.00,Active
CARD001745,CUST00230,Credit Card,2024-05-21,500000.00,Active
CARD001846,CUST03029,Prepaid Card,2024-05-21,50000.00,Active
CARD000142,CUST01488,Prepaid Card,2024-05-22,25000.00,Active
CARD001990,CUST00160,Credit Card,2024-05-22,250000.00,Active
CARD002341,CUST01865,Credit Card,2024-05-22,250000.00,Active
CARD003199,CUST04334,Corporate Card,2024-05-22,200000.00,Active
CARD005109,CUST04208,Debit Card,2024-05-22,50000.00,Active
CARD000722,CUST00340,Debit Card,2024-05-23,25000.00,Active
CARD003514,CUST00270,Debit Card,2024-05-23,100000.00,Inactive
CARD004836,CUST04621,Debit Card,2024-05-23,200000.00,Active
CARD000521,CUST01536,Prepaid Card,2024-05-24,10000.00,Active
CARD001333,CUST03650,Credit Card,2024-05-24,150000.00,Active
CARD001928,CUST03887,Debit Card,2024-05-24,200000.00,Expired
CARD003267,CUST03947,Credit Card,2024-05-24,250000.00,Active
CARD003349,CUST04381,Debit Card,2024-05-24,100000.00,Active
CARD004737,CUST03984,Debit Card,2024-05-24,25000.00,Active
CARD005068,CUST01834,Debit Card,2024-05-24,50000.00,Active
CARD000019,CUST01220,Debit Card,2024-05-25,200000.00,Blocked
CARD001168,CUST00984,Debit Card,2024-05-25,100000.00,Active
CARD001239,CUST01393,Credit Card,2024-05-25,1000000.00,Active
CARD001247,CUST03346,Credit Card,2024-05-25,250000.00,Active
CARD001493,CUST03237,Corporate Card,2024-05-25,500000.00,Active
CARD002876,CUST02360,Credit Card,2024-05-25,250000.00,Active
CARD003886,CUST02042,Credit Card,2024-05-25,500000.00,Inactive
CARD000330,CUST00273,Credit Card,2024-05-26,500000.00,Active
CARD000754,CUST02752,Credit Card,2024-05-26,100000.00,Active
CARD000880,CUST04590,Corporate Card,2024-05-26,500000.00,Expired
CARD001981,CUST04696,Credit Card,2024-05-26,250000.00,Active
CARD002217,CUST01906,Credit Card,2024-05-26,50000.00,Active
CARD001738,CUST00865,Debit Card,2024-05-27,200000.00,Active
CARD003796,CUST04737,Credit Card,2024-05-27,500000.00,Active
CARD004030,CUST01006,Credit Card,2024-05-27,1000000.00,Active
CARD004965,CUST02797,Credit Card,2024-05-27,1000000.00,Active
CARD000315,CUST02920,Credit Card,2024-05-28,1000000.00,Active
CARD000601,CUST00178,Credit Card,2024-05-28,50000.00,Active
CARD001505,CUST01418,Credit Card,2024-05-28,500000.00,Active
CARD004258,CUST01831,Credit Card,2024-05-28,500000.00,Active
CARD004929,CUST02398,Prepaid Card,2024-05-28,10000.00,Active
CARD000340,CUST02040,Credit Card,2024-05-29,100000.00,Active
CARD004351,CUST04123,Debit Card,2024-05-29,50000.00,Active
CARD002624,CUST03256,Credit Card,2024-05-30,1000000.00,Active
CARD002631,CUST00051,Debit Card,2024-05-30,50000.00,Active
CARD002772,CUST02008,Credit Card,2024-05-30,1000000.00,Active
CARD003994,CUST04853,Credit Card,2024-05-30,500000.00,Active
CARD004092,CUST04633,Corporate Card,2024-05-30,500000.00,Active
CARD000073,CUST00275,Credit Card,2024-05-31,250000.00,Active
CARD000631,CUST04707,Debit Card,2024-05-31,200000.00,Blocked
CARD001644,CUST00476,Debit Card,2024-05-31,200000.00,Expired
CARD003731,CUST04052,Prepaid Card,2024-05-31,10000.00,Active
CARD004582,CUST03796,Debit Card,2024-05-31,100000.00,Blocked
CARD000228,CUST01109,Debit Card,2024-06-01,25000.00,Active
CARD000622,CUST00466,Debit Card,2024-06-01,25000.00,Active
CARD001799,CUST03846,Credit Card,2024-06-01,100000.00,Active
CARD002214,CUST00737,Debit Card,2024-06-01,25000.00,Blocked
CARD002491,CUST02106,Credit Card,2024-06-01,500000.00,Active
CARD002523,CUST01116,Credit Card,2024-06-01,500000.00,Active
CARD003882,CUST01148,Credit Card,2024-06-01,1000000.00,Active
CARD002120,CUST01300,Prepaid Card,2024-06-02,25000.00,Active
CARD002187,CUST00504,Debit Card,2024-06-02,200000.00,Active
CARD003725,CUST01369,Debit Card,2024-06-02,100000.00,Active
CARD003770,CUST03345,Credit Card,2024-06-02,150000.00,Active
CARD003786,CUST00758,Credit Card,2024-06-02,250000.00,Active
CARD003869,CUST04949,Prepaid Card,2024-06-02,25000.00,Active
CARD003885,CUST02513,Prepaid Card,2024-06-02,10000.00,Active
CARD005178,CUST04890,Credit Card,2024-06-02,50000.00,Active
CARD001934,CUST00396,Debit Card,2024-06-03,50000.00,Active
CARD002101,CUST01376,Credit Card,2024-06-03,100000.00,Active
CARD002750,CUST03538,Credit Card,2024-06-03,50000.00,Active
CARD002894,CUST02766,Debit Card,2024-06-03,200000.00,Active
CARD003775,CUST01933,Debit Card,2024-06-03,200000.00,Expired
CARD004668,CUST01197,Debit Card,2024-06-03,100000.00,Active
CARD003996,CUST01786,Credit Card,2024-06-04,500000.00,Active
CARD004857,CUST02640,Credit Card,2024-06-04,250000.00,Active
CARD002176,CUST03795,Credit Card,2024-06-05,100000.00,Active
CARD003402,CUST00403,Debit Card,2024-06-05,100000.00,Active
CARD000380,CUST01940,Debit Card,2024-06-06,100000.00,Active
CARD001080,CUST03378,Credit Card,2024-06-06,1000000.00,Active
CARD002730,CUST04554,Credit Card,2024-06-06,50000.00,Active
CARD003234,CUST02915,Credit Card,2024-06-06,50000.00,Active
CARD003692,CUST04465,Credit Card,2024-06-06,250000.00,Blocked
CARD004153,CUST00222,Credit Card,2024-06-06,1000000.00,Active
CARD005100,CUST02803,Debit Card,2024-06-06,50000.00,Active
CARD003109,CUST02604,Debit Card,2024-06-07,50000.00,Active
CARD003354,CUST04366,Credit Card,2024-06-07,100000.00,Blocked
CARD003418,CUST03023,Corporate Card,2024-06-07,500000.00,Active
CARD004167,CUST04131,Credit Card,2024-06-07,500000.00,Active
CARD004172,CUST04684,Debit Card,2024-06-07,100000.00,Active
CARD004398,CUST01299,Debit Card,2024-06-07,25000.00,Active
CARD004566,CUST01862,Credit Card,2024-06-07,50000.00,Active
CARD004713,CUST03851,Debit Card,2024-06-07,200000.00,Active
CARD005173,CUST02946,Debit Card,2024-06-07,25000.00,Active
CARD000025,CUST02229,Credit Card,2024-06-08,1000000.00,Active
CARD000165,CUST02408,Credit Card,2024-06-08,500000.00,Active
CARD000257,CUST01328,Debit Card,2024-06-08,200000.00,Active
CARD002127,CUST02761,Debit Card,2024-06-08,25000.00,Active
CARD002172,CUST00916,Credit Card,2024-06-08,50000.00,Inactive
CARD004279,CUST00177,Credit Card,2024-06-08,100000.00,Active
CARD005074,CUST03838,Credit Card,2024-06-08,250000.00,Active
CARD001464,CUST03388,Debit Card,2024-06-09,200000.00,Active
CARD003422,CUST00352,Credit Card,2024-06-09,50000.00,Active
CARD004611,CUST00823,Debit Card,2024-06-09,50000.00,Active
CARD005078,CUST03821,Credit Card,2024-06-09,50000.00,Active
CARD002220,CUST03240,Credit Card,2024-06-10,1000000.00,Active
CARD004059,CUST02308,Debit Card,2024-06-10,25000.00,Active
CARD004127,CUST04982,Debit Card,2024-06-10,50000.00,Active
CARD005065,CUST03409,Debit Card,2024-06-10,100000.00,Active
CARD000398,CUST02335,Debit Card,2024-06-11,200000.00,Active
CARD000570,CUST01025,Credit Card,2024-06-11,150000.00,Active
CARD001372,CUST04352,Credit Card,2024-06-11,50000.00,Active
CARD003119,CUST03692,Corporate Card,2024-06-11,500000.00,Active
CARD003393,CUST00055,Credit Card,2024-06-11,100000.00,Active
CARD004795,CUST02699,Credit Card,2024-06-11,150000.00,Active
CARD000300,CUST01394,Debit Card,2024-06-12,100000.00,Active
CARD001423,CUST04737,Debit Card,2024-06-12,25000.00,Active
CARD002213,CUST01402,Credit Card,2024-06-12,1000000.00,Active
CARD003435,CUST00011,Debit Card,2024-06-12,100000.00,Active
CARD003658,CUST03151,Credit Card,2024-06-12,150000.00,Active
CARD000444,CUST04996,Credit Card,2024-06-13,500000.00,Active
CARD002280,CUST03144,Credit Card,2024-06-13,100000.00,Active
CARD002851,CUST02084,Debit Card,2024-06-13,200000.00,Active
CARD003244,CUST00493,Credit Card,2024-06-13,100000.00,Active
CARD003820,CUST04384,Credit Card,2024-06-13,100000.00,Active
CARD004309,CUST02266,Credit Card,2024-06-13,1000000.00,Active
CARD000225,CUST00579,Credit Card,2024-06-14,150000.00,Active
CARD000719,CUST02094,Credit Card,2024-06-14,500000.00,Active
CARD000909,CUST01162,Debit Card,2024-06-14,50000.00,Active
CARD001998,CUST00906,Debit Card,2024-06-14,100000.00,Active
CARD003487,CUST01263,Debit Card,2024-06-14,200000.00,Active
CARD004477,CUST01462,Debit Card,2024-06-14,50000.00,Active
CARD004907,CUST01702,Debit Card,2024-06-14,200000.00,Active
CARD000422,CUST00100,Debit Card,2024-06-15,200000.00,Active
CARD001155,CUST03054,Debit Card,2024-06-15,100000.00,Active
CARD001761,CUST02952,Credit Card,2024-06-15,100000.00,Active
CARD001853,CUST03915,Debit Card,2024-06-15,50000.00,Active
CARD003344,CUST03349,Credit Card,2024-06-15,150000.00,Active
CARD000534,CUST04404,Credit Card,2024-06-16,1000000.00,Active
CARD001538,CUST01437,Prepaid Card,2024-06-16,25000.00,Active
CARD003281,CUST00119,Credit Card,2024-06-16,500000.00,Active
CARD003915,CUST04827,Credit Card,2024-06-16,1000000.00,Active
CARD000022,CUST00619,Prepaid Card,2024-06-17,25000.00,Active
CARD000669,CUST00964,Corporate Card,2024-06-17,500000.00,Active
CARD001628,CUST03125,Corporate Card,2024-06-17,500000.00,Inactive
CARD001821,CUST03095,Debit Card,2024-06-17,50000.00,Blocked
CARD002080,CUST01739,Debit Card,2024-06-17,25000.00,Active
CARD005081,CUST04673,Prepaid Card,2024-06-17,50000.00,Active
CARD002381,CUST02620,Debit Card,2024-06-18,25000.00,Active
CARD004294,CUST02583,Credit Card,2024-06-18,100000.00,Active
CARD004852,CUST00708,Debit Card,2024-06-18,200000.00,Active
CARD000716,CUST02241,Credit Card,2024-06-19,500000.00,Active
CARD000838,CUST00002,Credit Card,2024-06-19,1000000.00,Active
CARD001084,CUST00399,Debit Card,2024-06-19,200000.00,Active
CARD004670,CUST00071,Debit Card,2024-06-19,50000.00,Active
CARD000868,CUST01266,Prepaid Card,2024-06-20,10000.00,Active
CARD001354,CUST03907,Corporate Card,2024-06-20,1500000.00,Active
CARD004519,CUST00573,Credit Card,2024-06-20,100000.00,Active
CARD004986,CUST03360,Debit Card,2024-06-20,200000.00,Inactive
CARD000623,CUST03638,Debit Card,2024-06-21,200000.00,Inactive
CARD004184,CUST03142,Credit Card,2024-06-21,150000.00,Active
CARD001220,CUST04510,Credit Card,2024-06-22,50000.00,Expired
CARD001770,CUST03619,Debit Card,2024-06-22,100000.00,Active
CARD002102,CUST02831,Prepaid Card,2024-06-22,25000.00,Active
CARD002425,CUST03021,Prepaid Card,2024-06-22,25000.00,Active
CARD004061,CUST02076,Debit Card,2024-06-22,50000.00,Active
CARD002142,CUST01217,Credit Card,2024-06-23,100000.00,Active
CARD002380,CUST00510,Credit Card,2024-06-23,1000000.00,Active
CARD000476,CUST01421,Credit Card,2024-06-24,50000.00,Active
CARD001537,CUST00163,Debit Card,2024-06-24,50000.00,Blocked
CARD001865,CUST04375,Corporate Card,2024-06-24,200000.00,Active
CARD002753,CUST03242,Prepaid Card,2024-06-25,25000.00,Active
CARD003116,CUST04842,Credit Card,2024-06-25,500000.00,Active
CARD001428,CUST02256,Credit Card,2024-06-26,150000.00,Active
CARD002135,CUST03718,Debit Card,2024-06-26,25000.00,Active
CARD000044,CUST00583,Debit Card,2024-06-27,100000.00,Active
CARD002634,CUST04360,Credit Card,2024-06-27,100000.00,Active
CARD000087,CUST02041,Debit Card,2024-06-28,100000.00,Active
CARD000290,CUST02821,Debit Card,2024-06-28,100000.00,Active
CARD001336,CUST04620,Debit Card,2024-06-28,25000.00,Active
CARD005032,CUST04882,Prepaid Card,2024-06-28,25000.00,Blocked
CARD001630,CUST01659,Debit Card,2024-06-29,100000.00,Active
CARD002553,CUST03725,Debit Card,2024-06-29,200000.00,Active
CARD003223,CUST02865,Prepaid Card,2024-06-29,10000.00,Active
CARD000574,CUST01924,Credit Card,2024-06-30,250000.00,Active
CARD000951,CUST01681,Debit Card,2024-06-30,100000.00,Inactive
CARD001955,CUST02466,Credit Card,2024-06-30,500000.00,Inactive
CARD002682,CUST02640,Corporate Card,2024-06-30,1500000.00,Active
CARD004798,CUST01218,Corporate Card,2024-06-30,1500000.00,Active
