Customer_ID,Customer_Name,Gender,Date_of_Birth,City,State,Occupation,Income,Customer_Since
CUST00001,Aadhya Pradhan,Female,1973-09-30,Kanpur,Uttar Pradesh,Retired,489300.00,2021-03-11
CUST00002,Devendra Pawar,Male,1979-09-09,Hyderabad,Telangana,Freelancer / Creator,362600.00,2022-06-01
CUST00003,Deepak Kumar,Male,1989-05-11,Nagpur,Maharashtra,Government Employee,898800.00,2019-02-03
CUST00004,Sanjay Iyengar,Male,1961-02-15,Gwalior,Madhya Pradesh,Retired,641800.00,2015-10-20
CUST00005,Pooja Saxena,Female,1957-02-26,Bengaluru,Karnataka,Sales & Marketing Manager,886400.00,2022-03-06
CUST00006,Kavita Dutta,Female,1983-06-03,Coimbatore,Tamil Nadu,Healthcare Worker / Nurse,319300.00,2018-07-16
CUST00007,Arjun Iyengar,Male,1967-01-21,Kochi,Kerala,Lawyer,1498500.00,2022-03-18
CUST00008,Suresh Joshi,Male,1987-09-17,Guwahati,Assam,Government Employee,1221700.00,2019-10-21
CUST00009,Preeti Shukla,Female,1989-04-22,Patna,Bihar,Sales & Marketing Manager,554500.00,2015-07-12
CUST00010,Ishita Ghosh,Female,1992-07-18,Rajkot,Gujarat,Consultant,748500.00,2019-04-13
CUST00011,Bhavna Agarwal,Female,1986-09-21,New Delhi,Delhi,Lawyer,1941400.00,2022-08-24
CUST00012,Richa Das,Female,1962-01-08,Kanpur,Uttar Pradesh,Government Employee,878200.00,2020-02-02
CUST00013,Ajay Pradhan,Male,1986-10-18,Kota,Rajasthan,Chartered Accountant,1613800.00,2016-03-11
CUST00014,Tanvi Ghosh,Female,1970-08-24,Hyderabad,Telangana,Chartered Accountant,1373000.00,2016-10-23
CUST00015,Ashish Agarwal,Male,2002-08-29,Mumbai,Maharashtra,Sales & Marketing Manager,472400.00,2019-01-26
CUST00016,Tanvi Rao,Female,2000-02-28,Cuttack,Odisha,Doctor,988400.00,2020-06-13
CUST00017,Richa Saxena,Female,1995-04-27,Raipur,Chhattisgarh,Sales & Marketing Manager,1538900.00,2016-11-07
CUST00018,Sachin Gowda,Male,1989-09-28,Kota,Rajasthan,Freelancer / Creator,920900.00,2022-12-30
CUST00019,Tarun Mukherjee,Male,1979-11-19,Ranchi,Jharkhand,Sales & Marketing Manager,589200.00,2017-07-09
CUST00020,Vivaan Yadav,Male,1968-03-05,Jamshedpur,Jharkhand,Business Owner,525200.00,2022-12-09
CUST00021,Kavita Singh,Female,2001-01-13,Jaipur,Rajasthan,Civil / Mechanical Engineer,638000.00,2022-07-03
CUST00022,Akash Joshi,Male,1956-09-12,Cuttack,Odisha,Sales & Marketing Manager,729400.00,2020-04-21
CUST00023,Neha Gupta,Female,1996-07-29,Rajkot,Gujarat,Teacher / Professor,710000.00,2020-03-27
CUST00024,Aarohi Dutta,Female,1961-08-05,Dehradun,Uttarakhand,Software Engineer,1324700.00,2018-10-21
CUST00025,Diya Rao,Female,1991-03-26,Guwahati,Assam,Sales & Marketing Manager,611200.00,2017-01-21
CUST00026,Vikram Singh,Male,1974-09-23,Dehradun,Uttarakhand,Software Engineer,1773900.00,2021-01-23
CUST00027,Pari Bora,Female,1988-04-06,Nashik,Maharashtra,Sales & Marketing Manager,1003600.00,2019-07-01
CUST00028,Pooja Bhat,Female,2002-12-14,Mysuru,Karnataka,Retired,692000.00,2020-02-07
CUST00029,Dinesh Pradhan,Male,1967-07-28,Bilaspur,Chhattisgarh,Sales & Marketing Manager,628000.00,2018-04-30
CUST00030,Vihaan Yadav,Male,1955-09-27,Chandigarh,Punjab,Freelancer / Creator,582200.00,2015-07-25
CUST00031,Shikha Agarwal,Female,1993-06-02,Patna,Bihar,Doctor,2673000.00,2015-10-08
CUST00032,Shilpa Rao,Female,1978-05-01,Cuttack,Odisha,Business Owner,2526200.00,2015-06-12
CUST00033,Monika Saha,Female,1965-09-15,Ranchi,Jharkhand,Teacher / Professor,1144500.00,2017-04-16
CUST00034,Meera Rao,Female,1986-12-11,Amritsar,Punjab,Lawyer,1791000.00,2020-02-16
CUST00035,Hemant Singh,Male,2002-11-09,Shillong,Meghalaya,Consultant,2193900.00,2015-10-28
CUST00036,Mayank Choudhury,Male,1995-01-04,Jaipur,Rajasthan,Retired,422100.00,2018-03-13
CUST00037,Akash Patnaik,Male,1983-08-22,Indore,Madhya Pradesh,Civil / Mechanical Engineer,407800.00,2021-03-21
CUST00038,Tarun Gupta,Male,1995-02-16,Kanpur,Uttar Pradesh,Retired,353500.00,2021-03-16
CUST00039,Deepak Patil,Male,1990-01-07,Kochi,Kerala,Lawyer,1768500.00,2017-12-17
CUST00040,Suresh Mehta,Male,1997-08-11,Rajkot,Gujarat,Healthcare Worker / Nurse,466000.00,2015-01-15
CUST00041,Krishna Ghosh,Male,1987-04-10,Durg,Chhattisgarh,Sales & Marketing Manager,1084400.00,2019-10-18
CUST00042,Ayaan Singh,Male,1959-04-16,Guwahati,Assam,Software Engineer,2102300.00,2021-07-13
CUST00043,Naveen Joshi,Male,2001-01-25,Surat,Gujarat,Retired,766500.00,2015-06-13
CUST00044,Anjali Dutta,Female,1987-07-25,Dehradun,Uttarakhand,Teacher / Professor,1013100.00,2019-07-23
CUST00045,Simran Kulkarni,Female,1988-04-08,Chennai,Tamil Nadu,Retired,506100.00,2017-01-04
CUST00046,Swati Shetty,Female,1961-02-24,Thiruvananthapuram,Kerala,Chartered Accountant,2117300.00,2016-03-18
CUST00047,Aditya Malhotra,Male,1989-03-21,Aurangabad,Maharashtra,Teacher / Professor,609400.00,2023-12-02
CUST00048,Kavita Verma,Female,1961-03-25,Vadodara,Gujarat,Teacher / Professor,586800.00,2015-10-12
CUST00049,Shreya Tripathi,Female,1961-10-14,Vadodara,Gujarat,Lawyer,2462300.00,2021-01-05
CUST00050,Vivaan Deshmukh,Male,1987-04-01,Jamshedpur,Jharkhand,Government Employee,442100.00,2021-09-09
CUST00051,Ajay Mishra,Male,1975-08-25,Patna,Bihar,Doctor,1647400.00,2021-06-19
CUST00052,Aditya Patnaik,Male,1976-06-30,Ranchi,Jharkhand,Retired,703300.00,2022-09-14
CUST00053,Simran Nayak,Female,1961-03-23,Surat,Gujarat,Banker,591000.00,2022-06-13
CUST00054,Prerna Mishra,Female,1961-04-29,Ujjain,Madhya Pradesh,Retired,450200.00,2018-06-20
CUST00055,Meera Hegde,Female,1959-01-31,Siliguri,West Bengal,Chartered Accountant,1045300.00,2022-06-16
CUST00056,Shilpa Nayak,Female,1991-08-20,Cuttack,Odisha,Government Employee,846700.00,2015-01-02
CUST00057,Rahul Gowda,Male,1965-08-25,Indore,Madhya Pradesh,Teacher / Professor,745200.00,2019-12-17
CUST00058,Shikha Malhotra,Female,1956-04-05,Raipur,Chhattisgarh,Doctor,1424300.00,2022-06-12
CUST00059,Swati Kumar,Female,1987-07-22,Vijayawada,Andhra Pradesh,Business Owner,3323000.00,2016-08-26
CUST00060,Vikram Malhotra,Male,1964-05-24,Aurangabad,Maharashtra,Banker,1652000.00,2021-06-15
CUST00061,Dinesh Bhat,Male,1971-12-09,Visakhapatnam,Andhra Pradesh,Chartered Accountant,1880900.00,2015-01-23
CUST00062,Aarti Gupta,Female,1976-03-10,Chennai,Tamil Nadu,Retail Trader,1451700.00,2020-10-22
CUST00063,Kunal Rao,Male,1995-11-10,Amritsar,Punjab,Retail Trader,884300.00,2020-12-15
CUST00064,Garima Mishra,Female,1974-08-22,Ujjain,Madhya Pradesh,Retired,552400.00,2021-02-22
CUST00065,Shaurya Nayak,Male,1972-11-13,Mysuru,Karnataka,Retail Trader,634300.00,2022-02-24
CUST00066,Ashish Agarwal,Male,1971-08-15,Visakhapatnam,Andhra Pradesh,Government Employee,883900.00,2023-01-01
CUST00067,Ramesh Pandey,Male,1982-09-28,Lucknow,Uttar Pradesh,Chartered Accountant,971500.00,2019-04-18
CUST00068,Kalyani Iyengar,Female,1998-12-01,Nashik,Maharashtra,Teacher / Professor,811200.00,2019-08-31
CUST00069,Venkatesh Bhat,Male,1965-07-10,Noida,Uttar Pradesh,Healthcare Worker / Nurse,828400.00,2021-06-16
CUST00070,Aarav Tripathi,Male,1983-12-14,Nashik,Maharashtra,Civil / Mechanical Engineer,1147500.00,2021-02-14
CUST00071,Kavita Bhatia,Female,1989-02-12,Rajkot,Gujarat,Sales & Marketing Manager,483400.00,2018-10-08
CUST00072,Preeti Pradhan,Female,1992-11-04,Amritsar,Punjab,Consultant,1477900.00,2019-06-02
CUST00073,Vandana Verma,Female,1997-08-06,Rajkot,Gujarat,Chartered Accountant,2260300.00,2017-01-14
CUST00074,Praveen Mishra,Male,1989-11-11,Mumbai,Maharashtra,Teacher / Professor,997000.00,2019-04-02
CUST00075,Venkatesh Choudhury,Male,1997-11-03,Noida,Uttar Pradesh,Freelancer / Creator,785500.00,2018-12-04
CUST00076,Arjun Saikia,Male,1962-06-11,Kota,Rajasthan,Software Engineer,2309300.00,2017-03-27
CUST00077,Prerna Kulkarni,Female,1988-04-27,Kolkata,West Bengal,Lawyer,728800.00,2017-06-11
CUST00078,Suresh Saikia,Male,1980-04-06,Durgapur,West Bengal,Consultant,2143800.00,2023-01-21
CUST00079,Shaurya Chatterjee,Male,1996-09-08,Noida,Uttar Pradesh,Retired,456000.00,2022-08-06
CUST00080,Aditi Hegde,Female,1958-03-22,Jaipur,Rajasthan,Consultant,1720500.00,2022-01-13
CUST00081,Dinesh Saikia,Male,1983-07-16,Durgapur,West Bengal,Retail Trader,489200.00,2021-05-07
CUST00082,Rashmi Saxena,Female,1975-07-28,Surat,Gujarat,Doctor,1913100.00,2018-10-29
CUST00083,Venkatesh Bhatia,Male,1996-11-22,Surat,Gujarat,Lawyer,2283200.00,2020-02-27
CUST00084,Meenakshi Pillai,Female,1956-10-07,Indore,Madhya Pradesh,Government Employee,1077500.00,2021-01-13
CUST00085,Bhavna Gowda,Female,1956-09-01,Thiruvananthapuram,Kerala,Teacher / Professor,1074000.00,2015-12-21
CUST00086,Abhishek Rao,Male,1973-09-13,Shillong,Meghalaya,Lawyer,1258000.00,2015-04-28
CUST00087,Manish Pillai,Male,1972-03-14,Ahmedabad,Gujarat,Retail Trader,647100.00,2018-02-19
CUST00088,Radha Das,Female,1968-06-25,Ranchi,Jharkhand,Business Owner,799600.00,2023-01-28
CUST00089,Kunal Bora,Male,1987-07-13,Kolkata,West Bengal,Lawyer,1923700.00,2020-01-10
CUST00090,Pari Banerjee,Female,1988-12-06,Gwalior,Madhya Pradesh,Business Owner,1571700.00,2021-07-10
CUST00091,Kunal Agarwal,Male,1980-11-26,Durg,Chhattisgarh,Civil / Mechanical Engineer,730800.00,2022-11-18
CUST00092,Anand Choudhury,Male,1989-05-01,Ujjain,Madhya Pradesh,Business Owner,1604400.00,2023-05-01
CUST00093,Hemant Mohanty,Male,1992-03-24,Kochi,Kerala,Freelancer / Creator,735800.00,2023-02-15
CUST00094,Richa Agarwal,Female,1965-02-07,Dehradun,Uttarakhand,Healthcare Worker / Nurse,416500.00,2017-07-20
CUST00095,Anand Sharma,Male,1957-10-01,Amritsar,Punjab,Government Employee,450100.00,2015-08-12
CUST00096,Dinesh Joshi,Male,1962-10-23,Dehradun,Uttarakhand,Healthcare Worker / Nurse,307400.00,2018-03-10
CUST00097,Abhishek Pandey,Male,1992-06-04,Mysuru,Karnataka,Healthcare Worker / Nurse,586600.00,2015-09-25
CUST00098,Arjun Chauhan,Male,1962-07-15,Chandigarh,Punjab,Chartered Accountant,968600.00,2021-04-24
CUST00099,Pari Rao,Female,1995-09-19,Kota,Rajasthan,Banker,1288200.00,2023-11-13
CUST00100,Aarti Agarwal,Female,1978-11-13,Panaji,Goa,Government Employee,1346200.00,2019-10-23
CUST00101,Mohit Mehta,Male,1964-05-11,Kota,Rajasthan,Business Owner,2689300.00,2017-12-19
CUST00102,Pooja Rao,Female,1991-09-22,Jaipur,Rajasthan,Chartered Accountant,704800.00,2020-01-20
CUST00103,Jyoti Banerjee,Female,2001-03-05,Madurai,Tamil Nadu,Freelancer / Creator,554400.00,2020-02-03
CUST00104,Amit Choudhury,Male,1962-09-03,Raipur,Chhattisgarh,Retail Trader,1423700.00,2019-10-08
CUST00105,Amit Mukherjee,Male,1994-02-15,Agra,Uttar Pradesh,Doctor,931200.00,2023-11-21
CUST00106,Vijay Chauhan,Male,1984-11-19,Kanpur,Uttar Pradesh,Sales & Marketing Manager,1242000.00,2022-11-06
CUST00107,Ramesh Bansal,Male,1968-10-22,Panaji,Goa,Doctor,2115700.00,2019-11-05
CUST00108,Garima Choudhury,Female,2002-05-16,Coimbatore,Tamil Nadu,Lawyer,2171900.00,2021-06-14
CUST00109,Aanya Bora,Female,1960-02-14,Cuttack,Odisha,Software Engineer,1973600.00,2016-12-18
CUST00110,Pankaj Menon,Male,1986-03-31,Jamshedpur,Jharkhand,Banker,1325200.00,2020-07-07
CUST00111,Jyoti Tripathi,Female,1977-01-12,Mumbai,Maharashtra,Lawyer,709200.00,2016-10-20
CUST00112,Dinesh Bhatia,Male,1984-07-27,Vadodara,Gujarat,Healthcare Worker / Nurse,756300.00,2015-05-31
CUST00113,Manish Choudhury,Male,1983-05-03,Prayagraj,Uttar Pradesh,Banker,1624400.00,2015-01-05
CUST00114,Nandini Kapoor,Female,1977-06-04,Hyderabad,Telangana,Civil / Mechanical Engineer,761800.00,2023-06-26
CUST00115,Abhishek Bora,Male,2000-03-18,Thiruvananthapuram,Kerala,Civil / Mechanical Engineer,531000.00,2018-03-25
CUST00116,Dinesh Bhatia,Male,1996-06-16,Bhopal,Madhya Pradesh,Consultant,1888900.00,2022-12-17
CUST00117,Kunal Sharma,Male,1967-12-05,Lucknow,Uttar Pradesh,Business Owner,3972900.00,2016-04-09
CUST00118,Ayaan Mukherjee,Male,1993-10-19,Bilaspur,Chhattisgarh,Government Employee,959800.00,2018-01-24
CUST00119,Pranav Malhotra,Male,1987-11-10,Siliguri,West Bengal,Chartered Accountant,1390500.00,2021-09-21
CUST00120,Krishna Singh,Male,1985-12-01,Pune,Maharashtra,Retired,693900.00,2017-12-30
CUST00121,Sneha Pradhan,Female,1983-09-04,Jamshedpur,Jharkhand,Lawyer,1479300.00,2016-08-31
CUST00122,Pranav Tripathi,Male,1981-09-22,Kota,Rajasthan,Civil / Mechanical Engineer,777200.00,2018-08-11
CUST00123,Radha Rao,Female,1966-12-17,Coimbatore,Tamil Nadu,Healthcare Worker / Nurse,765300.00,2015-06-28
CUST00124,Pranav Patnaik,Male,1978-12-16,Raipur,Chhattisgarh,Retail Trader,1293900.00,2016-09-15
CUST00125,Aditya Joshi,Male,1970-09-02,Pune,Maharashtra,Healthcare Worker / Nurse,360200.00,2019-12-09
CUST00126,Gaurav Sharma,Male,1957-04-19,Nashik,Maharashtra,Healthcare Worker / Nurse,692900.00,2016-09-24
CUST00127,Suresh Pandey,Male,1963-07-12,Vadodara,Gujarat,Lawyer,660600.00,2018-09-07
CUST00128,Nandini Bhat,Female,1982-08-15,Bilaspur,Chhattisgarh,Retired,679700.00,2021-01-25
CUST00129,Arjun Rao,Male,1962-07-16,Madurai,Tamil Nadu,Business Owner,3113700.00,2019-11-13
CUST00130,Richa Ghosh,Female,1958-05-11,Panaji,Goa,Chartered Accountant,1949200.00,2015-04-29
CUST00131,Vihaan Banerjee,Male,1980-12-22,Rajkot,Gujarat,Chartered Accountant,1139600.00,2019-08-15
CUST00132,Atharva Nair,Male,1992-05-21,Shillong,Meghalaya,Healthcare Worker / Nurse,529500.00,2022-08-30
CUST00133,Sumit Kulkarni,Male,1988-11-07,Bhopal,Madhya Pradesh,Government Employee,905500.00,2022-06-24
CUST00134,Gaurav Banerjee,Male,1959-09-25,Bengaluru,Karnataka,Doctor,1771800.00,2018-11-16
CUST00135,Tanvi Ghosh,Female,1975-07-13,Mysuru,Karnataka,Sales & Marketing Manager,1422100.00,2017-03-26
CUST00136,Jyoti Gupta,Female,1987-12-18,Cuttack,Odisha,Teacher / Professor,838600.00,2022-11-04
CUST00137,Tarun Hegde,Male,1986-06-27,Cuttack,Odisha,Healthcare Worker / Nurse,711500.00,2023-05-09
CUST00138,Garima Nayak,Female,1972-02-05,Prayagraj,Uttar Pradesh,Retail Trader,614600.00,2023-12-29
CUST00139,Devendra Iyer,Male,1964-02-23,Jabalpur,Madhya Pradesh,Retail Trader,1179100.00,2022-05-24
CUST00140,Avani Ghosh,Female,1996-08-14,Indore,Madhya Pradesh,Software Engineer,1156100.00,2019-12-11
CUST00141,Alok Pradhan,Male,1995-05-16,Madurai,Tamil Nadu,Teacher / Professor,985400.00,2016-12-20
CUST00142,Akash Shukla,Male,1969-10-18,Thiruvananthapuram,Kerala,Healthcare Worker / Nurse,398700.00,2020-05-27
CUST00143,Sneha Nayak,Female,1982-05-04,Aurangabad,Maharashtra,Doctor,1109700.00,2017-07-13
CUST00144,Sonal Dutta,Female,1977-09-19,Surat,Gujarat,Doctor,2539500.00,2015-02-27
CUST00145,Ayaan Kapoor,Male,1979-07-22,Durg,Chhattisgarh,Lawyer,1024300.00,2019-04-10
CUST00146,Divya Gupta,Female,1960-03-03,Kolkata,West Bengal,Software Engineer,1715200.00,2021-04-18
CUST00147,Mohit Reddy,Male,1962-05-30,Bhopal,Madhya Pradesh,Healthcare Worker / Nurse,578600.00,2022-11-11
CUST00148,Venkatesh Deshmukh,Male,1995-06-08,Gurugram,Haryana,Government Employee,1495500.00,2016-04-20
CUST00149,Akash Joshi,Male,1978-11-11,Surat,Gujarat,Lawyer,2398800.00,2022-10-23
CUST00150,Monika Yadav,Female,1956-04-12,Nashik,Maharashtra,Lawyer,698000.00,2020-06-27
CUST00151,Shreya Patel,Female,1958-12-24,Kochi,Kerala,Sales & Marketing Manager,961400.00,2017-08-25
CUST00152,Diya Dutta,Female,1979-09-26,Indore,Madhya Pradesh,Teacher / Professor,401500.00,2018-02-04
CUST00153,Ayaan Kapoor,Male,1997-07-27,Kochi,Kerala,Lawyer,1779000.00,2015-03-29
CUST00154,Rajesh Rao,Male,1994-09-15,Kochi,Kerala,Doctor,2625600.00,2021-03-20
CUST00155,Rahul Reddy,Male,1982-04-17,Durgapur,West Bengal,Software Engineer,1099100.00,2016-08-15
CUST00156,Nandini Choudhury,Female,1992-05-05,Raipur,Chhattisgarh,Healthcare Worker / Nurse,315500.00,2015-03-02
CUST00157,Vikram Yadav,Male,1983-06-23,Chennai,Tamil Nadu,Government Employee,457600.00,2023-04-27
CUST00158,Ayaan Nayak,Male,1998-10-31,Panaji,Goa,Retail Trader,766300.00,2021-08-28
CUST00159,Mayank Reddy,Male,1964-06-08,Ujjain,Madhya Pradesh,Retail Trader,1395100.00,2022-05-22
CUST00160,Gaurav Mukherjee,Male,2002-05-31,Kolkata,West Bengal,Healthcare Worker / Nurse,541000.00,2022-09-11
CUST00161,Manoj Menon,Male,1999-05-21,Mumbai,Maharashtra,Consultant,879900.00,2016-05-31
CUST00162,Devendra Yadav,Male,1968-01-16,Nagpur,Maharashtra,Consultant,1472400.00,2020-02-02
CUST00163,Naveen Gupta,Male,1959-05-04,Indore,Madhya Pradesh,Lawyer,2255400.00,2021-03-08
CUST00164,Anjali Gowda,Female,1975-03-07,Nashik,Maharashtra,Teacher / Professor,1053300.00,2019-06-22
CUST00165,Reyansh Mishra,Male,1976-01-22,Raipur,Chhattisgarh,Government Employee,811700.00,2016-09-17
CUST00166,Jyoti Singh,Female,1998-05-19,Lucknow,Uttar Pradesh,Banker,625500.00,2023-04-15
CUST00167,Krishna Srivastava,Male,1999-09-04,Siliguri,West Bengal,Civil / Mechanical Engineer,729600.00,2016-05-15
CUST00168,Tarun Bora,Male,1976-06-04,Madurai,Tamil Nadu,Consultant,1134300.00,2016-02-29
CUST00169,Rahul Kulkarni,Male,1960-10-28,Coimbatore,Tamil Nadu,Healthcare Worker / Nurse,364900.00,2021-03-28
CUST00170,Hemant Das,Male,1967-03-08,Rajkot,Gujarat,Healthcare Worker / Nurse,636600.00,2023-08-10
CUST00171,Prerna Dutta,Female,1961-09-19,Noida,Uttar Pradesh,Consultant,2090100.00,2022-10-11
CUST00172,Atharva Das,Male,1959-01-24,Pune,Maharashtra,Teacher / Professor,355200.00,2016-08-09
CUST00173,Karthik Singh,Male,1993-08-11,Noida,Uttar Pradesh,Doctor,2441400.00,2017-05-31
CUST00174,Gaurav Pandey,Male,1992-12-24,Vijayawada,Andhra Pradesh,Freelancer / Creator,591900.00,2021-05-13
CUST00175,Aarohi Kulkarni,Female,1992-08-19,Chandigarh,Punjab,Lawyer,663200.00,2019-12-20
CUST00176,Komal Patil,Female,1974-12-01,Thiruvananthapuram,Kerala,Business Owner,3142300.00,2016-04-11
CUST00177,Ayaan Banerjee,Male,1959-07-19,Jamshedpur,Jharkhand,Sales & Marketing Manager,1056000.00,2018-06-17
CUST00178,Karthik Patil,Male,2000-06-27,Kochi,Kerala,Government Employee,1439900.00,2023-08-10
CUST00179,Suresh Banerjee,Male,1983-05-01,New Delhi,Delhi,Sales & Marketing Manager,1309100.00,2016-12-20
CUST00180,Akash Patnaik,Male,1988-10-18,Siliguri,West Bengal,Healthcare Worker / Nurse,700800.00,2018-12-21
CUST00181,Vijay Patel,Male,1976-06-21,Aurangabad,Maharashtra,Retired,338900.00,2018-07-06
CUST00182,Varun Hegde,Male,1957-08-08,Nashik,Maharashtra,Government Employee,526700.00,2015-03-27
CUST00183,Pooja Pawar,Female,1973-07-13,Surat,Gujarat,Doctor,1760800.00,2016-03-09
CUST00184,Sumit Hegde,Male,1970-05-22,Vadodara,Gujarat,Healthcare Worker / Nurse,486200.00,2018-10-22
CUST00185,Ashish Nair,Male,1998-10-13,Bhopal,Madhya Pradesh,Doctor,1967300.00,2017-03-05
CUST00186,Rashmi Tripathi,Female,1956-08-05,Agra,Uttar Pradesh,Business Owner,859800.00,2017-11-14
CUST00187,Sachin Kulkarni,Male,1962-05-24,Chennai,Tamil Nadu,Retail Trader,1072100.00,2020-03-15
CUST00188,Richa Yadav,Female,1974-07-18,Cuttack,Odisha,Lawyer,1770600.00,2022-01-02
CUST00189,Devendra Mishra,Male,1993-11-18,Jaipur,Rajasthan,Sales & Marketing Manager,958500.00,2018-05-25
CUST00190,Sonali Mehta,Female,1980-10-15,Jaipur,Rajasthan,Government Employee,907900.00,2015-06-04
CUST00191,Deepak Singh,Male,1962-05-16,Shillong,Meghalaya,Consultant,1436000.00,2020-03-10
CUST00192,Simran Patel,Female,1974-09-12,Indore,Madhya Pradesh,Business Owner,1625300.00,2020-05-02
CUST00193,Vihaan Menon,Male,1997-01-07,Bilaspur,Chhattisgarh,Doctor,1910000.00,2016-12-07
CUST00194,Manoj Menon,Male,1974-10-06,Ranchi,Jharkhand,Consultant,896100.00,2019-03-08
CUST00195,Aditi Shetty,Female,1981-07-19,Durgapur,West Bengal,Software Engineer,2020600.00,2022-04-05
CUST00196,Rajesh Gupta,Male,1967-07-19,Nagpur,Maharashtra,Government Employee,677200.00,2022-05-13
CUST00197,Garima Kulkarni,Female,1982-05-21,Jamshedpur,Jharkhand,Lawyer,782900.00,2018-12-03
CUST00198,Pankaj Mohanty,Male,1960-12-13,Amritsar,Punjab,Consultant,1748700.00,2015-12-14
CUST00199,Praveen Mukherjee,Male,1982-04-27,Raipur,Chhattisgarh,Freelancer / Creator,1046100.00,2023-04-15
CUST00200,Archana Kumar,Female,1961-07-23,Rajkot,Gujarat,Civil / Mechanical Engineer,761800.00,2019-01-25
CUST00201,Rahul Pandey,Male,1972-03-24,Coimbatore,Tamil Nadu,Chartered Accountant,978900.00,2018-04-26
CUST00202,Diya Bansal,Female,1968-10-05,Gurugram,Haryana,Lawyer,1173500.00,2023-08-05
CUST00203,Garima Bhat,Female,1994-04-09,Chennai,Tamil Nadu,Healthcare Worker / Nurse,715700.00,2022-01-02
CUST00204,Pooja Pradhan,Female,1975-06-09,Nashik,Maharashtra,Teacher / Professor,924900.00,2017-08-30
CUST00205,Prerna Banerjee,Female,1955-11-14,Coimbatore,Tamil Nadu,Civil / Mechanical Engineer,639200.00,2023-10-18
CUST00206,Rohan Shukla,Male,1959-09-12,Panaji,Goa,Sales & Marketing Manager,1334900.00,2023-09-23
CUST00207,Harsh Shetty,Male,1993-03-21,Durgapur,West Bengal,Chartered Accountant,2271400.00,2015-08-02
CUST00208,Divya Srivastava,Female,1996-10-10,Kanpur,Uttar Pradesh,Government Employee,492300.00,2016-10-18
CUST00209,Mayank Kulkarni,Male,1976-05-15,Coimbatore,Tamil Nadu,Healthcare Worker / Nurse,570700.00,2018-12-02
CUST00210,Monika Mehta,Female,1977-10-17,Surat,Gujarat,Business Owner,1851600.00,2015-12-01
CUST00211,Vivaan Mishra,Male,1996-08-03,Pune,Maharashtra,Retail Trader,518000.00,2015-06-06
CUST00212,Pranav Mohanty,Male,1994-11-03,Panaji,Goa,Consultant,658100.00,2015-11-21
CUST00213,Rahul Kulkarni,Male,1967-08-24,Ranchi,Jharkhand,Banker,644500.00,2018-03-26
CUST00214,Ayaan Mehta,Male,1987-11-29,Bhopal,Madhya Pradesh,Retail Trader,1066200.00,2015-09-15
CUST00215,Nikhil Patil,Male,1969-06-23,Bhopal,Madhya Pradesh,Civil / Mechanical Engineer,975000.00,2023-01-22
CUST00216,Naveen Sharma,Male,1964-01-02,Visakhapatnam,Andhra Pradesh,Consultant,1295700.00,2022-06-14
CUST00217,Archana Shukla,Female,1998-10-05,Guwahati,Assam,Civil / Mechanical Engineer,1186400.00,2020-09-10
CUST00218,Praveen Malhotra,Male,2000-08-10,Nagpur,Maharashtra,Teacher / Professor,565600.00,2015-03-08
CUST00219,Arjun Tripathi,Male,1987-07-30,Bhopal,Madhya Pradesh,Doctor,2497300.00,2023-03-31
CUST00220,Avani Patel,Female,1980-09-25,Pune,Maharashtra,Healthcare Worker / Nurse,685700.00,2023-09-27
CUST00221,Radha Malhotra,Female,1963-03-30,Amritsar,Punjab,Doctor,2375300.00,2020-02-18
CUST00222,Rohan Patel,Male,1991-06-10,Mumbai,Maharashtra,Retired,455000.00,2019-06-20
CUST00223,Nandini Malhotra,Female,1987-06-13,Kota,Rajasthan,Lawyer,882200.00,2019-01-02
CUST00224,Aarohi Mukherjee,Female,1982-02-12,Kanpur,Uttar Pradesh,Retail Trader,773200.00,2019-06-27
CUST00225,Aditi Pandey,Female,1991-10-20,Gwalior,Madhya Pradesh,Sales & Marketing Manager,872400.00,2023-12-10
CUST00226,Sai Pradhan,Male,1976-05-21,Rajkot,Gujarat,Consultant,2192400.00,2017-01-09
CUST00227,Manish Gupta,Male,1998-01-15,Raipur,Chhattisgarh,Government Employee,737100.00,2021-10-04
CUST00228,Pooja Mohanty,Female,1975-01-03,Panaji,Goa,Software Engineer,1908300.00,2018-12-15
CUST00229,Meenakshi Das,Female,1963-06-02,Jaipur,Rajasthan,Lawyer,1775000.00,2019-01-28
CUST00230,Vijay Dutta,Male,1993-06-16,Agra,Uttar Pradesh,Healthcare Worker / Nurse,664500.00,2023-10-06
CUST00231,Krishna Singh,Male,1987-08-05,Surat,Gujarat,Teacher / Professor,675400.00,2021-05-12
CUST00232,Ishaan Dutta,Male,1974-12-24,Surat,Gujarat,Sales & Marketing Manager,1327500.00,2021-06-08
CUST00233,Alok Hegde,Male,1982-08-03,Thiruvananthapuram,Kerala,Business Owner,3861800.00,2015-04-17
CUST00234,Komal Agarwal,Female,1978-09-17,Kanpur,Uttar Pradesh,Government Employee,1252500.00,2022-11-23
CUST00235,Mohit Banerjee,Male,1958-10-23,Hyderabad,Telangana,Doctor,1098600.00,2015-10-31
CUST00236,Manoj Menon,Male,1997-07-17,Mumbai,Maharashtra,Lawyer,1194900.00,2015-09-23
CUST00237,Deepak Chatterjee,Male,1992-07-08,Bhopal,Madhya Pradesh,Chartered Accountant,2128700.00,2020-09-14
CUST00238,Rohan Joshi,Male,1987-10-22,Noida,Uttar Pradesh,Teacher / Professor,820900.00,2019-02-20
CUST00239,Kunal Joshi,Male,1964-05-17,Jaipur,Rajasthan,Government Employee,838000.00,2023-01-15
CUST00240,Archana Shetty,Female,1976-09-10,Jaipur,Rajasthan,Chartered Accountant,2450300.00,2022-03-16
CUST00241,Gaurav Dutta,Male,1970-01-06,Amritsar,Punjab,Retired,714500.00,2021-03-08
CUST00242,Priya Saikia,Female,1994-11-22,Patna,Bihar,Retired,734100.00,2016-05-23
CUST00243,Anand Nair,Male,1993-01-17,Bilaspur,Chhattisgarh,Business Owner,1711100.00,2020-10-26
CUST00244,Pari Choudhury,Female,1990-08-10,Siliguri,West Bengal,Government Employee,537700.00,2018-05-25
CUST00245,Pari Bansal,Female,1962-04-06,Jamshedpur,Jharkhand,Consultant,889000.00,2022-05-22
CUST00246,Garima Pandey,Female,1967-06-10,Noida,Uttar Pradesh,Doctor,900000.00,2022-03-12
CUST00247,Deepika Mukherjee,Female,1989-09-12,Nashik,Maharashtra,Consultant,1640400.00,2020-08-01
CUST00248,Nandini Banerjee,Female,1962-01-28,Kolkata,West Bengal,Business Owner,3316400.00,2022-09-06
CUST00249,Gaurav Singh,Male,1959-06-01,Bengaluru,Karnataka,Sales & Marketing Manager,928000.00,2020-03-17
CUST00250,Sachin Kulkarni,Male,1983-01-19,Ujjain,Madhya Pradesh,Healthcare Worker / Nurse,507200.00,2019-06-22
CUST00251,Alok Bansal,Male,1968-05-07,Mumbai,Maharashtra,Business Owner,2132700.00,2017-12-31
CUST00252,Ishaan Gupta,Male,2000-02-03,Nagpur,Maharashtra,Healthcare Worker / Nurse,669200.00,2017-10-13
CUST00253,Pooja Mishra,Female,1967-01-22,Hyderabad,Telangana,Retail Trader,533200.00,2020-10-09
CUST00254,Anand Bhatia,Male,2002-05-16,Vadodara,Gujarat,Civil / Mechanical Engineer,857200.00,2017-09-13
CUST00255,Sanjay Mehta,Male,2000-02-07,Bhubaneswar,Odisha,Consultant,2017600.00,2022-05-03
CUST00256,Sneha Saxena,Female,2003-05-07,Rajkot,Gujarat,Chartered Accountant,2288400.00,2023-02-27
CUST00257,Karthik Shukla,Male,2000-12-08,Chandigarh,Punjab,Consultant,1520800.00,2019-01-24
CUST00258,Arjun Bhat,Male,1970-11-13,Kota,Rajasthan,Civil / Mechanical Engineer,679700.00,2021-12-27
CUST00259,Riya Joshi,Female,1996-12-12,Surat,Gujarat,Retail Trader,1484800.00,2021-04-03
CUST00260,Richa Kulkarni,Female,1990-08-27,Patna,Bihar,Banker,1150100.00,2015-07-05
CUST00261,Manoj Pandey,Male,1972-10-09,Aurangabad,Maharashtra,Chartered Accountant,1791300.00,2020-10-12
CUST00262,Mohit Mishra,Male,1992-12-12,Shillong,Meghalaya,Freelancer / Creator,1058300.00,2021-08-28
CUST00263,Mayank Saxena,Male,1971-09-16,Vijayawada,Andhra Pradesh,Sales & Marketing Manager,1388100.00,2019-02-17
CUST00264,Ayaan Shetty,Male,1966-01-25,Ujjain,Madhya Pradesh,Healthcare Worker / Nurse,712800.00,2015-04-20
CUST00265,Deepika Mukherjee,Female,1965-09-09,Coimbatore,Tamil Nadu,Freelancer / Creator,346200.00,2020-05-21
CUST00266,Devendra Pradhan,Male,1963-12-19,Agra,Uttar Pradesh,Healthcare Worker / Nurse,708400.00,2015-05-10
CUST00267,Dinesh Deshmukh,Male,1991-06-22,Panaji,Goa,Teacher / Professor,706000.00,2019-08-19
CUST00268,Monika Bansal,Female,1963-11-02,Durg,Chhattisgarh,Freelancer / Creator,356100.00,2016-07-19
CUST00269,Kunal Mishra,Male,1960-10-30,Ranchi,Jharkhand,Banker,907900.00,2016-12-10
CUST00270,Akash Pandey,Male,1969-01-01,Jabalpur,Madhya Pradesh,Retail Trader,1347800.00,2022-08-20
CUST00271,Radha Choudhury,Female,1963-10-27,Hyderabad,Telangana,Business Owner,1476500.00,2018-05-07
CUST00272,Anand Saikia,Male,1984-07-06,Kochi,Kerala,Freelancer / Creator,934500.00,2018-07-22
CUST00273,Kunal Pradhan,Male,1986-02-04,Kanpur,Uttar Pradesh,Consultant,1698800.00,2019-04-05
CUST00274,Preeti Tripathi,Female,1994-02-03,Gurugram,Haryana,Government Employee,1450800.00,2015-11-20
CUST00275,Abhishek Mukherjee,Male,1986-10-29,Kochi,Kerala,Business Owner,3397800.00,2018-01-15
CUST00276,Radha Das,Female,1995-05-07,Shillong,Meghalaya,Freelancer / Creator,828100.00,2017-09-20
CUST00277,Harsh Reddy,Male,1963-03-04,Chandigarh,Punjab,Doctor,1709300.00,2023-01-17
CUST00278,Sunil Saikia,Male,1995-06-29,Siliguri,West Bengal,Retired,379000.00,2022-04-28
CUST00279,Jyoti Malhotra,Female,1962-03-21,Kota,Rajasthan,Government Employee,753300.00,2022-03-30
CUST00280,Ashish Kumar,Male,1961-09-11,Coimbatore,Tamil Nadu,Civil / Mechanical Engineer,1138700.00,2015-06-02
CUST00281,Priya Shetty,Female,1992-06-12,Vadodara,Gujarat,Retail Trader,919700.00,2023-05-26
CUST00282,Sneha Patel,Female,2003-01-30,Cuttack,Odisha,Consultant,816300.00,2018-10-04
CUST00283,Pankaj Saxena,Male,1969-10-22,Amritsar,Punjab,Healthcare Worker / Nurse,602500.00,2018-01-22
CUST00284,Ayaan Pandey,Male,1992-11-09,Indore,Madhya Pradesh,Government Employee,1190500.00,2015-02-27
CUST00285,Sneha Chauhan,Female,1960-03-24,Chennai,Tamil Nadu,Consultant,1977000.00,2019-07-19
CUST00286,Shikha Mishra,Female,1997-12-08,Raipur,Chhattisgarh,Doctor,1206500.00,2016-07-29
CUST00287,Vikram Sharma,Male,1986-12-17,Visakhapatnam,Andhra Pradesh,Sales & Marketing Manager,1316800.00,2018-09-12
CUST00288,Ajay Chauhan,Male,2003-02-18,Indore,Madhya Pradesh,Teacher / Professor,938900.00,2015-09-12
CUST00289,Bhavna Chatterjee,Female,1992-12-06,Jabalpur,Madhya Pradesh,Civil / Mechanical Engineer,1323100.00,2022-11-21
CUST00290,Radha Deshmukh,Female,1963-01-31,Surat,Gujarat,Consultant,992300.00,2016-07-01
CUST00291,Gaurav Nayak,Male,1964-12-22,Nashik,Maharashtra,Freelancer / Creator,794300.00,2020-04-12
CUST00292,Vandana Iyengar,Female,1987-07-18,Kota,Rajasthan,Consultant,2003400.00,2015-12-02
CUST00293,Harsh Patnaik,Male,1980-05-22,Cuttack,Odisha,Doctor,935900.00,2021-02-21
CUST00294,Neha Chauhan,Female,1969-04-16,Bengaluru,Karnataka,Teacher / Professor,1076300.00,2019-12-15
CUST00295,Rahul Patnaik,Male,1965-10-24,Lucknow,Uttar Pradesh,Retired,555200.00,2015-08-16
CUST00296,Mayank Shetty,Male,1973-09-16,Chandigarh,Punjab,Civil / Mechanical Engineer,862400.00,2018-06-16
CUST00297,Preeti Choudhury,Female,2003-03-12,Jamshedpur,Jharkhand,Doctor,899600.00,2018-11-12
CUST00298,Nandini Mehta,Female,1998-11-02,Gurugram,Haryana,Government Employee,849800.00,2023-08-16
CUST00299,Pankaj Pradhan,Male,1961-11-28,Surat,Gujarat,Retired,491200.00,2019-03-27
CUST00300,Sunil Saha,Male,1969-04-24,Indore,Madhya Pradesh,Healthcare Worker / Nurse,508700.00,2017-01-01
CUST00301,Preeti Agarwal,Female,1995-03-09,New Delhi,Delhi,Retail Trader,376100.00,2018-05-07
CUST00302,Ajay Saxena,Male,1975-10-02,Nagpur,Maharashtra,Healthcare Worker / Nurse,437800.00,2020-03-01
CUST00303,Ramesh Iyer,Male,1957-05-05,Gurugram,Haryana,Retail Trader,1109200.00,2021-11-23
CUST00304,Aanya Rao,Female,1990-05-28,Dehradun,Uttarakhand,Consultant,702000.00,2021-09-14
CUST00305,Aarohi Rao,Female,1956-06-08,Vadodara,Gujarat,Sales & Marketing Manager,719500.00,2017-06-08
CUST00306,Aarti Mehta,Female,1994-10-17,Madurai,Tamil Nadu,Business Owner,3355300.00,2023-03-16
CUST00307,Varun Patil,Male,1960-01-18,Visakhapatnam,Andhra Pradesh,Government Employee,1363900.00,2022-05-28
CUST00308,Venkatesh Chatterjee,Male,1986-05-31,Siliguri,West Bengal,Consultant,2013600.00,2016-12-18
CUST00309,Meenakshi Srivastava,Female,1972-06-06,Ahmedabad,Gujarat,Lawyer,1842700.00,2023-10-24
CUST00310,Dinesh Shetty,Male,1977-04-16,Vijayawada,Andhra Pradesh,Banker,739000.00,2021-01-12
CUST00311,Amit Chatterjee,Male,1958-04-19,Aurangabad,Maharashtra,Retired,328800.00,2019-08-18
CUST00312,Payal Agarwal,Female,1994-12-15,Visakhapatnam,Andhra Pradesh,Government Employee,623700.00,2022-04-02
CUST00313,Abhishek Shukla,Male,1997-09-30,Ujjain,Madhya Pradesh,Healthcare Worker / Nurse,414300.00,2018-01-04
CUST00314,Sachin Patil,Male,2001-05-25,Hyderabad,Telangana,Retail Trader,1226000.00,2023-02-14
CUST00315,Anjali Malhotra,Female,1990-01-12,Vijayawada,Andhra Pradesh,Retired,307700.00,2017-02-17
CUST00316,Riya Nayak,Female,1973-02-27,Gwalior,Madhya Pradesh,Consultant,1740800.00,2019-06-13
CUST00317,Payal Mishra,Female,1984-12-19,Aurangabad,Maharashtra,Civil / Mechanical Engineer,1048700.00,2018-06-17
CUST00318,Mayank Bhatia,Male,1974-05-12,Ujjain,Madhya Pradesh,Sales & Marketing Manager,1325900.00,2018-08-04
CUST00319,Divya Mishra,Female,1977-06-08,Cuttack,Odisha,Healthcare Worker / Nurse,432800.00,2016-08-20
CUST00320,Kunal Yadav,Male,1965-11-30,Madurai,Tamil Nadu,Chartered Accountant,1053100.00,2017-07-31
CUST00321,Vikram Bhatia,Male,1967-07-31,Jabalpur,Madhya Pradesh,Teacher / Professor,568700.00,2020-06-24
CUST00322,Pallavi Nayak,Female,1971-11-08,Bengaluru,Karnataka,Freelancer / Creator,1015500.00,2016-11-24
CUST00323,Akash Bhatia,Male,1991-09-27,Indore,Madhya Pradesh,Software Engineer,1543100.00,2015-11-01
CUST00324,Vandana Mehta,Female,2002-12-02,Amritsar,Punjab,Healthcare Worker / Nurse,678400.00,2015-10-06
CUST00325,Saanvi Iyengar,Female,1970-11-10,Surat,Gujarat,Software Engineer,1712100.00,2022-06-24
CUST00326,Jyoti Saha,Female,1972-06-22,New Delhi,Delhi,Civil / Mechanical Engineer,951600.00,2015-02-18
CUST00327,Ajay Das,Male,1969-02-05,Noida,Uttar Pradesh,Civil / Mechanical Engineer,1213200.00,2022-07-23
CUST00328,Atharva Gupta,Male,1996-10-06,Agra,Uttar Pradesh,Business Owner,1171800.00,2020-11-26
CUST00329,Sanjay Das,Male,1978-05-22,Surat,Gujarat,Banker,1096700.00,2017-09-23
CUST00330,Kavita Chatterjee,Female,1960-05-20,Indore,Madhya Pradesh,Healthcare Worker / Nurse,689900.00,2015-05-10
CUST00331,Praveen Bhat,Male,1967-10-31,Chandigarh,Punjab,Lawyer,518900.00,2016-12-02
CUST00332,Naveen Mukherjee,Male,1981-09-15,Dehradun,Uttarakhand,Retired,564100.00,2015-06-24
CUST00333,Dinesh Chauhan,Male,1973-02-13,Gurugram,Haryana,Retired,337200.00,2018-02-22
CUST00334,Ritu Saha,Female,2001-04-01,Mumbai,Maharashtra,Software Engineer,2330600.00,2021-08-01
CUST00335,Manoj Hegde,Male,1999-01-29,Bengaluru,Karnataka,Consultant,1022700.00,2019-05-13
CUST00336,Nandini Pandey,Female,1979-04-21,Gwalior,Madhya Pradesh,Freelancer / Creator,370600.00,2023-05-12
CUST00337,Aarohi Gupta,Female,1976-03-04,Jaipur,Rajasthan,Teacher / Professor,864400.00,2021-11-19
CUST00338,Preeti Saikia,Female,1983-06-16,Bhopal,Madhya Pradesh,Government Employee,1261900.00,2020-01-20
CUST00339,Sanjay Srivastava,Male,1978-11-22,Chennai,Tamil Nadu,Lawyer,1671800.00,2019-04-06
CUST00340,Mohit Banerjee,Male,1988-05-24,Lucknow,Uttar Pradesh,Government Employee,569600.00,2022-12-25
CUST00341,Ishita Nayak,Female,1979-01-20,Surat,Gujarat,Doctor,1001300.00,2018-06-16
CUST00342,Hemant Das,Male,1997-04-25,Lucknow,Uttar Pradesh,Chartered Accountant,1475800.00,2021-03-31
CUST00343,Venkatesh Gupta,Male,2002-05-17,Ahmedabad,Gujarat,Civil / Mechanical Engineer,493100.00,2021-09-15
CUST00344,Aditi Sharma,Female,1984-12-02,Nagpur,Maharashtra,Retail Trader,447400.00,2021-04-10
CUST00345,Sunita Chauhan,Female,1970-04-06,Jabalpur,Madhya Pradesh,Banker,720400.00,2018-01-06
CUST00346,Nikhil Kulkarni,Male,1999-04-07,Rajkot,Gujarat,Government Employee,863200.00,2020-06-06
CUST00347,Divya Choudhury,Female,1987-08-15,Bhubaneswar,Odisha,Consultant,1605800.00,2020-02-19
CUST00348,Anand Sharma,Male,1978-01-12,Shillong,Meghalaya,Banker,1545300.00,2018-09-11
CUST00349,Naveen Mukherjee,Male,1965-04-23,Vijayawada,Andhra Pradesh,Teacher / Professor,862700.00,2022-10-18
CUST00350,Manish Pillai,Male,1978-01-19,Madurai,Tamil Nadu,Freelancer / Creator,925500.00,2020-07-04
CUST00351,Sunita Mishra,Female,1979-02-08,Vadodara,Gujarat,Teacher / Professor,446800.00,2021-04-28
CUST00352,Akash Pillai,Male,1959-09-23,Noida,Uttar Pradesh,Freelancer / Creator,715500.00,2022-12-11
CUST00353,Deepak Mohanty,Male,1998-12-04,Jabalpur,Madhya Pradesh,Sales & Marketing Manager,610100.00,2018-05-25
CUST00354,Tarun Kulkarni,Male,1957-11-27,Nagpur,Maharashtra,Doctor,1787900.00,2021-09-15
CUST00355,Karthik Saxena,Male,1970-07-12,Nashik,Maharashtra,Civil / Mechanical Engineer,436800.00,2019-01-12
CUST00356,Nandini Patil,Female,1963-05-19,Dehradun,Uttarakhand,Retail Trader,635500.00,2022-06-15
CUST00357,Pankaj Pawar,Male,2000-09-16,Indore,Madhya Pradesh,Lawyer,1793500.00,2023-06-10
CUST00358,Naveen Gupta,Male,2003-05-12,Mysuru,Karnataka,Business Owner,2287400.00,2020-10-25
CUST00359,Dinesh Chauhan,Male,1988-11-15,Surat,Gujarat,Banker,1102000.00,2022-08-15
CUST00360,Shikha Kulkarni,Female,1981-06-19,Kolkata,West Bengal,Doctor,1450000.00,2015-12-18
CUST00361,Ajay Kulkarni,Male,1981-01-23,Pune,Maharashtra,Sales & Marketing Manager,1351900.00,2020-11-04
CUST00362,Pranav Gupta,Male,1974-07-10,Panaji,Goa,Teacher / Professor,407100.00,2015-07-03
CUST00363,Riya Verma,Female,1981-08-04,Dehradun,Uttarakhand,Lawyer,2100100.00,2023-04-22
CUST00364,Atharva Srivastava,Male,1993-01-13,Siliguri,West Bengal,Banker,1746000.00,2017-08-07
CUST00365,Nisha Pillai,Female,1991-08-08,Raipur,Chhattisgarh,Banker,1014300.00,2023-04-09
CUST00366,Neha Menon,Female,1965-11-24,Nagpur,Maharashtra,Software Engineer,1868500.00,2017-04-22
CUST00367,Manoj Singh,Male,1967-05-10,Guwahati,Assam,Chartered Accountant,1358400.00,2017-03-18
CUST00368,Suresh Saha,Male,1971-10-04,Bhopal,Madhya Pradesh,Teacher / Professor,857400.00,2021-11-08
CUST00369,Ayaan Tripathi,Male,1980-11-09,Shillong,Meghalaya,Chartered Accountant,2164700.00,2022-12-01
CUST00370,Prerna Yadav,Female,1997-07-22,Amritsar,Punjab,Teacher / Professor,450200.00,2018-06-04
CUST00371,Alok Mohanty,Male,1993-10-13,Nagpur,Maharashtra,Banker,1275400.00,2021-06-12
CUST00372,Atharva Bhatia,Male,1962-09-29,Gwalior,Madhya Pradesh,Retired,622600.00,2016-12-10
CUST00373,Nikhil Banerjee,Male,1995-03-28,Mumbai,Maharashtra,Healthcare Worker / Nurse,570600.00,2015-08-08
CUST00374,Saanvi Bhatia,Female,1995-03-24,Nagpur,Maharashtra,Civil / Mechanical Engineer,905400.00,2020-07-20
CUST00375,Nikhil Shetty,Male,1957-11-16,Bhubaneswar,Odisha,Chartered Accountant,848800.00,2015-05-07
CUST00376,Kavita Banerjee,Female,2001-02-11,Coimbatore,Tamil Nadu,Civil / Mechanical Engineer,688700.00,2023-10-03
CUST00377,Vijay Saikia,Male,1971-09-23,Patna,Bihar,Doctor,2060000.00,2018-01-02
CUST00378,Divya Saxena,Female,2000-11-18,Guwahati,Assam,Business Owner,3964200.00,2016-02-24
CUST00379,Pallavi Bora,Female,1988-01-30,Gurugram,Haryana,Sales & Marketing Manager,752200.00,2015-12-23
CUST00380,Ayaan Saikia,Male,1988-03-15,Durg,Chhattisgarh,Consultant,1718200.00,2022-12-21
CUST00381,Meenakshi Nair,Female,1964-04-20,Kochi,Kerala,Healthcare Worker / Nurse,424200.00,2015-09-01
CUST00382,Akash Das,Male,1964-09-29,Bengaluru,Karnataka,Teacher / Professor,1182200.00,2018-04-13
CUST00383,Ramesh Bansal,Male,1960-05-13,Amritsar,Punjab,Retail Trader,1253500.00,2015-08-31
CUST00384,Pallavi Joshi,Female,1959-04-25,Visakhapatnam,Andhra Pradesh,Chartered Accountant,1980500.00,2017-10-10
CUST00385,Shilpa Hegde,Female,1972-04-19,Cuttack,Odisha,Lawyer,1037400.00,2019-08-24
CUST00386,Arjun Ghosh,Male,1997-12-07,Patna,Bihar,Freelancer / Creator,550400.00,2019-02-20
CUST00387,Nikhil Mishra,Male,1966-06-30,Prayagraj,Uttar Pradesh,Healthcare Worker / Nurse,739600.00,2023-03-13
CUST00388,Nisha Saha,Female,1958-12-30,Jaipur,Rajasthan,Retail Trader,964600.00,2017-06-11
CUST00389,Anjali Bhatia,Female,1986-01-17,Madurai,Tamil Nadu,Teacher / Professor,815200.00,2016-06-18
CUST00390,Nikhil Pandey,Male,1960-06-06,Gurugram,Haryana,Doctor,2177600.00,2020-02-26
CUST00391,Shaurya Menon,Male,1974-07-01,Rajkot,Gujarat,Business Owner,3984900.00,2016-06-24
CUST00392,Tanvi Nair,Female,1986-05-15,Indore,Madhya Pradesh,Teacher / Professor,562800.00,2019-03-04
CUST00393,Pallavi Nair,Female,1999-12-11,Bhopal,Madhya Pradesh,Government Employee,1198600.00,2023-06-21
CUST00394,Pankaj Kumar,Male,1958-05-14,New Delhi,Delhi,Business Owner,2168800.00,2016-06-27
CUST00395,Archana Dutta,Female,1975-06-27,New Delhi,Delhi,Freelancer / Creator,609200.00,2016-05-08
CUST00396,Meenakshi Mohanty,Female,1994-10-30,Jaipur,Rajasthan,Business Owner,1840700.00,2023-03-13
CUST00397,Diya Mishra,Female,1980-01-29,Amritsar,Punjab,Banker,1505500.00,2023-06-12
CUST00398,Pallavi Dutta,Female,1994-05-27,Ranchi,Jharkhand,Consultant,663100.00,2022-04-16
CUST00399,Sanjay Pradhan,Male,1989-08-14,Durg,Chhattisgarh,Chartered Accountant,2355800.00,2021-11-28
CUST00400,Anjali Kumar,Female,1997-04-21,Kota,Rajasthan,Doctor,2097100.00,2019-04-22
CUST00401,Naveen Mishra,Male,1995-02-25,Thiruvananthapuram,Kerala,Lawyer,668500.00,2021-03-16
CUST00402,Sonal Patil,Female,1984-07-13,Noida,Uttar Pradesh,Healthcare Worker / Nurse,808200.00,2018-05-20
CUST00403,Sachin Bansal,Male,1990-12-13,Madurai,Tamil Nadu,Lawyer,609100.00,2023-11-26
CUST00404,Komal Bhat,Female,1996-02-28,Bhubaneswar,Odisha,Lawyer,1687900.00,2020-12-03
CUST00405,Saanvi Shukla,Female,1983-04-25,Nagpur,Maharashtra,Healthcare Worker / Nurse,803400.00,2019-09-20
CUST00406,Sunil Pillai,Male,1973-05-25,Noida,Uttar Pradesh,Consultant,754700.00,2017-12-09
CUST00407,Vihaan Hegde,Male,1971-02-05,Bhopal,Madhya Pradesh,Freelancer / Creator,750900.00,2019-08-29
CUST00408,Karthik Kumar,Male,1962-09-30,Guwahati,Assam,Consultant,886700.00,2015-12-09
CUST00409,Mayank Iyengar,Male,1993-09-30,Mumbai,Maharashtra,Banker,1262400.00,2023-07-24
CUST00410,Shilpa Mukherjee,Female,1999-01-24,Gwalior,Madhya Pradesh,Banker,1448900.00,2017-09-04
CUST00411,Sai Gowda,Male,1995-11-11,Shillong,Meghalaya,Consultant,735300.00,2022-06-21
CUST00412,Simran Pillai,Female,1996-06-24,Bilaspur,Chhattisgarh,Chartered Accountant,1962700.00,2016-11-02
CUST00413,Sanjay Agarwal,Male,1970-02-19,Bengaluru,Karnataka,Teacher / Professor,457900.00,2023-10-05
CUST00414,Sonal Deshmukh,Female,2002-01-11,Rajkot,Gujarat,Government Employee,976200.00,2017-12-13
CUST00415,Ritu Ghosh,Female,1998-10-20,Aurangabad,Maharashtra,Civil / Mechanical Engineer,760100.00,2020-08-08
CUST00416,Pooja Shukla,Female,1993-02-21,Prayagraj,Uttar Pradesh,Doctor,2767400.00,2022-07-24
CUST00417,Kavita Nayak,Female,1971-06-30,Gurugram,Haryana,Healthcare Worker / Nurse,817800.00,2017-09-28
CUST00418,Alok Bhat,Male,1994-04-01,Gurugram,Haryana,Civil / Mechanical Engineer,1203100.00,2023-01-03
CUST00419,Monika Reddy,Female,1983-02-24,Nashik,Maharashtra,Retired,660100.00,2018-01-16
CUST00420,Ritu Shukla,Female,1995-10-17,Jabalpur,Madhya Pradesh,Retired,326300.00,2017-07-03
CUST00421,Aadhya Hegde,Female,1998-11-05,Madurai,Tamil Nadu,Retail Trader,1321600.00,2018-09-02
CUST00422,Gaurav Sharma,Male,1980-03-20,Madurai,Tamil Nadu,Consultant,1866000.00,2023-04-18
CUST00423,Bhavna Shukla,Female,1965-10-22,Prayagraj,Uttar Pradesh,Retail Trader,574700.00,2021-02-16
CUST00424,Sunita Kulkarni,Female,2002-12-04,Noida,Uttar Pradesh,Business Owner,2395400.00,2022-02-17
CUST00425,Saanvi Pandey,Female,2002-07-30,Nagpur,Maharashtra,Healthcare Worker / Nurse,742800.00,2018-06-13
CUST00426,Harsh Rao,Male,1976-10-23,Chandigarh,Punjab,Chartered Accountant,1981000.00,2016-01-17
CUST00427,Amit Agarwal,Male,1976-07-08,Surat,Gujarat,Sales & Marketing Manager,1570700.00,2015-12-14
CUST00428,Shikha Joshi,Female,1962-12-12,Jaipur,Rajasthan,Consultant,1530100.00,2019-11-17
CUST00429,Avani Rao,Female,1985-02-18,Mumbai,Maharashtra,Retired,700400.00,2022-11-10
CUST00430,Meera Mishra,Female,1975-02-12,Coimbatore,Tamil Nadu,Doctor,2875800.00,2016-07-11
CUST00431,Sonali Gupta,Female,1994-05-08,Bengaluru,Karnataka,Sales & Marketing Manager,986000.00,2019-07-24
CUST00432,Sanjay Saikia,Male,1989-11-12,Vijayawada,Andhra Pradesh,Sales & Marketing Manager,754800.00,2016-05-06
CUST00433,Sunil Chatterjee,Male,1957-07-10,Durgapur,West Bengal,Software Engineer,987000.00,2018-09-04
CUST00434,Manoj Rao,Male,1980-12-11,Patna,Bihar,Software Engineer,1818900.00,2017-12-01
CUST00435,Priya Verma,Female,1977-11-12,Siliguri,West Bengal,Freelancer / Creator,795100.00,2016-01-23
CUST00436,Krishna Deshmukh,Male,2003-05-31,Prayagraj,Uttar Pradesh,Business Owner,957500.00,2019-06-29
CUST00437,Devendra Mukherjee,Male,1997-09-06,Jamshedpur,Jharkhand,Government Employee,1409200.00,2015-11-04
CUST00438,Arjun Iyer,Male,1961-11-16,Amritsar,Punjab,Doctor,2791200.00,2018-09-20
CUST00439,Gaurav Mehta,Male,1992-09-11,Rajkot,Gujarat,Healthcare Worker / Nurse,734700.00,2020-07-25
CUST00440,Sunil Gowda,Male,1992-01-01,Kochi,Kerala,Retired,393600.00,2018-02-20
CUST00441,Ishaan Patel,Male,1963-08-18,Shillong,Meghalaya,Business Owner,2765500.00,2020-08-05
CUST00442,Kunal Malhotra,Male,2000-05-17,Thiruvananthapuram,Kerala,Banker,678400.00,2017-03-27
CUST00443,Archana Rao,Female,1962-09-26,Noida,Uttar Pradesh,Banker,1516500.00,2019-01-10
CUST00444,Nikhil Tripathi,Male,1966-10-17,Mumbai,Maharashtra,Banker,851600.00,2015-04-17
CUST00445,Amit Verma,Male,1986-06-02,Kolkata,West Bengal,Civil / Mechanical Engineer,757400.00,2021-07-20
CUST00446,Pooja Gupta,Female,1987-07-30,Visakhapatnam,Andhra Pradesh,Government Employee,987100.00,2023-11-15
CUST00447,Aarohi Bora,Female,1988-09-10,Nagpur,Maharashtra,Teacher / Professor,1144900.00,2016-12-12
CUST00448,Sumit Mishra,Male,1955-07-09,Ahmedabad,Gujarat,Retired,595800.00,2022-11-21
CUST00449,Ritu Chauhan,Female,1993-09-16,Hyderabad,Telangana,Healthcare Worker / Nurse,892800.00,2020-07-09
CUST00450,Atharva Bhatia,Male,2001-05-16,Chandigarh,Punjab,Business Owner,2605800.00,2015-03-23
CUST00451,Aarav Pandey,Male,1964-03-19,Amritsar,Punjab,Teacher / Professor,959400.00,2023-12-31
CUST00452,Meera Mehta,Female,2002-04-17,Jamshedpur,Jharkhand,Freelancer / Creator,1125500.00,2023-09-07
CUST00453,Harsh Shukla,Male,1998-12-22,Bilaspur,Chhattisgarh,Lawyer,1291200.00,2016-02-18
CUST00454,Manish Joshi,Male,1992-11-20,Bhopal,Madhya Pradesh,Sales & Marketing Manager,1196600.00,2016-12-14
CUST00455,Payal Mohanty,Female,1963-12-31,Coimbatore,Tamil Nadu,Lawyer,1677900.00,2016-12-19
CUST00456,Ajay Mohanty,Male,1985-04-27,Chennai,Tamil Nadu,Freelancer / Creator,301600.00,2022-11-15
CUST00457,Preeti Saikia,Female,1967-06-15,Chennai,Tamil Nadu,Consultant,1143200.00,2021-11-09
CUST00458,Varun Gupta,Male,1972-04-19,Pune,Maharashtra,Freelancer / Creator,370000.00,2018-11-21
CUST00459,Pooja Ghosh,Female,1997-07-23,Bhopal,Madhya Pradesh,Freelancer / Creator,1098000.00,2020-01-04
CUST00460,Rahul Rao,Male,1959-05-28,Ahmedabad,Gujarat,Government Employee,1265700.00,2023-01-29
CUST00461,Praveen Menon,Male,1956-11-29,Bengaluru,Karnataka,Retired,507000.00,2019-04-01
CUST00462,Praveen Gupta,Male,1972-09-09,Indore,Madhya Pradesh,Retail Trader,1140200.00,2016-10-28
CUST00463,Aditya Banerjee,Male,2002-01-19,Mysuru,Karnataka,Doctor,963200.00,2016-11-27
CUST00464,Pooja Pradhan,Female,1998-09-24,Lucknow,Uttar Pradesh,Teacher / Professor,854900.00,2021-11-18
CUST00465,Kalyani Verma,Female,1975-08-01,Bengaluru,Karnataka,Consultant,2029100.00,2016-10-05
CUST00466,Rajesh Iyengar,Male,1990-12-04,Gwalior,Madhya Pradesh,Civil / Mechanical Engineer,1122000.00,2023-03-09
CUST00467,Tarun Banerjee,Male,1984-03-01,Dehradun,Uttarakhand,Software Engineer,1307200.00,2021-03-01
CUST00468,Ishita Mehta,Female,1980-06-29,Rajkot,Gujarat,Doctor,1448000.00,2022-06-04
CUST00469,Jyoti Iyer,Female,1997-06-18,Kochi,Kerala,Chartered Accountant,1848700.00,2015-12-02
CUST00470,Ayaan Chatterjee,Male,1977-11-02,Bhubaneswar,Odisha,Retired,630500.00,2016-01-09
CUST00471,Aditi Pillai,Female,1979-12-18,Surat,Gujarat,Chartered Accountant,1502400.00,2017-12-14
CUST00472,Suresh Reddy,Male,1985-09-16,Chandigarh,Punjab,Chartered Accountant,2054000.00,2022-06-26
CUST00473,Tarun Tripathi,Male,1968-12-02,Kota,Rajasthan,Consultant,1002600.00,2015-09-07
CUST00474,Archana Shetty,Female,1968-07-15,Kolkata,West Bengal,Consultant,2016600.00,2020-05-04
CUST00475,Karthik Patnaik,Male,2000-10-17,Cuttack,Odisha,Retired,558400.00,2021-05-29
CUST00476,Prerna Kulkarni,Female,1995-11-14,Chennai,Tamil Nadu,Chartered Accountant,2449900.00,2017-02-28
CUST00477,Naveen Kumar,Male,1959-11-21,Hyderabad,Telangana,Healthcare Worker / Nurse,676300.00,2021-09-03
CUST00478,Ajay Singh,Male,1997-12-15,Siliguri,West Bengal,Banker,1217700.00,2018-02-05
CUST00479,Aarav Mohanty,Male,1963-09-04,Ranchi,Jharkhand,Retail Trader,832500.00,2019-08-25
CUST00480,Varun Yadav,Male,1966-05-11,Dehradun,Uttarakhand,Consultant,1858300.00,2023-10-24
CUST00481,Akash Tripathi,Male,1977-02-16,Nagpur,Maharashtra,Lawyer,1471200.00,2021-10-30
CUST00482,Atharva Das,Male,1978-04-19,Shillong,Meghalaya,Consultant,1705300.00,2019-07-04
CUST00483,Rajesh Mohanty,Male,1988-06-05,Durg,Chhattisgarh,Sales & Marketing Manager,1509000.00,2019-03-06
CUST00484,Anand Chatterjee,Male,1985-10-23,Gwalior,Madhya Pradesh,Lawyer,696400.00,2017-07-22
CUST00485,Vijay Menon,Male,1983-02-14,Ujjain,Madhya Pradesh,Banker,1286500.00,2016-01-01
CUST00486,Rahul Shetty,Male,1955-10-26,Kota,Rajasthan,Civil / Mechanical Engineer,1267200.00,2015-08-19
CUST00487,Shaurya Singh,Male,1983-10-15,Vadodara,Gujarat,Chartered Accountant,2104900.00,2020-11-17
CUST00488,Aanya Pillai,Female,1991-03-21,Chandigarh,Punjab,Business Owner,615700.00,2015-07-27
CUST00489,Kalyani Iyer,Female,1985-12-25,Aurangabad,Maharashtra,Civil / Mechanical Engineer,796900.00,2016-05-22
CUST00490,Sunita Shukla,Female,1971-08-31,Panaji,Goa,Chartered Accountant,2428900.00,2020-04-27
CUST00491,Rashmi Tripathi,Female,1993-02-19,Durg,Chhattisgarh,Healthcare Worker / Nurse,713300.00,2018-03-13
CUST00492,Vihaan Nair,Male,1967-03-14,Coimbatore,Tamil Nadu,Lawyer,950200.00,2017-04-26
CUST00493,Venkatesh Bansal,Male,2001-07-17,New Delhi,Delhi,Sales & Marketing Manager,1498200.00,2022-04-05
CUST00494,Aarav Reddy,Male,1986-08-24,Vijayawada,Andhra Pradesh,Freelancer / Creator,1170300.00,2022-03-17
CUST00495,Praveen Tripathi,Male,1974-02-22,Kochi,Kerala,Sales & Marketing Manager,797500.00,2020-11-02
CUST00496,Preeti Yadav,Female,1997-06-28,Patna,Bihar,Lawyer,2433000.00,2019-03-13
CUST00497,Sachin Patil,Male,1985-01-30,Jabalpur,Madhya Pradesh,Doctor,1859800.00,2018-10-09
CUST00498,Nisha Mishra,Female,1986-02-18,Indore,Madhya Pradesh,Freelancer / Creator,1157000.00,2022-04-22
CUST00499,Ishaan Agarwal,Male,1988-06-01,Durgapur,West Bengal,Banker,1358700.00,2022-08-20
CUST00500,Vivaan Mukherjee,Male,1972-01-31,Mysuru,Karnataka,Retired,509300.00,2019-05-10
CUST00501,Sonali Patnaik,Female,1967-03-26,Pune,Maharashtra,Freelancer / Creator,942000.00,2022-09-12
CUST00502,Pranav Saha,Male,1980-10-15,Vijayawada,Andhra Pradesh,Healthcare Worker / Nurse,402000.00,2022-05-17
CUST00503,Priya Banerjee,Female,1996-11-02,Amritsar,Punjab,Freelancer / Creator,532800.00,2021-04-08
CUST00504,Priya Dutta,Female,1981-07-31,Lucknow,Uttar Pradesh,Business Owner,1743500.00,2023-05-07
CUST00505,Monika Pandey,Female,1980-02-18,Jamshedpur,Jharkhand,Government Employee,910100.00,2016-04-27
CUST00506,Devendra Yadav,Male,1965-08-18,Jaipur,Rajasthan,Sales & Marketing Manager,1472800.00,2020-08-11
CUST00507,Sunil Bhat,Male,1970-01-30,Nashik,Maharashtra,Software Engineer,2167500.00,2016-09-09
CUST00508,Rohan Pandey,Male,1976-09-13,Aurangabad,Maharashtra,Chartered Accountant,1269500.00,2023-01-10
CUST00509,Sai Bhatia,Male,1981-08-12,Chennai,Tamil Nadu,Teacher / Professor,889300.00,2015-01-20
CUST00510,Rahul Bora,Male,1992-09-09,Kota,Rajasthan,Chartered Accountant,1581200.00,2023-07-25
CUST00511,Avani Pawar,Female,1975-08-11,Rajkot,Gujarat,Banker,1057700.00,2020-05-09
CUST00512,Aditya Saxena,Male,1990-12-22,New Delhi,Delhi,Retired,461100.00,2020-12-15
CUST00513,Sunil Sharma,Male,1963-02-24,Coimbatore,Tamil Nadu,Freelancer / Creator,1089300.00,2018-07-02
CUST00514,Praveen Bansal,Male,1966-01-26,Bengaluru,Karnataka,Doctor,2612500.00,2018-05-06
CUST00515,Bhavna Pradhan,Female,1969-08-30,Ranchi,Jharkhand,Teacher / Professor,718600.00,2022-09-14
CUST00516,Swati Bhatia,Female,1981-03-27,Bengaluru,Karnataka,Retired,759100.00,2019-07-11
CUST00517,Amit Pradhan,Male,1995-03-15,Ujjain,Madhya Pradesh,Software Engineer,1661400.00,2016-11-23
CUST00518,Manoj Mukherjee,Male,2000-12-21,Bhopal,Madhya Pradesh,Government Employee,1248400.00,2021-12-27
CUST00519,Vihaan Saha,Male,1996-08-01,Noida,Uttar Pradesh,Software Engineer,1841500.00,2019-09-04
CUST00520,Ayaan Srivastava,Male,1986-11-01,Gwalior,Madhya Pradesh,Chartered Accountant,1069900.00,2022-09-09
CUST00521,Tanvi Shetty,Female,1961-05-11,Raipur,Chhattisgarh,Civil / Mechanical Engineer,670000.00,2021-10-16
CUST00522,Monika Gupta,Female,1970-08-19,Kanpur,Uttar Pradesh,Government Employee,525400.00,2016-03-11
CUST00523,Sachin Iyer,Male,1986-10-07,Hyderabad,Telangana,Teacher / Professor,947900.00,2018-04-24
CUST00524,Kunal Bhatia,Male,1989-07-14,Kolkata,West Bengal,Teacher / Professor,549300.00,2015-02-22
CUST00525,Riya Chauhan,Female,1960-10-22,Agra,Uttar Pradesh,Doctor,2515000.00,2015-11-04
CUST00526,Diya Choudhury,Female,1962-03-05,Aurangabad,Maharashtra,Government Employee,690500.00,2015-07-25
CUST00527,Atharva Patel,Male,1984-12-29,Jabalpur,Madhya Pradesh,Teacher / Professor,712100.00,2016-04-19
CUST00528,Hemant Patel,Male,2003-04-22,Raipur,Chhattisgarh,Lawyer,841000.00,2019-01-04
CUST00529,Prerna Das,Female,1957-05-15,Surat,Gujarat,Healthcare Worker / Nurse,505600.00,2016-04-11
CUST00530,Gaurav Das,Male,1978-07-13,Kolkata,West Bengal,Retail Trader,835000.00,2023-12-09
CUST00531,Krishna Mohanty,Male,1957-06-01,Bengaluru,Karnataka,Doctor,1715300.00,2021-08-16
CUST00532,Varun Dutta,Male,1975-03-31,Shillong,Meghalaya,Banker,1512900.00,2021-11-09
CUST00533,Sunil Pradhan,Male,1994-10-27,Bhubaneswar,Odisha,Doctor,2752700.00,2019-12-11
CUST00534,Suresh Mukherjee,Male,1983-06-25,Bilaspur,Chhattisgarh,Healthcare Worker / Nurse,706800.00,2023-08-10
CUST00535,Sonal Chauhan,Female,1988-07-24,Pune,Maharashtra,Civil / Mechanical Engineer,923100.00,2022-11-09
CUST00536,Meenakshi Saha,Female,1957-02-24,Kolkata,West Bengal,Teacher / Professor,914200.00,2022-03-12
CUST00537,Kunal Pawar,Male,2000-06-25,Indore,Madhya Pradesh,Retired,378500.00,2020-04-06
CUST00538,Pooja Singh,Female,1972-01-18,Visakhapatnam,Andhra Pradesh,Teacher / Professor,1174600.00,2015-07-26
CUST00539,Kunal Mukherjee,Male,1978-12-07,Visakhapatnam,Andhra Pradesh,Doctor,1810000.00,2023-12-26
CUST00540,Sai Bhatia,Male,1975-01-21,Kanpur,Uttar Pradesh,Sales & Marketing Manager,1307000.00,2015-03-14
CUST00541,Venkatesh Patel,Male,1967-09-23,New Delhi,Delhi,Healthcare Worker / Nurse,354500.00,2021-10-10
CUST00542,Nisha Chatterjee,Female,1970-09-17,Kochi,Kerala,Lawyer,1842900.00,2018-10-28
CUST00543,Vihaan Reddy,Male,1974-01-13,Siliguri,West Bengal,Retail Trader,1062700.00,2020-04-21
CUST00544,Divya Patnaik,Female,1975-05-04,Dehradun,Uttarakhand,Retail Trader,1107700.00,2015-01-09
CUST00545,Devendra Banerjee,Male,1967-10-07,Surat,Gujarat,Freelancer / Creator,395700.00,2016-11-03
CUST00546,Manoj Nayak,Male,1956-12-04,Dehradun,Uttarakhand,Government Employee,1071900.00,2017-02-07
CUST00547,Karthik Iyengar,Male,1974-03-26,Bilaspur,Chhattisgarh,Teacher / Professor,441600.00,2019-08-25
CUST00548,Devendra Dutta,Male,1966-04-29,Prayagraj,Uttar Pradesh,Retired,525300.00,2022-05-21
CUST00549,Shikha Joshi,Female,1972-06-28,Ranchi,Jharkhand,Freelancer / Creator,343700.00,2019-11-08
CUST00550,Jyoti Bansal,Female,1991-07-12,Jamshedpur,Jharkhand,Chartered Accountant,2014900.00,2016-06-09
CUST00551,Tarun Patil,Male,1965-01-18,Patna,Bihar,Retired,492300.00,2021-10-30
CUST00552,Richa Rao,Female,1985-12-10,Pune,Maharashtra,Government Employee,898100.00,2016-06-30
CUST00553,Sachin Mohanty,Male,1955-10-12,Vijayawada,Andhra Pradesh,Healthcare Worker / Nurse,720900.00,2018-07-09
CUST00554,Payal Ghosh,Female,1990-03-21,Kochi,Kerala,Consultant,1757300.00,2022-09-13
CUST00555,Sunil Joshi,Male,1957-08-03,Chennai,Tamil Nadu,Civil / Mechanical Engineer,942500.00,2022-02-21
CUST00556,Ayaan Bora,Male,1980-09-17,Kolkata,West Bengal,Consultant,1534500.00,2022-06-25
CUST00557,Shilpa Nayak,Female,1969-02-05,Rajkot,Gujarat,Retail Trader,364700.00,2016-03-12
CUST00558,Ishaan Mehta,Male,1961-06-03,Hyderabad,Telangana,Government Employee,1225200.00,2016-10-21
CUST00559,Shilpa Choudhury,Female,1994-05-31,Gwalior,Madhya Pradesh,Retail Trader,689400.00,2023-06-14
CUST00560,Sanjay Menon,Male,1996-08-20,Jabalpur,Madhya Pradesh,Freelancer / Creator,805700.00,2017-07-07
CUST00561,Payal Bhat,Female,1987-10-13,Gwalior,Madhya Pradesh,Government Employee,1162200.00,2015-07-12
CUST00562,Aditi Shetty,Female,1960-01-22,Siliguri,West Bengal,Software Engineer,623300.00,2017-10-26
CUST00563,Ashish Menon,Male,1988-08-11,Bilaspur,Chhattisgarh,Freelancer / Creator,882900.00,2023-06-20
CUST00564,Simran Patil,Female,1991-03-24,Madurai,Tamil Nadu,Sales & Marketing Manager,654000.00,2022-08-28
CUST00565,Atharva Nayak,Male,1971-05-01,Nagpur,Maharashtra,Software Engineer,1371300.00,2021-03-29
CUST00566,Shaurya Yadav,Male,1987-06-29,Pune,Maharashtra,Sales & Marketing Manager,1266100.00,2016-09-26
CUST00567,Manish Patil,Male,1999-08-15,Shillong,Meghalaya,Healthcare Worker / Nurse,697100.00,2020-07-02
CUST00568,Payal Tripathi,Female,1999-01-20,Ranchi,Jharkhand,Business Owner,3849500.00,2020-11-02
CUST00569,Mayank Nair,Male,1976-09-26,Guwahati,Assam,Banker,619500.00,2017-06-25
CUST00570,Vandana Pandey,Female,1981-12-29,Madurai,Tamil Nadu,Business Owner,3826100.00,2021-12-07
CUST00571,Kunal Bora,Male,1962-06-27,Kanpur,Uttar Pradesh,Lawyer,1192000.00,2017-09-11
CUST00572,Prerna Pawar,Female,1988-06-10,Jabalpur,Madhya Pradesh,Retired,460500.00,2023-12-06
CUST00573,Aditi Choudhury,Female,1969-02-07,Noida,Uttar Pradesh,Retired,558400.00,2023-08-22
CUST00574,Mayank Menon,Male,1972-06-08,Madurai,Tamil Nadu,Retired,625800.00,2018-08-05
CUST00575,Reyansh Nair,Male,1968-10-01,New Delhi,Delhi,Lawyer,630900.00,2022-07-08
CUST00576,Anjali Dutta,Female,1976-05-08,Kochi,Kerala,Civil / Mechanical Engineer,1228700.00,2023-04-25
CUST00577,Pallavi Singh,Female,1955-07-15,Agra,Uttar Pradesh,Software Engineer,1426600.00,2018-09-20
CUST00578,Arjun Mehta,Male,1992-02-23,Siliguri,West Bengal,Doctor,2064900.00,2017-07-21
CUST00579,Monika Bhat,Female,1974-08-13,Vadodara,Gujarat,Banker,911300.00,2019-05-15
CUST00580,Nandini Sharma,Female,1961-08-19,Jaipur,Rajasthan,Retail Trader,1207800.00,2015-07-06
CUST00581,Ananya Tripathi,Female,1971-05-08,Madurai,Tamil Nadu,Retail Trader,1138800.00,2021-10-20
CUST00582,Hemant Menon,Male,1978-12-11,Raipur,Chhattisgarh,Software Engineer,1453200.00,2020-12-25
CUST00583,Vijay Hegde,Male,1969-01-31,Bhopal,Madhya Pradesh,Chartered Accountant,1236500.00,2023-12-01
CUST00584,Pallavi Shukla,Female,2002-09-21,Siliguri,West Bengal,Chartered Accountant,921800.00,2015-01-21
CUST00585,Karthik Saxena,Male,1968-05-18,Vijayawada,Andhra Pradesh,Business Owner,3119000.00,2023-02-21
CUST00586,Venkatesh Mukherjee,Male,1971-04-20,Bengaluru,Karnataka,Chartered Accountant,1097400.00,2017-11-01
CUST00587,Atharva Saha,Male,1967-06-04,Kota,Rajasthan,Retired,795000.00,2021-02-26
CUST00588,Kunal Singh,Male,1984-07-23,Jaipur,Rajasthan,Government Employee,508000.00,2023-02-20
CUST00589,Swati Tripathi,Female,1994-07-23,Indore,Madhya Pradesh,Business Owner,850200.00,2021-12-12
CUST00590,Rohan Mishra,Male,1971-11-13,Pune,Maharashtra,Consultant,1672100.00,2022-10-11
CUST00591,Ritu Chauhan,Female,1980-01-21,Rajkot,Gujarat,Chartered Accountant,708700.00,2017-10-05
CUST00592,Kalyani Nayak,Female,1961-11-20,Thiruvananthapuram,Kerala,Healthcare Worker / Nurse,515700.00,2022-08-15
CUST00593,Jyoti Kapoor,Female,1974-12-30,Prayagraj,Uttar Pradesh,Government Employee,935700.00,2016-03-21
CUST00594,Sachin Kumar,Male,1986-04-21,Guwahati,Assam,Business Owner,1421300.00,2022-01-10
CUST00595,Arjun Verma,Male,1970-08-12,Noida,Uttar Pradesh,Healthcare Worker / Nurse,649100.00,2019-07-18
CUST00596,Anjali Patel,Female,1968-02-18,Guwahati,Assam,Retired,799400.00,2020-04-17
CUST00597,Ishita Shukla,Female,1978-03-09,Prayagraj,Uttar Pradesh,Consultant,1786500.00,2018-04-06
CUST00598,Mayank Bansal,Male,1997-12-10,Surat,Gujarat,Civil / Mechanical Engineer,410600.00,2017-09-05
CUST00599,Prerna Dutta,Female,1992-10-11,Amritsar,Punjab,Sales & Marketing Manager,633100.00,2021-05-08
CUST00600,Vandana Kulkarni,Female,1955-10-27,Ahmedabad,Gujarat,Software Engineer,993900.00,2020-06-20
CUST00601,Suresh Shukla,Male,1989-06-10,Raipur,Chhattisgarh,Business Owner,2312600.00,2023-11-16
CUST00602,Pranav Kapoor,Male,2001-06-11,Indore,Madhya Pradesh,Teacher / Professor,437700.00,2020-11-05
CUST00603,Shreya Nayak,Female,1986-09-08,Guwahati,Assam,Consultant,919500.00,2022-05-01
CUST00604,Sumit Mukherjee,Male,1998-10-10,Mysuru,Karnataka,Banker,1764500.00,2017-07-01
CUST00605,Sanjay Tripathi,Male,1971-10-28,Durgapur,West Bengal,Software Engineer,1503300.00,2016-07-23
CUST00606,Amit Singh,Male,1970-08-06,Thiruvananthapuram,Kerala,Business Owner,1025800.00,2016-10-06
CUST00607,Manoj Deshmukh,Male,1961-03-06,Nashik,Maharashtra,Retail Trader,729800.00,2016-04-09
CUST00608,Pranav Malhotra,Male,1989-09-02,Bengaluru,Karnataka,Lawyer,2166700.00,2015-04-02
CUST00609,Krishna Chauhan,Male,1966-04-10,Amritsar,Punjab,Lawyer,1525300.00,2021-06-02
CUST00610,Shaurya Choudhury,Male,1991-10-10,Vadodara,Gujarat,Consultant,2152300.00,2022-02-24
CUST00611,Ajay Pradhan,Male,1961-02-06,Lucknow,Uttar Pradesh,Business Owner,2072200.00,2020-04-14
CUST00612,Pooja Reddy,Female,1976-08-28,Agra,Uttar Pradesh,Retail Trader,1020000.00,2023-08-10
CUST00613,Tarun Bansal,Male,1987-04-07,Ujjain,Madhya Pradesh,Lawyer,1185300.00,2020-02-01
CUST00614,Ananya Reddy,Female,1978-12-16,Amritsar,Punjab,Doctor,836400.00,2020-11-11
CUST00615,Shikha Dutta,Female,1977-04-16,Durgapur,West Bengal,Doctor,1190300.00,2021-11-23
CUST00616,Nandini Bansal,Female,1996-05-14,Kolkata,West Bengal,Lawyer,760700.00,2021-10-07
CUST00617,Aarav Saikia,Male,1959-08-03,Rajkot,Gujarat,Civil / Mechanical Engineer,820700.00,2015-06-27
CUST00618,Meenakshi Reddy,Female,1972-12-18,Ahmedabad,Gujarat,Consultant,1897200.00,2023-07-17
CUST00619,Ritu Gupta,Female,1976-04-23,Mysuru,Karnataka,Sales & Marketing Manager,1330700.00,2015-12-10
CUST00620,Akash Shetty,Male,1987-03-27,New Delhi,Delhi,Freelancer / Creator,969300.00,2015-01-30
CUST00621,Ayaan Agarwal,Male,2002-12-21,Indore,Madhya Pradesh,Business Owner,2907200.00,2018-07-17
CUST00622,Reyansh Kulkarni,Male,1975-08-02,Jamshedpur,Jharkhand,Government Employee,687400.00,2021-01-04
CUST00623,Alok Pawar,Male,1985-07-18,Vadodara,Gujarat,Retail Trader,584200.00,2021-03-11
CUST00624,Jyoti Pillai,Female,1979-09-18,Siliguri,West Bengal,Sales & Marketing Manager,741800.00,2018-06-10
CUST00625,Ashish Patnaik,Male,1978-04-22,Raipur,Chhattisgarh,Doctor,2445200.00,2020-01-04
CUST00626,Pooja Gupta,Female,1989-10-14,Vadodara,Gujarat,Retail Trader,739200.00,2021-03-05
CUST00627,Shilpa Patnaik,Female,2000-04-09,Nagpur,Maharashtra,Lawyer,510600.00,2016-01-09
CUST00628,Jyoti Patil,Female,1976-05-16,Jaipur,Rajasthan,Government Employee,643900.00,2015-11-24
CUST00629,Sonal Bhat,Female,1977-08-21,Indore,Madhya Pradesh,Civil / Mechanical Engineer,686500.00,2021-09-13
CUST00630,Ashish Pillai,Male,1962-10-21,Panaji,Goa,Software Engineer,963100.00,2022-05-14
CUST00631,Archana Banerjee,Female,1991-06-14,Durgapur,West Bengal,Civil / Mechanical Engineer,915800.00,2017-08-06
CUST00632,Shilpa Patel,Female,1980-02-29,Indore,Madhya Pradesh,Software Engineer,2356200.00,2015-12-22
CUST00633,Aarti Hegde,Female,1980-07-24,Vadodara,Gujarat,Banker,1261900.00,2020-10-21
CUST00634,Manoj Singh,Male,1997-09-23,Madurai,Tamil Nadu,Freelancer / Creator,1046800.00,2021-07-15
CUST00635,Ramesh Reddy,Male,1965-03-24,Aurangabad,Maharashtra,Retired,502000.00,2015-01-20
CUST00636,Venkatesh Bansal,Male,1996-09-18,Jaipur,Rajasthan,Civil / Mechanical Engineer,694300.00,2016-04-24
CUST00637,Deepika Saxena,Female,1967-02-23,Gwalior,Madhya Pradesh,Sales & Marketing Manager,1561000.00,2021-04-25
CUST00638,Vikram Bora,Male,1981-11-09,Jabalpur,Madhya Pradesh,Sales & Marketing Manager,1481000.00,2015-04-23
CUST00639,Suresh Singh,Male,1978-08-11,Coimbatore,Tamil Nadu,Lawyer,1902400.00,2023-12-22
CUST00640,Sanjay Agarwal,Male,1969-06-27,Gwalior,Madhya Pradesh,Healthcare Worker / Nurse,458000.00,2018-03-22
CUST00641,Sunil Nayak,Male,1982-05-24,Siliguri,West Bengal,Retired,389200.00,2018-07-09
CUST00642,Varun Das,Male,1991-07-17,Hyderabad,Telangana,Sales & Marketing Manager,1297700.00,2017-08-19
CUST00643,Deepika Iyengar,Female,1989-03-20,Visakhapatnam,Andhra Pradesh,Healthcare Worker / Nurse,671200.00,2016-09-30
CUST00644,Riya Kumar,Female,1959-07-27,Bhubaneswar,Odisha,Consultant,660300.00,2021-01-26
CUST00645,Jyoti Shukla,Female,1964-01-21,Bhubaneswar,Odisha,Retired,792700.00,2021-06-11
CUST00646,Komal Pillai,Female,1971-02-08,Vadodara,Gujarat,Business Owner,3125600.00,2016-06-09
CUST00647,Naveen Malhotra,Male,1969-06-15,Patna,Bihar,Teacher / Professor,684700.00,2022-09-12
CUST00648,Bhavna Deshmukh,Female,1958-10-09,Aurangabad,Maharashtra,Teacher / Professor,935800.00,2015-02-18
CUST00649,Aditi Yadav,Female,1997-01-16,Surat,Gujarat,Consultant,1985900.00,2017-02-05
CUST00650,Vikram Das,Male,1972-08-22,Pune,Maharashtra,Teacher / Professor,506300.00,2019-10-03
CUST00651,Dinesh Bora,Male,1979-12-27,Vadodara,Gujarat,Government Employee,895800.00,2021-05-29
CUST00652,Varun Dutta,Male,1989-05-11,Ujjain,Madhya Pradesh,Government Employee,1284500.00,2021-03-24
CUST00653,Praveen Iyer,Male,1994-04-16,Kolkata,West Bengal,Retail Trader,361200.00,2019-09-23
CUST00654,Devendra Agarwal,Male,1969-01-21,Bhubaneswar,Odisha,Government Employee,676100.00,2021-05-14
CUST00655,Reyansh Mohanty,Male,1993-06-01,Kochi,Kerala,Healthcare Worker / Nurse,452600.00,2022-01-23
CUST00656,Vijay Pandey,Male,1986-12-29,Surat,Gujarat,Civil / Mechanical Engineer,957500.00,2017-11-21
CUST00657,Venkatesh Deshmukh,Male,1980-07-19,Durgapur,West Bengal,Business Owner,2519000.00,2022-04-15
CUST00658,Priya Saikia,Female,1985-01-01,Mumbai,Maharashtra,Lawyer,1520900.00,2023-09-09
CUST00659,Pari Bhat,Female,1964-02-05,Aurangabad,Maharashtra,Lawyer,2413200.00,2016-11-17
CUST00660,Swati Shetty,Female,1962-08-22,Cuttack,Odisha,Banker,1603600.00,2015-10-20
CUST00661,Rajesh Reddy,Male,1983-01-20,Indore,Madhya Pradesh,Government Employee,1181500.00,2021-10-15
CUST00662,Shreya Menon,Female,1979-09-04,Ranchi,Jharkhand,Sales & Marketing Manager,926100.00,2017-01-23
CUST00663,Avani Pradhan,Female,1987-07-28,Mysuru,Karnataka,Freelancer / Creator,930600.00,2015-11-24
CUST00664,Karthik Gupta,Male,1997-05-30,Kolkata,West Bengal,Civil / Mechanical Engineer,453800.00,2023-08-24
CUST00665,Hemant Kumar,Male,1997-02-17,Shillong,Meghalaya,Chartered Accountant,851800.00,2019-05-16
CUST00666,Vikram Nayak,Male,1984-11-17,Bhopal,Madhya Pradesh,Chartered Accountant,936300.00,2016-11-29
CUST00667,Tarun Tripathi,Male,1982-10-31,Aurangabad,Maharashtra,Healthcare Worker / Nurse,624400.00,2018-01-20
CUST00668,Krishna Mohanty,Male,1969-04-02,Jamshedpur,Jharkhand,Consultant,1357600.00,2023-05-26
CUST00669,Ritu Gowda,Female,1969-08-08,Bhopal,Madhya Pradesh,Civil / Mechanical Engineer,709700.00,2018-11-23
CUST00670,Amit Kumar,Male,1975-01-25,Surat,Gujarat,Banker,837700.00,2018-05-28
CUST00671,Harsh Bora,Male,1995-01-06,Madurai,Tamil Nadu,Sales & Marketing Manager,1065400.00,2022-09-18
CUST00672,Richa Malhotra,Female,1984-06-26,Prayagraj,Uttar Pradesh,Banker,1537400.00,2021-09-11
CUST00673,Aarav Srivastava,Male,1980-03-26,Nashik,Maharashtra,Retired,580300.00,2019-06-05
CUST00674,Manoj Nayak,Male,1961-12-14,Nagpur,Maharashtra,Business Owner,1420400.00,2019-09-26
CUST00675,Archana Bora,Female,1963-07-11,Jabalpur,Madhya Pradesh,Government Employee,713100.00,2023-05-02
CUST00676,Ramesh Shetty,Male,1991-05-27,Chennai,Tamil Nadu,Chartered Accountant,1221300.00,2022-02-21
CUST00677,Abhishek Das,Male,1958-08-17,Bhubaneswar,Odisha,Business Owner,1622300.00,2016-09-15
CUST00678,Akash Verma,Male,1992-05-09,Madurai,Tamil Nadu,Government Employee,537500.00,2019-12-01
CUST00679,Kavita Kumar,Female,1994-06-24,Bhubaneswar,Odisha,Business Owner,1696700.00,2018-06-30
CUST00680,Komal Shukla,Female,1973-07-10,Gurugram,Haryana,Teacher / Professor,418200.00,2023-06-02
CUST00681,Aarohi Das,Female,1978-05-26,Guwahati,Assam,Sales & Marketing Manager,658800.00,2017-10-21
CUST00682,Saanvi Deshmukh,Female,1958-02-24,Nagpur,Maharashtra,Retail Trader,1471200.00,2017-10-09
CUST00683,Aadhya Iyer,Female,1974-05-14,Ranchi,Jharkhand,Lawyer,2464200.00,2020-04-20
CUST00684,Anand Mishra,Male,1992-08-13,Ujjain,Madhya Pradesh,Software Engineer,1940500.00,2021-03-01
CUST00685,Suresh Malhotra,Male,1963-01-30,Hyderabad,Telangana,Teacher / Professor,1104400.00,2022-06-23
CUST00686,Ayaan Rao,Male,1962-11-21,Mumbai,Maharashtra,Software Engineer,901200.00,2018-02-04
CUST00687,Preeti Rao,Female,2003-06-10,Jamshedpur,Jharkhand,Retail Trader,1144400.00,2022-09-20
CUST00688,Divya Saikia,Female,1998-02-24,Bengaluru,Karnataka,Sales & Marketing Manager,555100.00,2021-12-08
CUST00689,Hemant Ghosh,Male,2000-05-31,Ahmedabad,Gujarat,Lawyer,807800.00,2021-01-05
CUST00690,Avani Bhatia,Female,1989-01-20,Siliguri,West Bengal,Retail Trader,1091300.00,2018-11-23
CUST00691,Lakshmi Pradhan,Female,1991-06-21,Gwalior,Madhya Pradesh,Banker,965600.00,2016-07-05
CUST00692,Aditya Bhatia,Male,1957-11-19,Siliguri,West Bengal,Government Employee,997000.00,2020-06-30
CUST00693,Atharva Saxena,Male,1981-01-17,Ujjain,Madhya Pradesh,Sales & Marketing Manager,766600.00,2021-09-18
CUST00694,Payal Nair,Female,1998-10-03,Agra,Uttar Pradesh,Sales & Marketing Manager,790000.00,2017-12-14
CUST00695,Gaurav Sharma,Male,1962-10-15,Nagpur,Maharashtra,Freelancer / Creator,467000.00,2015-03-18
CUST00696,Divya Saikia,Female,1964-02-29,Mumbai,Maharashtra,Freelancer / Creator,357000.00,2021-01-16
CUST00697,Neha Agarwal,Female,1959-10-20,Prayagraj,Uttar Pradesh,Civil / Mechanical Engineer,554100.00,2018-03-05
CUST00698,Pankaj Mishra,Male,1996-05-12,Ranchi,Jharkhand,Lawyer,633400.00,2016-06-15
CUST00699,Aditya Iyer,Male,1996-10-26,Hyderabad,Telangana,Doctor,870000.00,2022-03-13
CUST00700,Vandana Bhatia,Female,1969-08-16,Gwalior,Madhya Pradesh,Consultant,1046700.00,2019-02-09
CUST00701,Manoj Singh,Male,2003-03-17,Indore,Madhya Pradesh,Sales & Marketing Manager,1517700.00,2015-11-24
CUST00702,Devendra Mehta,Male,1979-09-19,Durg,Chhattisgarh,Retired,508000.00,2019-02-20
CUST00703,Aarohi Pawar,Female,1985-10-04,Gurugram,Haryana,Freelancer / Creator,363300.00,2018-05-29
CUST00704,Rahul Agarwal,Male,1997-05-11,Ujjain,Madhya Pradesh,Business Owner,2360800.00,2017-02-15
CUST00705,Tarun Rao,Male,1966-08-15,Chennai,Tamil Nadu,Civil / Mechanical Engineer,1149200.00,2019-08-28
CUST00706,Aarti Ghosh,Female,1966-12-30,Jabalpur,Madhya Pradesh,Sales & Marketing Manager,1257900.00,2019-10-16
CUST00707,Pooja Pillai,Female,1967-12-08,Patna,Bihar,Teacher / Professor,908900.00,2020-12-26
CUST00708,Lakshmi Tripathi,Female,1982-09-23,Mumbai,Maharashtra,Healthcare Worker / Nurse,523000.00,2023-07-28
CUST00709,Sonal Mishra,Female,1965-02-28,Cuttack,Odisha,Civil / Mechanical Engineer,613900.00,2023-08-03
CUST00710,Vijay Choudhury,Male,1979-11-12,Panaji,Goa,Banker,500300.00,2015-05-22
CUST00711,Garima Verma,Female,1970-04-23,Vijayawada,Andhra Pradesh,Software Engineer,1140600.00,2017-06-27
CUST00712,Manish Verma,Male,1959-02-10,Siliguri,West Bengal,Civil / Mechanical Engineer,956300.00,2021-05-30
CUST00713,Aditya Kapoor,Male,1981-04-13,Amritsar,Punjab,Government Employee,803800.00,2021-07-12
CUST00714,Suresh Chatterjee,Male,1997-09-12,Vadodara,Gujarat,Consultant,2072700.00,2023-03-27
CUST00715,Manish Malhotra,Male,1991-10-25,Gwalior,Madhya Pradesh,Freelancer / Creator,818600.00,2016-01-26
CUST00716,Tanvi Patel,Female,1956-09-09,Nagpur,Maharashtra,Doctor,2516300.00,2023-08-24
CUST00717,Naveen Shetty,Male,1996-03-06,Durg,Chhattisgarh,Lawyer,2199000.00,2015-02-16
CUST00718,Nisha Bhat,Female,2000-01-26,Ranchi,Jharkhand,Software Engineer,1174800.00,2021-05-02
CUST00719,Mayank Mohanty,Male,1989-04-14,Chandigarh,Punjab,Lawyer,1963200.00,2019-05-29
CUST00720,Richa Patil,Female,1966-10-16,Lucknow,Uttar Pradesh,Business Owner,2011800.00,2023-10-26
CUST00721,Krishna Pandey,Male,1997-10-31,Cuttack,Odisha,Freelancer / Creator,344400.00,2019-06-24
CUST00722,Karthik Bansal,Male,1975-07-09,Amritsar,Punjab,Retail Trader,505100.00,2021-04-09
CUST00723,Karthik Mukherjee,Male,1967-03-23,Siliguri,West Bengal,Consultant,2195500.00,2020-11-17
CUST00724,Arjun Das,Male,1976-01-17,Jabalpur,Madhya Pradesh,Retired,588000.00,2016-04-05
CUST00725,Meenakshi Shukla,Female,1981-03-26,Mumbai,Maharashtra,Teacher / Professor,854800.00,2015-04-10
CUST00726,Pooja Tripathi,Female,1963-11-17,Shillong,Meghalaya,Chartered Accountant,1492800.00,2017-08-14
CUST00727,Alok Kulkarni,Male,1957-05-19,Kanpur,Uttar Pradesh,Freelancer / Creator,349100.00,2021-12-18
CUST00728,Sneha Sharma,Female,1981-07-11,Kanpur,Uttar Pradesh,Government Employee,895100.00,2015-04-04
CUST00729,Vijay Saxena,Male,1990-03-19,Guwahati,Assam,Civil / Mechanical Engineer,1150400.00,2021-02-25
CUST00730,Ajay Kulkarni,Male,1958-07-09,Raipur,Chhattisgarh,Software Engineer,1277900.00,2022-06-10
CUST00731,Suresh Nair,Male,2000-02-06,Hyderabad,Telangana,Retail Trader,1151000.00,2018-01-16
CUST00732,Pankaj Sharma,Male,1998-12-15,Raipur,Chhattisgarh,Government Employee,1129300.00,2022-05-27
CUST00733,Reyansh Verma,Male,1984-08-03,Nagpur,Maharashtra,Business Owner,3929300.00,2020-09-13
CUST00734,Diya Mishra,Female,1971-08-30,Guwahati,Assam,Doctor,1210100.00,2020-08-12
CUST00735,Payal Patnaik,Female,2002-06-11,Visakhapatnam,Andhra Pradesh,Retired,564700.00,2018-09-28
CUST00736,Vijay Nair,Male,2002-01-05,Jabalpur,Madhya Pradesh,Teacher / Professor,652100.00,2018-05-23
CUST00737,Mayank Das,Male,1999-08-15,Mysuru,Karnataka,Retired,493600.00,2015-05-01
CUST00738,Shreya Reddy,Female,1994-01-08,Vadodara,Gujarat,Lawyer,774500.00,2023-03-09
CUST00739,Sunil Pawar,Male,1962-07-15,Coimbatore,Tamil Nadu,Banker,812500.00,2016-09-17
CUST00740,Anand Patil,Male,1981-11-14,Guwahati,Assam,Chartered Accountant,1072200.00,2016-07-21
CUST00741,Shilpa Iyer,Female,1995-01-24,Gwalior,Madhya Pradesh,Freelancer / Creator,1108800.00,2016-07-07
CUST00742,Ashish Kulkarni,Male,1961-09-15,Bengaluru,Karnataka,Teacher / Professor,407600.00,2020-12-23
CUST00743,Riya Pillai,Female,1983-04-18,Ujjain,Madhya Pradesh,Software Engineer,1977800.00,2019-08-23
CUST00744,Tanvi Menon,Female,1955-08-09,Durg,Chhattisgarh,Government Employee,567200.00,2017-02-08
CUST00745,Atharva Verma,Male,1963-08-20,Thiruvananthapuram,Kerala,Consultant,1528900.00,2017-08-03
CUST00746,Kavita Dutta,Female,2001-12-30,Lucknow,Uttar Pradesh,Freelancer / Creator,1001800.00,2016-07-03
CUST00747,Sachin Malhotra,Male,1957-08-03,Surat,Gujarat,Chartered Accountant,2233800.00,2020-07-05
CUST00748,Shaurya Iyer,Male,1989-06-15,Nashik,Maharashtra,Retail Trader,1464100.00,2018-01-10
CUST00749,Kavita Nayak,Female,1961-03-20,Kota,Rajasthan,Business Owner,731500.00,2019-12-05
CUST00750,Komal Mohanty,Female,1982-11-09,Visakhapatnam,Andhra Pradesh,Banker,1026300.00,2015-06-21
CUST00751,Aditi Pradhan,Female,1982-12-12,Shillong,Meghalaya,Freelancer / Creator,814700.00,2021-01-05
CUST00752,Manoj Patel,Male,1970-05-07,Panaji,Goa,Sales & Marketing Manager,1401100.00,2015-06-23
CUST00753,Sunita Agarwal,Female,1968-12-11,Durg,Chhattisgarh,Software Engineer,1603900.00,2020-10-15
CUST00754,Aarohi Iyer,Female,1984-11-18,Vadodara,Gujarat,Retired,452300.00,2018-03-17
CUST00755,Naveen Banerjee,Male,1964-06-03,Gwalior,Madhya Pradesh,Civil / Mechanical Engineer,1303700.00,2020-03-13
CUST00756,Lakshmi Kumar,Female,1956-10-18,Kanpur,Uttar Pradesh,Chartered Accountant,2101700.00,2022-10-22
CUST00757,Karthik Shetty,Male,1982-11-13,Noida,Uttar Pradesh,Chartered Accountant,1516600.00,2022-12-28
CUST00758,Bhavna Kumar,Female,1987-01-17,Gwalior,Madhya Pradesh,Lawyer,2314300.00,2023-12-07
CUST00759,Ajay Deshmukh,Male,1998-05-04,Bilaspur,Chhattisgarh,Sales & Marketing Manager,1179200.00,2015-12-16
CUST00760,Praveen Pradhan,Male,1970-08-22,Bengaluru,Karnataka,Banker,1215400.00,2015-06-29
CUST00761,Swati Chauhan,Female,1961-04-16,Bengaluru,Karnataka,Healthcare Worker / Nurse,386800.00,2023-08-17
CUST00762,Monika Chatterjee,Female,1983-11-15,Madurai,Tamil Nadu,Lawyer,861400.00,2016-06-22
CUST00763,Saanvi Pawar,Female,1987-06-25,Aurangabad,Maharashtra,Sales & Marketing Manager,1433700.00,2021-02-04
CUST00764,Garima Bhatia,Female,1988-03-11,Jamshedpur,Jharkhand,Lawyer,1451400.00,2019-08-07
CUST00765,Sachin Patil,Male,2003-02-26,Siliguri,West Bengal,Government Employee,1081700.00,2021-04-02
CUST00766,Anjali Mehta,Female,1992-04-16,Chandigarh,Punjab,Lawyer,1198000.00,2016-08-18
CUST00767,Vandana Chauhan,Female,1965-01-30,Pune,Maharashtra,Retired,343900.00,2016-03-22
CUST00768,Atharva Nair,Male,1960-02-06,Shillong,Meghalaya,Lawyer,1883000.00,2021-09-02
CUST00769,Kunal Pillai,Male,1973-09-08,Surat,Gujarat,Retired,317900.00,2023-08-14
CUST00770,Alok Bhat,Male,1998-11-25,Siliguri,West Bengal,Doctor,1444200.00,2016-07-05
CUST00771,Ramesh Pandey,Male,1969-12-02,Ranchi,Jharkhand,Business Owner,2935400.00,2021-11-11
CUST00772,Varun Pradhan,Male,1962-10-04,Lucknow,Uttar Pradesh,Sales & Marketing Manager,1282700.00,2021-10-13
CUST00773,Kalyani Banerjee,Female,1975-08-24,Mumbai,Maharashtra,Government Employee,977900.00,2021-12-27
CUST00774,Krishna Pawar,Male,1966-10-20,Ranchi,Jharkhand,Freelancer / Creator,868700.00,2020-07-10
CUST00775,Prerna Reddy,Female,1958-02-03,Hyderabad,Telangana,Software Engineer,812800.00,2020-03-19
CUST00776,Riya Nayak,Female,1989-08-20,Nashik,Maharashtra,Banker,559100.00,2018-12-03
CUST00777,Devendra Iyengar,Male,2002-08-08,Hyderabad,Telangana,Freelancer / Creator,553500.00,2023-11-11
CUST00778,Anand Bansal,Male,1968-01-17,Prayagraj,Uttar Pradesh,Software Engineer,804900.00,2018-09-27
CUST00779,Ajay Chauhan,Male,1964-06-16,Chennai,Tamil Nadu,Business Owner,1656800.00,2018-10-16
CUST00780,Jyoti Malhotra,Female,2000-08-05,Amritsar,Punjab,Sales & Marketing Manager,628700.00,2020-03-01
CUST00781,Nandini Pandey,Female,1973-12-02,Durg,Chhattisgarh,Software Engineer,2103200.00,2018-05-11
CUST00782,Sunil Mishra,Male,1967-09-30,Noida,Uttar Pradesh,Business Owner,2520900.00,2018-09-20
CUST00783,Rashmi Singh,Female,1994-02-08,Noida,Uttar Pradesh,Teacher / Professor,1186100.00,2022-01-10
CUST00784,Shaurya Chauhan,Male,1964-12-14,Chennai,Tamil Nadu,Consultant,831100.00,2023-10-10
CUST00785,Kalyani Mishra,Female,1958-06-15,Thiruvananthapuram,Kerala,Banker,612800.00,2017-08-31
CUST00786,Anand Iyengar,Male,1970-01-28,Chennai,Tamil Nadu,Doctor,1623300.00,2015-06-03
CUST00787,Pari Menon,Female,1971-06-19,Kolkata,West Bengal,Retired,550000.00,2017-02-18
CUST00788,Pranav Pradhan,Male,1970-01-24,Prayagraj,Uttar Pradesh,Teacher / Professor,471800.00,2016-02-07
CUST00789,Archana Dutta,Female,1995-03-18,Ujjain,Madhya Pradesh,Software Engineer,1426900.00,2023-01-02
CUST00790,Riya Sharma,Female,1984-06-08,Jabalpur,Madhya Pradesh,Healthcare Worker / Nurse,656600.00,2015-12-23
CUST00791,Aditya Gupta,Male,1969-07-29,Durg,Chhattisgarh,Government Employee,424700.00,2023-07-04
CUST00792,Rahul Mishra,Male,1991-03-25,Madurai,Tamil Nadu,Government Employee,985500.00,2023-09-01
CUST00793,Ayaan Das,Male,1994-04-12,Thiruvananthapuram,Kerala,Doctor,833600.00,2021-12-26
CUST00794,Reyansh Iyengar,Male,1969-01-03,Siliguri,West Bengal,Teacher / Professor,580400.00,2022-11-25
CUST00795,Ritu Rao,Female,1993-05-26,Vijayawada,Andhra Pradesh,Consultant,2033000.00,2021-01-23
CUST00796,Krishna Verma,Male,1972-07-21,Chandigarh,Punjab,Doctor,1643900.00,2015-12-19
CUST00797,Atharva Patnaik,Male,1964-09-01,Bhopal,Madhya Pradesh,Healthcare Worker / Nurse,714100.00,2020-01-01
CUST00798,Tanvi Pandey,Female,1990-07-23,Guwahati,Assam,Doctor,2942100.00,2023-06-23
CUST00799,Ritu Joshi,Female,1997-07-09,Aurangabad,Maharashtra,Doctor,1802300.00,2022-09-04
CUST00800,Aarti Kapoor,Female,1973-03-05,Coimbatore,Tamil Nadu,Chartered Accountant,2250000.00,2021-12-01
CUST00801,Alok Hegde,Male,1991-07-08,Raipur,Chhattisgarh,Teacher / Professor,1020500.00,2018-08-23
CUST00802,Vivaan Singh,Male,1973-05-05,Ahmedabad,Gujarat,Sales & Marketing Manager,980400.00,2016-11-30
CUST00803,Sanjay Patil,Male,1967-04-27,Patna,Bihar,Doctor,1692500.00,2023-01-04
CUST00804,Meera Srivastava,Female,1962-05-26,Vijayawada,Andhra Pradesh,Civil / Mechanical Engineer,861000.00,2021-08-15
CUST00805,Mohit Rao,Male,1968-04-10,Kolkata,West Bengal,Banker,585900.00,2017-05-02
CUST00806,Sonali Gowda,Female,1975-09-14,Pune,Maharashtra,Civil / Mechanical Engineer,1094100.00,2016-12-09
CUST00807,Ananya Nayak,Female,1957-09-11,Bhubaneswar,Odisha,Doctor,2102800.00,2020-03-11
CUST00808,Reyansh Menon,Male,1992-01-25,Vadodara,Gujarat,Doctor,2116200.00,2022-09-08
CUST00809,Aarti Bhat,Female,1982-10-21,Indore,Madhya Pradesh,Lawyer,623000.00,2017-06-10
CUST00810,Sonali Bora,Female,1963-07-01,Kota,Rajasthan,Chartered Accountant,1889600.00,2020-01-30
CUST00811,Praveen Pawar,Male,1966-11-15,Hyderabad,Telangana,Business Owner,2885300.00,2018-07-20
CUST00812,Sunil Chatterjee,Male,1976-01-06,Lucknow,Uttar Pradesh,Consultant,662600.00,2020-09-21
CUST00813,Krishna Banerjee,Male,1999-12-24,Siliguri,West Bengal,Software Engineer,601500.00,2021-04-12
CUST00814,Rashmi Deshmukh,Female,1985-06-16,Visakhapatnam,Andhra Pradesh,Banker,1412900.00,2019-06-03
CUST00815,Kalyani Bhat,Female,1977-12-18,Rajkot,Gujarat,Civil / Mechanical Engineer,611200.00,2016-12-11
CUST00816,Rohan Srivastava,Male,1978-12-29,Nashik,Maharashtra,Chartered Accountant,1219200.00,2022-07-07
CUST00817,Aarav Singh,Male,1962-06-23,Agra,Uttar Pradesh,Freelancer / Creator,1096400.00,2022-05-18
CUST00818,Krishna Kumar,Male,1994-08-07,Nashik,Maharashtra,Healthcare Worker / Nurse,573600.00,2023-11-06
CUST00819,Meenakshi Pawar,Female,1991-11-11,Patna,Bihar,Banker,1217700.00,2020-01-18
CUST00820,Amit Pillai,Male,1975-08-26,New Delhi,Delhi,Consultant,1422100.00,2023-03-13
CUST00821,Mayank Das,Male,1976-09-25,Cuttack,Odisha,Teacher / Professor,378400.00,2015-06-05
CUST00822,Manoj Shukla,Male,1995-09-07,Kolkata,West Bengal,Freelancer / Creator,372100.00,2023-03-10
CUST00823,Richa Saikia,Female,1985-11-05,Ranchi,Jharkhand,Doctor,1951400.00,2021-11-03
CUST00824,Pranav Ghosh,Male,1955-07-27,Raipur,Chhattisgarh,Doctor,2305000.00,2021-01-17
CUST00825,Tanvi Pawar,Female,2000-01-07,Guwahati,Assam,Retail Trader,362400.00,2020-02-03
CUST00826,Pranav Chauhan,Male,1957-01-13,Nashik,Maharashtra,Teacher / Professor,1166500.00,2023-12-14
CUST00827,Shaurya Patel,Male,1958-08-30,Durg,Chhattisgarh,Government Employee,1199700.00,2021-04-27
CUST00828,Devendra Malhotra,Male,1966-04-06,Cuttack,Odisha,Software Engineer,1781400.00,2018-04-10
CUST00829,Prerna Verma,Female,1984-10-26,Lucknow,Uttar Pradesh,Chartered Accountant,1610100.00,2023-10-16
CUST00830,Krishna Pawar,Male,1986-02-11,Mysuru,Karnataka,Software Engineer,1934600.00,2021-10-09
CUST00831,Sumit Nayak,Male,1993-07-29,Panaji,Goa,Teacher / Professor,1036700.00,2017-12-06
CUST00832,Sunita Bhatia,Female,1991-10-04,Gurugram,Haryana,Teacher / Professor,1186500.00,2016-08-17
CUST00833,Ishita Bhatia,Female,1976-12-17,Visakhapatnam,Andhra Pradesh,Lawyer,1380400.00,2022-02-24
CUST00834,Varun Pradhan,Male,1981-06-04,Indore,Madhya Pradesh,Government Employee,1231000.00,2016-04-20
CUST00835,Gaurav Hegde,Male,1973-01-28,Kolkata,West Bengal,Freelancer / Creator,1153400.00,2020-12-21
CUST00836,Sunil Patnaik,Male,1978-11-01,Mysuru,Karnataka,Chartered Accountant,1654800.00,2019-11-16
CUST00837,Abhishek Bhat,Male,1960-01-21,Ranchi,Jharkhand,Lawyer,2411700.00,2016-02-03
CUST00838,Nisha Tripathi,Female,1975-08-23,Indore,Madhya Pradesh,Healthcare Worker / Nurse,463600.00,2018-01-12
CUST00839,Reyansh Choudhury,Male,1961-09-05,Vadodara,Gujarat,Sales & Marketing Manager,1339100.00,2023-05-27
CUST00840,Sunil Yadav,Male,1990-10-08,Pune,Maharashtra,Lawyer,1880600.00,2017-01-06
CUST00841,Aarav Dutta,Male,2003-05-28,New Delhi,Delhi,Banker,627000.00,2016-03-01
CUST00842,Rashmi Reddy,Female,1957-02-06,Mysuru,Karnataka,Business Owner,619100.00,2021-12-12
CUST00843,Sachin Saha,Male,1989-08-29,Bhopal,Madhya Pradesh,Doctor,2357800.00,2016-05-06
CUST00844,Sachin Joshi,Male,1978-07-30,Kota,Rajasthan,Retired,624000.00,2017-01-26
CUST00845,Radha Pillai,Female,1987-02-01,Aurangabad,Maharashtra,Lawyer,2372400.00,2022-03-01
CUST00846,Ramesh Saikia,Male,1975-07-12,Raipur,Chhattisgarh,Retail Trader,1235600.00,2017-11-20
CUST00847,Arjun Das,Male,1999-12-18,Nagpur,Maharashtra,Teacher / Professor,1196600.00,2017-11-23
CUST00848,Deepika Pillai,Female,1975-05-27,Bhubaneswar,Odisha,Retired,400300.00,2019-05-28
CUST00849,Nikhil Gupta,Male,1993-09-28,Prayagraj,Uttar Pradesh,Banker,783900.00,2022-03-20
CUST00850,Abhishek Patnaik,Male,1987-05-10,Gurugram,Haryana,Doctor,954900.00,2023-02-28
CUST00851,Abhishek Verma,Male,1972-04-15,Indore,Madhya Pradesh,Lawyer,501700.00,2015-06-04
CUST00852,Shreya Kulkarni,Female,1959-01-14,Vadodara,Gujarat,Consultant,655700.00,2022-12-08
CUST00853,Komal Malhotra,Female,1975-12-07,Ujjain,Madhya Pradesh,Retail Trader,1284100.00,2015-10-15
CUST00854,Aarav Bhat,Male,1958-10-28,Kanpur,Uttar Pradesh,Consultant,1479700.00,2019-01-10
CUST00855,Anand Hegde,Male,1999-08-12,Indore,Madhya Pradesh,Doctor,1603800.00,2018-10-24
CUST00856,Gaurav Bora,Male,1984-08-04,Hyderabad,Telangana,Chartered Accountant,1698100.00,2019-04-23
CUST00857,Tanvi Mohanty,Female,1979-05-08,Bhopal,Madhya Pradesh,Freelancer / Creator,623300.00,2015-12-14
CUST00858,Lakshmi Nayak,Female,1991-04-21,Gurugram,Haryana,Business Owner,588800.00,2021-08-25
CUST00859,Praveen Singh,Male,1968-08-06,Vijayawada,Andhra Pradesh,Sales & Marketing Manager,1064000.00,2020-01-15
CUST00860,Aanya Patel,Female,1982-06-03,Pune,Maharashtra,Retail Trader,1179200.00,2019-07-19
CUST00861,Pankaj Saha,Male,1969-11-09,Jabalpur,Madhya Pradesh,Healthcare Worker / Nurse,824600.00,2016-09-02
CUST00862,Kavita Singh,Female,2001-04-20,Bhubaneswar,Odisha,Lawyer,538100.00,2021-12-07
CUST00863,Dinesh Mukherjee,Male,1995-06-24,Chennai,Tamil Nadu,Lawyer,599900.00,2018-06-12
CUST00864,Diya Kapoor,Female,1964-04-04,Jamshedpur,Jharkhand,Doctor,2599200.00,2016-03-11
CUST00865,Sachin Pawar,Male,1989-05-30,Hyderabad,Telangana,Banker,938500.00,2023-04-11
CUST00866,Meera Deshmukh,Female,1959-09-10,Guwahati,Assam,Chartered Accountant,1278900.00,2023-11-23
CUST00867,Aditya Yadav,Male,1992-01-11,Jaipur,Rajasthan,Doctor,1402600.00,2023-06-30
CUST00868,Dinesh Shukla,Male,1968-04-07,Panaji,Goa,Business Owner,3739900.00,2015-06-16
CUST00869,Devendra Pawar,Male,1979-04-12,Noida,Uttar Pradesh,Retired,543500.00,2015-01-27
CUST00870,Sai Patnaik,Male,1961-09-01,Madurai,Tamil Nadu,Banker,1401600.00,2023-11-20
CUST00871,Radha Joshi,Female,1990-04-19,Bhopal,Madhya Pradesh,Government Employee,975400.00,2019-08-15
CUST00872,Atharva Pawar,Male,1959-06-12,Durgapur,West Bengal,Chartered Accountant,1991000.00,2021-11-11
CUST00873,Nisha Chatterjee,Female,1980-11-29,New Delhi,Delhi,Civil / Mechanical Engineer,635600.00,2016-04-26
CUST00874,Diya Pawar,Female,1979-09-28,Patna,Bihar,Business Owner,2124800.00,2022-01-09
CUST00875,Shreya Mehta,Female,1991-05-05,Agra,Uttar Pradesh,Lawyer,2187600.00,2020-04-27
CUST00876,Shaurya Saha,Male,2001-06-04,Indore,Madhya Pradesh,Teacher / Professor,592300.00,2019-11-16
CUST00877,Mohit Bora,Male,1974-06-09,Dehradun,Uttarakhand,Freelancer / Creator,347200.00,2021-01-10
CUST00878,Vivaan Bhatia,Male,1971-05-03,Jaipur,Rajasthan,Retired,417600.00,2019-12-27
CUST00879,Meera Shetty,Female,1990-07-20,Mumbai,Maharashtra,Business Owner,3226400.00,2018-08-28
CUST00880,Vikram Nayak,Male,1977-03-21,Nagpur,Maharashtra,Retired,410300.00,2020-04-13
CUST00881,Aarohi Gowda,Female,1994-03-13,Shillong,Meghalaya,Sales & Marketing Manager,654800.00,2019-03-10
CUST00882,Ajay Iyer,Male,1962-12-30,Thiruvananthapuram,Kerala,Business Owner,1675600.00,2015-05-12
CUST00883,Aarohi Das,Female,1995-05-06,Aurangabad,Maharashtra,Sales & Marketing Manager,931000.00,2023-07-12
CUST00884,Deepak Patil,Male,1992-08-09,Shillong,Meghalaya,Retired,385000.00,2021-03-14
CUST00885,Pari Shetty,Female,1969-10-24,Kochi,Kerala,Consultant,1383900.00,2020-03-10
CUST00886,Ajay Gowda,Male,1956-02-25,Visakhapatnam,Andhra Pradesh,Teacher / Professor,719100.00,2017-06-29
CUST00887,Sonali Kulkarni,Female,1967-06-29,Nashik,Maharashtra,Software Engineer,672100.00,2020-04-11
CUST00888,Shikha Patel,Female,1975-10-03,Vadodara,Gujarat,Sales & Marketing Manager,1381200.00,2022-10-24
CUST00889,Lakshmi Bhatia,Female,1988-05-19,Siliguri,West Bengal,Retail Trader,364300.00,2023-03-17
CUST00890,Rahul Joshi,Male,1981-01-31,Visakhapatnam,Andhra Pradesh,Lawyer,2497900.00,2015-03-07
CUST00891,Anand Nair,Male,1957-11-08,Cuttack,Odisha,Freelancer / Creator,825300.00,2020-02-07
CUST00892,Krishna Patnaik,Male,1978-03-29,Surat,Gujarat,Lawyer,1428600.00,2022-02-07
CUST00893,Devendra Singh,Male,1978-07-13,Pune,Maharashtra,Civil / Mechanical Engineer,432700.00,2019-10-11
CUST00894,Radha Pawar,Female,1968-09-10,Kochi,Kerala,Retail Trader,1137400.00,2021-12-16
CUST00895,Simran Mehta,Female,1970-07-21,Surat,Gujarat,Retired,325800.00,2019-04-18
CUST00896,Mohit Patel,Male,1979-12-26,Chennai,Tamil Nadu,Lawyer,1617600.00,2015-10-02
CUST00897,Ashish Iyengar,Male,1995-01-11,Visakhapatnam,Andhra Pradesh,Civil / Mechanical Engineer,513600.00,2020-05-13
CUST00898,Richa Yadav,Female,1959-03-16,Kota,Rajasthan,Freelancer / Creator,984800.00,2018-08-05
CUST00899,Ramesh Bansal,Male,1959-11-27,Thiruvananthapuram,Kerala,Software Engineer,714100.00,2018-11-15
CUST00900,Mayank Agarwal,Male,1995-11-03,Bilaspur,Chhattisgarh,Civil / Mechanical Engineer,1078300.00,2020-12-22
CUST00901,Lakshmi Pawar,Female,1979-07-22,Gwalior,Madhya Pradesh,Retail Trader,1474800.00,2015-09-26
CUST00902,Gaurav Kumar,Male,1997-12-13,Chennai,Tamil Nadu,Government Employee,1454100.00,2015-11-12
CUST00903,Ramesh Deshmukh,Male,1959-04-17,Bhubaneswar,Odisha,Chartered Accountant,2275000.00,2020-11-02
CUST00904,Aanya Banerjee,Female,1976-07-17,Guwahati,Assam,Retired,366000.00,2018-11-21
CUST00905,Vijay Mukherjee,Male,2002-02-02,Hyderabad,Telangana,Doctor,848500.00,2023-12-29
CUST00906,Harsh Mukherjee,Male,1981-12-03,Jamshedpur,Jharkhand,Teacher / Professor,907400.00,2023-10-28
CUST00907,Sumit Saha,Male,1958-10-03,Siliguri,West Bengal,Sales & Marketing Manager,976700.00,2021-05-12
CUST00908,Anand Nair,Male,1987-03-07,Kolkata,West Bengal,Teacher / Professor,1175100.00,2023-08-19
CUST00909,Ishita Tripathi,Female,1984-11-10,Bengaluru,Karnataka,Consultant,2082400.00,2022-12-25
CUST00910,Atharva Pillai,Male,1957-07-12,Raipur,Chhattisgarh,Retail Trader,526500.00,2017-09-01
CUST00911,Manish Chauhan,Male,1994-11-18,Mysuru,Karnataka,Teacher / Professor,506800.00,2021-04-22
CUST00912,Vandana Mishra,Female,1981-04-17,Surat,Gujarat,Sales & Marketing Manager,1070800.00,2016-10-27
CUST00913,Ayaan Verma,Male,1977-10-19,Prayagraj,Uttar Pradesh,Chartered Accountant,2406000.00,2018-08-04
CUST00914,Vijay Saxena,Male,1971-01-13,Indore,Madhya Pradesh,Freelancer / Creator,566000.00,2018-04-02
CUST00915,Richa Chauhan,Female,1961-04-17,Cuttack,Odisha,Freelancer / Creator,1116200.00,2019-12-16
CUST00916,Ayaan Pradhan,Male,1973-06-11,Amritsar,Punjab,Lawyer,1601900.00,2018-06-15
CUST00917,Mohit Reddy,Male,1974-12-31,Lucknow,Uttar Pradesh,Teacher / Professor,396800.00,2022-03-11
CUST00918,Harsh Reddy,Male,1986-03-23,Noida,Uttar Pradesh,Doctor,1984500.00,2019-12-30
CUST00919,Pari Bansal,Female,1978-03-24,Bhubaneswar,Odisha,Teacher / Professor,862700.00,2020-09-26
CUST00920,Vandana Shukla,Female,1978-04-17,Bilaspur,Chhattisgarh,Healthcare Worker / Nurse,556600.00,2019-05-01
CUST00921,Deepak Tripathi,Male,1981-01-25,Panaji,Goa,Healthcare Worker / Nurse,636600.00,2017-06-02
CUST00922,Lakshmi Nayak,Female,1976-11-17,Madurai,Tamil Nadu,Chartered Accountant,2150200.00,2019-10-03
CUST00923,Monika Joshi,Female,1965-08-29,Lucknow,Uttar Pradesh,Chartered Accountant,1074000.00,2020-04-28
CUST00924,Archana Pandey,Female,1998-09-02,Kota,Rajasthan,Banker,615000.00,2019-08-05
CUST00925,Shreya Shetty,Female,1991-09-20,Aurangabad,Maharashtra,Freelancer / Creator,811100.00,2016-07-14
CUST00926,Praveen Banerjee,Male,1967-10-23,Gurugram,Haryana,Healthcare Worker / Nurse,795700.00,2021-07-25
CUST00927,Kunal Nayak,Male,1974-03-09,Noida,Uttar Pradesh,Retail Trader,352800.00,2017-12-11
CUST00928,Devendra Ghosh,Male,1973-04-29,Indore,Madhya Pradesh,Lawyer,2285400.00,2019-09-05
CUST00929,Dinesh Mukherjee,Male,1988-06-16,Kanpur,Uttar Pradesh,Retail Trader,668800.00,2015-10-01
CUST00930,Divya Yadav,Female,1972-09-15,Rajkot,Gujarat,Healthcare Worker / Nurse,454700.00,2022-09-10
CUST00931,Dinesh Deshmukh,Male,1979-10-12,Ujjain,Madhya Pradesh,Consultant,677200.00,2017-11-29
CUST00932,Vihaan Kulkarni,Male,1982-11-07,Gwalior,Madhya Pradesh,Chartered Accountant,1343300.00,2015-08-05
CUST00933,Venkatesh Ghosh,Male,1981-06-07,Madurai,Tamil Nadu,Government Employee,982600.00,2015-11-11
CUST00934,Ashish Ghosh,Male,1992-05-13,Durgapur,West Bengal,Retail Trader,542200.00,2018-08-14
CUST00935,Shilpa Chatterjee,Female,1985-07-16,Gwalior,Madhya Pradesh,Freelancer / Creator,626300.00,2020-12-28
CUST00936,Ishita Sharma,Female,1994-10-09,Madurai,Tamil Nadu,Teacher / Professor,1012000.00,2019-08-15
CUST00937,Shaurya Gupta,Male,1990-04-13,Patna,Bihar,Business Owner,3410500.00,2023-12-01
CUST00938,Prerna Mohanty,Female,1969-10-02,Bilaspur,Chhattisgarh,Civil / Mechanical Engineer,1102300.00,2016-04-11
CUST00939,Arjun Deshmukh,Male,1995-06-23,Kolkata,West Bengal,Teacher / Professor,614800.00,2019-01-25
CUST00940,Abhishek Patil,Male,1970-01-07,Chennai,Tamil Nadu,Freelancer / Creator,574200.00,2023-05-08
CUST00941,Kavita Joshi,Female,1959-04-20,Gwalior,Madhya Pradesh,Business Owner,1576000.00,2017-05-09
CUST00942,Sai Gowda,Male,1959-05-05,Jaipur,Rajasthan,Software Engineer,1994400.00,2023-06-30
CUST00943,Rohan Gupta,Male,2000-07-29,Patna,Bihar,Consultant,741900.00,2016-05-02
CUST00944,Aadhya Singh,Female,1983-07-25,New Delhi,Delhi,Retail Trader,461000.00,2016-05-22
CUST00945,Anjali Yadav,Female,1991-03-29,Raipur,Chhattisgarh,Teacher / Professor,374900.00,2016-08-19
CUST00946,Shreya Yadav,Female,1981-01-02,Bengaluru,Karnataka,Healthcare Worker / Nurse,600400.00,2023-03-04
CUST00947,Shikha Chauhan,Female,1999-05-12,Jamshedpur,Jharkhand,Retail Trader,366100.00,2017-06-07
CUST00948,Sneha Nair,Female,1969-06-29,Ujjain,Madhya Pradesh,Doctor,2833300.00,2020-08-27
CUST00949,Jyoti Shukla,Female,1958-09-03,Chennai,Tamil Nadu,Sales & Marketing Manager,1224600.00,2016-03-15
CUST00950,Sanjay Bhat,Male,1976-03-13,Patna,Bihar,Business Owner,1926500.00,2023-07-16
CUST00951,Riya Kapoor,Female,1995-10-08,Amritsar,Punjab,Sales & Marketing Manager,1326600.00,2022-11-26
CUST00952,Ajay Patel,Male,1998-01-15,Bhubaneswar,Odisha,Doctor,1646500.00,2020-02-15
CUST00953,Tanvi Dutta,Female,1975-03-08,Siliguri,West Bengal,Banker,877800.00,2019-10-19
CUST00954,Arjun Malhotra,Male,1959-12-25,Chennai,Tamil Nadu,Software Engineer,2397700.00,2020-07-06
CUST00955,Preeti Menon,Female,1969-07-29,Jabalpur,Madhya Pradesh,Doctor,1062300.00,2019-06-06
CUST00956,Sumit Gupta,Male,1956-04-05,Jaipur,Rajasthan,Teacher / Professor,1178900.00,2018-10-19
CUST00957,Karthik Deshmukh,Male,1988-11-26,Ujjain,Madhya Pradesh,Sales & Marketing Manager,770300.00,2023-01-01
CUST00958,Sonali Das,Female,1961-12-09,Ahmedabad,Gujarat,Sales & Marketing Manager,1216700.00,2019-07-15
CUST00959,Shikha Das,Female,1993-11-11,Dehradun,Uttarakhand,Doctor,1351500.00,2020-07-29
CUST00960,Krishna Verma,Male,1997-06-04,Jaipur,Rajasthan,Sales & Marketing Manager,1229800.00,2017-01-03
CUST00961,Sunil Mishra,Male,1994-01-27,Shillong,Meghalaya,Consultant,799300.00,2015-11-10
CUST00962,Archana Saikia,Female,1971-11-05,Hyderabad,Telangana,Government Employee,1128300.00,2020-07-01
CUST00963,Akash Pandey,Male,1968-09-25,Noida,Uttar Pradesh,Retail Trader,386300.00,2019-10-29
CUST00964,Riya Bhat,Female,1975-01-21,Nagpur,Maharashtra,Sales & Marketing Manager,978600.00,2015-05-15
CUST00965,Tarun Saikia,Male,1984-04-07,Bhubaneswar,Odisha,Banker,674800.00,2023-01-10
CUST00966,Hemant Deshmukh,Male,1966-07-21,Bhubaneswar,Odisha,Lawyer,1607600.00,2021-01-18
CUST00967,Pranav Srivastava,Male,1992-10-15,Chandigarh,Punjab,Banker,842400.00,2021-08-17
CUST00968,Prerna Dutta,Female,1981-02-06,Mumbai,Maharashtra,Software Engineer,650700.00,2015-07-04
CUST00969,Alok Tripathi,Male,1955-09-06,Noida,Uttar Pradesh,Retail Trader,1375000.00,2018-10-29
CUST00970,Naveen Tripathi,Male,1980-12-03,Ahmedabad,Gujarat,Software Engineer,1790200.00,2017-10-11
CUST00971,Anand Yadav,Male,1997-07-14,Jaipur,Rajasthan,Healthcare Worker / Nurse,482900.00,2018-10-14
CUST00972,Akash Mishra,Male,2000-11-08,Raipur,Chhattisgarh,Healthcare Worker / Nurse,553500.00,2020-10-09
CUST00973,Shreya Verma,Female,1958-11-03,Jamshedpur,Jharkhand,Software Engineer,2374400.00,2019-03-28
CUST00974,Manish Chauhan,Male,1996-10-24,Dehradun,Uttarakhand,Freelancer / Creator,907600.00,2018-10-08
CUST00975,Hemant Saha,Male,1982-04-07,Shillong,Meghalaya,Government Employee,799700.00,2019-11-21
CUST00976,Devendra Singh,Male,1969-03-14,Madurai,Tamil Nadu,Government Employee,452300.00,2021-06-07
CUST00977,Amit Pawar,Male,1956-05-14,Bilaspur,Chhattisgarh,Healthcare Worker / Nurse,646900.00,2021-08-21
CUST00978,Arjun Chauhan,Male,1969-10-31,Rajkot,Gujarat,Business Owner,1715600.00,2015-11-11
CUST00979,Tanvi Bansal,Female,1983-11-22,Raipur,Chhattisgarh,Civil / Mechanical Engineer,713400.00,2019-08-25
CUST00980,Mohit Bansal,Male,1973-07-23,Kota,Rajasthan,Civil / Mechanical Engineer,580600.00,2015-03-18
CUST00981,Archana Pillai,Female,1966-10-19,Kochi,Kerala,Lawyer,2424200.00,2023-04-29
CUST00982,Shreya Ghosh,Female,1968-08-21,Prayagraj,Uttar Pradesh,Retired,516900.00,2021-05-07
CUST00983,Aarohi Agarwal,Female,1990-12-27,Aurangabad,Maharashtra,Chartered Accountant,1132700.00,2023-05-16
CUST00984,Tanvi Gowda,Female,1977-01-19,Jaipur,Rajasthan,Lawyer,907100.00,2019-08-17
CUST00985,Deepak Mukherjee,Male,1993-02-20,Jabalpur,Madhya Pradesh,Consultant,1016000.00,2017-09-03
CUST00986,Rohan Verma,Male,1988-01-24,Aurangabad,Maharashtra,Sales & Marketing Manager,1093800.00,2019-11-22
CUST00987,Aditya Iyer,Male,1993-02-12,Amritsar,Punjab,Software Engineer,1065100.00,2018-02-11
CUST00988,Priya Mukherjee,Female,2000-10-26,Noida,Uttar Pradesh,Software Engineer,2147300.00,2015-12-10
CUST00989,Anand Singh,Male,1976-12-27,Raipur,Chhattisgarh,Lawyer,2271400.00,2019-06-14
CUST00990,Sonal Joshi,Female,1988-05-04,Cuttack,Odisha,Freelancer / Creator,750200.00,2016-05-09
CUST00991,Sumit Saikia,Male,1970-02-23,Bhubaneswar,Odisha,Retired,345100.00,2021-09-22
CUST00992,Manish Pandey,Male,1965-12-14,Durg,Chhattisgarh,Freelancer / Creator,512300.00,2019-09-29
CUST00993,Reyansh Pillai,Male,1990-02-11,Panaji,Goa,Banker,830600.00,2021-08-11
CUST00994,Akash Shukla,Male,1959-05-05,Mumbai,Maharashtra,Civil / Mechanical Engineer,823800.00,2022-08-28
CUST00995,Ramesh Kulkarni,Male,1979-10-31,Bilaspur,Chhattisgarh,Teacher / Professor,1048200.00,2015-03-28
CUST00996,Garima Patel,Female,1955-07-27,Chandigarh,Punjab,Freelancer / Creator,1125700.00,2022-07-13
CUST00997,Kunal Bhat,Male,1983-08-08,Gwalior,Madhya Pradesh,Teacher / Professor,1117700.00,2022-09-07
CUST00998,Vikram Menon,Male,1979-06-27,Vadodara,Gujarat,Retired,789000.00,2017-11-12
CUST00999,Hemant Rao,Male,1984-03-15,Bengaluru,Karnataka,Retired,519400.00,2018-07-23
CUST01000,Aarti Mukherjee,Female,1977-06-14,Thiruvananthapuram,Kerala,Healthcare Worker / Nurse,348100.00,2023-09-28
CUST01001,Jyoti Nayak,Female,1977-01-12,Bilaspur,Chhattisgarh,Banker,1639800.00,2016-02-16
CUST01002,Radha Choudhury,Female,1971-05-29,Ahmedabad,Gujarat,Banker,1282800.00,2021-02-21
CUST01003,Bhavna Mohanty,Female,2002-06-05,Indore,Madhya Pradesh,Lawyer,867500.00,2019-12-22
CUST01004,Avani Sharma,Female,1978-03-21,Bhopal,Madhya Pradesh,Government Employee,745100.00,2015-12-03
CUST01005,Vikram Agarwal,Male,1957-08-03,Kota,Rajasthan,Chartered Accountant,2224500.00,2022-09-09
CUST01006,Manish Menon,Male,1973-04-24,Mysuru,Karnataka,Chartered Accountant,1937400.00,2018-09-03
CUST01007,Neha Kumar,Female,1976-12-25,Chennai,Tamil Nadu,Banker,1639300.00,2021-05-25
CUST01008,Vivaan Srivastava,Male,1961-08-22,Bhopal,Madhya Pradesh,Business Owner,3674000.00,2020-03-09
CUST01009,Dinesh Nair,Male,1999-12-08,Shillong,Meghalaya,Banker,1280500.00,2016-09-03
CUST01010,Alok Nair,Male,1967-05-02,New Delhi,Delhi,Freelancer / Creator,773300.00,2023-09-03
CUST01011,Bhavna Dutta,Female,1972-05-01,Coimbatore,Tamil Nadu,Freelancer / Creator,482800.00,2023-10-09
CUST01012,Vijay Bhatia,Male,1979-04-26,Rajkot,Gujarat,Healthcare Worker / Nurse,424000.00,2017-06-01
CUST01013,Sneha Pradhan,Female,1960-03-26,Nashik,Maharashtra,Chartered Accountant,1435300.00,2016-08-20
CUST01014,Suresh Rao,Male,1963-11-13,Visakhapatnam,Andhra Pradesh,Teacher / Professor,845500.00,2022-04-05
CUST01015,Aarav Malhotra,Male,1995-01-17,Gwalior,Madhya Pradesh,Banker,1392900.00,2022-12-31
CUST01016,Naveen Nayak,Male,1965-02-20,Jaipur,Rajasthan,Doctor,2025400.00,2015-08-02
CUST01017,Vikram Malhotra,Male,1980-08-25,Raipur,Chhattisgarh,Retail Trader,1038000.00,2023-05-23
CUST01018,Saanvi Choudhury,Female,1970-08-18,Nagpur,Maharashtra,Government Employee,1475300.00,2022-07-12
CUST01019,Kunal Patel,Male,1966-04-01,Mysuru,Karnataka,Chartered Accountant,1606700.00,2018-10-21
CUST01020,Avani Kumar,Female,1982-10-03,Rajkot,Gujarat,Chartered Accountant,1168700.00,2018-07-07
CUST01021,Krishna Bhatia,Male,1985-12-29,Rajkot,Gujarat,Government Employee,1393100.00,2017-12-14
CUST01022,Richa Choudhury,Female,1970-01-22,Rajkot,Gujarat,Retired,382500.00,2023-04-07
CUST01023,Richa Kulkarni,Female,1967-07-30,Bhopal,Madhya Pradesh,Retail Trader,856000.00,2017-02-12
CUST01024,Amit Pillai,Male,2000-11-03,Mysuru,Karnataka,Chartered Accountant,1970700.00,2019-11-23
CUST01025,Nikhil Patel,Male,1974-12-31,Bilaspur,Chhattisgarh,Civil / Mechanical Engineer,885200.00,2020-07-12
CUST01026,Ajay Kulkarni,Male,1996-01-04,Lucknow,Uttar Pradesh,Business Owner,3538600.00,2017-01-09
CUST01027,Simran Bansal,Female,1985-09-16,Raipur,Chhattisgarh,Consultant,979200.00,2015-01-17
CUST01028,Varun Pillai,Male,1977-05-23,Visakhapatnam,Andhra Pradesh,Retail Trader,922800.00,2016-01-22
CUST01029,Aanya Banerjee,Female,1959-07-18,Kanpur,Uttar Pradesh,Banker,985600.00,2016-03-10
CUST01030,Ishita Verma,Female,1997-11-08,Bilaspur,Chhattisgarh,Lawyer,1459700.00,2022-01-17
CUST01031,Garima Saha,Female,2003-01-14,Gurugram,Haryana,Lawyer,1744700.00,2020-01-30
CUST01032,Ajay Pradhan,Male,1967-04-26,Kochi,Kerala,Healthcare Worker / Nurse,329200.00,2022-03-21
CUST01033,Vihaan Nayak,Male,1998-09-24,Durgapur,West Bengal,Banker,620300.00,2017-11-11
CUST01034,Ashish Hegde,Male,1998-06-21,Kochi,Kerala,Chartered Accountant,1399300.00,2019-07-07
CUST01035,Hemant Mukherjee,Male,1994-05-01,Vijayawada,Andhra Pradesh,Sales & Marketing Manager,1371300.00,2023-04-03
CUST01036,Tanvi Dutta,Female,1965-04-25,Ahmedabad,Gujarat,Lawyer,692200.00,2019-02-14
CUST01037,Nikhil Menon,Male,1978-10-31,Thiruvananthapuram,Kerala,Consultant,1580500.00,2016-01-05
CUST01038,Divya Pawar,Female,1991-11-21,Bhopal,Madhya Pradesh,Banker,620800.00,2020-10-03
CUST01039,Gaurav Dutta,Male,1988-08-04,Jabalpur,Madhya Pradesh,Freelancer / Creator,439600.00,2020-07-21
CUST01040,Pankaj Agarwal,Male,1998-02-03,Aurangabad,Maharashtra,Banker,602900.00,2023-12-28
CUST01041,Ishaan Joshi,Male,1960-01-29,Visakhapatnam,Andhra Pradesh,Civil / Mechanical Engineer,827700.00,2021-05-17
CUST01042,Arjun Patel,Male,1971-05-07,Patna,Bihar,Banker,1036900.00,2020-03-18
CUST01043,Ritu Choudhury,Female,1981-02-21,Jamshedpur,Jharkhand,Doctor,2491000.00,2015-03-08
CUST01044,Tarun Kapoor,Male,1992-03-29,Vadodara,Gujarat,Software Engineer,749900.00,2022-11-25
CUST01045,Sumit Pradhan,Male,1973-07-23,Panaji,Goa,Consultant,1902100.00,2018-10-30
CUST01046,Priya Iyengar,Female,1992-05-21,Durg,Chhattisgarh,Consultant,1051900.00,2022-07-21
CUST01047,Akash Verma,Male,2002-12-11,Kanpur,Uttar Pradesh,Software Engineer,909100.00,2020-05-08
CUST01048,Karthik Saha,Male,1955-08-27,Ujjain,Madhya Pradesh,Sales & Marketing Manager,798200.00,2021-12-01
CUST01049,Sunil Mohanty,Male,1959-12-11,Vijayawada,Andhra Pradesh,Doctor,1075200.00,2015-02-26
CUST01050,Vivaan Mohanty,Male,1991-06-18,Kochi,Kerala,Sales & Marketing Manager,1195900.00,2022-04-15
CUST01051,Devendra Saxena,Male,1991-05-18,Vijayawada,Andhra Pradesh,Retail Trader,882900.00,2020-04-25
CUST01052,Ayaan Nair,Male,1993-07-07,Panaji,Goa,Sales & Marketing Manager,992200.00,2020-01-16
CUST01053,Neha Banerjee,Female,1966-12-13,Chandigarh,Punjab,Teacher / Professor,356700.00,2022-01-26
CUST01054,Meenakshi Shetty,Female,1971-09-08,Durgapur,West Bengal,Freelancer / Creator,798900.00,2018-04-06
CUST01055,Karthik Bhatia,Male,1970-09-02,Ujjain,Madhya Pradesh,Consultant,2099700.00,2020-06-21
CUST01056,Vihaan Agarwal,Male,2001-11-27,Cuttack,Odisha,Teacher / Professor,820300.00,2018-01-02
CUST01057,Monika Malhotra,Female,1995-10-21,Shillong,Meghalaya,Lawyer,1193500.00,2022-10-28
CUST01058,Shaurya Banerjee,Male,1957-03-25,Kolkata,West Bengal,Teacher / Professor,722400.00,2020-09-10
CUST01059,Sunil Pandey,Male,1964-07-30,Aurangabad,Maharashtra,Chartered Accountant,2289700.00,2023-02-09
CUST01060,Monika Dutta,Female,1961-12-29,Kolkata,West Bengal,Retail Trader,1466600.00,2016-10-25
CUST01061,Sneha Mohanty,Female,1956-05-17,Raipur,Chhattisgarh,Sales & Marketing Manager,598500.00,2017-03-28
CUST01062,Nikhil Gupta,Male,1976-10-22,Vijayawada,Andhra Pradesh,Business Owner,1233000.00,2015-07-12
CUST01063,Rashmi Choudhury,Female,1980-07-20,Bengaluru,Karnataka,Chartered Accountant,2190300.00,2020-08-24
CUST01064,Arjun Pandey,Male,1976-05-03,Shillong,Meghalaya,Business Owner,922400.00,2017-07-06
CUST01065,Rajesh Tripathi,Male,2000-09-19,Thiruvananthapuram,Kerala,Retired,375600.00,2022-09-27
CUST01066,Garima Saha,Female,1997-06-06,Panaji,Goa,Retail Trader,875700.00,2023-06-23
CUST01067,Reyansh Pawar,Male,1964-05-09,Siliguri,West Bengal,Software Engineer,1513200.00,2016-11-15
CUST01068,Anjali Shukla,Female,1993-02-02,Bilaspur,Chhattisgarh,Sales & Marketing Manager,1326300.00,2020-08-03
CUST01069,Diya Kulkarni,Female,1961-12-27,Pune,Maharashtra,Healthcare Worker / Nurse,382700.00,2017-04-06
CUST01070,Venkatesh Saikia,Male,2003-02-26,Kolkata,West Bengal,Teacher / Professor,593700.00,2016-12-02
CUST01071,Alok Patnaik,Male,1976-12-29,Bhopal,Madhya Pradesh,Lawyer,990900.00,2023-06-13
CUST01072,Monika Reddy,Female,1994-11-24,Nashik,Maharashtra,Retired,504700.00,2020-02-23
CUST01073,Archana Dutta,Female,1980-06-15,Panaji,Goa,Chartered Accountant,2086300.00,2023-01-18
CUST01074,Ananya Kumar,Female,1982-01-21,Vadodara,Gujarat,Retail Trader,539000.00,2015-09-09
CUST01075,Aditya Saha,Male,1962-04-15,Cuttack,Odisha,Software Engineer,2359900.00,2022-12-31
CUST01076,Archana Banerjee,Female,1976-12-08,Jabalpur,Madhya Pradesh,Freelancer / Creator,798200.00,2018-05-31
CUST01077,Meera Tripathi,Female,2003-02-08,Ranchi,Jharkhand,Consultant,2076700.00,2022-11-08
CUST01078,Pankaj Iyengar,Male,1968-08-16,Shillong,Meghalaya,Lawyer,1384300.00,2018-11-15
CUST01079,Pallavi Hegde,Female,1991-01-28,Lucknow,Uttar Pradesh,Software Engineer,1567400.00,2019-05-17
CUST01080,Simran Joshi,Female,1969-09-28,Madurai,Tamil Nadu,Business Owner,824900.00,2021-03-10
CUST01081,Rajesh Bora,Male,1963-04-11,Noida,Uttar Pradesh,Software Engineer,2202600.00,2021-01-20
CUST01082,Sunita Saikia,Female,1983-11-27,Patna,Bihar,Doctor,2410400.00,2019-03-08
CUST01083,Mayank Tripathi,Male,1996-06-06,Kota,Rajasthan,Lawyer,2382700.00,2020-01-13
CUST01084,Vijay Sharma,Male,1974-01-09,Visakhapatnam,Andhra Pradesh,Retail Trader,1207600.00,2021-07-10
CUST01085,Devendra Saha,Male,1968-08-31,Coimbatore,Tamil Nadu,Teacher / Professor,604300.00,2022-06-24
CUST01086,Kalyani Chauhan,Female,1960-04-20,Bilaspur,Chhattisgarh,Banker,1175600.00,2017-10-11
CUST01087,Harsh Yadav,Male,1990-12-29,Aurangabad,Maharashtra,Doctor,1122400.00,2019-10-10
CUST01088,Pari Kumar,Female,1999-11-26,Amritsar,Punjab,Sales & Marketing Manager,697000.00,2015-11-16
CUST01089,Harsh Hegde,Male,1965-09-18,Ranchi,Jharkhand,Retail Trader,804000.00,2017-12-16
CUST01090,Nisha Gowda,Female,1974-07-14,Bhubaneswar,Odisha,Freelancer / Creator,1175900.00,2016-10-29
CUST01091,Krishna Bhatia,Male,1957-11-09,Amritsar,Punjab,Freelancer / Creator,761900.00,2020-12-07
CUST01092,Rahul Kapoor,Male,1973-06-15,Durg,Chhattisgarh,Chartered Accountant,2399300.00,2019-02-21
CUST01093,Riya Patil,Female,1977-05-06,Kanpur,Uttar Pradesh,Teacher / Professor,836000.00,2015-06-14
CUST01094,Ayaan Shukla,Male,1983-12-22,Vijayawada,Andhra Pradesh,Government Employee,934500.00,2023-11-15
CUST01095,Sumit Shetty,Male,2000-01-26,Madurai,Tamil Nadu,Business Owner,1140800.00,2023-04-18
CUST01096,Ayaan Srivastava,Male,1981-05-28,Gurugram,Haryana,Banker,1125500.00,2018-06-22
CUST01097,Rajesh Bhat,Male,1972-08-25,Amritsar,Punjab,Retail Trader,509300.00,2022-02-19
CUST01098,Abhishek Saha,Male,1975-04-16,Ujjain,Madhya Pradesh,Teacher / Professor,425900.00,2022-01-03
CUST01099,Monika Bhat,Female,1988-12-11,Pune,Maharashtra,Civil / Mechanical Engineer,445800.00,2022-07-09
CUST01100,Simran Das,Female,1962-05-17,Bengaluru,Karnataka,Freelancer / Creator,322300.00,2022-01-24
CUST01101,Kalyani Chatterjee,Female,1967-08-05,Kanpur,Uttar Pradesh,Lawyer,1618700.00,2017-02-27
CUST01102,Nandini Chauhan,Female,1999-09-13,Ranchi,Jharkhand,Business Owner,3127000.00,2020-08-20
CUST01103,Riya Saha,Female,1969-03-31,Noida,Uttar Pradesh,Government Employee,1265400.00,2017-10-01
CUST01104,Sonali Menon,Female,1997-10-01,Durgapur,West Bengal,Teacher / Professor,691500.00,2015-07-04
CUST01105,Vivaan Pandey,Male,1976-03-30,Nashik,Maharashtra,Software Engineer,2147400.00,2018-07-23
CUST01106,Sai Deshmukh,Male,1996-09-27,Bengaluru,Karnataka,Government Employee,558400.00,2017-11-12
CUST01107,Ishita Chatterjee,Female,1976-07-19,Bengaluru,Karnataka,Software Engineer,1706100.00,2018-08-25
CUST01108,Manoj Mehta,Male,1983-12-14,Dehradun,Uttarakhand,Teacher / Professor,471100.00,2018-08-20
CUST01109,Ayaan Mehta,Male,1991-03-01,Kota,Rajasthan,Consultant,1558300.00,2020-07-12
CUST01110,Mayank Bhat,Male,1996-02-14,Chandigarh,Punjab,Teacher / Professor,745100.00,2019-07-26
CUST01111,Vivaan Shetty,Male,1963-03-04,Noida,Uttar Pradesh,Government Employee,1009500.00,2021-07-28
CUST01112,Sunita Bora,Female,1967-08-02,Amritsar,Punjab,Government Employee,1025100.00,2020-01-01
CUST01113,Devendra Bansal,Male,1990-04-20,Surat,Gujarat,Civil / Mechanical Engineer,1385300.00,2023-10-09
CUST01114,Naveen Srivastava,Male,1975-06-10,New Delhi,Delhi,Healthcare Worker / Nurse,578800.00,2021-12-17
CUST01115,Shaurya Sharma,Male,1999-10-28,Thiruvananthapuram,Kerala,Consultant,1038900.00,2022-08-17
CUST01116,Sanjay Ghosh,Male,1989-09-05,Patna,Bihar,Government Employee,450000.00,2023-04-16
CUST01117,Arjun Chatterjee,Male,1997-12-11,Gwalior,Madhya Pradesh,Doctor,2627100.00,2023-02-17
CUST01118,Ramesh Gowda,Male,1989-08-23,Patna,Bihar,Retail Trader,716000.00,2022-08-25
CUST01119,Nisha Choudhury,Female,1957-11-12,Thiruvananthapuram,Kerala,Business Owner,2818000.00,2018-08-10
CUST01120,Gaurav Patil,Male,1982-06-23,Gwalior,Madhya Pradesh,Chartered Accountant,1863600.00,2015-01-09
CUST01121,Saanvi Sharma,Female,1960-04-03,Nashik,Maharashtra,Civil / Mechanical Engineer,1295300.00,2022-11-20
CUST01122,Karthik Saxena,Male,1997-08-03,Indore,Madhya Pradesh,Doctor,1985000.00,2022-07-13
CUST01123,Ayaan Tripathi,Male,1978-08-28,Ahmedabad,Gujarat,Banker,730300.00,2023-08-12
CUST01124,Saanvi Deshmukh,Female,1973-12-24,Hyderabad,Telangana,Sales & Marketing Manager,460800.00,2023-05-02
CUST01125,Ramesh Dutta,Male,1957-12-30,Hyderabad,Telangana,Doctor,2595800.00,2022-01-04
CUST01126,Manoj Reddy,Male,1988-10-22,Surat,Gujarat,Software Engineer,1105400.00,2022-11-23
CUST01127,Anjali Sharma,Female,1990-08-09,Vadodara,Gujarat,Doctor,2713800.00,2021-05-20
CUST01128,Shaurya Srivastava,Male,1990-07-29,Durg,Chhattisgarh,Consultant,1691900.00,2021-10-05
CUST01129,Arjun Yadav,Male,1995-05-29,Amritsar,Punjab,Government Employee,1426900.00,2017-07-22
CUST01130,Sonal Das,Female,1990-07-19,Noida,Uttar Pradesh,Freelancer / Creator,910000.00,2021-11-21
CUST01131,Kunal Kapoor,Male,2002-11-25,Indore,Madhya Pradesh,Lawyer,2386100.00,2015-08-01
CUST01132,Meera Gowda,Female,1977-02-11,Kanpur,Uttar Pradesh,Lawyer,1536600.00,2020-07-22
CUST01133,Hemant Patel,Male,1957-03-09,Chandigarh,Punjab,Government Employee,1410200.00,2020-12-20
CUST01134,Aarav Hegde,Male,1991-01-11,Lucknow,Uttar Pradesh,Retired,585900.00,2015-04-14
CUST01135,Kavita Mohanty,Female,1976-05-23,Visakhapatnam,Andhra Pradesh,Business Owner,1075700.00,2018-06-27
CUST01136,Devendra Gupta,Male,2001-10-29,Rajkot,Gujarat,Retail Trader,377600.00,2023-12-10
CUST01137,Swati Choudhury,Female,1988-05-06,Kolkata,West Bengal,Business Owner,3855800.00,2015-08-11
CUST01138,Archana Rao,Female,1998-08-28,Shillong,Meghalaya,Sales & Marketing Manager,1328700.00,2022-01-05
CUST01139,Ayaan Kumar,Male,2000-06-13,Nagpur,Maharashtra,Teacher / Professor,1106600.00,2022-10-11
CUST01140,Krishna Mehta,Male,1975-06-03,Vijayawada,Andhra Pradesh,Consultant,1620600.00,2015-09-27
CUST01141,Vihaan Srivastava,Male,2000-02-01,Nagpur,Maharashtra,Banker,624600.00,2023-06-08
CUST01142,Sachin Saha,Male,1964-06-25,Aurangabad,Maharashtra,Banker,1103500.00,2019-10-20
CUST01143,Prerna Gupta,Female,1981-08-02,Jabalpur,Madhya Pradesh,Retail Trader,379900.00,2020-10-19
CUST01144,Rohan Gupta,Male,1997-06-25,Durgapur,West Bengal,Freelancer / Creator,360800.00,2023-11-08
CUST01145,Ritu Joshi,Female,1962-10-14,Mysuru,Karnataka,Teacher / Professor,707900.00,2023-02-16
CUST01146,Priya Rao,Female,1995-06-09,Chandigarh,Punjab,Chartered Accountant,1261000.00,2019-11-21
CUST01147,Pankaj Bora,Male,1981-01-23,Jamshedpur,Jharkhand,Retired,570600.00,2016-08-19
CUST01148,Anand Patil,Male,1982-02-02,Surat,Gujarat,Software Engineer,1531800.00,2022-05-17
CUST01149,Aarohi Rao,Female,1970-09-18,Chandigarh,Punjab,Banker,947000.00,2017-03-31
CUST01150,Neha Singh,Female,1982-03-27,Raipur,Chhattisgarh,Sales & Marketing Manager,1249000.00,2020-03-29
CUST01151,Swati Yadav,Female,1967-01-11,Shillong,Meghalaya,Government Employee,860600.00,2016-10-26
CUST01152,Aditya Bhatia,Male,1989-06-30,Bhopal,Madhya Pradesh,Business Owner,2926300.00,2020-03-25
CUST01153,Sunita Malhotra,Female,1956-01-13,Durg,Chhattisgarh,Banker,766900.00,2017-01-24
CUST01154,Saanvi Shukla,Female,2003-05-25,Ahmedabad,Gujarat,Software Engineer,1598400.00,2016-08-06
CUST01155,Rohan Ghosh,Male,1965-12-29,Gurugram,Haryana,Software Engineer,958400.00,2018-03-09
CUST01156,Suresh Pradhan,Male,1992-01-09,Siliguri,West Bengal,Business Owner,1124900.00,2015-03-30
CUST01157,Suresh Gupta,Male,2001-07-20,Amritsar,Punjab,Banker,1351300.00,2016-03-30
CUST01158,Rahul Chatterjee,Male,1974-03-01,Surat,Gujarat,Retail Trader,778200.00,2016-12-02
CUST01159,Prerna Gowda,Female,1958-05-29,Kanpur,Uttar Pradesh,Chartered Accountant,2288900.00,2016-06-19
CUST01160,Neha Saxena,Female,1978-07-11,Surat,Gujarat,Teacher / Professor,859600.00,2022-02-18
CUST01161,Aditya Bora,Male,1963-09-04,Hyderabad,Telangana,Healthcare Worker / Nurse,621300.00,2023-11-09
CUST01162,Vikram Mehta,Male,1963-02-08,Amritsar,Punjab,Healthcare Worker / Nurse,605000.00,2021-07-20
CUST01163,Anjali Pradhan,Female,1997-11-03,Raipur,Chhattisgarh,Consultant,750600.00,2020-09-14
CUST01164,Pankaj Bora,Male,1970-12-22,Bhubaneswar,Odisha,Civil / Mechanical Engineer,864300.00,2018-08-11
CUST01165,Archana Mohanty,Female,1972-10-21,Kolkata,West Bengal,Government Employee,1039300.00,2022-02-26
CUST01166,Sonali Mukherjee,Female,2001-03-17,Coimbatore,Tamil Nadu,Retired,401500.00,2017-08-18
CUST01167,Anand Gowda,Male,1978-09-12,Bengaluru,Karnataka,Retired,721200.00,2017-11-08
CUST01168,Krishna Bora,Male,1998-01-31,Panaji,Goa,Civil / Mechanical Engineer,751600.00,2021-07-19
CUST01169,Mayank Pawar,Male,1981-11-25,Panaji,Goa,Sales & Marketing Manager,947400.00,2019-02-14
CUST01170,Meera Das,Female,1979-06-19,Chennai,Tamil Nadu,Sales & Marketing Manager,718900.00,2022-03-28
CUST01171,Sai Banerjee,Male,1970-10-12,Guwahati,Assam,Lawyer,656300.00,2018-02-06
CUST01172,Diya Deshmukh,Female,1998-12-29,Gurugram,Haryana,Civil / Mechanical Engineer,600300.00,2017-03-16
CUST01173,Deepika Chatterjee,Female,1955-07-17,Thiruvananthapuram,Kerala,Business Owner,2969700.00,2016-07-18
CUST01174,Richa Patnaik,Female,1955-09-26,Mysuru,Karnataka,Software Engineer,1986100.00,2018-02-28
CUST01175,Preeti Hegde,Female,1965-07-31,New Delhi,Delhi,Sales & Marketing Manager,1202200.00,2023-07-15
CUST01176,Preeti Reddy,Female,1989-03-16,Kolkata,West Bengal,Business Owner,2305400.00,2023-10-25
CUST01177,Gaurav Pradhan,Male,1974-01-08,Lucknow,Uttar Pradesh,Teacher / Professor,1068900.00,2019-10-23
CUST01178,Radha Shetty,Female,1989-11-19,Panaji,Goa,Healthcare Worker / Nurse,635100.00,2019-03-15
CUST01179,Krishna Chatterjee,Male,1956-06-26,Bhubaneswar,Odisha,Retail Trader,1107700.00,2018-12-23
CUST01180,Venkatesh Gowda,Male,1959-12-07,Kota,Rajasthan,Retail Trader,1144100.00,2018-05-12
CUST01181,Vivaan Chauhan,Male,2001-04-21,Agra,Uttar Pradesh,Teacher / Professor,833000.00,2023-12-18
CUST01182,Garima Chauhan,Female,1977-12-18,Kochi,Kerala,Banker,582800.00,2019-05-02
CUST01183,Reyansh Pandey,Male,1966-11-12,Bhopal,Madhya Pradesh,Retired,452300.00,2016-12-03
CUST01184,Kunal Pillai,Male,2000-07-14,Durgapur,West Bengal,Sales & Marketing Manager,480900.00,2017-03-26
CUST01185,Praveen Banerjee,Male,1990-03-04,Madurai,Tamil Nadu,Lawyer,1548800.00,2020-02-06
CUST01186,Harsh Sharma,Male,1993-01-15,Nashik,Maharashtra,Banker,704100.00,2016-03-29
CUST01187,Venkatesh Malhotra,Male,1956-05-26,Nagpur,Maharashtra,Retired,732800.00,2016-06-16
CUST01188,Tanvi Gowda,Female,1957-07-26,Kolkata,West Bengal,Chartered Accountant,1786700.00,2018-06-25
CUST01189,Shikha Patnaik,Female,1959-11-09,Thiruvananthapuram,Kerala,Business Owner,526100.00,2016-08-07
CUST01190,Karthik Patil,Male,1987-10-05,Pune,Maharashtra,Retired,584600.00,2020-07-03
CUST01191,Varun Patel,Male,1956-05-15,Madurai,Tamil Nadu,Lawyer,2262000.00,2020-02-13
CUST01192,Manoj Chatterjee,Male,1977-08-22,Chennai,Tamil Nadu,Banker,823900.00,2021-12-05
CUST01193,Bhavna Bhat,Female,1961-03-30,Gwalior,Madhya Pradesh,Consultant,798100.00,2022-11-01
CUST01194,Sunita Nair,Female,1985-08-14,Guwahati,Assam,Government Employee,1133300.00,2015-10-01
CUST01195,Sonal Iyengar,Female,1971-12-03,Kota,Rajasthan,Civil / Mechanical Engineer,521200.00,2019-02-19
CUST01196,Reyansh Bansal,Male,1982-12-04,Panaji,Goa,Chartered Accountant,1155000.00,2020-09-03
CUST01197,Vivaan Singh,Male,1962-07-11,Jabalpur,Madhya Pradesh,Freelancer / Creator,715700.00,2018-11-08
CUST01198,Neha Hegde,Female,2001-06-26,Mysuru,Karnataka,Doctor,2360000.00,2016-07-13
CUST01199,Vijay Kapoor,Male,1971-11-07,Jaipur,Rajasthan,Doctor,2006500.00,2017-09-19
CUST01200,Lakshmi Joshi,Female,1973-02-09,Bengaluru,Karnataka,Chartered Accountant,2209300.00,2021-10-22
CUST01201,Deepak Deshmukh,Male,1968-12-13,Bengaluru,Karnataka,Doctor,2277100.00,2015-02-15
CUST01202,Ishita Menon,Female,1981-04-01,Kochi,Kerala,Freelancer / Creator,331000.00,2022-07-27
CUST01203,Abhishek Mohanty,Male,1999-08-10,Ranchi,Jharkhand,Lawyer,1825100.00,2022-05-27
CUST01204,Aditi Mohanty,Female,1983-11-16,Chandigarh,Punjab,Consultant,657200.00,2023-08-30
CUST01205,Rohan Rao,Male,1980-02-29,Hyderabad,Telangana,Doctor,835300.00,2015-04-25
CUST01206,Swati Iyer,Female,1959-07-24,Jaipur,Rajasthan,Business Owner,3855600.00,2016-01-31
CUST01207,Vandana Nair,Female,1957-04-07,Gurugram,Haryana,Banker,1166300.00,2018-09-01
CUST01208,Devendra Iyer,Male,1964-03-16,Guwahati,Assam,Banker,1720600.00,2016-05-09
CUST01209,Reyansh Tripathi,Male,1983-04-04,New Delhi,Delhi,Banker,1350200.00,2015-02-19
CUST01210,Gaurav Reddy,Male,1998-07-30,Thiruvananthapuram,Kerala,Lawyer,1747800.00,2015-06-29
CUST01211,Rahul Shetty,Male,1983-08-29,Bhubaneswar,Odisha,Doctor,2367600.00,2023-11-16
CUST01212,Ritu Nair,Female,1987-05-14,Durgapur,West Bengal,Teacher / Professor,1184200.00,2022-10-23
CUST01213,Ashish Mohanty,Male,1995-01-12,Chennai,Tamil Nadu,Lawyer,2023400.00,2022-09-17
CUST01214,Tarun Malhotra,Male,1999-01-11,Noida,Uttar Pradesh,Consultant,2063800.00,2020-01-13
CUST01215,Devendra Nayak,Male,1988-10-17,Jamshedpur,Jharkhand,Freelancer / Creator,1189500.00,2017-08-10
CUST01216,Hemant Deshmukh,Male,1984-03-01,Durg,Chhattisgarh,Banker,1484400.00,2021-12-13
CUST01217,Krishna Shukla,Male,1972-01-31,Hyderabad,Telangana,Chartered Accountant,1376300.00,2022-03-14
CUST01218,Ajay Patil,Male,1975-01-14,Amritsar,Punjab,Government Employee,749300.00,2023-10-29
CUST01219,Archana Shetty,Female,1962-02-04,Kota,Rajasthan,Software Engineer,1012200.00,2023-03-21
CUST01220,Vikram Iyengar,Male,1969-06-04,Raipur,Chhattisgarh,Business Owner,3305100.00,2022-10-22
CUST01221,Garima Bhat,Female,1970-01-18,Chennai,Tamil Nadu,Sales & Marketing Manager,1174200.00,2015-09-22
CUST01222,Ananya Iyer,Female,1999-08-11,Agra,Uttar Pradesh,Business Owner,939500.00,2016-12-12
CUST01223,Anjali Rao,Female,1971-05-22,Rajkot,Gujarat,Freelancer / Creator,720400.00,2016-11-03
CUST01224,Sunita Gowda,Female,1991-08-25,Visakhapatnam,Andhra Pradesh,Government Employee,713900.00,2020-01-11
CUST01225,Neha Das,Female,1973-05-22,Surat,Gujarat,Banker,991000.00,2020-04-12
CUST01226,Mayank Pawar,Male,1955-11-22,Kota,Rajasthan,Chartered Accountant,2175300.00,2023-11-25
CUST01227,Hemant Bhat,Male,1976-05-19,Kota,Rajasthan,Retired,760800.00,2021-09-03
CUST01228,Kunal Pradhan,Male,1992-02-20,Nagpur,Maharashtra,Sales & Marketing Manager,801700.00,2018-03-06
CUST01229,Sachin Malhotra,Male,1999-01-12,Amritsar,Punjab,Freelancer / Creator,722300.00,2016-09-25
CUST01230,Saanvi Sharma,Female,1970-12-22,Bhubaneswar,Odisha,Banker,1703400.00,2019-06-05
CUST01231,Divya Bhat,Female,1972-01-25,Indore,Madhya Pradesh,Consultant,760400.00,2015-06-09
CUST01232,Riya Bhat,Female,1967-04-09,Hyderabad,Telangana,Retail Trader,851700.00,2017-11-11
CUST01233,Richa Pradhan,Female,1980-10-14,Bilaspur,Chhattisgarh,Sales & Marketing Manager,1180200.00,2019-02-17
CUST01234,Pallavi Bhat,Female,1976-02-25,Visakhapatnam,Andhra Pradesh,Sales & Marketing Manager,489700.00,2019-01-20
CUST01235,Shilpa Verma,Female,1958-07-26,Indore,Madhya Pradesh,Chartered Accountant,1170400.00,2020-02-09
CUST01236,Ishita Choudhury,Female,1987-08-27,Jamshedpur,Jharkhand,Lawyer,2183000.00,2015-02-20
CUST01237,Sai Mukherjee,Male,1957-12-17,Vadodara,Gujarat,Freelancer / Creator,827500.00,2015-11-26
CUST01238,Rohan Gowda,Male,1992-11-25,Mysuru,Karnataka,Freelancer / Creator,572000.00,2020-12-23
CUST01239,Aditi Yadav,Female,1983-12-03,Kota,Rajasthan,Retired,762200.00,2015-12-31
CUST01240,Varun Saikia,Male,1981-04-19,Thiruvananthapuram,Kerala,Freelancer / Creator,488600.00,2023-05-23
CUST01241,Anand Sharma,Male,1992-10-23,New Delhi,Delhi,Doctor,953700.00,2022-10-23
CUST01242,Venkatesh Mukherjee,Male,1984-11-23,Bengaluru,Karnataka,Chartered Accountant,1374400.00,2022-11-23
CUST01243,Nikhil Pillai,Male,1971-05-06,Panaji,Goa,Consultant,1912300.00,2017-01-30
CUST01244,Vijay Pillai,Male,1991-02-19,Nashik,Maharashtra,Sales & Marketing Manager,1170900.00,2022-01-01
CUST01245,Devendra Nair,Male,1998-02-01,Lucknow,Uttar Pradesh,Banker,662100.00,2015-09-21
CUST01246,Sumit Rao,Male,1972-10-26,Jabalpur,Madhya Pradesh,Retail Trader,465900.00,2015-09-08
CUST01247,Aarav Saha,Male,1966-06-10,Dehradun,Uttarakhand,Business Owner,2328200.00,2015-01-30
CUST01248,Harsh Bora,Male,1985-10-26,Kolkata,West Bengal,Retail Trader,737600.00,2019-10-26
CUST01249,Sunil Pandey,Male,1983-03-01,Surat,Gujarat,Lawyer,1296900.00,2021-11-06
CUST01250,Sanjay Pandey,Male,1997-06-30,Aurangabad,Maharashtra,Healthcare Worker / Nurse,719000.00,2023-02-18
CUST01251,Avani Verma,Female,1965-04-30,Ranchi,Jharkhand,Government Employee,1446200.00,2023-06-05
CUST01252,Divya Menon,Female,1963-07-15,Raipur,Chhattisgarh,Healthcare Worker / Nurse,585100.00,2019-08-20
CUST01253,Saanvi Ghosh,Female,1983-06-23,Bhopal,Madhya Pradesh,Teacher / Professor,1092400.00,2023-04-02
CUST01254,Abhishek Reddy,Male,1964-10-26,Vadodara,Gujarat,Freelancer / Creator,851300.00,2015-11-30
CUST01255,Pranav Saha,Male,1959-05-11,Ujjain,Madhya Pradesh,Banker,882000.00,2017-03-10
CUST01256,Archana Chauhan,Female,1957-10-16,Gurugram,Haryana,Chartered Accountant,1596300.00,2015-12-23
CUST01257,Sunil Srivastava,Male,1974-04-06,Panaji,Goa,Doctor,1860800.00,2021-01-23
CUST01258,Rahul Nair,Male,1960-07-08,Lucknow,Uttar Pradesh,Doctor,1756800.00,2023-01-10
CUST01259,Manish Bhat,Male,1986-03-11,Ujjain,Madhya Pradesh,Government Employee,1132500.00,2022-07-09
CUST01260,Krishna Saxena,Male,1962-10-23,Lucknow,Uttar Pradesh,Retail Trader,1145600.00,2017-07-05
CUST01261,Aarti Patil,Female,1998-08-06,Pune,Maharashtra,Banker,1683200.00,2023-05-02
CUST01262,Aditi Mukherjee,Female,1961-09-17,Rajkot,Gujarat,Retail Trader,618400.00,2017-11-27
CUST01263,Sai Deshmukh,Male,1998-01-08,Durg,Chhattisgarh,Consultant,2102700.00,2023-05-08
CUST01264,Ritu Shukla,Female,1995-01-22,Nagpur,Maharashtra,Consultant,1792200.00,2018-06-27
CUST01265,Akash Iyer,Male,1978-11-27,Mumbai,Maharashtra,Retail Trader,769800.00,2022-08-14
CUST01266,Avani Agarwal,Female,1960-08-27,Jamshedpur,Jharkhand,Business Owner,873100.00,2015-02-07
CUST01267,Gaurav Mishra,Male,1994-01-31,Coimbatore,Tamil Nadu,Sales & Marketing Manager,1232000.00,2016-08-26
CUST01268,Ishita Nayak,Female,1960-07-07,Gurugram,Haryana,Consultant,1146200.00,2020-08-19
CUST01269,Riya Das,Female,1957-09-11,Kolkata,West Bengal,Lawyer,2157400.00,2020-07-20
CUST01270,Praveen Mehta,Male,1982-04-14,Bilaspur,Chhattisgarh,Business Owner,3468200.00,2017-07-10
CUST01271,Aarohi Saikia,Female,1991-10-25,Ujjain,Madhya Pradesh,Banker,888800.00,2022-05-24
CUST01272,Pooja Verma,Female,1967-12-13,Pune,Maharashtra,Banker,1381300.00,2018-11-27
CUST01273,Preeti Singh,Female,1970-02-07,Madurai,Tamil Nadu,Freelancer / Creator,1130800.00,2022-11-11
CUST01274,Preeti Gupta,Female,1995-01-17,Kota,Rajasthan,Retail Trader,1017400.00,2015-08-10
CUST01275,Kalyani Chatterjee,Female,1973-07-31,Bengaluru,Karnataka,Consultant,863200.00,2022-10-21
CUST01276,Ishaan Iyengar,Male,1990-03-23,Durg,Chhattisgarh,Lawyer,518300.00,2023-02-21
CUST01277,Diya Dutta,Female,1993-12-21,Rajkot,Gujarat,Lawyer,2183300.00,2015-08-19
CUST01278,Pranav Pillai,Male,2000-05-01,Patna,Bihar,Lawyer,1177000.00,2019-11-12
CUST01279,Nisha Pradhan,Female,1978-02-26,Gurugram,Haryana,Doctor,1329900.00,2020-06-24
CUST01280,Sachin Pillai,Male,1961-12-21,Prayagraj,Uttar Pradesh,Freelancer / Creator,1192000.00,2022-07-10
CUST01281,Aarti Kapoor,Female,1961-12-18,Thiruvananthapuram,Kerala,Lawyer,1806400.00,2019-02-13
CUST01282,Ayaan Kumar,Male,1995-10-24,Indore,Madhya Pradesh,Lawyer,2317000.00,2017-07-10
CUST01283,Varun Chauhan,Male,1973-02-11,Gwalior,Madhya Pradesh,Freelancer / Creator,385100.00,2021-08-25
CUST01284,Pranav Mukherjee,Male,1958-11-21,Vijayawada,Andhra Pradesh,Consultant,844100.00,2018-08-25
CUST01285,Akash Pillai,Male,1977-07-08,Noida,Uttar Pradesh,Banker,1222900.00,2021-01-06
CUST01286,Archana Bhatia,Female,1998-10-09,Jamshedpur,Jharkhand,Civil / Mechanical Engineer,1113700.00,2023-11-11
CUST01287,Richa Bora,Female,1989-07-29,Kanpur,Uttar Pradesh,Chartered Accountant,2251600.00,2022-10-18
CUST01288,Kunal Menon,Male,1983-04-30,Gurugram,Haryana,Chartered Accountant,1735100.00,2022-04-27
CUST01289,Kunal Choudhury,Male,2001-05-19,Kanpur,Uttar Pradesh,Civil / Mechanical Engineer,698600.00,2021-02-07
CUST01290,Tarun Sharma,Male,1988-01-29,Gurugram,Haryana,Civil / Mechanical Engineer,1304600.00,2018-04-16
CUST01291,Lakshmi Joshi,Female,1966-10-23,Gwalior,Madhya Pradesh,Teacher / Professor,794300.00,2018-12-13
CUST01292,Shikha Iyengar,Female,1959-05-12,Raipur,Chhattisgarh,Healthcare Worker / Nurse,326800.00,2015-05-31
CUST01293,Anand Iyengar,Male,1994-08-27,Siliguri,West Bengal,Business Owner,2571200.00,2018-02-10
CUST01294,Mohit Gowda,Male,1998-09-23,Mysuru,Karnataka,Government Employee,820000.00,2016-10-30
CUST01295,Sai Choudhury,Male,1959-11-26,Gwalior,Madhya Pradesh,Chartered Accountant,1664600.00,2015-10-17
CUST01296,Shreya Ghosh,Female,1958-08-05,Hyderabad,Telangana,Freelancer / Creator,634900.00,2022-05-16
CUST01297,Shikha Patil,Female,1992-11-29,Agra,Uttar Pradesh,Teacher / Professor,1193600.00,2019-11-12
CUST01298,Sachin Rao,Male,1999-02-13,Kanpur,Uttar Pradesh,Civil / Mechanical Engineer,510000.00,2021-02-24
CUST01299,Rajesh Ghosh,Male,1997-12-28,Pune,Maharashtra,Retail Trader,664200.00,2023-12-14
CUST01300,Aarav Gupta,Male,1979-03-10,Nagpur,Maharashtra,Doctor,2522000.00,2016-05-20
CUST01301,Ajay Chatterjee,Male,1965-10-24,Dehradun,Uttarakhand,Civil / Mechanical Engineer,748900.00,2021-06-01
CUST01302,Payal Das,Female,1965-05-12,Chandigarh,Punjab,Chartered Accountant,1272400.00,2023-06-07
CUST01303,Sanjay Nayak,Male,1959-10-02,Siliguri,West Bengal,Consultant,2017100.00,2019-07-08
CUST01304,Krishna Choudhury,Male,2002-07-15,Patna,Bihar,Freelancer / Creator,439900.00,2016-06-01
CUST01305,Varun Nayak,Male,1986-06-04,Ujjain,Madhya Pradesh,Lawyer,2449000.00,2022-12-07
CUST01306,Shilpa Patil,Female,1976-11-09,Chennai,Tamil Nadu,Sales & Marketing Manager,1584200.00,2023-12-15
CUST01307,Deepak Das,Male,1975-10-08,Bilaspur,Chhattisgarh,Retired,761900.00,2017-07-26
CUST01308,Sai Chatterjee,Male,1977-01-22,Lucknow,Uttar Pradesh,Lawyer,658900.00,2023-03-09
CUST01309,Sai Nair,Male,1967-06-02,Lucknow,Uttar Pradesh,Freelancer / Creator,557300.00,2020-07-11
CUST01310,Saanvi Gowda,Female,1959-10-14,Ujjain,Madhya Pradesh,Chartered Accountant,1563400.00,2020-10-10
CUST01311,Shilpa Saxena,Female,1959-04-29,Vadodara,Gujarat,Software Engineer,1709300.00,2023-05-14
CUST01312,Naveen Mohanty,Male,1969-01-06,Visakhapatnam,Andhra Pradesh,Freelancer / Creator,895100.00,2020-12-03
CUST01313,Aadhya Patil,Female,1975-04-06,Jabalpur,Madhya Pradesh,Retired,741000.00,2020-11-14
CUST01314,Priya Singh,Female,1980-04-23,Patna,Bihar,Teacher / Professor,1159600.00,2019-09-28
CUST01315,Shaurya Shukla,Male,1996-01-09,Jabalpur,Madhya Pradesh,Business Owner,3411000.00,2023-08-06
CUST01316,Sneha Chatterjee,Female,1973-02-01,Mysuru,Karnataka,Business Owner,507800.00,2022-01-29
CUST01317,Rahul Chatterjee,Male,1961-10-11,Gurugram,Haryana,Retired,531500.00,2021-12-05
CUST01318,Aarohi Tripathi,Female,2002-08-20,Aurangabad,Maharashtra,Teacher / Professor,603600.00,2016-03-14
CUST01319,Ajay Pillai,Male,1978-01-01,New Delhi,Delhi,Doctor,1747800.00,2017-03-20
CUST01320,Mayank Kulkarni,Male,1977-04-29,Bhubaneswar,Odisha,Software Engineer,880100.00,2022-05-13
CUST01321,Pranav Hegde,Male,1980-01-29,Surat,Gujarat,Banker,1659900.00,2021-01-06
CUST01322,Diya Menon,Female,1960-11-19,Bengaluru,Karnataka,Chartered Accountant,1336700.00,2019-11-13
CUST01323,Manoj Iyer,Male,1996-03-25,Madurai,Tamil Nadu,Software Engineer,840600.00,2019-09-21
CUST01324,Aadhya Nair,Female,1961-03-22,Kolkata,West Bengal,Lawyer,2465900.00,2016-05-01
CUST01325,Kunal Bhatia,Male,1960-04-26,Mumbai,Maharashtra,Retail Trader,1229100.00,2019-06-26
CUST01326,Vijay Bhat,Male,1995-05-06,Dehradun,Uttarakhand,Retail Trader,374300.00,2016-09-29
CUST01327,Aarav Saikia,Male,1960-03-01,Chandigarh,Punjab,Lawyer,2159700.00,2019-10-26
CUST01328,Simran Sharma,Female,1975-10-29,Madurai,Tamil Nadu,Government Employee,934500.00,2023-07-14
CUST01329,Mohit Kulkarni,Male,1956-10-13,Chennai,Tamil Nadu,Business Owner,1484000.00,2016-04-16
CUST01330,Radha Rao,Female,1960-11-24,Hyderabad,Telangana,Sales & Marketing Manager,1262400.00,2016-02-27
CUST01331,Shikha Pawar,Female,1992-03-26,Jamshedpur,Jharkhand,Lawyer,1769000.00,2017-07-28
CUST01332,Karthik Patel,Male,1986-03-25,Agra,Uttar Pradesh,Banker,523000.00,2017-03-28
CUST01333,Vihaan Bhat,Male,1976-10-06,Vijayawada,Andhra Pradesh,Freelancer / Creator,870000.00,2017-08-05
CUST01334,Naveen Malhotra,Male,1999-10-13,Rajkot,Gujarat,Lawyer,603300.00,2016-03-26
CUST01335,Ramesh Tripathi,Male,1957-11-29,Visakhapatnam,Andhra Pradesh,Teacher / Professor,1110800.00,2017-01-14
CUST01336,Vihaan Saha,Male,1956-01-18,Kochi,Kerala,Government Employee,919300.00,2021-10-20
CUST01337,Atharva Choudhury,Male,1971-12-27,Pune,Maharashtra,Government Employee,522700.00,2022-07-03
CUST01338,Kunal Saikia,Male,1995-01-13,Surat,Gujarat,Freelancer / Creator,1029000.00,2023-05-02
CUST01339,Archana Patil,Female,1980-03-01,Indore,Madhya Pradesh,Government Employee,631000.00,2019-04-23
CUST01340,Reyansh Joshi,Male,1962-08-27,Kanpur,Uttar Pradesh,Software Engineer,1655800.00,2022-05-04
CUST01341,Neha Patnaik,Female,1975-05-12,Jaipur,Rajasthan,Civil / Mechanical Engineer,1019000.00,2018-05-19
CUST01342,Richa Iyer,Female,1969-04-14,Gurugram,Haryana,Chartered Accountant,1045100.00,2021-03-04
CUST01343,Richa Srivastava,Female,1980-12-26,Panaji,Goa,Lawyer,1934700.00,2019-11-22
CUST01344,Venkatesh Agarwal,Male,1971-06-20,Bengaluru,Karnataka,Consultant,1074900.00,2016-06-12
CUST01345,Varun Mehta,Male,1959-03-26,Durg,Chhattisgarh,Healthcare Worker / Nurse,538500.00,2022-09-05
CUST01346,Mayank Singh,Male,1992-11-19,Kota,Rajasthan,Civil / Mechanical Engineer,784200.00,2023-09-28
CUST01347,Sachin Das,Male,1990-03-29,New Delhi,Delhi,Chartered Accountant,1729400.00,2021-08-22
CUST01348,Shikha Kapoor,Female,1970-10-06,Mysuru,Karnataka,Government Employee,1337700.00,2018-04-28
CUST01349,Payal Deshmukh,Female,1993-03-09,Gurugram,Haryana,Civil / Mechanical Engineer,638200.00,2015-06-10
CUST01350,Shreya Joshi,Female,1986-06-05,Indore,Madhya Pradesh,Business Owner,3963400.00,2017-05-10
CUST01351,Aarav Mukherjee,Male,1980-08-12,Durgapur,West Bengal,Teacher / Professor,625900.00,2022-11-29
CUST01352,Deepika Pradhan,Female,1994-12-04,Shillong,Meghalaya,Government Employee,757100.00,2015-08-23
CUST01353,Saanvi Tripathi,Female,1989-02-08,Chennai,Tamil Nadu,Government Employee,1468800.00,2021-01-10
CUST01354,Aarti Saikia,Female,1966-05-08,Ujjain,Madhya Pradesh,Freelancer / Creator,919300.00,2022-05-02
CUST01355,Devendra Ghosh,Male,1964-09-22,Kochi,Kerala,Healthcare Worker / Nurse,565300.00,2018-08-21
CUST01356,Sumit Ghosh,Male,1978-04-13,Panaji,Goa,Business Owner,3054300.00,2019-11-13
CUST01357,Pranav Kumar,Male,1972-03-30,Aurangabad,Maharashtra,Chartered Accountant,2168100.00,2016-12-22
CUST01358,Nikhil Pradhan,Male,1991-08-04,Madurai,Tamil Nadu,Software Engineer,1158300.00,2016-12-28
CUST01359,Shilpa Patil,Female,1991-05-27,Agra,Uttar Pradesh,Doctor,1738100.00,2020-02-07
CUST01360,Preeti Gupta,Female,1956-10-05,Amritsar,Punjab,Freelancer / Creator,975400.00,2015-02-18
CUST01361,Aditi Bhat,Female,2002-05-06,New Delhi,Delhi,Retail Trader,1305100.00,2015-06-29
CUST01362,Ashish Kumar,Male,1986-04-19,Bhopal,Madhya Pradesh,Consultant,670900.00,2015-02-08
CUST01363,Diya Saxena,Female,1956-01-09,Bilaspur,Chhattisgarh,Doctor,1245100.00,2020-05-21
CUST01364,Lakshmi Nair,Female,1984-01-13,Kolkata,West Bengal,Chartered Accountant,1138900.00,2021-02-04
CUST01365,Nisha Saxena,Female,1996-06-20,Gurugram,Haryana,Doctor,1998200.00,2016-02-25
CUST01366,Venkatesh Kulkarni,Male,2003-03-09,Noida,Uttar Pradesh,Business Owner,1995000.00,2016-08-26
CUST01367,Deepak Reddy,Male,1959-12-17,Jabalpur,Madhya Pradesh,Retired,657400.00,2016-04-05
CUST01368,Ayaan Reddy,Male,1997-02-07,Ahmedabad,Gujarat,Doctor,2154500.00,2016-04-29
CUST01369,Sai Patel,Male,1965-04-15,Chennai,Tamil Nadu,Banker,1189600.00,2021-09-22
CUST01370,Naveen Kulkarni,Male,1960-07-15,Vijayawada,Andhra Pradesh,Consultant,1917200.00,2018-11-27
CUST01371,Shreya Bhatia,Female,1960-12-25,Mysuru,Karnataka,Retail Trader,1393000.00,2023-12-16
CUST01372,Aarav Kulkarni,Male,1962-04-17,Mumbai,Maharashtra,Chartered Accountant,1403100.00,2023-02-02
CUST01373,Jyoti Singh,Female,1995-09-09,Rajkot,Gujarat,Freelancer / Creator,550600.00,2016-01-06
CUST01374,Krishna Pillai,Male,1979-01-02,Mumbai,Maharashtra,Sales & Marketing Manager,937400.00,2022-10-11
CUST01375,Garima Ghosh,Female,1982-04-22,Indore,Madhya Pradesh,Retired,423000.00,2019-09-11
CUST01376,Akash Saxena,Male,1971-10-02,Guwahati,Assam,Healthcare Worker / Nurse,438100.00,2015-12-09
CUST01377,Monika Agarwal,Female,1966-07-11,Durg,Chhattisgarh,Business Owner,2960800.00,2017-08-21
CUST01378,Rahul Verma,Male,1979-09-19,Kolkata,West Bengal,Chartered Accountant,2357600.00,2015-09-02
CUST01379,Divya Saikia,Female,1995-02-01,Aurangabad,Maharashtra,Chartered Accountant,2203500.00,2021-03-08
CUST01380,Monika Rao,Female,1990-03-09,Chandigarh,Punjab,Freelancer / Creator,424000.00,2022-10-20
CUST01381,Aditi Pradhan,Female,2001-07-10,Rajkot,Gujarat,Teacher / Professor,396000.00,2016-03-10
CUST01382,Ananya Malhotra,Female,1965-04-12,Noida,Uttar Pradesh,Chartered Accountant,1357400.00,2015-11-20
CUST01383,Aarav Chauhan,Male,1977-04-16,Kota,Rajasthan,Chartered Accountant,1545600.00,2016-07-27
CUST01384,Radha Chatterjee,Female,1972-12-03,Ujjain,Madhya Pradesh,Teacher / Professor,727400.00,2022-03-26
CUST01385,Sneha Deshmukh,Female,1994-06-01,Indore,Madhya Pradesh,Software Engineer,1687500.00,2016-12-11
CUST01386,Aarav Hegde,Male,1975-07-18,Aurangabad,Maharashtra,Civil / Mechanical Engineer,1111400.00,2017-11-22
CUST01387,Shikha Chatterjee,Female,1958-03-07,Rajkot,Gujarat,Retired,378400.00,2016-01-12
CUST01388,Krishna Nayak,Male,1989-12-08,Shillong,Meghalaya,Software Engineer,994000.00,2017-01-22
CUST01389,Payal Patil,Female,1998-07-12,Aurangabad,Maharashtra,Sales & Marketing Manager,810200.00,2022-03-14
CUST01390,Praveen Nair,Male,1999-12-23,Indore,Madhya Pradesh,Banker,753100.00,2016-03-20
CUST01391,Alok Patil,Male,1982-06-17,Visakhapatnam,Andhra Pradesh,Government Employee,579000.00,2016-03-12
CUST01392,Sachin Sharma,Male,1984-03-26,Siliguri,West Bengal,Business Owner,2734400.00,2015-05-13
CUST01393,Sai Chauhan,Male,1967-06-09,Cuttack,Odisha,Retail Trader,906400.00,2015-07-16
CUST01394,Anand Sharma,Male,1981-02-07,Vadodara,Gujarat,Civil / Mechanical Engineer,594900.00,2023-06-07
CUST01395,Sanjay Joshi,Male,1958-07-21,Dehradun,Uttarakhand,Teacher / Professor,696200.00,2023-04-25
CUST01396,Mayank Saikia,Male,1994-06-19,Jamshedpur,Jharkhand,Retail Trader,789400.00,2021-07-29
CUST01397,Aadhya Banerjee,Female,1993-04-15,Jabalpur,Madhya Pradesh,Sales & Marketing Manager,540600.00,2022-01-07
CUST01398,Manoj Reddy,Male,1989-07-18,Indore,Madhya Pradesh,Chartered Accountant,2083900.00,2016-10-21
CUST01399,Shikha Agarwal,Female,1956-08-24,Indore,Madhya Pradesh,Civil / Mechanical Engineer,1330200.00,2018-10-30
CUST01400,Krishna Pandey,Male,1984-12-29,Shillong,Meghalaya,Healthcare Worker / Nurse,864100.00,2015-06-13
CUST01401,Aarti Dutta,Female,1979-03-01,Kochi,Kerala,Consultant,1590700.00,2016-09-16
CUST01402,Nikhil Gupta,Male,2003-04-19,Prayagraj,Uttar Pradesh,Healthcare Worker / Nurse,485700.00,2023-12-11
CUST01403,Pari Bhatia,Female,1996-11-11,Mumbai,Maharashtra,Chartered Accountant,2381300.00,2016-10-23
CUST01404,Varun Shukla,Male,1981-05-17,Jaipur,Rajasthan,Chartered Accountant,1979200.00,2020-03-02
CUST01405,Pranav Choudhury,Male,1974-08-03,Amritsar,Punjab,Doctor,2937700.00,2020-06-22
CUST01406,Deepak Hegde,Male,1976-08-18,Jabalpur,Madhya Pradesh,Chartered Accountant,1493500.00,2020-09-30
CUST01407,Meera Shukla,Female,1997-07-17,Nashik,Maharashtra,Civil / Mechanical Engineer,850100.00,2022-08-27
CUST01408,Pankaj Mehta,Male,1956-02-26,Gwalior,Madhya Pradesh,Healthcare Worker / Nurse,636500.00,2016-09-25
CUST01409,Sneha Bhat,Female,1992-09-13,Vadodara,Gujarat,Healthcare Worker / Nurse,343800.00,2019-05-10
CUST01410,Vandana Kumar,Female,1980-11-05,Aurangabad,Maharashtra,Lawyer,1570200.00,2020-03-19
CUST01411,Atharva Pradhan,Male,1996-12-10,Prayagraj,Uttar Pradesh,Banker,759300.00,2018-09-08
CUST01412,Rajesh Patil,Male,1972-03-14,Gwalior,Madhya Pradesh,Freelancer / Creator,728600.00,2018-02-14
CUST01413,Akash Kulkarni,Male,1973-04-18,Bhopal,Madhya Pradesh,Business Owner,1620700.00,2015-05-09
CUST01414,Aarti Bhat,Female,1999-12-28,Rajkot,Gujarat,Sales & Marketing Manager,695400.00,2017-05-16
CUST01415,Richa Dutta,Female,1976-02-13,Mysuru,Karnataka,Lawyer,852200.00,2016-08-03
CUST01416,Karthik Kumar,Male,1983-11-12,Nashik,Maharashtra,Civil / Mechanical Engineer,614100.00,2017-11-28
CUST01417,Vihaan Kumar,Male,1976-01-07,Kota,Rajasthan,Government Employee,581000.00,2018-12-01
CUST01418,Jyoti Malhotra,Female,1968-07-14,Bengaluru,Karnataka,Freelancer / Creator,693100.00,2022-10-09
CUST01419,Aarav Srivastava,Male,1965-03-22,Jaipur,Rajasthan,Freelancer / Creator,901200.00,2021-11-30
CUST01420,Tarun Pradhan,Male,1956-01-20,New Delhi,Delhi,Chartered Accountant,2313700.00,2016-08-27
CUST01421,Manish Deshmukh,Male,1959-12-05,Mysuru,Karnataka,Civil / Mechanical Engineer,1122300.00,2020-01-20
CUST01422,Avani Ghosh,Female,1974-08-08,Jamshedpur,Jharkhand,Doctor,880300.00,2023-05-13
CUST01423,Monika Mohanty,Female,1969-04-07,Durgapur,West Bengal,Banker,781000.00,2017-05-09
CUST01424,Shilpa Chauhan,Female,2002-12-24,Surat,Gujarat,Software Engineer,1143500.00,2018-06-11
CUST01425,Ayaan Mohanty,Male,1971-08-03,Aurangabad,Maharashtra,Banker,1033500.00,2018-12-13
CUST01426,Meenakshi Agarwal,Female,1982-05-04,Chennai,Tamil Nadu,Sales & Marketing Manager,942600.00,2016-12-25
CUST01427,Shaurya Saxena,Male,1975-12-18,Madurai,Tamil Nadu,Healthcare Worker / Nurse,695800.00,2022-08-18
CUST01428,Deepak Mohanty,Male,1964-05-11,Lucknow,Uttar Pradesh,Retail Trader,1312800.00,2016-01-03
CUST01429,Prerna Shetty,Female,1996-10-20,Durg,Chhattisgarh,Retail Trader,1067400.00,2021-02-09
CUST01430,Abhishek Bansal,Male,1966-06-15,Raipur,Chhattisgarh,Government Employee,1336900.00,2017-05-17
CUST01431,Gaurav Srivastava,Male,1979-05-04,Hyderabad,Telangana,Healthcare Worker / Nurse,581700.00,2016-05-24
CUST01432,Gaurav Shetty,Male,1961-07-06,Durg,Chhattisgarh,Banker,509900.00,2019-03-15
CUST01433,Shikha Banerjee,Female,1985-07-29,Mysuru,Karnataka,Government Employee,1322300.00,2023-12-01
CUST01434,Shilpa Rao,Female,2002-12-01,Gurugram,Haryana,Software Engineer,647200.00,2023-11-12
CUST01435,Harsh Nayak,Male,1965-01-20,Pune,Maharashtra,Chartered Accountant,2426500.00,2019-10-28
CUST01436,Karthik Iyer,Male,1963-08-06,Vadodara,Gujarat,Healthcare Worker / Nurse,330900.00,2021-06-24
CUST01437,Devendra Bhat,Male,1957-04-04,Vadodara,Gujarat,Retired,459100.00,2016-10-10
CUST01438,Reyansh Patnaik,Male,1994-10-16,Kanpur,Uttar Pradesh,Lawyer,1653900.00,2019-05-25
CUST01439,Nisha Choudhury,Female,1968-04-10,Mumbai,Maharashtra,Business Owner,826400.00,2015-04-16
CUST01440,Devendra Saikia,Male,1966-04-14,Noida,Uttar Pradesh,Consultant,1746700.00,2015-11-19
CUST01441,Vivaan Nayak,Male,1957-04-26,Aurangabad,Maharashtra,Lawyer,1763000.00,2019-01-06
CUST01442,Pankaj Reddy,Male,1984-03-23,Guwahati,Assam,Healthcare Worker / Nurse,447200.00,2023-09-30
CUST01443,Aditi Saikia,Female,1986-07-29,Chandigarh,Punjab,Government Employee,491300.00,2016-08-11
CUST01444,Nisha Yadav,Female,1997-05-06,Aurangabad,Maharashtra,Retired,597900.00,2016-03-14
CUST01445,Suresh Pillai,Male,1998-05-23,Bhubaneswar,Odisha,Healthcare Worker / Nurse,516800.00,2017-05-01
CUST01446,Nikhil Verma,Male,1977-05-25,Bhubaneswar,Odisha,Lawyer,652600.00,2022-09-16
CUST01447,Manish Ghosh,Male,1975-04-10,Chennai,Tamil Nadu,Government Employee,411200.00,2017-01-01
CUST01448,Nisha Patil,Female,2001-05-02,Pune,Maharashtra,Teacher / Professor,761300.00,2021-11-19
CUST01449,Saanvi Nair,Female,1970-02-21,Kanpur,Uttar Pradesh,Business Owner,2621400.00,2021-01-04
CUST01450,Mayank Bora,Male,1994-03-13,Surat,Gujarat,Doctor,2776900.00,2015-05-01
CUST01451,Amit Kumar,Male,1956-07-12,Amritsar,Punjab,Government Employee,701000.00,2017-03-27
CUST01452,Rashmi Patnaik,Female,1967-08-02,Madurai,Tamil Nadu,Sales & Marketing Manager,1307000.00,2020-07-23
CUST01453,Karthik Iyer,Male,1987-04-04,Hyderabad,Telangana,Lawyer,2192100.00,2023-01-17
CUST01454,Karthik Gupta,Male,1965-09-04,Vijayawada,Andhra Pradesh,Chartered Accountant,2129400.00,2023-02-05
CUST01455,Abhishek Gowda,Male,1965-02-12,Mumbai,Maharashtra,Consultant,816700.00,2019-04-18
CUST01456,Varun Tripathi,Male,1979-08-12,Jaipur,Rajasthan,Sales & Marketing Manager,642300.00,2015-05-19
CUST01457,Deepika Yadav,Female,1977-02-01,Durgapur,West Bengal,Healthcare Worker / Nurse,826400.00,2020-12-12
CUST01458,Vivaan Deshmukh,Male,1992-01-17,Rajkot,Gujarat,Retail Trader,563800.00,2017-10-01
CUST01459,Tarun Shukla,Male,1980-04-17,Prayagraj,Uttar Pradesh,Teacher / Professor,454000.00,2018-07-28
CUST01460,Kalyani Pandey,Female,1989-11-05,Cuttack,Odisha,Retail Trader,719800.00,2017-08-10
CUST01461,Praveen Banerjee,Male,1965-03-15,Ranchi,Jharkhand,Business Owner,860200.00,2018-02-12
CUST01462,Vandana Singh,Female,1966-08-05,Nashik,Maharashtra,Lawyer,2012400.00,2018-07-25
CUST01463,Neha Iyer,Female,1999-10-22,Bhubaneswar,Odisha,Software Engineer,2382500.00,2019-09-22
CUST01464,Abhishek Nair,Male,1965-01-15,Jamshedpur,Jharkhand,Banker,807300.00,2015-03-29
CUST01465,Pankaj Chauhan,Male,2002-11-07,Madurai,Tamil Nadu,Chartered Accountant,2215000.00,2019-07-08
CUST01466,Akash Agarwal,Male,2001-01-10,Indore,Madhya Pradesh,Software Engineer,725000.00,2016-01-25
CUST01467,Monika Pradhan,Female,1984-02-11,Mumbai,Maharashtra,Retail Trader,747700.00,2015-11-23
CUST01468,Manish Bhatia,Male,1964-06-06,Vadodara,Gujarat,Government Employee,1166100.00,2020-02-05
CUST01469,Pankaj Deshmukh,Male,1979-08-19,Dehradun,Uttarakhand,Software Engineer,1003200.00,2015-02-12
CUST01470,Manish Mohanty,Male,1956-11-20,Coimbatore,Tamil Nadu,Chartered Accountant,858400.00,2023-02-13
CUST01471,Divya Saxena,Female,2002-07-14,Chandigarh,Punjab,Government Employee,1371700.00,2015-06-26
CUST01472,Anand Singh,Male,1987-01-14,Gwalior,Madhya Pradesh,Consultant,1877000.00,2019-04-04
CUST01473,Shaurya Joshi,Male,1965-11-08,Kanpur,Uttar Pradesh,Chartered Accountant,1274800.00,2016-08-29
CUST01474,Monika Ghosh,Female,1974-07-24,Kanpur,Uttar Pradesh,Civil / Mechanical Engineer,927600.00,2021-06-25
CUST01475,Nikhil Das,Male,1982-10-27,Coimbatore,Tamil Nadu,Doctor,1380400.00,2018-04-28
CUST01476,Rashmi Srivastava,Female,1987-07-29,Indore,Madhya Pradesh,Freelancer / Creator,1070300.00,2022-10-17
CUST01477,Nikhil Mehta,Male,1990-06-25,Raipur,Chhattisgarh,Business Owner,2138500.00,2019-04-27
CUST01478,Reyansh Pandey,Male,1989-09-02,Kota,Rajasthan,Civil / Mechanical Engineer,913900.00,2018-07-07
CUST01479,Tanvi Patnaik,Female,1973-07-31,Agra,Uttar Pradesh,Healthcare Worker / Nurse,602700.00,2016-06-16
CUST01480,Alok Bhat,Male,1974-08-18,Patna,Bihar,Business Owner,3230100.00,2017-02-08
CUST01481,Naveen Nair,Male,1960-01-25,Cuttack,Odisha,Lawyer,704100.00,2020-03-03
CUST01482,Simran Deshmukh,Female,1988-06-22,Aurangabad,Maharashtra,Chartered Accountant,1180200.00,2020-05-04
CUST01483,Lakshmi Tripathi,Female,1987-05-02,Siliguri,West Bengal,Doctor,1579700.00,2017-05-18
CUST01484,Mayank Gowda,Male,1971-01-12,Chandigarh,Punjab,Sales & Marketing Manager,763500.00,2016-02-05
CUST01485,Praveen Pradhan,Male,1976-03-23,Madurai,Tamil Nadu,Business Owner,1909400.00,2021-08-30
CUST01486,Sachin Bhatia,Male,1969-11-22,Dehradun,Uttarakhand,Lawyer,599700.00,2017-10-16
CUST01487,Kavita Deshmukh,Female,2000-06-12,Cuttack,Odisha,Government Employee,662600.00,2020-12-19
CUST01488,Amit Pawar,Male,1958-12-06,Vadodara,Gujarat,Banker,631700.00,2023-03-26
CUST01489,Radha Das,Female,1972-03-17,Bengaluru,Karnataka,Retail Trader,584100.00,2022-02-21
CUST01490,Sachin Banerjee,Male,1957-06-30,Dehradun,Uttarakhand,Chartered Accountant,1605800.00,2022-11-09
CUST01491,Simran Chatterjee,Female,1959-03-01,Bengaluru,Karnataka,Teacher / Professor,929200.00,2016-11-13
CUST01492,Gaurav Kulkarni,Male,2002-07-25,Kolkata,West Bengal,Banker,934300.00,2016-12-28
CUST01493,Ananya Nair,Female,1960-06-26,Durgapur,West Bengal,Teacher / Professor,1174100.00,2021-07-16
CUST01494,Vikram Malhotra,Male,1996-06-07,Noida,Uttar Pradesh,Consultant,1704100.00,2018-04-05
CUST01495,Archana Bansal,Female,1993-04-17,Prayagraj,Uttar Pradesh,Doctor,1020000.00,2023-04-04
CUST01496,Nikhil Nayak,Male,1980-09-25,Mysuru,Karnataka,Lawyer,1473000.00,2019-02-01
CUST01497,Sanjay Chatterjee,Male,1958-01-12,Ranchi,Jharkhand,Retail Trader,1113500.00,2021-09-06
CUST01498,Ramesh Dutta,Male,1969-08-08,Noida,Uttar Pradesh,Chartered Accountant,2461500.00,2017-06-21
CUST01499,Ishita Tripathi,Female,1972-06-15,Visakhapatnam,Andhra Pradesh,Consultant,1798600.00,2019-10-31
CUST01500,Vijay Kumar,Male,1990-12-20,Bhopal,Madhya Pradesh,Doctor,2924000.00,2022-01-11
CUST01501,Lakshmi Agarwal,Female,1992-02-16,Jabalpur,Madhya Pradesh,Teacher / Professor,1104800.00,2019-05-21
CUST01502,Shreya Chatterjee,Female,1991-06-10,Jamshedpur,Jharkhand,Civil / Mechanical Engineer,1101800.00,2021-11-13
CUST01503,Gaurav Chauhan,Male,1981-02-04,Kanpur,Uttar Pradesh,Software Engineer,1498100.00,2022-09-08
CUST01504,Sunil Kulkarni,Male,1970-02-03,Shillong,Meghalaya,Civil / Mechanical Engineer,1064300.00,2018-05-28
CUST01505,Arjun Banerjee,Male,2002-11-11,Gurugram,Haryana,Business Owner,1490600.00,2021-08-26
CUST01506,Nikhil Chatterjee,Male,2002-11-23,Ahmedabad,Gujarat,Lawyer,2168200.00,2015-07-24
CUST01507,Sanjay Banerjee,Male,1970-07-26,Prayagraj,Uttar Pradesh,Civil / Mechanical Engineer,555000.00,2015-12-19
CUST01508,Ishita Pradhan,Female,1990-11-22,Jamshedpur,Jharkhand,Retired,340400.00,2017-06-15
CUST01509,Sanjay Rao,Male,1959-08-09,Nagpur,Maharashtra,Banker,1018800.00,2016-02-06
CUST01510,Tanvi Patil,Female,1984-04-03,Cuttack,Odisha,Banker,1382600.00,2018-08-13
CUST01511,Avani Dutta,Female,1991-02-23,Amritsar,Punjab,Banker,1220600.00,2018-05-18
CUST01512,Anand Chauhan,Male,1962-11-07,Guwahati,Assam,Chartered Accountant,1376700.00,2019-11-25
CUST01513,Harsh Menon,Male,1959-01-22,Patna,Bihar,Retired,642600.00,2019-01-04
CUST01514,Naveen Kapoor,Male,1976-12-03,Aurangabad,Maharashtra,Software Engineer,2242600.00,2015-04-19
CUST01515,Monika Kumar,Female,1994-08-21,Vijayawada,Andhra Pradesh,Retail Trader,629000.00,2020-09-28
CUST01516,Mohit Saxena,Male,1967-02-01,Chandigarh,Punjab,Retail Trader,1321900.00,2016-05-30
CUST01517,Aarav Kapoor,Male,1969-11-08,Chandigarh,Punjab,Doctor,920300.00,2022-04-15
CUST01518,Sachin Gupta,Male,1984-09-15,Kolkata,West Bengal,Freelancer / Creator,598200.00,2015-09-07
CUST01519,Sumit Dutta,Male,1971-06-04,Gwalior,Madhya Pradesh,Business Owner,2306900.00,2021-04-21
CUST01520,Komal Joshi,Female,1988-07-21,Bhopal,Madhya Pradesh,Healthcare Worker / Nurse,392900.00,2022-01-17
CUST01521,Aarav Bhatia,Male,1963-07-14,Hyderabad,Telangana,Doctor,947700.00,2016-09-18
CUST01522,Riya Agarwal,Female,1997-02-25,Kochi,Kerala,Doctor,1842200.00,2020-09-02
CUST01523,Vihaan Deshmukh,Male,1983-12-06,Kolkata,West Bengal,Chartered Accountant,2176500.00,2021-02-17
CUST01524,Mohit Dutta,Male,1974-07-30,Shillong,Meghalaya,Doctor,1751200.00,2022-02-18
CUST01525,Ishaan Nayak,Male,1961-02-28,Bengaluru,Karnataka,Civil / Mechanical Engineer,1141700.00,2021-02-17
CUST01526,Pranav Banerjee,Male,1984-07-25,Dehradun,Uttarakhand,Consultant,1414100.00,2022-06-27
CUST01527,Praveen Mohanty,Male,1996-11-06,Nashik,Maharashtra,Healthcare Worker / Nurse,554900.00,2015-04-25
CUST01528,Ayaan Chauhan,Male,1979-06-26,Jamshedpur,Jharkhand,Government Employee,437500.00,2022-04-18
CUST01529,Prerna Menon,Female,2001-01-01,Amritsar,Punjab,Sales & Marketing Manager,1464800.00,2020-02-21
CUST01530,Shaurya Tripathi,Male,1970-10-17,Kochi,Kerala,Teacher / Professor,1117200.00,2020-11-20
CUST01531,Arjun Pillai,Male,1962-04-15,Ahmedabad,Gujarat,Lawyer,1938400.00,2018-10-21
CUST01532,Krishna Das,Male,1961-01-27,Vadodara,Gujarat,Doctor,2815600.00,2022-03-27
CUST01533,Pranav Patil,Male,1961-03-31,Cuttack,Odisha,Freelancer / Creator,1134700.00,2023-09-12
CUST01534,Deepika Joshi,Female,1959-01-17,Jamshedpur,Jharkhand,Consultant,1189500.00,2021-12-04
CUST01535,Ananya Patel,Female,2002-04-11,Coimbatore,Tamil Nadu,Doctor,2263600.00,2020-08-07
CUST01536,Jyoti Mishra,Female,1989-03-02,Dehradun,Uttarakhand,Retired,740400.00,2023-03-02
CUST01537,Richa Shetty,Female,1999-05-31,Shillong,Meghalaya,Government Employee,525900.00,2023-05-30
CUST01538,Hemant Shukla,Male,1964-08-12,Noida,Uttar Pradesh,Retired,387000.00,2016-03-16
CUST01539,Aditi Joshi,Female,1962-09-11,Siliguri,West Bengal,Business Owner,1185000.00,2020-07-04
CUST01540,Deepak Reddy,Male,1991-04-10,Rajkot,Gujarat,Healthcare Worker / Nurse,617100.00,2023-11-10
CUST01541,Sumit Verma,Male,1962-07-24,Dehradun,Uttarakhand,Business Owner,616300.00,2016-07-29
CUST01542,Divya Saikia,Female,1976-09-14,Guwahati,Assam,Healthcare Worker / Nurse,343200.00,2017-01-29
CUST01543,Sonal Mukherjee,Female,1969-10-20,Hyderabad,Telangana,Healthcare Worker / Nurse,424500.00,2020-04-24
CUST01544,Sanjay Pawar,Male,1968-04-21,Jaipur,Rajasthan,Sales & Marketing Manager,941600.00,2019-03-21
CUST01545,Ritu Kumar,Female,1994-10-10,Vijayawada,Andhra Pradesh,Doctor,1059400.00,2017-08-02
CUST01546,Akash Pandey,Male,2002-03-09,Madurai,Tamil Nadu,Retired,714100.00,2019-05-19
CUST01547,Ananya Nair,Female,1985-05-24,Guwahati,Assam,Consultant,1024200.00,2020-10-21
CUST01548,Shikha Chatterjee,Female,1977-08-19,Chandigarh,Punjab,Civil / Mechanical Engineer,1097500.00,2016-03-30
CUST01549,Deepika Mukherjee,Female,2002-06-15,Pune,Maharashtra,Banker,839100.00,2018-10-02
CUST01550,Aarohi Joshi,Female,1989-09-24,Ujjain,Madhya Pradesh,Teacher / Professor,1135500.00,2022-06-10
CUST01551,Aarohi Rao,Female,1972-05-24,Cuttack,Odisha,Retired,605000.00,2023-08-02
CUST01552,Rashmi Singh,Female,1976-08-29,Durg,Chhattisgarh,Consultant,2090500.00,2021-03-08
CUST01553,Krishna Das,Male,1957-06-10,Dehradun,Uttarakhand,Software Engineer,1493900.00,2017-07-11
CUST01554,Meenakshi Malhotra,Female,1984-03-06,Noida,Uttar Pradesh,Retired,327700.00,2023-09-04
CUST01555,Neha Saxena,Female,1964-12-19,Jabalpur,Madhya Pradesh,Lawyer,1975800.00,2021-03-13
CUST01556,Praveen Saikia,Male,1978-07-10,Amritsar,Punjab,Banker,1411700.00,2021-02-28
CUST01557,Abhishek Deshmukh,Male,1963-12-25,Ahmedabad,Gujarat,Business Owner,1700900.00,2015-08-26
CUST01558,Sai Yadav,Male,2003-03-07,Nashik,Maharashtra,Freelancer / Creator,977300.00,2023-11-23
CUST01559,Aditya Sharma,Male,1957-02-24,Chandigarh,Punjab,Doctor,924600.00,2019-12-02
CUST01560,Aditya Mishra,Male,1980-08-27,Indore,Madhya Pradesh,Retired,422100.00,2018-04-12
CUST01561,Karthik Malhotra,Male,1961-04-30,Raipur,Chhattisgarh,Doctor,968000.00,2021-02-04
CUST01562,Manoj Nayak,Male,1981-03-11,Panaji,Goa,Freelancer / Creator,572400.00,2019-02-11
CUST01563,Sneha Mukherjee,Female,1987-10-05,Thiruvananthapuram,Kerala,Teacher / Professor,943100.00,2020-08-24
CUST01564,Sanjay Shetty,Male,1957-08-17,Bhubaneswar,Odisha,Government Employee,486300.00,2016-07-15
CUST01565,Archana Reddy,Female,1983-09-21,Kochi,Kerala,Doctor,1619300.00,2023-11-02
CUST01566,Vikram Mohanty,Male,1974-08-03,Kota,Rajasthan,Sales & Marketing Manager,1546000.00,2015-03-29
CUST01567,Aditya Das,Male,1985-09-03,Nagpur,Maharashtra,Government Employee,1309900.00,2015-12-13
CUST01568,Mohit Bhat,Male,1972-06-21,Nagpur,Maharashtra,Banker,1077200.00,2017-07-08
CUST01569,Atharva Saha,Male,1975-10-02,Chandigarh,Punjab,Lawyer,1110300.00,2021-01-27
CUST01570,Aanya Patil,Female,1982-02-17,Kota,Rajasthan,Consultant,985600.00,2015-04-23
CUST01571,Mohit Gowda,Male,1976-06-01,Dehradun,Uttarakhand,Civil / Mechanical Engineer,788100.00,2023-02-02
CUST01572,Sneha Saxena,Female,1973-11-26,Cuttack,Odisha,Freelancer / Creator,811500.00,2020-10-26
CUST01573,Praveen Kapoor,Male,1956-03-01,Amritsar,Punjab,Retired,307600.00,2023-12-20
CUST01574,Shreya Kumar,Female,1987-09-27,Madurai,Tamil Nadu,Teacher / Professor,835400.00,2015-06-08
CUST01575,Divya Das,Female,1961-02-23,Indore,Madhya Pradesh,Retail Trader,1237300.00,2015-02-20
CUST01576,Varun Saha,Male,1983-02-16,Chennai,Tamil Nadu,Sales & Marketing Manager,982100.00,2019-12-07
CUST01577,Aditya Tripathi,Male,1972-08-09,Siliguri,West Bengal,Business Owner,1930100.00,2021-07-01
CUST01578,Shreya Pawar,Female,1968-01-22,Jaipur,Rajasthan,Sales & Marketing Manager,656800.00,2023-08-04
CUST01579,Deepika Bhatia,Female,1995-03-07,Bhopal,Madhya Pradesh,Chartered Accountant,964400.00,2021-12-06
CUST01580,Kavita Deshmukh,Female,1962-06-12,Chennai,Tamil Nadu,Lawyer,1513400.00,2019-12-09
CUST01581,Aditya Srivastava,Male,1958-03-07,Chandigarh,Punjab,Freelancer / Creator,1192800.00,2017-11-20
CUST01582,Sanjay Saxena,Male,1958-06-09,Durgapur,West Bengal,Business Owner,1724100.00,2015-11-14
CUST01583,Ayaan Bansal,Male,1999-03-02,Kochi,Kerala,Teacher / Professor,834800.00,2022-08-21
CUST01584,Pankaj Gowda,Male,1985-04-19,Noida,Uttar Pradesh,Teacher / Professor,865900.00,2019-01-15
CUST01585,Venkatesh Mukherjee,Male,1979-11-03,Madurai,Tamil Nadu,Consultant,698300.00,2019-02-17
CUST01586,Ishaan Yadav,Male,2002-05-08,Durgapur,West Bengal,Business Owner,3328100.00,2020-09-23
CUST01587,Simran Bansal,Female,1966-01-06,Kochi,Kerala,Banker,1579900.00,2015-05-14
CUST01588,Ishita Bhat,Female,1962-05-22,Jaipur,Rajasthan,Retired,796200.00,2021-05-04
CUST01589,Varun Ghosh,Male,1967-11-29,Guwahati,Assam,Freelancer / Creator,409100.00,2020-12-01
CUST01590,Garima Malhotra,Female,1960-10-06,Ranchi,Jharkhand,Sales & Marketing Manager,814500.00,2017-03-09
CUST01591,Sneha Rao,Female,1982-02-27,Prayagraj,Uttar Pradesh,Teacher / Professor,546300.00,2018-07-13
CUST01592,Riya Mohanty,Female,1987-11-16,Ujjain,Madhya Pradesh,Retired,505000.00,2015-11-23
CUST01593,Mayank Singh,Male,1979-08-01,Kolkata,West Bengal,Consultant,1007000.00,2023-10-26
CUST01594,Varun Joshi,Male,1969-02-26,Prayagraj,Uttar Pradesh,Retired,503800.00,2021-07-23
CUST01595,Garima Choudhury,Female,1985-01-08,Mumbai,Maharashtra,Doctor,979300.00,2019-09-21
CUST01596,Ishaan Chauhan,Male,1971-08-12,Prayagraj,Uttar Pradesh,Business Owner,3649600.00,2020-02-03
CUST01597,Ayaan Shetty,Male,1986-09-21,Bilaspur,Chhattisgarh,Retired,534900.00,2016-02-18
CUST01598,Aditya Gowda,Male,2001-07-13,Bengaluru,Karnataka,Doctor,1091200.00,2020-12-08
CUST01599,Meenakshi Tripathi,Female,1994-12-08,Gwalior,Madhya Pradesh,Civil / Mechanical Engineer,641400.00,2018-04-16
CUST01600,Rajesh Yadav,Male,1964-08-20,Dehradun,Uttarakhand,Freelancer / Creator,340700.00,2023-04-14
CUST01601,Lakshmi Shetty,Female,1962-11-13,Durg,Chhattisgarh,Healthcare Worker / Nurse,561400.00,2023-07-01
CUST01602,Krishna Pradhan,Male,1991-09-03,Patna,Bihar,Doctor,1135000.00,2015-02-01
CUST01603,Divya Dutta,Female,1961-11-11,Nagpur,Maharashtra,Teacher / Professor,722800.00,2020-09-14
CUST01604,Shreya Saikia,Female,1997-03-05,Vijayawada,Andhra Pradesh,Sales & Marketing Manager,842300.00,2021-04-29
CUST01605,Harsh Yadav,Male,1970-11-25,Madurai,Tamil Nadu,Teacher / Professor,676500.00,2023-06-29
CUST01606,Ishaan Patel,Male,1956-03-15,Rajkot,Gujarat,Civil / Mechanical Engineer,678300.00,2021-11-25
CUST01607,Sanjay Banerjee,Male,1993-05-02,Madurai,Tamil Nadu,Government Employee,935300.00,2017-07-05
CUST01608,Sneha Choudhury,Female,1965-05-08,Coimbatore,Tamil Nadu,Lawyer,1057300.00,2016-01-29
CUST01609,Mayank Bora,Male,1993-06-17,Durgapur,West Bengal,Retired,319900.00,2021-01-20
CUST01610,Rohan Sharma,Male,1972-06-17,Surat,Gujarat,Business Owner,1486400.00,2021-05-28
CUST01611,Abhishek Agarwal,Male,1994-11-11,Madurai,Tamil Nadu,Retired,354800.00,2022-12-03
CUST01612,Riya Menon,Female,1975-10-22,Mysuru,Karnataka,Doctor,2701900.00,2018-02-14
CUST01613,Riya Tripathi,Female,1998-03-10,Ujjain,Madhya Pradesh,Doctor,1519700.00,2020-09-07
CUST01614,Gaurav Ghosh,Male,1955-10-12,Jabalpur,Madhya Pradesh,Retail Trader,435200.00,2022-09-18
CUST01615,Aditya Gowda,Male,1996-10-08,Mumbai,Maharashtra,Business Owner,3445000.00,2022-05-31
CUST01616,Nisha Patel,Female,1962-08-14,New Delhi,Delhi,Business Owner,979100.00,2019-03-21
CUST01617,Kavita Dutta,Female,1991-02-16,Kolkata,West Bengal,Chartered Accountant,1572100.00,2017-02-05
CUST01618,Sneha Joshi,Female,1990-08-10,Lucknow,Uttar Pradesh,Civil / Mechanical Engineer,1257200.00,2023-05-28
CUST01619,Naveen Singh,Male,1971-09-19,Shillong,Meghalaya,Business Owner,2985000.00,2015-06-08
CUST01620,Suresh Pawar,Male,1978-08-12,Jamshedpur,Jharkhand,Business Owner,2732000.00,2020-06-06
CUST01621,Atharva Chatterjee,Male,1989-02-02,Raipur,Chhattisgarh,Sales & Marketing Manager,1013800.00,2022-01-24
CUST01622,Sanjay Saxena,Male,1973-01-31,Dehradun,Uttarakhand,Business Owner,893300.00,2023-06-20
CUST01623,Monika Menon,Female,1983-02-25,Raipur,Chhattisgarh,Banker,650600.00,2020-03-18
CUST01624,Vandana Deshmukh,Female,1980-07-10,Vadodara,Gujarat,Freelancer / Creator,415300.00,2020-06-04
CUST01625,Komal Patil,Female,1976-07-15,Visakhapatnam,Andhra Pradesh,Software Engineer,1123700.00,2020-09-09
CUST01626,Venkatesh Mehta,Male,1968-01-17,Mysuru,Karnataka,Lawyer,1135200.00,2019-05-23
CUST01627,Meenakshi Hegde,Female,1987-06-04,Thiruvananthapuram,Kerala,Sales & Marketing Manager,1287400.00,2018-10-23
CUST01628,Aadhya Chatterjee,Female,1974-12-04,Coimbatore,Tamil Nadu,Consultant,2007200.00,2021-01-04
CUST01629,Devendra Deshmukh,Male,1963-08-23,Pune,Maharashtra,Chartered Accountant,1788900.00,2015-03-23
CUST01630,Aanya Bhat,Female,1997-07-06,Pune,Maharashtra,Retired,476400.00,2023-08-04
CUST01631,Pankaj Mehta,Male,1970-03-16,Surat,Gujarat,Civil / Mechanical Engineer,598400.00,2016-10-05
CUST01632,Preeti Patnaik,Female,1989-02-03,Bengaluru,Karnataka,Retired,486900.00,2019-08-21
CUST01633,Ajay Rao,Male,2003-06-13,Noida,Uttar Pradesh,Retail Trader,1431400.00,2016-02-24
CUST01634,Nikhil Patel,Male,1993-02-07,Vijayawada,Andhra Pradesh,Software Engineer,1014000.00,2023-08-30
CUST01635,Aadhya Das,Female,1956-04-28,Nagpur,Maharashtra,Lawyer,1301500.00,2023-04-22
CUST01636,Pari Singh,Female,1998-10-16,Ujjain,Madhya Pradesh,Freelancer / Creator,986100.00,2019-08-29
CUST01637,Vijay Saxena,Male,1965-04-15,Dehradun,Uttarakhand,Freelancer / Creator,829400.00,2019-05-22
CUST01638,Sachin Chatterjee,Male,1982-11-26,Patna,Bihar,Freelancer / Creator,321100.00,2018-01-27
CUST01639,Reyansh Choudhury,Male,1961-09-09,Kolkata,West Bengal,Banker,878600.00,2016-01-17
CUST01640,Venkatesh Srivastava,Male,1985-10-27,Madurai,Tamil Nadu,Retired,651400.00,2020-09-06
CUST01641,Vivaan Bhatia,Male,1956-12-12,Surat,Gujarat,Retail Trader,978600.00,2016-03-19
CUST01642,Varun Verma,Male,1978-03-05,Panaji,Goa,Teacher / Professor,755300.00,2016-03-22
CUST01643,Swati Kulkarni,Female,1963-05-20,Dehradun,Uttarakhand,Civil / Mechanical Engineer,569300.00,2020-06-29
CUST01644,Pari Kulkarni,Female,1977-08-20,Kolkata,West Bengal,Civil / Mechanical Engineer,1123000.00,2021-05-09
CUST01645,Aarohi Saikia,Female,1972-02-22,Nashik,Maharashtra,Government Employee,1214600.00,2016-09-08
CUST01646,Dinesh Chauhan,Male,1964-12-05,New Delhi,Delhi,Government Employee,1159400.00,2023-06-20
CUST01647,Nikhil Saxena,Male,1972-01-22,Indore,Madhya Pradesh,Business Owner,1626400.00,2022-12-13
CUST01648,Kunal Nayak,Male,1957-05-21,Dehradun,Uttarakhand,Banker,1409000.00,2019-03-19
CUST01649,Aarav Nair,Male,1970-04-30,Bengaluru,Karnataka,Business Owner,2031600.00,2016-04-10
CUST01650,Naveen Bhatia,Male,1992-08-15,Ranchi,Jharkhand,Sales & Marketing Manager,610800.00,2021-02-18
CUST01651,Aarav Banerjee,Male,1995-11-21,Madurai,Tamil Nadu,Freelancer / Creator,1129800.00,2022-08-03
CUST01652,Manish Pawar,Male,1979-09-16,Indore,Madhya Pradesh,Chartered Accountant,954700.00,2020-11-13
CUST01653,Prerna Patnaik,Female,1979-10-09,Durgapur,West Bengal,Government Employee,919300.00,2017-05-12
CUST01654,Simran Pradhan,Female,1995-04-08,Ranchi,Jharkhand,Freelancer / Creator,1046500.00,2015-02-10
CUST01655,Atharva Kulkarni,Male,1973-05-28,New Delhi,Delhi,Government Employee,1171600.00,2017-03-27
CUST01656,Nandini Kapoor,Female,1982-05-14,Chandigarh,Punjab,Consultant,1376500.00,2016-10-02
CUST01657,Devendra Srivastava,Male,1989-01-06,Bhopal,Madhya Pradesh,Software Engineer,2270200.00,2018-01-29
CUST01658,Naveen Yadav,Male,1957-01-26,Surat,Gujarat,Consultant,1838800.00,2017-11-09
CUST01659,Pankaj Saha,Male,1991-05-23,Jamshedpur,Jharkhand,Chartered Accountant,885400.00,2017-06-05
CUST01660,Suresh Chauhan,Male,1997-04-28,Ranchi,Jharkhand,Consultant,1649500.00,2019-04-18
CUST01661,Ashish Yadav,Male,1965-02-10,Durg,Chhattisgarh,Healthcare Worker / Nurse,669500.00,2020-04-23
CUST01662,Aarav Reddy,Male,1990-05-16,Shillong,Meghalaya,Chartered Accountant,958000.00,2020-05-01
CUST01663,Meera Singh,Female,2000-04-21,Patna,Bihar,Retail Trader,855600.00,2022-06-16
CUST01664,Anand Bansal,Male,1996-02-28,Siliguri,West Bengal,Banker,990500.00,2019-04-29
CUST01665,Rashmi Chatterjee,Female,1970-01-20,Ranchi,Jharkhand,Doctor,2743200.00,2017-05-26
CUST01666,Nisha Das,Female,1958-04-19,Rajkot,Gujarat,Civil / Mechanical Engineer,841600.00,2022-10-18
CUST01667,Shilpa Deshmukh,Female,1967-11-21,Indore,Madhya Pradesh,Teacher / Professor,501300.00,2019-02-06
CUST01668,Aarti Saha,Female,1980-11-26,Kochi,Kerala,Consultant,1517700.00,2017-02-21
CUST01669,Atharva Nayak,Male,2003-03-23,Panaji,Goa,Teacher / Professor,797100.00,2015-01-23
CUST01670,Swati Gupta,Female,1980-02-22,Patna,Bihar,Retired,306500.00,2018-01-23
CUST01671,Ramesh Mukherjee,Male,1972-12-10,Gurugram,Haryana,Freelancer / Creator,933800.00,2018-01-28
CUST01672,Ritu Verma,Female,1957-11-02,Durgapur,West Bengal,Lawyer,1409000.00,2016-12-12
CUST01673,Pankaj Bora,Male,1969-05-09,Gurugram,Haryana,Teacher / Professor,374500.00,2022-12-31
CUST01674,Vijay Pillai,Male,1995-05-20,Nashik,Maharashtra,Healthcare Worker / Nurse,807500.00,2015-08-18
CUST01675,Manoj Mehta,Male,1983-05-13,Guwahati,Assam,Government Employee,1481700.00,2017-03-06
CUST01676,Simran Verma,Female,1981-07-22,Mumbai,Maharashtra,Retired,654700.00,2021-07-31
CUST01677,Divya Agarwal,Female,2002-07-26,Vadodara,Gujarat,Banker,1589000.00,2022-07-05
CUST01678,Rohan Bora,Male,1971-04-17,Ujjain,Madhya Pradesh,Government Employee,492400.00,2019-12-22
CUST01679,Sachin Iyer,Male,1958-10-16,Nashik,Maharashtra,Chartered Accountant,1843500.00,2015-01-14
CUST01680,Kunal Tripathi,Male,1996-01-08,Aurangabad,Maharashtra,Consultant,1946000.00,2015-12-19
CUST01681,Gaurav Kumar,Male,1996-05-15,Chennai,Tamil Nadu,Freelancer / Creator,377800.00,2018-07-24
CUST01682,Aanya Saikia,Female,1993-06-26,Kochi,Kerala,Lawyer,1249100.00,2015-11-29
CUST01683,Sunita Chatterjee,Female,1959-08-07,Hyderabad,Telangana,Freelancer / Creator,980200.00,2016-06-27
CUST01684,Praveen Patnaik,Male,1985-04-01,Thiruvananthapuram,Kerala,Chartered Accountant,1717100.00,2019-08-23
CUST01685,Rohan Das,Male,1991-04-02,Madurai,Tamil Nadu,Government Employee,1167300.00,2017-12-19
CUST01686,Sanjay Yadav,Male,1980-01-04,Prayagraj,Uttar Pradesh,Lawyer,1546100.00,2022-01-28
CUST01687,Pooja Patel,Female,1965-12-16,Agra,Uttar Pradesh,Civil / Mechanical Engineer,968700.00,2022-11-16
CUST01688,Pankaj Dutta,Male,1985-03-17,Pune,Maharashtra,Freelancer / Creator,1171600.00,2021-03-09
CUST01689,Shreya Kumar,Female,1971-03-16,Mysuru,Karnataka,Business Owner,2136900.00,2015-05-09
CUST01690,Archana Saha,Female,1963-03-28,Kolkata,West Bengal,Chartered Accountant,1541000.00,2018-08-15
CUST01691,Praveen Saha,Male,1966-06-14,Mumbai,Maharashtra,Freelancer / Creator,394200.00,2019-01-09
CUST01692,Saanvi Nair,Female,1976-10-31,Pune,Maharashtra,Teacher / Professor,900700.00,2016-02-15
CUST01693,Sanjay Chatterjee,Male,1992-11-04,Guwahati,Assam,Chartered Accountant,2053700.00,2019-12-04
CUST01694,Bhavna Yadav,Female,1966-07-11,Rajkot,Gujarat,Freelancer / Creator,659400.00,2017-09-24
CUST01695,Alok Patil,Male,1981-10-27,Jabalpur,Madhya Pradesh,Banker,890200.00,2017-08-17
CUST01696,Shikha Gupta,Female,1976-11-25,Prayagraj,Uttar Pradesh,Government Employee,1449400.00,2019-06-30
CUST01697,Pooja Bansal,Female,1993-01-29,Durgapur,West Bengal,Freelancer / Creator,1148600.00,2017-03-23
CUST01698,Ritu Bora,Female,1995-04-26,Raipur,Chhattisgarh,Teacher / Professor,1020300.00,2015-08-09
CUST01699,Tanvi Saikia,Female,1994-01-05,Aurangabad,Maharashtra,Banker,714900.00,2015-01-04
CUST01700,Neha Pillai,Female,1984-01-25,Lucknow,Uttar Pradesh,Chartered Accountant,1125100.00,2017-04-12
CUST01701,Ajay Rao,Male,1993-07-16,Siliguri,West Bengal,Healthcare Worker / Nurse,765400.00,2015-01-21
CUST01702,Sanjay Gupta,Male,1972-09-23,Jabalpur,Madhya Pradesh,Banker,1408400.00,2020-04-18
CUST01703,Bhavna Patnaik,Female,1988-05-12,Nagpur,Maharashtra,Chartered Accountant,1273000.00,2016-06-30
CUST01704,Manish Banerjee,Male,1959-11-26,Durgapur,West Bengal,Banker,1194300.00,2018-11-21
CUST01705,Vijay Yadav,Male,2002-03-10,Durgapur,West Bengal,Chartered Accountant,2082100.00,2019-02-20
CUST01706,Mayank Sharma,Male,1963-08-29,Kota,Rajasthan,Banker,1689000.00,2022-03-29
CUST01707,Nikhil Iyer,Male,2001-03-15,Vijayawada,Andhra Pradesh,Banker,620700.00,2019-04-23
CUST01708,Meenakshi Kulkarni,Female,1985-01-23,Nagpur,Maharashtra,Lawyer,2142600.00,2015-05-23
CUST01709,Venkatesh Pillai,Male,1992-12-10,Jabalpur,Madhya Pradesh,Civil / Mechanical Engineer,1234200.00,2020-03-19
CUST01710,Rashmi Dutta,Female,1957-05-11,Indore,Madhya Pradesh,Healthcare Worker / Nurse,542700.00,2015-02-20
CUST01711,Krishna Chauhan,Male,1970-12-17,Jabalpur,Madhya Pradesh,Sales & Marketing Manager,463300.00,2022-05-02
CUST01712,Preeti Gowda,Female,2000-01-27,Rajkot,Gujarat,Government Employee,1216300.00,2016-04-19
CUST01713,Lakshmi Bansal,Female,1979-11-01,Bilaspur,Chhattisgarh,Teacher / Professor,1067500.00,2019-02-03
CUST01714,Atharva Gowda,Male,1968-12-17,Jabalpur,Madhya Pradesh,Doctor,1130900.00,2018-10-12
CUST01715,Kalyani Yadav,Female,1987-03-22,Patna,Bihar,Healthcare Worker / Nurse,668700.00,2020-02-07
CUST01716,Gaurav Banerjee,Male,2001-04-30,Bhubaneswar,Odisha,Sales & Marketing Manager,872200.00,2021-09-20
CUST01717,Deepika Gowda,Female,1981-07-21,Madurai,Tamil Nadu,Retail Trader,1292000.00,2021-02-01
CUST01718,Deepak Tripathi,Male,1977-06-23,Panaji,Goa,Teacher / Professor,603000.00,2015-05-26
CUST01719,Rashmi Pradhan,Female,2000-10-02,Durg,Chhattisgarh,Banker,823200.00,2015-12-11
CUST01720,Krishna Pradhan,Male,1993-08-11,Bhubaneswar,Odisha,Banker,1660500.00,2018-11-15
CUST01721,Radha Pawar,Female,1987-10-06,Cuttack,Odisha,Sales & Marketing Manager,496700.00,2018-08-30
CUST01722,Ishaan Patil,Male,1956-08-09,Dehradun,Uttarakhand,Banker,1166400.00,2023-02-19
CUST01723,Devendra Nayak,Male,1983-11-27,Vadodara,Gujarat,Software Engineer,931100.00,2023-05-17
CUST01724,Pankaj Nayak,Male,1997-11-22,Kanpur,Uttar Pradesh,Retail Trader,570400.00,2017-12-04
CUST01725,Prerna Bansal,Female,1969-02-27,Gwalior,Madhya Pradesh,Retail Trader,406200.00,2021-06-06
CUST01726,Hemant Gowda,Male,1985-07-14,Prayagraj,Uttar Pradesh,Chartered Accountant,1198300.00,2022-07-13
CUST01727,Karthik Pillai,Male,1960-02-06,Thiruvananthapuram,Kerala,Software Engineer,1332900.00,2015-03-18
CUST01728,Vandana Joshi,Female,1986-02-15,Aurangabad,Maharashtra,Consultant,1874900.00,2022-02-13
CUST01729,Amit Reddy,Male,2002-01-16,Coimbatore,Tamil Nadu,Doctor,2145000.00,2023-03-02
CUST01730,Bhavna Yadav,Female,1976-08-10,Durgapur,West Bengal,Teacher / Professor,810200.00,2020-05-02
CUST01731,Saanvi Pandey,Female,1982-01-19,Ahmedabad,Gujarat,Healthcare Worker / Nurse,566600.00,2020-03-07
CUST01732,Komal Iyengar,Female,1968-07-09,Bengaluru,Karnataka,Lawyer,1280100.00,2019-07-09
CUST01733,Varun Kumar,Male,1962-10-25,Siliguri,West Bengal,Teacher / Professor,420600.00,2023-05-22
CUST01734,Divya Chatterjee,Female,1985-01-21,Panaji,Goa,Lawyer,1434800.00,2016-09-30
CUST01735,Pooja Pawar,Female,1980-09-15,Rajkot,Gujarat,Banker,1794600.00,2015-04-06
CUST01736,Sneha Srivastava,Female,1955-10-23,Visakhapatnam,Andhra Pradesh,Banker,1697500.00,2016-06-23
CUST01737,Ayaan Gupta,Male,1978-03-12,Kochi,Kerala,Doctor,2055600.00,2017-01-01
CUST01738,Aarti Saikia,Female,1955-12-08,Siliguri,West Bengal,Banker,957600.00,2017-06-10
CUST01739,Sachin Das,Male,1982-12-28,Bhopal,Madhya Pradesh,Doctor,2261300.00,2022-09-14
CUST01740,Richa Ghosh,Female,1982-10-17,Guwahati,Assam,Civil / Mechanical Engineer,792200.00,2019-07-13
CUST01741,Gaurav Banerjee,Male,1975-04-12,Chennai,Tamil Nadu,Banker,874900.00,2020-12-21
CUST01742,Richa Kapoor,Female,1962-04-04,Jabalpur,Madhya Pradesh,Retired,349200.00,2021-07-04
CUST01743,Monika Shetty,Female,1990-08-10,Noida,Uttar Pradesh,Consultant,997500.00,2021-11-02
CUST01744,Pari Patil,Female,1966-12-04,Noida,Uttar Pradesh,Teacher / Professor,868300.00,2016-11-12
CUST01745,Pranav Dutta,Male,1997-12-24,Noida,Uttar Pradesh,Freelancer / Creator,841200.00,2023-11-10
CUST01746,Payal Bansal,Female,1991-04-10,Aurangabad,Maharashtra,Teacher / Professor,964600.00,2017-09-07
CUST01747,Manoj Iyer,Male,1983-04-25,Madurai,Tamil Nadu,Doctor,2767800.00,2017-04-27
CUST01748,Gaurav Rao,Male,1959-08-27,Panaji,Goa,Business Owner,3288600.00,2020-03-04
CUST01749,Ayaan Patil,Male,1982-04-11,Visakhapatnam,Andhra Pradesh,Sales & Marketing Manager,1280400.00,2015-10-14
CUST01750,Aditya Dutta,Male,1959-12-05,Ranchi,Jharkhand,Sales & Marketing Manager,1441500.00,2015-10-16
CUST01751,Deepika Patnaik,Female,1969-05-01,Bilaspur,Chhattisgarh,Retail Trader,1048000.00,2020-12-27
CUST01752,Lakshmi Malhotra,Female,1957-06-01,Madurai,Tamil Nadu,Retail Trader,808200.00,2023-02-18
CUST01753,Divya Hegde,Female,1957-10-13,Bhopal,Madhya Pradesh,Lawyer,1380100.00,2023-10-31
CUST01754,Ishaan Choudhury,Male,1966-05-05,Ujjain,Madhya Pradesh,Chartered Accountant,1359600.00,2022-05-13
CUST01755,Vikram Malhotra,Male,1990-02-16,Dehradun,Uttarakhand,Teacher / Professor,895700.00,2015-10-31
CUST01756,Manoj Bhatia,Male,1988-02-18,Pune,Maharashtra,Government Employee,1158100.00,2018-09-16
CUST01757,Radha Choudhury,Female,1967-02-11,Durgapur,West Bengal,Software Engineer,1970400.00,2016-08-29
CUST01758,Vivaan Reddy,Male,1979-09-16,Surat,Gujarat,Freelancer / Creator,562100.00,2023-01-11
CUST01759,Devendra Chatterjee,Male,1972-11-18,Jabalpur,Madhya Pradesh,Government Employee,569900.00,2022-10-18
CUST01760,Sachin Banerjee,Male,1979-02-20,Bhopal,Madhya Pradesh,Business Owner,598000.00,2017-05-16
CUST01761,Ishita Yadav,Female,2003-02-19,Surat,Gujarat,Freelancer / Creator,757700.00,2020-10-17
CUST01762,Mohit Nair,Male,1980-08-06,Agra,Uttar Pradesh,Consultant,1971500.00,2018-07-11
CUST01763,Praveen Bhatia,Male,1962-04-06,Ranchi,Jharkhand,Sales & Marketing Manager,651700.00,2019-04-05
CUST01764,Arjun Pandey,Male,1989-01-24,Kochi,Kerala,Business Owner,1025300.00,2021-10-28
CUST01765,Riya Mukherjee,Female,1990-12-31,Bhubaneswar,Odisha,Sales & Marketing Manager,1104800.00,2022-02-28
CUST01766,Simran Agarwal,Female,1989-03-20,Surat,Gujarat,Lawyer,565700.00,2022-01-09
CUST01767,Rajesh Bansal,Male,1999-02-13,Siliguri,West Bengal,Civil / Mechanical Engineer,1246600.00,2021-01-11
CUST01768,Aarohi Menon,Female,1966-10-07,Visakhapatnam,Andhra Pradesh,Business Owner,1396300.00,2023-04-17
CUST01769,Pankaj Rao,Male,1988-07-13,Bilaspur,Chhattisgarh,Sales & Marketing Manager,654000.00,2021-10-31
CUST01770,Ramesh Kumar,Male,1956-03-25,Ujjain,Madhya Pradesh,Healthcare Worker / Nurse,850500.00,2016-06-26
CUST01771,Vihaan Iyengar,Male,1989-02-27,Jamshedpur,Jharkhand,Retail Trader,1018500.00,2020-03-16
CUST01772,Vihaan Mishra,Male,1963-05-25,Hyderabad,Telangana,Sales & Marketing Manager,583900.00,2015-12-08
CUST01773,Reyansh Saxena,Male,1966-03-13,Durgapur,West Bengal,Sales & Marketing Manager,795000.00,2015-02-09
CUST01774,Riya Pradhan,Female,1974-08-06,Hyderabad,Telangana,Consultant,1898900.00,2021-11-21
CUST01775,Saanvi Choudhury,Female,1976-08-28,Thiruvananthapuram,Kerala,Sales & Marketing Manager,1175800.00,2018-09-08
CUST01776,Mayank Banerjee,Male,1962-01-29,Mysuru,Karnataka,Healthcare Worker / Nurse,619300.00,2018-10-29
CUST01777,Kunal Bansal,Male,1983-08-15,Panaji,Goa,Doctor,2949900.00,2017-01-16
CUST01778,Manish Bansal,Male,1972-10-21,Bengaluru,Karnataka,Chartered Accountant,818000.00,2019-11-05
CUST01779,Diya Menon,Female,1981-08-09,Jabalpur,Madhya Pradesh,Civil / Mechanical Engineer,1222600.00,2017-03-03
CUST01780,Richa Reddy,Female,1990-01-25,Patna,Bihar,Government Employee,752000.00,2020-12-12
CUST01781,Sunil Chatterjee,Male,1964-03-15,Cuttack,Odisha,Lawyer,809200.00,2016-10-02
CUST01782,Karthik Nair,Male,1992-08-23,Raipur,Chhattisgarh,Chartered Accountant,1286200.00,2020-10-16
CUST01783,Pallavi Patil,Female,1977-02-14,Coimbatore,Tamil Nadu,Retired,431400.00,2018-05-28
CUST01784,Anand Pandey,Male,1957-01-01,Durg,Chhattisgarh,Teacher / Professor,732300.00,2019-10-09
CUST01785,Hemant Shetty,Male,2002-12-07,Chandigarh,Punjab,Banker,959700.00,2016-07-27
CUST01786,Aarti Das,Female,2001-07-06,Hyderabad,Telangana,Business Owner,2817200.00,2017-11-14
CUST01787,Alok Verma,Male,1982-11-25,Nagpur,Maharashtra,Teacher / Professor,824400.00,2023-04-16
CUST01788,Rahul Pawar,Male,1970-11-18,Thiruvananthapuram,Kerala,Doctor,963700.00,2016-10-19
CUST01789,Pranav Pradhan,Male,1965-11-03,Gurugram,Haryana,Retail Trader,1108300.00,2022-09-18
CUST01790,Kalyani Bhatia,Female,1988-02-08,Durgapur,West Bengal,Consultant,1231300.00,2016-02-20
CUST01791,Rajesh Das,Male,1968-12-24,Panaji,Goa,Retired,442100.00,2020-04-16
CUST01792,Vijay Singh,Male,1982-12-02,Agra,Uttar Pradesh,Healthcare Worker / Nurse,390300.00,2018-05-09
CUST01793,Kunal Kumar,Male,1975-02-26,Mumbai,Maharashtra,Consultant,1497200.00,2022-05-30
CUST01794,Harsh Banerjee,Male,1959-06-20,Amritsar,Punjab,Retail Trader,1235400.00,2023-10-25
CUST01795,Simran Mishra,Female,1979-11-15,Durg,Chhattisgarh,Retired,407400.00,2018-08-08
CUST01796,Gaurav Shukla,Male,1982-03-22,Jabalpur,Madhya Pradesh,Freelancer / Creator,533100.00,2021-10-08
CUST01797,Aanya Joshi,Female,1995-08-07,Nashik,Maharashtra,Banker,1015200.00,2020-06-15
CUST01798,Archana Mehta,Female,1970-12-22,Noida,Uttar Pradesh,Consultant,1327700.00,2015-05-12
CUST01799,Meera Saxena,Female,1972-02-07,Cuttack,Odisha,Teacher / Professor,889200.00,2023-03-28
CUST01800,Sai Srivastava,Male,1995-10-02,Bengaluru,Karnataka,Retail Trader,940500.00,2015-12-26
CUST01801,Gaurav Pawar,Male,1962-03-26,Kota,Rajasthan,Doctor,2487700.00,2019-11-01
CUST01802,Bhavna Menon,Female,1956-04-14,Indore,Madhya Pradesh,Teacher / Professor,412100.00,2022-04-07
CUST01803,Gaurav Agarwal,Male,1958-11-22,Noida,Uttar Pradesh,Banker,1247200.00,2015-01-27
CUST01804,Aditi Verma,Female,2003-03-08,Mumbai,Maharashtra,Banker,695600.00,2017-07-01
CUST01805,Aarti Mishra,Female,1968-11-09,Indore,Madhya Pradesh,Lawyer,900700.00,2021-06-10
CUST01806,Kalyani Chauhan,Female,1994-03-27,Prayagraj,Uttar Pradesh,Chartered Accountant,1071100.00,2017-01-13
CUST01807,Akash Patil,Male,2001-04-27,Guwahati,Assam,Teacher / Professor,1161500.00,2018-09-03
CUST01808,Kavita Saha,Female,1990-03-20,Vijayawada,Andhra Pradesh,Chartered Accountant,1463700.00,2018-01-15
CUST01809,Rahul Saikia,Male,1981-06-18,Amritsar,Punjab,Retired,749400.00,2019-12-06
CUST01810,Praveen Verma,Male,1975-03-17,Nagpur,Maharashtra,Software Engineer,1404300.00,2019-06-24
CUST01811,Ashish Bhat,Male,1966-04-29,Lucknow,Uttar Pradesh,Chartered Accountant,1612100.00,2021-06-26
CUST01812,Riya Nair,Female,1990-05-01,Bhubaneswar,Odisha,Freelancer / Creator,844400.00,2023-05-29
CUST01813,Monika Iyer,Female,1990-05-16,Patna,Bihar,Teacher / Professor,756300.00,2020-09-14
CUST01814,Gaurav Verma,Male,2002-12-19,Nashik,Maharashtra,Banker,1750000.00,2016-02-14
CUST01815,Anand Singh,Male,1975-08-02,Vijayawada,Andhra Pradesh,Business Owner,3999000.00,2015-12-12
CUST01816,Aditi Malhotra,Female,2002-02-11,Ujjain,Madhya Pradesh,Lawyer,2294700.00,2015-07-05
CUST01817,Vikram Pillai,Male,1967-06-27,Amritsar,Punjab,Civil / Mechanical Engineer,555800.00,2022-10-18
CUST01818,Aditya Mehta,Male,1965-03-16,Durg,Chhattisgarh,Lawyer,1086200.00,2021-12-04
CUST01819,Shaurya Shetty,Male,1992-04-02,Ranchi,Jharkhand,Chartered Accountant,2035500.00,2022-07-01
CUST01820,Ayaan Nair,Male,2001-10-20,Kochi,Kerala,Government Employee,844000.00,2019-03-09
CUST01821,Deepika Pawar,Female,1983-06-17,Noida,Uttar Pradesh,Teacher / Professor,374200.00,2020-04-11
CUST01822,Ishaan Shetty,Male,2000-09-28,Nagpur,Maharashtra,Retail Trader,1038300.00,2020-11-21
CUST01823,Reyansh Sharma,Male,1981-03-09,Lucknow,Uttar Pradesh,Banker,1784600.00,2016-04-05
CUST01824,Bhavna Shetty,Female,1968-11-18,Amritsar,Punjab,Healthcare Worker / Nurse,662000.00,2022-02-21
CUST01825,Pranav Malhotra,Male,1987-04-27,Mumbai,Maharashtra,Lawyer,1580000.00,2021-11-18
CUST01826,Diya Malhotra,Female,1971-09-12,Hyderabad,Telangana,Chartered Accountant,1094800.00,2016-06-15
CUST01827,Ishita Reddy,Female,1961-05-20,Durg,Chhattisgarh,Doctor,2378000.00,2018-03-02
CUST01828,Diya Rao,Female,1989-02-23,Chennai,Tamil Nadu,Freelancer / Creator,893400.00,2018-09-08
CUST01829,Bhavna Saha,Female,1965-10-08,Ranchi,Jharkhand,Consultant,2180800.00,2017-12-28
CUST01830,Avani Mishra,Female,1975-12-22,Raipur,Chhattisgarh,Chartered Accountant,1742900.00,2015-05-21
CUST01831,Aditi Ghosh,Female,2000-03-21,Chennai,Tamil Nadu,Software Engineer,857300.00,2015-05-20
CUST01832,Sunita Nair,Female,1978-01-17,New Delhi,Delhi,Consultant,1395200.00,2018-11-09
CUST01833,Varun Hegde,Male,1975-03-14,Aurangabad,Maharashtra,Consultant,1057300.00,2019-12-07
CUST01834,Ramesh Mukherjee,Male,1971-01-10,Pune,Maharashtra,Retired,393200.00,2018-10-28
CUST01835,Komal Saikia,Female,1967-11-10,Raipur,Chhattisgarh,Doctor,2269600.00,2018-11-03
CUST01836,Deepika Singh,Female,1979-11-25,Indore,Madhya Pradesh,Software Engineer,2336600.00,2016-06-01
CUST01837,Gaurav Deshmukh,Male,1995-09-23,Bilaspur,Chhattisgarh,Government Employee,538900.00,2018-11-24
CUST01838,Naveen Srivastava,Male,1997-10-16,Chennai,Tamil Nadu,Banker,1566000.00,2020-09-23
CUST01839,Sunil Reddy,Male,2002-03-22,Ujjain,Madhya Pradesh,Freelancer / Creator,618500.00,2021-09-27
CUST01840,Ritu Agarwal,Female,1970-06-07,Guwahati,Assam,Teacher / Professor,808500.00,2022-10-12
CUST01841,Archana Nair,Female,1980-04-10,Dehradun,Uttarakhand,Lawyer,831300.00,2022-02-11
CUST01842,Kavita Bora,Female,1958-04-15,Guwahati,Assam,Consultant,1307200.00,2017-04-08
CUST01843,Karthik Banerjee,Male,1978-10-07,Nashik,Maharashtra,Retired,538300.00,2018-08-11
CUST01844,Anand Sharma,Male,1999-02-23,Bilaspur,Chhattisgarh,Civil / Mechanical Engineer,1068100.00,2017-05-05
CUST01845,Prerna Patil,Female,1999-06-01,Kota,Rajasthan,Banker,682400.00,2020-05-23
CUST01846,Richa Rao,Female,1978-04-11,Indore,Madhya Pradesh,Banker,1008300.00,2017-03-03
CUST01847,Sanjay Singh,Male,1989-02-10,Amritsar,Punjab,Retired,500700.00,2023-02-21
CUST01848,Shilpa Kulkarni,Female,1989-11-16,Agra,Uttar Pradesh,Lawyer,1050900.00,2018-09-03
CUST01849,Ayaan Agarwal,Male,1983-10-06,Dehradun,Uttarakhand,Retail Trader,1072800.00,2020-04-13
CUST01850,Abhishek Chatterjee,Male,1995-09-27,Durg,Chhattisgarh,Consultant,1354300.00,2015-10-16
CUST01851,Richa Pradhan,Female,1982-02-12,Gurugram,Haryana,Banker,1589400.00,2017-11-12
CUST01852,Gaurav Gowda,Male,1966-04-06,Bilaspur,Chhattisgarh,Freelancer / Creator,1079000.00,2020-06-18
CUST01853,Kavita Agarwal,Female,1997-05-17,Ujjain,Madhya Pradesh,Consultant,2137600.00,2019-01-25
CUST01854,Tarun Bhatia,Male,1958-11-22,Nashik,Maharashtra,Software Engineer,1748500.00,2023-08-20
CUST01855,Ajay Pradhan,Male,1986-02-23,Bhopal,Madhya Pradesh,Civil / Mechanical Engineer,728800.00,2022-06-24
CUST01856,Rashmi Kumar,Female,2003-05-11,Bilaspur,Chhattisgarh,Retail Trader,908400.00,2021-07-27
CUST01857,Sumit Gowda,Male,1961-02-15,Dehradun,Uttarakhand,Retail Trader,1300200.00,2020-06-21
CUST01858,Varun Bhat,Male,1964-10-09,Raipur,Chhattisgarh,Banker,554700.00,2016-03-17
CUST01859,Pallavi Gupta,Female,1967-05-14,Kanpur,Uttar Pradesh,Retail Trader,624400.00,2021-07-04
CUST01860,Garima Shetty,Female,1978-06-11,Ahmedabad,Gujarat,Lawyer,2076300.00,2020-03-02
CUST01861,Harsh Patel,Male,1977-08-14,Durg,Chhattisgarh,Retail Trader,846600.00,2015-04-16
CUST01862,Atharva Verma,Male,1963-01-14,Dehradun,Uttarakhand,Government Employee,1412700.00,2023-12-29
CUST01863,Gaurav Choudhury,Male,1980-07-17,Ahmedabad,Gujarat,Teacher / Professor,1177500.00,2017-10-15
CUST01864,Vihaan Mishra,Male,1973-07-09,Bhopal,Madhya Pradesh,Government Employee,1245500.00,2016-10-19
CUST01865,Ashish Srivastava,Male,1962-01-18,Durg,Chhattisgarh,Banker,1479300.00,2023-10-04
CUST01866,Komal Kumar,Female,1982-01-02,Shillong,Meghalaya,Civil / Mechanical Engineer,1139900.00,2017-07-21
CUST01867,Anand Gupta,Male,1957-05-16,Bhopal,Madhya Pradesh,Banker,906800.00,2020-07-29
CUST01868,Richa Bhat,Female,1991-02-16,Bilaspur,Chhattisgarh,Sales & Marketing Manager,853200.00,2019-11-29
CUST01869,Richa Nair,Female,1993-01-17,Noida,Uttar Pradesh,Doctor,1217500.00,2018-06-25
CUST01870,Radha Mukherjee,Female,1968-01-31,Kota,Rajasthan,Civil / Mechanical Engineer,938300.00,2019-06-19
CUST01871,Ananya Iyer,Female,1998-05-16,Bilaspur,Chhattisgarh,Consultant,2067800.00,2022-06-09
CUST01872,Suresh Kulkarni,Male,1958-01-08,Guwahati,Assam,Teacher / Professor,687200.00,2019-04-27
CUST01873,Vijay Banerjee,Male,1963-09-13,Lucknow,Uttar Pradesh,Teacher / Professor,1199500.00,2019-12-18
CUST01874,Sunita Srivastava,Female,1993-07-25,Thiruvananthapuram,Kerala,Software Engineer,1490100.00,2022-10-18
CUST01875,Sunita Reddy,Female,1974-08-04,Kochi,Kerala,Chartered Accountant,722400.00,2017-09-25
CUST01876,Prerna Malhotra,Female,1974-12-01,Siliguri,West Bengal,Civil / Mechanical Engineer,1398400.00,2017-02-26
CUST01877,Harsh Yadav,Male,1977-08-14,Cuttack,Odisha,Retired,751200.00,2019-05-05
CUST01878,Kalyani Shukla,Female,1986-11-23,Surat,Gujarat,Teacher / Professor,1115000.00,2017-08-19
CUST01879,Sanjay Singh,Male,1959-04-24,Mumbai,Maharashtra,Healthcare Worker / Nurse,796500.00,2022-11-17
CUST01880,Akash Yadav,Male,1995-05-13,Patna,Bihar,Freelancer / Creator,728200.00,2018-07-08
CUST01881,Sachin Reddy,Male,1957-01-04,Bilaspur,Chhattisgarh,Freelancer / Creator,880500.00,2021-03-19
CUST01882,Kavita Kapoor,Female,1985-09-10,Chandigarh,Punjab,Sales & Marketing Manager,1161600.00,2020-07-29
CUST01883,Ananya Nair,Female,2001-09-18,Panaji,Goa,Civil / Mechanical Engineer,1050300.00,2018-11-24
CUST01884,Manoj Kulkarni,Male,1998-07-17,Ahmedabad,Gujarat,Doctor,2900400.00,2018-02-04
CUST01885,Ajay Verma,Male,1957-08-29,Bhubaneswar,Odisha,Banker,1415500.00,2016-06-30
CUST01886,Anjali Saha,Female,1975-01-24,Guwahati,Assam,Freelancer / Creator,907200.00,2018-09-15
CUST01887,Mayank Shetty,Male,1993-09-28,Jabalpur,Madhya Pradesh,Consultant,1137400.00,2015-01-28
CUST01888,Aarohi Patnaik,Female,1980-09-04,Kanpur,Uttar Pradesh,Retail Trader,1474000.00,2021-11-19
CUST01889,Venkatesh Pradhan,Male,1993-03-24,Visakhapatnam,Andhra Pradesh,Consultant,1849300.00,2017-01-04
CUST01890,Aanya Mukherjee,Female,1972-04-30,Pune,Maharashtra,Doctor,1007200.00,2019-07-11
CUST01891,Sunil Bhat,Male,1976-12-18,Gwalior,Madhya Pradesh,Sales & Marketing Manager,609300.00,2018-11-07
CUST01892,Anand Tripathi,Male,1991-11-23,Mysuru,Karnataka,Sales & Marketing Manager,554300.00,2017-12-03
CUST01893,Amit Tripathi,Male,1961-08-11,Lucknow,Uttar Pradesh,Teacher / Professor,734000.00,2016-01-21
CUST01894,Vivaan Patil,Male,1999-09-19,Chandigarh,Punjab,Lawyer,1246300.00,2016-11-21
CUST01895,Harsh Sharma,Male,2003-01-15,Nagpur,Maharashtra,Government Employee,430400.00,2021-05-15
CUST01896,Arjun Pillai,Male,1990-08-10,Shillong,Meghalaya,Sales & Marketing Manager,659100.00,2017-06-13
CUST01897,Diya Dutta,Female,1993-08-28,Surat,Gujarat,Consultant,924200.00,2019-12-11
CUST01898,Aarti Pillai,Female,1971-04-16,Panaji,Goa,Software Engineer,1719700.00,2021-01-10
CUST01899,Riya Chatterjee,Female,1985-05-07,Ahmedabad,Gujarat,Lawyer,860800.00,2020-10-24
CUST01900,Reyansh Bhatia,Male,1990-08-27,Agra,Uttar Pradesh,Consultant,2076000.00,2020-02-06
CUST01901,Payal Bhat,Female,1975-05-03,Raipur,Chhattisgarh,Civil / Mechanical Engineer,465500.00,2017-10-05
CUST01902,Vikram Bhatia,Male,1990-12-07,Gurugram,Haryana,Teacher / Professor,399800.00,2020-05-21
CUST01903,Vandana Patnaik,Female,1966-05-12,Ranchi,Jharkhand,Doctor,2259700.00,2018-08-05
CUST01904,Ritu Chauhan,Female,1958-10-02,Ranchi,Jharkhand,Banker,1484000.00,2022-03-19
CUST01905,Manish Joshi,Male,1975-03-22,Madurai,Tamil Nadu,Lawyer,1352600.00,2019-11-18
CUST01906,Nikhil Verma,Male,1972-05-08,Mumbai,Maharashtra,Civil / Mechanical Engineer,884100.00,2019-05-12
CUST01907,Ashish Banerjee,Male,1959-07-09,Chandigarh,Punjab,Civil / Mechanical Engineer,1231300.00,2017-02-09
CUST01908,Tanvi Yadav,Female,1955-09-12,Guwahati,Assam,Chartered Accountant,1853700.00,2023-04-16
CUST01909,Vivaan Mehta,Male,1983-12-16,Hyderabad,Telangana,Teacher / Professor,1169600.00,2015-08-03
CUST01910,Shilpa Gowda,Female,1955-10-14,Ranchi,Jharkhand,Healthcare Worker / Nurse,407000.00,2019-02-27
CUST01911,Aadhya Iyengar,Female,1996-11-09,Chennai,Tamil Nadu,Retired,410800.00,2018-08-04
CUST01912,Rahul Bhatia,Male,1989-09-12,Bhopal,Madhya Pradesh,Consultant,674200.00,2019-04-12
CUST01913,Dinesh Deshmukh,Male,1985-06-29,Visakhapatnam,Andhra Pradesh,Lawyer,2127300.00,2018-09-16
CUST01914,Aditi Reddy,Female,1979-12-08,Gurugram,Haryana,Chartered Accountant,955000.00,2017-10-05
CUST01915,Deepika Gowda,Female,1959-09-12,Bilaspur,Chhattisgarh,Healthcare Worker / Nurse,841300.00,2018-06-22
CUST01916,Pankaj Nayak,Male,1985-12-04,Gwalior,Madhya Pradesh,Software Engineer,1348600.00,2019-08-22
CUST01917,Rohan Saikia,Male,1972-02-22,Durgapur,West Bengal,Software Engineer,1727800.00,2019-06-08
CUST01918,Ashish Menon,Male,1994-07-27,Gwalior,Madhya Pradesh,Business Owner,746800.00,2016-04-13
CUST01919,Nikhil Singh,Male,1991-09-30,Mumbai,Maharashtra,Chartered Accountant,2398300.00,2017-11-16
CUST01920,Kalyani Mohanty,Female,1978-02-06,Guwahati,Assam,Government Employee,713200.00,2021-05-24
CUST01921,Hemant Deshmukh,Male,1978-03-20,Lucknow,Uttar Pradesh,Civil / Mechanical Engineer,1246500.00,2017-04-02
CUST01922,Aditya Malhotra,Male,1973-05-07,Kanpur,Uttar Pradesh,Business Owner,633100.00,2019-05-09
CUST01923,Hemant Mohanty,Male,1999-02-28,Rajkot,Gujarat,Consultant,1224900.00,2023-04-13
CUST01924,Sachin Saikia,Male,2000-07-27,Patna,Bihar,Retail Trader,1470700.00,2023-08-14
CUST01925,Manish Patel,Male,1967-06-24,Agra,Uttar Pradesh,Teacher / Professor,1080600.00,2017-10-24
CUST01926,Rashmi Kapoor,Female,1990-08-06,Chandigarh,Punjab,Banker,994000.00,2018-04-10
CUST01927,Amit Pillai,Male,1963-03-24,Pune,Maharashtra,Lawyer,1942400.00,2015-04-14
CUST01928,Ananya Rao,Female,1964-10-04,Madurai,Tamil Nadu,Civil / Mechanical Engineer,561100.00,2021-02-19
CUST01929,Aarohi Deshmukh,Female,1960-05-28,Nashik,Maharashtra,Civil / Mechanical Engineer,934300.00,2021-12-08
CUST01930,Sonal Mishra,Female,1980-06-11,Agra,Uttar Pradesh,Retired,351900.00,2017-08-15
CUST01931,Aarav Chauhan,Male,1999-12-15,Prayagraj,Uttar Pradesh,Consultant,835400.00,2017-07-08
CUST01932,Aadhya Chauhan,Female,1969-05-25,Noida,Uttar Pradesh,Lawyer,2148000.00,2020-05-05
CUST01933,Pallavi Bhat,Female,1984-07-15,Shillong,Meghalaya,Banker,1084600.00,2023-05-23
CUST01934,Nikhil Pawar,Male,1987-01-06,Bhopal,Madhya Pradesh,Sales & Marketing Manager,1001000.00,2016-09-19
CUST01935,Alok Reddy,Male,1994-02-05,Bhopal,Madhya Pradesh,Freelancer / Creator,456900.00,2019-05-11
CUST01936,Pooja Shukla,Female,1956-06-20,Rajkot,Gujarat,Retail Trader,694800.00,2015-06-24
CUST01937,Manoj Saxena,Male,1988-12-08,Amritsar,Punjab,Healthcare Worker / Nurse,675900.00,2017-05-02
CUST01938,Monika Shetty,Female,1973-11-12,Panaji,Goa,Banker,1102600.00,2018-10-15
CUST01939,Karthik Joshi,Male,1956-10-03,Kochi,Kerala,Business Owner,1259400.00,2017-02-21
CUST01940,Ajay Saha,Male,1963-12-27,Aurangabad,Maharashtra,Civil / Mechanical Engineer,1262400.00,2023-11-19
CUST01941,Pankaj Chatterjee,Male,1989-12-12,Agra,Uttar Pradesh,Sales & Marketing Manager,574900.00,2022-04-25
CUST01942,Ashish Pawar,Male,1977-06-05,Hyderabad,Telangana,Business Owner,1681900.00,2016-10-03
CUST01943,Archana Gowda,Female,1991-11-17,Noida,Uttar Pradesh,Freelancer / Creator,485800.00,2021-05-13
CUST01944,Shreya Nayak,Female,1959-09-16,Prayagraj,Uttar Pradesh,Chartered Accountant,1854200.00,2021-06-13
CUST01945,Neha Kulkarni,Female,1977-01-20,Aurangabad,Maharashtra,Business Owner,3538100.00,2016-06-18
CUST01946,Komal Mishra,Female,1963-08-22,Ranchi,Jharkhand,Freelancer / Creator,865300.00,2015-05-25
CUST01947,Ananya Kumar,Female,2002-06-27,Chandigarh,Punjab,Teacher / Professor,1074700.00,2018-07-07
CUST01948,Rashmi Iyer,Female,1956-04-14,Kochi,Kerala,Government Employee,1324700.00,2019-01-26
CUST01949,Meera Yadav,Female,1974-10-31,Pune,Maharashtra,Freelancer / Creator,457700.00,2018-05-27
CUST01950,Kunal Nair,Male,1994-04-09,Nashik,Maharashtra,Doctor,1971100.00,2021-12-07
CUST01951,Kunal Srivastava,Male,1962-11-03,Gwalior,Madhya Pradesh,Government Employee,1159000.00,2017-10-18
CUST01952,Vandana Kulkarni,Female,1975-05-13,Kota,Rajasthan,Software Engineer,844100.00,2019-04-10
CUST01953,Pranav Nair,Male,2001-09-04,Gwalior,Madhya Pradesh,Healthcare Worker / Nurse,517400.00,2019-12-12
CUST01954,Priya Menon,Female,2001-10-23,Raipur,Chhattisgarh,Consultant,1182900.00,2018-10-23
CUST01955,Divya Singh,Female,1992-04-22,Shillong,Meghalaya,Government Employee,1145100.00,2016-09-04
CUST01956,Tarun Iyer,Male,1963-01-18,Madurai,Tamil Nadu,Freelancer / Creator,1013500.00,2023-10-27
CUST01957,Sachin Bhatia,Male,2001-08-17,Jamshedpur,Jharkhand,Banker,1789200.00,2019-02-04
CUST01958,Neha Bansal,Female,1985-10-08,Noida,Uttar Pradesh,Sales & Marketing Manager,816400.00,2016-11-14
CUST01959,Vikram Mohanty,Male,1984-02-17,Panaji,Goa,Banker,938800.00,2018-01-22
CUST01960,Richa Saha,Female,1973-07-29,Lucknow,Uttar Pradesh,Teacher / Professor,818600.00,2016-06-19
CUST01961,Prerna Sharma,Female,1955-09-11,Noida,Uttar Pradesh,Government Employee,818700.00,2020-04-09
CUST01962,Aditya Mohanty,Male,1960-02-13,Gwalior,Madhya Pradesh,Banker,936300.00,2020-09-30
CUST01963,Meenakshi Shetty,Female,1958-01-07,Amritsar,Punjab,Teacher / Professor,961200.00,2021-03-12
CUST01964,Deepak Das,Male,1997-11-13,Raipur,Chhattisgarh,Doctor,2572000.00,2018-07-29
CUST01965,Riya Verma,Female,1995-05-08,Visakhapatnam,Andhra Pradesh,Doctor,1189600.00,2015-09-24
CUST01966,Vikram Saikia,Male,1998-05-24,New Delhi,Delhi,Freelancer / Creator,312100.00,2018-10-29
CUST01967,Prerna Singh,Female,1993-09-06,Bhopal,Madhya Pradesh,Healthcare Worker / Nurse,881500.00,2022-01-28
CUST01968,Vandana Gupta,Female,1964-04-29,Chandigarh,Punjab,Freelancer / Creator,424800.00,2023-05-14
CUST01969,Priya Kumar,Female,1958-05-16,New Delhi,Delhi,Banker,1529100.00,2017-08-12
CUST01970,Manoj Kumar,Male,1979-01-18,Bhopal,Madhya Pradesh,Civil / Mechanical Engineer,592600.00,2017-03-19
CUST01971,Komal Patil,Female,1958-03-28,Kolkata,West Bengal,Government Employee,1204700.00,2021-08-21
CUST01972,Aarohi Menon,Female,1991-10-15,New Delhi,Delhi,Doctor,1186900.00,2017-03-20
CUST01973,Akash Chauhan,Male,1990-07-08,Kanpur,Uttar Pradesh,Freelancer / Creator,985500.00,2017-02-09
CUST01974,Manish Bora,Male,1989-04-09,Vadodara,Gujarat,Lawyer,2172100.00,2018-04-30
CUST01975,Shikha Ghosh,Female,1985-03-12,Rajkot,Gujarat,Government Employee,1306900.00,2023-04-01
CUST01976,Aarav Mukherjee,Male,1960-02-23,Madurai,Tamil Nadu,Retail Trader,535500.00,2015-09-10
CUST01977,Sanjay Pradhan,Male,1999-08-18,Kota,Rajasthan,Healthcare Worker / Nurse,558100.00,2022-07-23
CUST01978,Kalyani Menon,Female,2002-07-21,Lucknow,Uttar Pradesh,Teacher / Professor,849900.00,2019-01-20
CUST01979,Garima Dutta,Female,1998-09-13,Mysuru,Karnataka,Freelancer / Creator,1055800.00,2020-01-21
CUST01980,Pranav Shukla,Male,1972-01-29,Kota,Rajasthan,Sales & Marketing Manager,810500.00,2023-05-10
CUST01981,Sumit Nair,Male,2000-07-13,Ahmedabad,Gujarat,Banker,1104400.00,2020-03-05
CUST01982,Karthik Kapoor,Male,1973-11-12,Agra,Uttar Pradesh,Chartered Accountant,2028100.00,2019-04-29
CUST01983,Vivaan Joshi,Male,1982-12-18,Bhopal,Madhya Pradesh,Chartered Accountant,1419000.00,2015-02-27
CUST01984,Tarun Pillai,Male,1993-09-01,Chennai,Tamil Nadu,Business Owner,832000.00,2019-05-22
CUST01985,Ramesh Pandey,Male,1991-06-20,Bhubaneswar,Odisha,Banker,705800.00,2021-02-28
CUST01986,Rohan Bhatia,Male,1964-10-19,Rajkot,Gujarat,Banker,1731500.00,2016-10-16
CUST01987,Tarun Mehta,Male,1981-05-08,Jaipur,Rajasthan,Teacher / Professor,950100.00,2021-10-25
CUST01988,Vikram Agarwal,Male,1972-03-12,Nashik,Maharashtra,Sales & Marketing Manager,464900.00,2018-06-15
CUST01989,Swati Ghosh,Female,1983-07-16,Shillong,Meghalaya,Banker,1295100.00,2021-09-19
CUST01990,Deepak Pandey,Male,1956-12-22,Gwalior,Madhya Pradesh,Healthcare Worker / Nurse,376900.00,2021-05-04
CUST01991,Ananya Verma,Female,1974-12-24,Nashik,Maharashtra,Business Owner,1233100.00,2018-08-29
CUST01992,Meera Ghosh,Female,1973-02-08,Siliguri,West Bengal,Teacher / Professor,840600.00,2018-09-18
CUST01993,Avani Mishra,Female,1962-09-11,Coimbatore,Tamil Nadu,Freelancer / Creator,833600.00,2017-08-28
CUST01994,Sunita Bhatia,Female,1966-11-03,Noida,Uttar Pradesh,Teacher / Professor,784300.00,2016-01-27
CUST01995,Ishaan Pawar,Male,1983-05-21,Ranchi,Jharkhand,Sales & Marketing Manager,982100.00,2023-03-01
CUST01996,Abhishek Bhat,Male,1991-02-10,Bilaspur,Chhattisgarh,Chartered Accountant,1354800.00,2023-09-21
CUST01997,Vikram Reddy,Male,1963-06-30,Mumbai,Maharashtra,Teacher / Professor,1051100.00,2020-05-30
CUST01998,Ramesh Mishra,Male,1972-01-22,Durgapur,West Bengal,Retired,568200.00,2022-03-30
CUST01999,Sachin Patil,Male,1996-01-31,Ujjain,Madhya Pradesh,Software Engineer,1923900.00,2017-03-09
CUST02000,Mayank Banerjee,Male,1987-12-21,Rajkot,Gujarat,Freelancer / Creator,1036700.00,2015-02-14
CUST02001,Rahul Kulkarni,Male,1985-06-19,Noida,Uttar Pradesh,Lawyer,1788000.00,2019-09-23
CUST02002,Gaurav Saikia,Male,1993-11-15,Bhopal,Madhya Pradesh,Banker,1221800.00,2021-08-29
CUST02003,Manish Gupta,Male,1985-11-10,Thiruvananthapuram,Kerala,Business Owner,2972000.00,2020-01-31
CUST02004,Sumit Joshi,Male,1983-06-23,Kanpur,Uttar Pradesh,Software Engineer,2161900.00,2021-03-13
CUST02005,Ishaan Mishra,Male,1956-12-21,Siliguri,West Bengal,Software Engineer,1732000.00,2022-04-01
CUST02006,Atharva Mishra,Male,1964-06-13,Indore,Madhya Pradesh,Government Employee,756400.00,2023-06-26
CUST02007,Mayank Mehta,Male,1957-04-25,Bhubaneswar,Odisha,Doctor,2839300.00,2016-07-27
CUST02008,Harsh Nair,Male,1958-03-03,Lucknow,Uttar Pradesh,Retail Trader,764400.00,2019-01-02
CUST02009,Venkatesh Pandey,Male,1998-10-22,Vadodara,Gujarat,Civil / Mechanical Engineer,462200.00,2019-09-02
CUST02010,Preeti Mohanty,Female,1993-09-24,Lucknow,Uttar Pradesh,Healthcare Worker / Nurse,424400.00,2016-10-13
CUST02011,Suresh Reddy,Male,1988-06-02,Indore,Madhya Pradesh,Lawyer,1615400.00,2015-08-03
CUST02012,Radha Reddy,Female,1973-06-10,Gurugram,Haryana,Business Owner,3154800.00,2016-09-17
CUST02013,Avani Bansal,Female,1983-01-17,Nagpur,Maharashtra,Retail Trader,1079500.00,2019-06-10
CUST02014,Hemant Banerjee,Male,1972-06-18,Raipur,Chhattisgarh,Freelancer / Creator,927400.00,2021-03-02
CUST02015,Rohan Yadav,Male,2001-03-17,Coimbatore,Tamil Nadu,Consultant,1411800.00,2018-12-02
CUST02016,Sonali Shukla,Female,1971-04-08,Vadodara,Gujarat,Business Owner,1032900.00,2015-01-31
CUST02017,Simran Pawar,Female,1985-02-15,Siliguri,West Bengal,Teacher / Professor,784200.00,2016-10-16
CUST02018,Richa Patil,Female,1987-01-11,Hyderabad,Telangana,Teacher / Professor,1113200.00,2019-05-28
CUST02019,Deepak Menon,Male,2001-11-15,Durgapur,West Bengal,Lawyer,1843700.00,2023-08-20
CUST02020,Atharva Deshmukh,Male,2000-12-15,Dehradun,Uttarakhand,Freelancer / Creator,1139800.00,2017-04-22
CUST02021,Varun Nayak,Male,1956-01-30,Gwalior,Madhya Pradesh,Lawyer,928700.00,2021-08-26
CUST02022,Divya Kapoor,Female,1999-08-04,Bhopal,Madhya Pradesh,Business Owner,2484000.00,2017-10-30
CUST02023,Vivaan Chatterjee,Male,2003-03-13,Chennai,Tamil Nadu,Healthcare Worker / Nurse,500400.00,2020-08-08
CUST02024,Aditi Pradhan,Female,1982-11-09,Vadodara,Gujarat,Consultant,1818500.00,2020-07-06
CUST02025,Sachin Banerjee,Male,1961-02-24,Jaipur,Rajasthan,Consultant,816300.00,2015-01-02
CUST02026,Prerna Mehta,Female,2003-02-11,New Delhi,Delhi,Government Employee,889600.00,2023-03-04
CUST02027,Shaurya Gupta,Male,1999-12-25,Kochi,Kerala,Lawyer,881600.00,2019-09-30
CUST02028,Divya Singh,Female,1985-11-30,Indore,Madhya Pradesh,Software Engineer,1135400.00,2015-05-24
CUST02029,Tanvi Kulkarni,Female,1986-11-10,Kochi,Kerala,Doctor,2822700.00,2023-05-07
CUST02030,Aanya Malhotra,Female,1992-06-23,Kanpur,Uttar Pradesh,Doctor,2394600.00,2020-02-08
CUST02031,Sonali Mohanty,Female,1968-02-12,Thiruvananthapuram,Kerala,Software Engineer,1865200.00,2020-05-18
CUST02032,Dinesh Kulkarni,Male,1990-05-29,Vadodara,Gujarat,Lawyer,1254900.00,2015-06-02
CUST02033,Gaurav Shetty,Male,1992-06-24,Cuttack,Odisha,Retired,322000.00,2015-09-16
CUST02034,Shreya Patnaik,Female,1984-10-29,Hyderabad,Telangana,Retail Trader,657400.00,2022-07-12
CUST02035,Rohan Rao,Male,1958-11-14,New Delhi,Delhi,Lawyer,588200.00,2021-04-25
CUST02036,Meenakshi Srivastava,Female,1958-10-24,Coimbatore,Tamil Nadu,Freelancer / Creator,1063600.00,2015-07-13
CUST02037,Sai Patil,Male,1979-11-10,Kolkata,West Bengal,Civil / Mechanical Engineer,563900.00,2022-05-21
CUST02038,Sonal Srivastava,Female,1969-04-18,Mumbai,Maharashtra,Freelancer / Creator,875400.00,2019-07-26
CUST02039,Karthik Shukla,Male,1974-01-05,Prayagraj,Uttar Pradesh,Government Employee,562400.00,2022-07-18
CUST02040,Komal Dutta,Female,1968-12-05,Surat,Gujarat,Banker,612400.00,2017-11-03
CUST02041,Swati Tripathi,Female,1961-11-05,Panaji,Goa,Retail Trader,970100.00,2022-08-18
CUST02042,Aditya Pandey,Male,1970-08-15,Agra,Uttar Pradesh,Consultant,1179600.00,2022-02-04
CUST02043,Pooja Chauhan,Female,1995-03-18,Gwalior,Madhya Pradesh,Banker,606300.00,2019-09-13
CUST02044,Shikha Saxena,Female,2000-10-08,Dehradun,Uttarakhand,Consultant,656300.00,2021-03-04
CUST02045,Pooja Nayak,Female,1988-07-16,Bilaspur,Chhattisgarh,Retail Trader,735100.00,2016-04-23
CUST02046,Alok Srivastava,Male,1977-10-07,Raipur,Chhattisgarh,Healthcare Worker / Nurse,535700.00,2021-06-21
CUST02047,Venkatesh Mohanty,Male,1997-03-08,Bhopal,Madhya Pradesh,Lawyer,1407300.00,2022-10-13
CUST02048,Neha Patnaik,Female,2002-10-16,Dehradun,Uttarakhand,Sales & Marketing Manager,616000.00,2015-10-23
CUST02049,Tanvi Rao,Female,1978-01-27,Kochi,Kerala,Civil / Mechanical Engineer,1038200.00,2017-02-21
CUST02050,Vivaan Banerjee,Male,1996-03-16,Chennai,Tamil Nadu,Healthcare Worker / Nurse,765600.00,2015-10-20
CUST02051,Abhishek Deshmukh,Male,1975-12-30,Raipur,Chhattisgarh,Banker,513700.00,2021-09-13
CUST02052,Praveen Shukla,Male,1990-01-27,Rajkot,Gujarat,Consultant,1564000.00,2020-05-13
CUST02053,Sonali Patel,Female,1959-10-23,Gurugram,Haryana,Sales & Marketing Manager,817600.00,2015-05-08
CUST02054,Pranav Bhat,Male,1969-05-12,Rajkot,Gujarat,Freelancer / Creator,828400.00,2018-12-08
CUST02055,Shilpa Bhatia,Female,2001-12-19,Gurugram,Haryana,Sales & Marketing Manager,1322900.00,2015-12-22
CUST02056,Akash Kumar,Male,1998-02-26,Ujjain,Madhya Pradesh,Healthcare Worker / Nurse,729400.00,2016-01-21
CUST02057,Vijay Pandey,Male,1987-08-26,Kolkata,West Bengal,Software Engineer,1181200.00,2021-03-13
CUST02058,Lakshmi Iyengar,Female,1963-12-03,Dehradun,Uttarakhand,Software Engineer,1830900.00,2021-08-27
CUST02059,Aarti Verma,Female,1970-11-16,Jaipur,Rajasthan,Civil / Mechanical Engineer,581200.00,2018-01-30
CUST02060,Aditi Saxena,Female,1962-06-07,Mysuru,Karnataka,Consultant,832400.00,2020-10-17
CUST02061,Abhishek Banerjee,Male,1993-06-11,Madurai,Tamil Nadu,Consultant,1163700.00,2016-03-25
CUST02062,Ananya Iyer,Female,1972-10-26,Visakhapatnam,Andhra Pradesh,Software Engineer,1297100.00,2023-05-08
CUST02063,Priya Saikia,Female,1979-06-09,Vijayawada,Andhra Pradesh,Chartered Accountant,1102200.00,2022-08-29
CUST02064,Komal Reddy,Female,1957-11-16,Gwalior,Madhya Pradesh,Retired,358000.00,2016-11-04
CUST02065,Vijay Patil,Male,1967-06-19,Panaji,Goa,Sales & Marketing Manager,871700.00,2022-11-02
CUST02066,Manoj Agarwal,Male,1958-12-25,Bhopal,Madhya Pradesh,Civil / Mechanical Engineer,506300.00,2020-04-24
CUST02067,Naveen Srivastava,Male,1958-11-27,Jaipur,Rajasthan,Doctor,991900.00,2022-06-15
CUST02068,Karthik Bansal,Male,1988-04-21,Kanpur,Uttar Pradesh,Software Engineer,891600.00,2021-05-25
CUST02069,Rohan Menon,Male,1960-09-25,Surat,Gujarat,Civil / Mechanical Engineer,663000.00,2015-10-01
CUST02070,Vandana Pillai,Female,1965-12-02,Kanpur,Uttar Pradesh,Civil / Mechanical Engineer,439800.00,2017-04-09
CUST02071,Krishna Nayak,Male,1958-12-13,New Delhi,Delhi,Teacher / Professor,401000.00,2023-11-03
CUST02072,Harsh Saha,Male,1985-09-05,Ranchi,Jharkhand,Software Engineer,1146000.00,2016-07-15
CUST02073,Vikram Malhotra,Male,1990-03-27,Raipur,Chhattisgarh,Sales & Marketing Manager,1000000.00,2017-05-27
CUST02074,Praveen Srivastava,Male,1962-08-14,Guwahati,Assam,Healthcare Worker / Nurse,782300.00,2016-08-21
CUST02075,Shikha Kulkarni,Female,1998-10-30,Patna,Bihar,Doctor,2045500.00,2017-10-08
CUST02076,Monika Ghosh,Female,1980-03-07,Mysuru,Karnataka,Banker,577600.00,2019-11-04
CUST02077,Manish Saikia,Male,1978-06-17,Hyderabad,Telangana,Lawyer,1953000.00,2019-03-11
CUST02078,Sachin Reddy,Male,1956-04-26,Kolkata,West Bengal,Consultant,2121600.00,2020-09-18
CUST02079,Pallavi Bora,Female,1963-04-12,Visakhapatnam,Andhra Pradesh,Consultant,1458000.00,2020-07-29
CUST02080,Meenakshi Patil,Female,2001-11-30,Jaipur,Rajasthan,Civil / Mechanical Engineer,484800.00,2023-09-18
CUST02081,Pankaj Patel,Male,1980-02-09,Vadodara,Gujarat,Government Employee,911000.00,2018-10-30
CUST02082,Akash Patil,Male,1983-01-25,Kolkata,West Bengal,Civil / Mechanical Engineer,887800.00,2023-06-30
CUST02083,Radha Yadav,Female,1958-09-18,Jabalpur,Madhya Pradesh,Consultant,1579000.00,2023-10-24
CUST02084,Pranav Pandey,Male,1997-07-12,Bhubaneswar,Odisha,Teacher / Professor,802800.00,2021-11-29
CUST02085,Deepika Ghosh,Female,1986-02-13,Madurai,Tamil Nadu,Consultant,1446000.00,2018-07-06
CUST02086,Meera Rao,Female,1967-03-26,Ahmedabad,Gujarat,Government Employee,611000.00,2018-10-04
CUST02087,Venkatesh Das,Male,1986-08-29,Rajkot,Gujarat,Lawyer,1818200.00,2023-08-14
CUST02088,Avani Saikia,Female,1959-01-31,Hyderabad,Telangana,Lawyer,1872000.00,2022-12-28
CUST02089,Manish Iyengar,Male,1973-09-07,Ranchi,Jharkhand,Chartered Accountant,911000.00,2023-02-08
CUST02090,Nisha Rao,Female,1989-08-29,Bhopal,Madhya Pradesh,Healthcare Worker / Nurse,502400.00,2022-04-06
CUST02091,Divya Rao,Female,1977-10-27,Bilaspur,Chhattisgarh,Government Employee,1425700.00,2020-02-24
CUST02092,Ishaan Choudhury,Male,1965-05-26,Mysuru,Karnataka,Doctor,2926300.00,2021-03-05
CUST02093,Saanvi Singh,Female,1991-02-21,Bhubaneswar,Odisha,Sales & Marketing Manager,1525000.00,2021-03-05
CUST02094,Shreya Bansal,Female,1966-11-28,Hyderabad,Telangana,Government Employee,456100.00,2019-10-18
CUST02095,Komal Patil,Female,1996-10-31,Rajkot,Gujarat,Banker,907100.00,2016-07-26
CUST02096,Alok Bora,Male,2000-06-09,Jaipur,Rajasthan,Government Employee,518200.00,2021-01-01
CUST02097,Reyansh Nayak,Male,1959-11-27,Kochi,Kerala,Software Engineer,2204400.00,2021-05-09
CUST02098,Ayaan Pandey,Male,1964-02-10,Madurai,Tamil Nadu,Banker,812900.00,2017-06-21
CUST02099,Ritu Bora,Female,1985-09-22,Ahmedabad,Gujarat,Healthcare Worker / Nurse,441800.00,2015-04-05
CUST02100,Manish Bora,Male,1989-04-05,Nagpur,Maharashtra,Business Owner,2396000.00,2015-03-13
CUST02101,Pari Chauhan,Female,1955-08-21,Thiruvananthapuram,Kerala,Retail Trader,909200.00,2016-01-27
CUST02102,Venkatesh Reddy,Male,1987-11-08,Shillong,Meghalaya,Chartered Accountant,2305400.00,2017-06-21
CUST02103,Aarav Rao,Male,1961-01-25,Rajkot,Gujarat,Consultant,1984400.00,2019-05-03
CUST02104,Amit Gupta,Male,1997-12-04,Bilaspur,Chhattisgarh,Sales & Marketing Manager,958900.00,2023-04-16
CUST02105,Prerna Bora,Female,1979-06-20,Guwahati,Assam,Retail Trader,662500.00,2022-07-20
CUST02106,Harsh Pandey,Male,1983-06-21,Bhubaneswar,Odisha,Civil / Mechanical Engineer,1015600.00,2019-12-17
CUST02107,Divya Kulkarni,Female,1958-05-23,Durgapur,West Bengal,Healthcare Worker / Nurse,719400.00,2019-03-27
CUST02108,Karthik Iyengar,Male,1990-01-22,Ahmedabad,Gujarat,Banker,856400.00,2023-01-07
CUST02109,Amit Bhat,Male,1964-11-03,Noida,Uttar Pradesh,Lawyer,2370500.00,2017-09-26
CUST02110,Ananya Menon,Female,1958-06-20,Nagpur,Maharashtra,Consultant,1185000.00,2019-04-10
CUST02111,Naveen Pradhan,Male,1974-11-26,Lucknow,Uttar Pradesh,Banker,831400.00,2017-07-25
CUST02112,Suresh Malhotra,Male,1993-04-06,Coimbatore,Tamil Nadu,Healthcare Worker / Nurse,651300.00,2020-10-19
CUST02113,Neha Patel,Female,1978-12-27,Chandigarh,Punjab,Retail Trader,612900.00,2022-12-06
CUST02114,Pari Pawar,Female,1958-09-21,Chandigarh,Punjab,Government Employee,487200.00,2017-11-11
CUST02115,Deepak Kulkarni,Male,1976-02-09,Chennai,Tamil Nadu,Business Owner,1933100.00,2016-11-13
CUST02116,Amit Kumar,Male,1964-06-04,Cuttack,Odisha,Lawyer,2066200.00,2023-04-24
CUST02117,Kunal Malhotra,Male,1976-04-06,Visakhapatnam,Andhra Pradesh,Software Engineer,2053900.00,2017-03-11
CUST02118,Ananya Singh,Female,1997-02-14,Chennai,Tamil Nadu,Civil / Mechanical Engineer,524100.00,2020-03-09
CUST02119,Alok Pradhan,Male,1992-04-13,Guwahati,Assam,Retired,393400.00,2023-10-29
CUST02120,Shaurya Saikia,Male,1985-10-12,Noida,Uttar Pradesh,Civil / Mechanical Engineer,904500.00,2015-08-21
CUST02121,Shaurya Mehta,Male,1973-04-13,Amritsar,Punjab,Business Owner,3515900.00,2019-02-13
CUST02122,Ramesh Kapoor,Male,1987-11-11,Chennai,Tamil Nadu,Freelancer / Creator,398900.00,2017-10-13
CUST02123,Sachin Bora,Male,2001-05-28,Nagpur,Maharashtra,Chartered Accountant,701000.00,2020-03-02
CUST02124,Nikhil Dutta,Male,1977-09-23,Guwahati,Assam,Freelancer / Creator,663500.00,2020-11-20
CUST02125,Pankaj Agarwal,Male,1980-08-25,Cuttack,Odisha,Freelancer / Creator,1053900.00,2019-07-18
CUST02126,Archana Shetty,Female,1992-10-17,Bhubaneswar,Odisha,Chartered Accountant,2148700.00,2017-04-27
CUST02127,Alok Chatterjee,Male,1995-08-26,Nashik,Maharashtra,Banker,988700.00,2019-03-11
CUST02128,Nikhil Iyer,Male,2002-03-13,Rajkot,Gujarat,Retail Trader,1084200.00,2016-08-25
CUST02129,Sumit Bora,Male,1956-04-20,Indore,Madhya Pradesh,Retail Trader,697300.00,2017-09-28
CUST02130,Amit Menon,Male,1986-10-25,Vadodara,Gujarat,Sales & Marketing Manager,1269800.00,2019-03-02
CUST02131,Bhavna Joshi,Female,1977-06-05,Visakhapatnam,Andhra Pradesh,Chartered Accountant,2314700.00,2016-02-19
CUST02132,Vihaan Tripathi,Male,1973-12-16,Indore,Madhya Pradesh,Healthcare Worker / Nurse,560000.00,2021-09-16
CUST02133,Mayank Srivastava,Male,1973-06-11,Kolkata,West Bengal,Doctor,1575500.00,2017-03-03
CUST02134,Mayank Nair,Male,2003-05-11,Agra,Uttar Pradesh,Freelancer / Creator,940000.00,2018-01-09
CUST02135,Mayank Iyengar,Male,1962-10-08,Surat,Gujarat,Software Engineer,1407000.00,2018-09-30
CUST02136,Bhavna Tripathi,Female,1964-01-15,Madurai,Tamil Nadu,Teacher / Professor,393300.00,2020-10-18
CUST02137,Lakshmi Bora,Female,1971-11-22,Kota,Rajasthan,Civil / Mechanical Engineer,436200.00,2023-09-28
CUST02138,Vijay Chauhan,Male,1971-05-28,Agra,Uttar Pradesh,Retired,712400.00,2018-09-14
CUST02139,Lakshmi Pradhan,Female,1956-08-10,Thiruvananthapuram,Kerala,Chartered Accountant,956000.00,2017-03-15
CUST02140,Praveen Das,Male,1978-03-11,Gurugram,Haryana,Software Engineer,1145200.00,2016-06-28
CUST02141,Varun Iyer,Male,1977-04-15,Rajkot,Gujarat,Civil / Mechanical Engineer,968200.00,2017-05-12
CUST02142,Arjun Nair,Male,2001-02-16,Ujjain,Madhya Pradesh,Sales & Marketing Manager,1355100.00,2017-06-16
CUST02143,Shaurya Dutta,Male,1972-05-03,Lucknow,Uttar Pradesh,Lawyer,1419200.00,2018-11-04
CUST02144,Divya Malhotra,Female,1986-09-09,Siliguri,West Bengal,Civil / Mechanical Engineer,1289200.00,2023-04-28
CUST02145,Tarun Mishra,Male,1970-04-13,Raipur,Chhattisgarh,Lawyer,2170700.00,2021-08-12
CUST02146,Ramesh Patil,Male,1988-03-07,Noida,Uttar Pradesh,Banker,1128400.00,2018-09-06
CUST02147,Tanvi Bhatia,Female,1956-12-06,Chandigarh,Punjab,Consultant,1115500.00,2017-11-21
CUST02148,Ishaan Srivastava,Male,1989-03-11,Visakhapatnam,Andhra Pradesh,Sales & Marketing Manager,1491000.00,2016-02-08
CUST02149,Shikha Shukla,Female,1976-12-09,Nashik,Maharashtra,Consultant,1163400.00,2015-11-29
CUST02150,Mohit Malhotra,Male,1961-05-29,Prayagraj,Uttar Pradesh,Teacher / Professor,1137200.00,2015-08-22
CUST02151,Naveen Kulkarni,Male,1976-11-01,Noida,Uttar Pradesh,Teacher / Professor,1147000.00,2016-04-29
CUST02152,Nikhil Bhatia,Male,1977-09-03,Kochi,Kerala,Banker,1059100.00,2017-08-21
CUST02153,Mohit Nair,Male,1982-04-11,Durgapur,West Bengal,Teacher / Professor,854400.00,2015-12-06
CUST02154,Sai Nayak,Male,2003-04-16,Guwahati,Assam,Banker,1140400.00,2016-01-14
CUST02155,Radha Mukherjee,Female,1994-06-05,New Delhi,Delhi,Sales & Marketing Manager,654200.00,2016-06-30
CUST02156,Alok Dutta,Male,1959-07-08,Ahmedabad,Gujarat,Lawyer,1644000.00,2015-06-15
CUST02157,Anand Pandey,Male,1997-06-12,Jamshedpur,Jharkhand,Doctor,2974000.00,2021-11-21
CUST02158,Rohan Nair,Male,1977-10-23,Dehradun,Uttarakhand,Government Employee,1052700.00,2021-11-25
CUST02159,Ananya Pawar,Female,1985-04-22,Jaipur,Rajasthan,Sales & Marketing Manager,1147100.00,2017-11-30
CUST02160,Ashish Mohanty,Male,1971-05-13,Bhubaneswar,Odisha,Consultant,996900.00,2018-03-08
CUST02161,Rajesh Saha,Male,1992-07-11,Kolkata,West Bengal,Retail Trader,870400.00,2020-09-15
CUST02162,Pankaj Patnaik,Male,1977-11-29,Visakhapatnam,Andhra Pradesh,Retail Trader,1482300.00,2018-06-20
CUST02163,Anjali Rao,Female,1974-04-16,Bilaspur,Chhattisgarh,Chartered Accountant,766200.00,2015-08-29
CUST02164,Riya Kulkarni,Female,1996-11-14,Amritsar,Punjab,Chartered Accountant,2001000.00,2018-03-03
CUST02165,Radha Mishra,Female,1966-03-01,Bilaspur,Chhattisgarh,Sales & Marketing Manager,950600.00,2016-05-17
CUST02166,Vandana Saha,Female,1967-09-04,Vijayawada,Andhra Pradesh,Retired,654600.00,2020-04-22
CUST02167,Divya Nair,Female,1978-03-25,Ahmedabad,Gujarat,Doctor,907600.00,2017-10-29
CUST02168,Nikhil Kapoor,Male,1960-12-10,Bilaspur,Chhattisgarh,Healthcare Worker / Nurse,494100.00,2016-06-28
CUST02169,Simran Patnaik,Female,1975-07-29,Mumbai,Maharashtra,Retired,675800.00,2022-11-06
CUST02170,Shaurya Choudhury,Male,1977-05-15,Bhubaneswar,Odisha,Retired,794200.00,2016-08-29
CUST02171,Krishna Rao,Male,1970-08-26,Bhubaneswar,Odisha,Government Employee,1398000.00,2023-01-31
CUST02172,Aditya Saikia,Male,2002-08-12,Surat,Gujarat,Freelancer / Creator,608700.00,2021-11-23
CUST02173,Aarav Gupta,Male,1972-10-18,Hyderabad,Telangana,Business Owner,1017300.00,2022-08-18
CUST02174,Simran Nayak,Female,1971-02-11,Ranchi,Jharkhand,Banker,1656500.00,2021-08-15
CUST02175,Prerna Iyer,Female,1976-06-10,Aurangabad,Maharashtra,Freelancer / Creator,831900.00,2018-04-03
CUST02176,Hemant Kapoor,Male,2001-02-06,Pune,Maharashtra,Software Engineer,1333200.00,2022-01-12
CUST02177,Ananya Malhotra,Female,1976-11-06,Durgapur,West Bengal,Consultant,1008000.00,2018-07-14
CUST02178,Kavita Menon,Female,1987-01-29,Indore,Madhya Pradesh,Healthcare Worker / Nurse,323200.00,2017-07-28
CUST02179,Sonali Choudhury,Female,1978-02-16,New Delhi,Delhi,Civil / Mechanical Engineer,629200.00,2017-06-27
CUST02180,Lakshmi Rao,Female,1978-06-30,Rajkot,Gujarat,Software Engineer,2325500.00,2023-12-31
CUST02181,Nandini Saxena,Female,1977-06-23,Patna,Bihar,Healthcare Worker / Nurse,871600.00,2023-11-29
CUST02182,Tanvi Saikia,Female,1964-07-27,Chandigarh,Punjab,Sales & Marketing Manager,1587200.00,2017-05-24
CUST02183,Kunal Banerjee,Male,1996-03-02,Nagpur,Maharashtra,Civil / Mechanical Engineer,1125700.00,2016-12-26
CUST02184,Rohan Sharma,Male,1959-11-24,Lucknow,Uttar Pradesh,Teacher / Professor,899800.00,2020-05-19
CUST02185,Krishna Nayak,Male,1957-02-19,Bengaluru,Karnataka,Lawyer,1084600.00,2017-11-19
CUST02186,Naveen Iyengar,Male,1957-04-09,Surat,Gujarat,Doctor,2483200.00,2018-03-28
CUST02187,Akash Mohanty,Male,1967-08-08,Jaipur,Rajasthan,Doctor,2962200.00,2016-05-12
CUST02188,Saanvi Rao,Female,1999-02-13,Chennai,Tamil Nadu,Doctor,2482800.00,2018-10-14
CUST02189,Ashish Saikia,Male,1968-11-05,Patna,Bihar,Doctor,1858700.00,2021-11-21
CUST02190,Sai Tripathi,Male,1998-01-02,Chennai,Tamil Nadu,Banker,1548600.00,2021-02-11
CUST02191,Sonal Verma,Female,1964-05-17,Jaipur,Rajasthan,Chartered Accountant,962500.00,2016-10-18
CUST02192,Dinesh Saxena,Male,1990-10-29,Kota,Rajasthan,Lawyer,1202800.00,2018-10-25
CUST02193,Richa Gowda,Female,1996-10-12,Prayagraj,Uttar Pradesh,Retail Trader,812800.00,2016-11-17
CUST02194,Devendra Malhotra,Male,1965-07-09,Jaipur,Rajasthan,Freelancer / Creator,504100.00,2022-05-15
CUST02195,Aarti Bhatia,Female,1967-11-09,Nagpur,Maharashtra,Teacher / Professor,896100.00,2017-03-26
CUST02196,Aadhya Menon,Female,1991-06-30,Cuttack,Odisha,Teacher / Professor,364600.00,2022-06-15
CUST02197,Pallavi Pandey,Female,1977-06-28,Mumbai,Maharashtra,Healthcare Worker / Nurse,578100.00,2016-07-03
CUST02198,Garima Agarwal,Female,1968-05-02,Jamshedpur,Jharkhand,Chartered Accountant,1552200.00,2021-03-17
CUST02199,Sonal Bora,Female,1982-05-01,Shillong,Meghalaya,Retail Trader,387400.00,2022-02-26
CUST02200,Anand Saxena,Male,1976-02-01,Gurugram,Haryana,Healthcare Worker / Nurse,363900.00,2018-05-14
CUST02201,Avani Mohanty,Female,1986-12-19,Agra,Uttar Pradesh,Government Employee,773900.00,2019-08-15
CUST02202,Archana Shukla,Female,1998-10-19,Vijayawada,Andhra Pradesh,Freelancer / Creator,569800.00,2015-04-04
CUST02203,Deepak Mishra,Male,1992-05-14,Amritsar,Punjab,Retired,562500.00,2021-09-21
CUST02204,Divya Deshmukh,Female,1997-02-16,Prayagraj,Uttar Pradesh,Teacher / Professor,620600.00,2016-05-21
CUST02205,Rahul Yadav,Male,1998-03-05,Chandigarh,Punjab,Government Employee,742600.00,2023-07-13
CUST02206,Akash Kumar,Male,1957-09-23,Cuttack,Odisha,Healthcare Worker / Nurse,714300.00,2018-05-02
CUST02207,Vandana Chatterjee,Female,1996-12-07,Kota,Rajasthan,Retired,320400.00,2019-09-18
CUST02208,Rajesh Das,Male,1956-06-04,Amritsar,Punjab,Doctor,1007500.00,2021-08-06
CUST02209,Pranav Patel,Male,1972-12-29,Vadodara,Gujarat,Civil / Mechanical Engineer,506900.00,2016-10-12
CUST02210,Payal Rao,Female,1998-01-11,Bengaluru,Karnataka,Chartered Accountant,1867300.00,2021-05-19
CUST02211,Diya Ghosh,Female,2001-11-03,Kochi,Kerala,Freelancer / Creator,937300.00,2016-11-24
CUST02212,Shilpa Bansal,Female,1987-12-05,New Delhi,Delhi,Lawyer,1546000.00,2018-01-24
CUST02213,Ajay Saikia,Male,1990-10-22,Siliguri,West Bengal,Business Owner,707800.00,2017-05-14
CUST02214,Aditi Iyer,Female,1970-02-02,Ahmedabad,Gujarat,Chartered Accountant,1428100.00,2021-08-16
CUST02215,Sumit Banerjee,Male,1986-02-24,Shillong,Meghalaya,Healthcare Worker / Nurse,833700.00,2022-12-05
CUST02216,Pankaj Patil,Male,1972-06-30,Kanpur,Uttar Pradesh,Banker,1268000.00,2023-05-17
CUST02217,Krishna Chauhan,Male,1991-08-07,Jamshedpur,Jharkhand,Doctor,2927800.00,2017-10-16
CUST02218,Aditya Reddy,Male,1988-06-07,Ujjain,Madhya Pradesh,Doctor,2304900.00,2016-06-28
CUST02219,Shreya Deshmukh,Female,1967-06-30,Indore,Madhya Pradesh,Business Owner,3010300.00,2022-10-22
CUST02220,Reyansh Pandey,Male,1989-11-15,Agra,Uttar Pradesh,Chartered Accountant,2003800.00,2023-10-23
CUST02221,Alok Mishra,Male,1976-12-20,Raipur,Chhattisgarh,Civil / Mechanical Engineer,1080300.00,2019-12-22
CUST02222,Nisha Kulkarni,Female,1989-12-14,Ahmedabad,Gujarat,Business Owner,3544800.00,2022-06-05
CUST02223,Nikhil Das,Male,1976-06-05,Mysuru,Karnataka,Software Engineer,1379900.00,2016-10-11
CUST02224,Vihaan Nayak,Male,1973-10-06,Madurai,Tamil Nadu,Business Owner,1946900.00,2018-03-22
CUST02225,Ramesh Pillai,Male,1976-06-23,Kolkata,West Bengal,Retail Trader,1227000.00,2015-09-25
CUST02226,Rashmi Chatterjee,Female,1962-03-09,Panaji,Goa,Business Owner,2909500.00,2018-02-02
CUST02227,Aditi Das,Female,1992-10-29,Coimbatore,Tamil Nadu,Sales & Marketing Manager,1490500.00,2015-03-12
CUST02228,Pallavi Bhatia,Female,1979-03-11,Siliguri,West Bengal,Civil / Mechanical Engineer,1041900.00,2016-08-15
CUST02229,Ajay Shukla,Male,1970-02-21,Gwalior,Madhya Pradesh,Doctor,1398000.00,2022-05-20
CUST02230,Anand Nayak,Male,1978-06-21,Jaipur,Rajasthan,Consultant,2133600.00,2016-03-14
CUST02231,Deepak Choudhury,Male,1987-07-24,Siliguri,West Bengal,Healthcare Worker / Nurse,668200.00,2023-12-17
CUST02232,Priya Ghosh,Female,1971-10-04,New Delhi,Delhi,Chartered Accountant,2425500.00,2018-09-02
CUST02233,Aarti Srivastava,Female,1976-09-14,Pune,Maharashtra,Software Engineer,1465800.00,2017-02-06
CUST02234,Anand Pradhan,Male,1976-02-23,Gwalior,Madhya Pradesh,Retail Trader,662700.00,2017-03-28
CUST02235,Vandana Patil,Female,1966-09-16,Ahmedabad,Gujarat,Doctor,1635800.00,2022-01-02
CUST02236,Vikram Mishra,Male,2001-01-10,Ahmedabad,Gujarat,Sales & Marketing Manager,1322800.00,2020-12-21
CUST02237,Amit Gowda,Male,1968-06-22,Gwalior,Madhya Pradesh,Doctor,1027000.00,2016-07-15
CUST02238,Aditya Iyengar,Male,1973-12-02,Guwahati,Assam,Freelancer / Creator,365300.00,2022-08-21
CUST02239,Payal Menon,Female,1958-04-23,Coimbatore,Tamil Nadu,Freelancer / Creator,493100.00,2019-02-28
CUST02240,Suresh Sharma,Male,1965-12-04,Kanpur,Uttar Pradesh,Government Employee,1107300.00,2020-01-17
CUST02241,Pari Pandey,Female,1987-08-22,Kanpur,Uttar Pradesh,Doctor,2571900.00,2023-11-15
CUST02242,Simran Ghosh,Female,1988-06-08,Kolkata,West Bengal,Freelancer / Creator,549400.00,2016-11-15
CUST02243,Radha Pradhan,Female,2002-10-24,Kochi,Kerala,Retail Trader,823600.00,2018-09-16
CUST02244,Mayank Yadav,Male,1988-09-10,Thiruvananthapuram,Kerala,Software Engineer,1368800.00,2018-11-30
CUST02245,Richa Menon,Female,1967-07-10,Bengaluru,Karnataka,Software Engineer,1930000.00,2022-01-13
CUST02246,Tarun Das,Male,1991-04-04,Bengaluru,Karnataka,Business Owner,3081200.00,2023-03-20
CUST02247,Rahul Iyer,Male,1995-01-31,Aurangabad,Maharashtra,Software Engineer,1791000.00,2017-07-13
CUST02248,Aadhya Deshmukh,Female,1957-03-19,Surat,Gujarat,Lawyer,2013200.00,2023-07-15
CUST02249,Sunil Gowda,Male,1993-07-14,Jaipur,Rajasthan,Healthcare Worker / Nurse,840700.00,2020-04-24
CUST02250,Shaurya Shukla,Male,2000-10-02,Chennai,Tamil Nadu,Lawyer,2185800.00,2019-09-18
CUST02251,Hemant Nair,Male,1990-05-25,Agra,Uttar Pradesh,Banker,641000.00,2017-07-28
CUST02252,Pooja Das,Female,1957-10-08,Bilaspur,Chhattisgarh,Civil / Mechanical Engineer,1283800.00,2020-12-14
CUST02253,Sonali Yadav,Female,1981-11-12,Bengaluru,Karnataka,Healthcare Worker / Nurse,898300.00,2020-12-22
CUST02254,Anjali Menon,Female,1976-04-03,Shillong,Meghalaya,Healthcare Worker / Nurse,776800.00,2018-02-17
CUST02255,Sachin Iyengar,Male,1957-06-21,Hyderabad,Telangana,Banker,884200.00,2023-08-31
CUST02256,Sai Yadav,Male,1995-07-11,Amritsar,Punjab,Retired,326900.00,2023-04-07
CUST02257,Riya Srivastava,Female,1972-12-11,Indore,Madhya Pradesh,Consultant,1754300.00,2016-07-07
CUST02258,Atharva Saxena,Male,1989-04-28,Visakhapatnam,Andhra Pradesh,Retired,325400.00,2021-10-21
CUST02259,Arjun Rao,Male,1968-09-22,Lucknow,Uttar Pradesh,Teacher / Professor,796300.00,2016-01-19
CUST02260,Rajesh Srivastava,Male,1995-04-01,Gurugram,Haryana,Banker,1137700.00,2017-04-20
CUST02261,Amit Mohanty,Male,1963-05-17,Ranchi,Jharkhand,Chartered Accountant,1824700.00,2015-10-20
CUST02262,Devendra Saxena,Male,1998-01-18,Aurangabad,Maharashtra,Chartered Accountant,1926400.00,2018-10-15
CUST02263,Hemant Sharma,Male,2001-07-26,Gwalior,Madhya Pradesh,Software Engineer,2153200.00,2023-02-09
CUST02264,Manish Nair,Male,1955-08-09,Jamshedpur,Jharkhand,Doctor,981800.00,2017-02-18
CUST02265,Reyansh Menon,Male,1968-08-04,Surat,Gujarat,Software Engineer,2017400.00,2023-05-24
CUST02266,Aanya Pradhan,Female,1994-01-02,Mumbai,Maharashtra,Banker,1373800.00,2023-11-30
CUST02267,Pallavi Banerjee,Female,1985-02-18,Bengaluru,Karnataka,Doctor,2000700.00,2016-08-28
CUST02268,Ritu Saxena,Female,1973-02-04,Bhubaneswar,Odisha,Civil / Mechanical Engineer,1310300.00,2015-11-10
CUST02269,Hemant Banerjee,Male,1970-08-17,Gurugram,Haryana,Teacher / Professor,672500.00,2015-06-15
CUST02270,Gaurav Verma,Male,2000-08-29,Chandigarh,Punjab,Software Engineer,1791700.00,2017-10-03
CUST02271,Devendra Pandey,Male,1997-12-28,Ujjain,Madhya Pradesh,Civil / Mechanical Engineer,675100.00,2016-09-06
CUST02272,Varun Deshmukh,Male,1987-12-02,Agra,Uttar Pradesh,Retail Trader,659800.00,2017-07-22
CUST02273,Divya Saha,Female,1999-12-26,Vijayawada,Andhra Pradesh,Healthcare Worker / Nurse,402100.00,2021-06-20
CUST02274,Aditya Srivastava,Male,1958-06-11,Bhopal,Madhya Pradesh,Sales & Marketing Manager,511000.00,2017-05-01
CUST02275,Sachin Pawar,Male,1967-11-08,Shillong,Meghalaya,Teacher / Professor,1018500.00,2015-03-11
CUST02276,Aarti Ghosh,Female,1970-03-29,Amritsar,Punjab,Doctor,933600.00,2023-12-29
CUST02277,Ayaan Hegde,Male,1986-10-04,Kanpur,Uttar Pradesh,Retired,577900.00,2020-12-07
CUST02278,Deepika Ghosh,Female,1957-02-19,Indore,Madhya Pradesh,Chartered Accountant,1685500.00,2020-04-24
CUST02279,Vikram Agarwal,Male,1990-12-20,Bilaspur,Chhattisgarh,Retail Trader,565800.00,2022-04-07
CUST02280,Ramesh Rao,Male,1993-07-22,Jaipur,Rajasthan,Chartered Accountant,1954000.00,2021-12-10
CUST02281,Sonal Nair,Female,1969-09-12,Indore,Madhya Pradesh,Lawyer,1834000.00,2018-06-13
CUST02282,Shaurya Verma,Male,1987-11-29,Kota,Rajasthan,Freelancer / Creator,417500.00,2023-02-06
CUST02283,Archana Gowda,Female,1990-05-09,Vijayawada,Andhra Pradesh,Retail Trader,639600.00,2020-03-07
CUST02284,Aditi Banerjee,Female,1962-12-14,Bengaluru,Karnataka,Teacher / Professor,1154200.00,2019-03-11
CUST02285,Aadhya Pillai,Female,1978-03-06,Ujjain,Madhya Pradesh,Lawyer,1238100.00,2021-02-04
CUST02286,Sneha Iyer,Female,1957-06-20,Raipur,Chhattisgarh,Doctor,1833600.00,2018-06-14
CUST02287,Ramesh Banerjee,Male,1970-09-10,Ranchi,Jharkhand,Civil / Mechanical Engineer,1316300.00,2015-04-03
CUST02288,Sonal Gupta,Female,1980-02-28,Siliguri,West Bengal,Freelancer / Creator,750900.00,2016-12-31
CUST02289,Shreya Pandey,Female,1957-04-24,Aurangabad,Maharashtra,Consultant,1939200.00,2015-09-10
CUST02290,Swati Patel,Female,1984-07-15,Bhopal,Madhya Pradesh,Software Engineer,2387600.00,2018-04-08
CUST02291,Rahul Iyengar,Male,1981-03-24,Ranchi,Jharkhand,Government Employee,1045800.00,2022-12-13
CUST02292,Ajay Reddy,Male,1994-05-10,Lucknow,Uttar Pradesh,Doctor,2364900.00,2020-02-06
CUST02293,Ajay Deshmukh,Male,1969-06-07,Durgapur,West Bengal,Business Owner,1343800.00,2016-01-10
CUST02294,Neha Bhatia,Female,1990-04-24,Vadodara,Gujarat,Lawyer,1146000.00,2017-07-13
CUST02295,Venkatesh Patel,Male,1957-05-23,Lucknow,Uttar Pradesh,Retired,675000.00,2023-07-16
CUST02296,Hemant Mishra,Male,1979-05-14,Aurangabad,Maharashtra,Civil / Mechanical Engineer,1258400.00,2023-09-26
CUST02297,Harsh Sharma,Male,2003-03-29,Kochi,Kerala,Healthcare Worker / Nurse,315900.00,2015-05-01
CUST02298,Swati Saikia,Female,1977-05-05,Siliguri,West Bengal,Chartered Accountant,2207700.00,2020-11-15
CUST02299,Sunita Mohanty,Female,1979-01-12,Kolkata,West Bengal,Lawyer,1905700.00,2017-12-16
CUST02300,Garima Deshmukh,Female,1956-12-01,New Delhi,Delhi,Retired,610500.00,2017-05-25
CUST02301,Mohit Tripathi,Male,1995-06-02,Jaipur,Rajasthan,Government Employee,1064100.00,2016-05-19
CUST02302,Nisha Saikia,Female,1967-02-05,Dehradun,Uttarakhand,Civil / Mechanical Engineer,692200.00,2017-08-05
CUST02303,Pranav Pandey,Male,2001-09-04,Amritsar,Punjab,Retail Trader,1496500.00,2017-03-08
CUST02304,Ajay Nair,Male,1989-08-25,Durgapur,West Bengal,Civil / Mechanical Engineer,547900.00,2017-09-10
CUST02305,Rajesh Pandey,Male,1977-05-23,Lucknow,Uttar Pradesh,Government Employee,1427200.00,2022-10-19
CUST02306,Sonal Banerjee,Female,1994-10-08,Guwahati,Assam,Banker,1722900.00,2015-06-25
CUST02307,Nisha Verma,Female,1982-03-02,Bhubaneswar,Odisha,Retired,497700.00,2019-11-19
CUST02308,Simran Patel,Female,1969-07-11,Dehradun,Uttarakhand,Doctor,2442000.00,2019-10-14
CUST02309,Aanya Patel,Female,1991-06-03,Ranchi,Jharkhand,Retired,401600.00,2019-05-19
CUST02310,Sachin Kumar,Male,2001-12-16,Agra,Uttar Pradesh,Lawyer,1411300.00,2018-08-05
CUST02311,Anjali Gupta,Female,1992-03-11,Mysuru,Karnataka,Retired,470300.00,2015-08-02
CUST02312,Shikha Srivastava,Female,1991-11-20,Cuttack,Odisha,Doctor,1867800.00,2020-06-10
CUST02313,Kunal Mukherjee,Male,1993-08-17,Kochi,Kerala,Civil / Mechanical Engineer,1231400.00,2018-04-04
CUST02314,Aadhya Deshmukh,Female,1988-01-27,Siliguri,West Bengal,Software Engineer,2028900.00,2020-01-07
CUST02315,Swati Chatterjee,Female,1987-10-30,Raipur,Chhattisgarh,Retired,575100.00,2020-12-05
CUST02316,Aditya Iyengar,Male,1988-08-05,Surat,Gujarat,Consultant,1772000.00,2015-08-07
CUST02317,Alok Menon,Male,1958-07-11,Noida,Uttar Pradesh,Consultant,1924500.00,2020-09-09
CUST02318,Varun Yadav,Male,1958-05-29,Madurai,Tamil Nadu,Government Employee,1031500.00,2015-03-06
CUST02319,Lakshmi Choudhury,Female,1966-04-08,Vadodara,Gujarat,Retail Trader,1037500.00,2021-06-04
CUST02320,Nisha Shetty,Female,1963-09-11,Nagpur,Maharashtra,Healthcare Worker / Nurse,768300.00,2018-04-29
CUST02321,Pallavi Patil,Female,1964-07-20,Jabalpur,Madhya Pradesh,Retail Trader,1478400.00,2020-02-12
CUST02322,Harsh Banerjee,Male,1993-09-30,Surat,Gujarat,Consultant,1245400.00,2021-05-18
CUST02323,Rajesh Chauhan,Male,1997-02-01,Noida,Uttar Pradesh,Retail Trader,925500.00,2018-06-22
CUST02324,Rohan Pillai,Male,1991-05-07,Chennai,Tamil Nadu,Healthcare Worker / Nurse,768200.00,2017-07-02
CUST02325,Ishaan Saikia,Male,1975-12-07,Cuttack,Odisha,Civil / Mechanical Engineer,1360600.00,2015-08-13
CUST02326,Dinesh Verma,Male,1967-11-01,Agra,Uttar Pradesh,Banker,1332300.00,2020-02-16
CUST02327,Aanya Mukherjee,Female,1975-04-03,Durg,Chhattisgarh,Business Owner,1583300.00,2023-02-15
CUST02328,Sachin Reddy,Male,1982-07-23,Raipur,Chhattisgarh,Consultant,2057200.00,2022-04-17
CUST02329,Harsh Joshi,Male,1960-09-17,Kota,Rajasthan,Software Engineer,2104700.00,2018-03-12
CUST02330,Rashmi Shetty,Female,1961-05-02,Agra,Uttar Pradesh,Retired,647600.00,2021-11-03
CUST02331,Vivaan Srivastava,Male,1993-12-06,Jamshedpur,Jharkhand,Retail Trader,762500.00,2022-08-03
CUST02332,Tarun Das,Male,1997-09-23,Nagpur,Maharashtra,Consultant,1236400.00,2019-07-25
CUST02333,Anjali Sharma,Female,1967-10-28,Rajkot,Gujarat,Doctor,2278400.00,2022-09-09
CUST02334,Aarti Iyer,Female,1970-01-22,Cuttack,Odisha,Teacher / Professor,1183400.00,2023-06-01
CUST02335,Rohan Saikia,Male,1985-12-09,Guwahati,Assam,Chartered Accountant,1133100.00,2023-12-06
CUST02336,Shikha Das,Female,1963-06-11,Noida,Uttar Pradesh,Healthcare Worker / Nurse,875500.00,2020-05-13
CUST02337,Saanvi Sharma,Female,1960-10-11,Rajkot,Gujarat,Consultant,1255500.00,2019-05-14
CUST02338,Vihaan Deshmukh,Male,1978-10-17,Hyderabad,Telangana,Doctor,978700.00,2017-03-02
CUST02339,Swati Verma,Female,2000-05-28,Nagpur,Maharashtra,Civil / Mechanical Engineer,456000.00,2022-04-09
CUST02340,Deepak Ghosh,Male,1965-05-25,Durg,Chhattisgarh,Teacher / Professor,396200.00,2019-07-29
CUST02341,Nisha Agarwal,Female,1990-09-06,Panaji,Goa,Lawyer,1322300.00,2016-08-11
CUST02342,Alok Reddy,Male,1963-02-08,Thiruvananthapuram,Kerala,Software Engineer,2212300.00,2019-12-10
CUST02343,Deepak Hegde,Male,1993-06-02,Bilaspur,Chhattisgarh,Sales & Marketing Manager,1468300.00,2023-02-21
CUST02344,Venkatesh Saha,Male,1994-08-30,Amritsar,Punjab,Teacher / Professor,366500.00,2023-12-16
CUST02345,Nikhil Pradhan,Male,1962-11-01,Nagpur,Maharashtra,Retired,323800.00,2016-10-21
CUST02346,Sachin Singh,Male,1987-06-20,Vadodara,Gujarat,Retired,562000.00,2020-12-25
CUST02347,Rohan Iyer,Male,1990-11-11,Coimbatore,Tamil Nadu,Doctor,2861900.00,2018-07-10
CUST02348,Shaurya Iyer,Male,1980-12-08,Dehradun,Uttarakhand,Sales & Marketing Manager,1076400.00,2015-11-21
CUST02349,Rahul Nair,Male,1960-05-09,Lucknow,Uttar Pradesh,Consultant,903200.00,2019-04-05
CUST02350,Hemant Gowda,Male,1987-10-12,Raipur,Chhattisgarh,Teacher / Professor,462500.00,2020-07-23
CUST02351,Sanjay Bhat,Male,1996-03-25,Kochi,Kerala,Sales & Marketing Manager,535500.00,2022-06-28
CUST02352,Anand Choudhury,Male,1966-06-06,Ujjain,Madhya Pradesh,Chartered Accountant,2256200.00,2018-08-16
CUST02353,Karthik Banerjee,Male,1971-06-09,Dehradun,Uttarakhand,Banker,858000.00,2015-08-05
CUST02354,Rahul Dutta,Male,1987-05-10,Vadodara,Gujarat,Sales & Marketing Manager,1064300.00,2016-08-03
CUST02355,Simran Bhatia,Female,1960-10-12,Bengaluru,Karnataka,Retired,393300.00,2015-02-27
CUST02356,Nisha Kumar,Female,1971-09-03,Guwahati,Assam,Healthcare Worker / Nurse,409400.00,2022-01-17
CUST02357,Harsh Shetty,Male,1992-09-11,Guwahati,Assam,Teacher / Professor,974400.00,2020-07-05
CUST02358,Shilpa Patil,Female,1975-03-04,Kota,Rajasthan,Banker,1626600.00,2017-08-06
CUST02359,Nandini Rao,Female,1995-10-11,Chennai,Tamil Nadu,Civil / Mechanical Engineer,1081500.00,2018-07-28
CUST02360,Rajesh Reddy,Male,1966-11-13,Durg,Chhattisgarh,Software Engineer,1487100.00,2022-11-18
CUST02361,Sonal Ghosh,Female,1975-12-07,Jabalpur,Madhya Pradesh,Retired,797200.00,2020-02-01
CUST02362,Vihaan Hegde,Male,1972-03-02,Vadodara,Gujarat,Civil / Mechanical Engineer,1179900.00,2016-08-23
CUST02363,Saanvi Shukla,Female,2002-12-21,Guwahati,Assam,Chartered Accountant,851800.00,2016-12-01
CUST02364,Devendra Tripathi,Male,1982-07-21,Bengaluru,Karnataka,Doctor,2982700.00,2022-08-12
CUST02365,Divya Sharma,Female,1981-09-28,Panaji,Goa,Retired,352500.00,2017-12-21
CUST02366,Ishaan Pradhan,Male,1998-10-07,Indore,Madhya Pradesh,Retail Trader,1427600.00,2015-10-25
CUST02367,Avani Mishra,Female,1966-12-10,Aurangabad,Maharashtra,Retail Trader,1033300.00,2015-06-11
CUST02368,Akash Saikia,Male,1960-02-14,Visakhapatnam,Andhra Pradesh,Banker,1310500.00,2021-01-28
CUST02369,Akash Verma,Male,1993-04-28,Gurugram,Haryana,Healthcare Worker / Nurse,498500.00,2015-05-19
CUST02370,Radha Pradhan,Female,1988-07-27,Guwahati,Assam,Banker,1767500.00,2021-09-16
CUST02371,Deepika Bansal,Female,1984-08-04,Amritsar,Punjab,Government Employee,1370700.00,2018-10-15
CUST02372,Prerna Bansal,Female,1967-08-13,Jaipur,Rajasthan,Lawyer,668000.00,2018-11-21
CUST02373,Akash Bansal,Male,1974-06-13,Gwalior,Madhya Pradesh,Lawyer,1382800.00,2019-01-02
CUST02374,Sunita Saxena,Female,1977-11-14,Nagpur,Maharashtra,Sales & Marketing Manager,675400.00,2023-08-17
CUST02375,Priya Verma,Female,1963-11-12,Thiruvananthapuram,Kerala,Banker,1514300.00,2021-11-20
CUST02376,Devendra Saha,Male,1973-10-21,Shillong,Meghalaya,Civil / Mechanical Engineer,892500.00,2021-01-28
CUST02377,Mohit Chauhan,Male,1975-10-16,Bhubaneswar,Odisha,Freelancer / Creator,1061000.00,2016-06-14
CUST02378,Varun Iyer,Male,1972-06-11,Indore,Madhya Pradesh,Civil / Mechanical Engineer,718300.00,2020-11-17
CUST02379,Pankaj Pillai,Male,1959-08-15,Visakhapatnam,Andhra Pradesh,Teacher / Professor,394100.00,2018-01-08
CUST02380,Vandana Shukla,Female,1978-12-18,Ujjain,Madhya Pradesh,Consultant,1164400.00,2020-02-14
CUST02381,Vivaan Dutta,Male,1996-04-06,Thiruvananthapuram,Kerala,Retired,570900.00,2023-09-24
CUST02382,Divya Das,Female,1987-03-30,Ranchi,Jharkhand,Banker,1098900.00,2019-06-03
CUST02383,Sanjay Pawar,Male,1985-03-28,Bhopal,Madhya Pradesh,Business Owner,2718800.00,2016-06-29
CUST02384,Simran Chauhan,Female,1985-12-13,Coimbatore,Tamil Nadu,Healthcare Worker / Nurse,864400.00,2021-02-15
CUST02385,Ritu Gupta,Female,1981-12-06,Bengaluru,Karnataka,Government Employee,487600.00,2022-08-19
CUST02386,Priya Saxena,Female,1981-10-27,Chennai,Tamil Nadu,Retired,772500.00,2019-05-13
CUST02387,Varun Nair,Male,1977-09-03,Coimbatore,Tamil Nadu,Healthcare Worker / Nurse,716800.00,2018-11-07
CUST02388,Sunil Shukla,Male,1997-03-09,Patna,Bihar,Doctor,2031900.00,2019-05-22
CUST02389,Vivaan Mukherjee,Male,1971-10-09,Mysuru,Karnataka,Banker,1734500.00,2021-04-07
CUST02390,Mohit Mishra,Male,1971-07-18,Madurai,Tamil Nadu,Healthcare Worker / Nurse,457000.00,2015-02-01
CUST02391,Devendra Pawar,Male,1995-07-21,Patna,Bihar,Healthcare Worker / Nurse,646200.00,2016-04-08
CUST02392,Garima Malhotra,Female,1993-06-07,Hyderabad,Telangana,Civil / Mechanical Engineer,1233000.00,2018-09-28
CUST02393,Shreya Patel,Female,1997-12-27,Kochi,Kerala,Banker,899900.00,2018-08-25
CUST02394,Reyansh Mishra,Male,1983-03-20,Dehradun,Uttarakhand,Business Owner,3051300.00,2019-02-08
CUST02395,Anjali Shetty,Female,1972-10-06,Dehradun,Uttarakhand,Business Owner,3295800.00,2020-01-07
CUST02396,Aadhya Verma,Female,1964-02-15,Agra,Uttar Pradesh,Freelancer / Creator,1077800.00,2023-12-31
CUST02397,Ashish Kumar,Male,2001-01-01,Chennai,Tamil Nadu,Sales & Marketing Manager,890400.00,2020-12-07
CUST02398,Riya Mohanty,Female,1965-10-06,Kolkata,West Bengal,Civil / Mechanical Engineer,460100.00,2023-03-20
CUST02399,Richa Malhotra,Female,2003-02-12,Surat,Gujarat,Chartered Accountant,1123000.00,2020-10-07
CUST02400,Ashish Tripathi,Male,1978-04-09,Amritsar,Punjab,Retired,465400.00,2023-09-13
CUST02401,Vihaan Mishra,Male,1965-10-15,Nashik,Maharashtra,Retail Trader,1217400.00,2021-01-16
CUST02402,Anand Nair,Male,1994-10-22,Bilaspur,Chhattisgarh,Teacher / Professor,783700.00,2023-04-23
CUST02403,Shreya Saxena,Female,1963-01-09,Ujjain,Madhya Pradesh,Consultant,1304000.00,2019-01-29
CUST02404,Meera Patnaik,Female,1964-02-04,Chennai,Tamil Nadu,Civil / Mechanical Engineer,528900.00,2021-11-21
CUST02405,Pari Mohanty,Female,1976-01-12,Noida,Uttar Pradesh,Chartered Accountant,2378600.00,2015-01-26
CUST02406,Aadhya Kulkarni,Female,1983-12-23,Bhopal,Madhya Pradesh,Business Owner,2552200.00,2017-08-08
CUST02407,Vikram Joshi,Male,1962-05-03,Mumbai,Maharashtra,Healthcare Worker / Nurse,490400.00,2017-05-03
CUST02408,Rajesh Malhotra,Male,2000-10-07,Kochi,Kerala,Lawyer,1766000.00,2021-03-25
CUST02409,Shilpa Gupta,Female,1985-01-27,Madurai,Tamil Nadu,Healthcare Worker / Nurse,611900.00,2021-12-01
CUST02410,Sumit Pawar,Male,1957-10-23,Agra,Uttar Pradesh,Sales & Marketing Manager,1557600.00,2022-09-28
CUST02411,Kavita Gowda,Female,1974-08-09,Panaji,Goa,Freelancer / Creator,1154500.00,2022-03-19
CUST02412,Vijay Sharma,Male,1994-12-26,Patna,Bihar,Freelancer / Creator,933300.00,2019-02-19
CUST02413,Arjun Agarwal,Male,1990-04-04,Bilaspur,Chhattisgarh,Civil / Mechanical Engineer,1207700.00,2016-03-09
CUST02414,Neha Singh,Female,1995-03-21,Durgapur,West Bengal,Chartered Accountant,2281600.00,2022-03-27
CUST02415,Anand Pawar,Male,1998-06-01,Nagpur,Maharashtra,Freelancer / Creator,307300.00,2016-01-04
CUST02416,Venkatesh Choudhury,Male,1972-04-10,Kochi,Kerala,Freelancer / Creator,797500.00,2018-11-14
CUST02417,Shaurya Saikia,Male,1972-12-07,Ranchi,Jharkhand,Freelancer / Creator,378400.00,2020-02-11
CUST02418,Atharva Tripathi,Male,1972-11-06,Mumbai,Maharashtra,Government Employee,1221500.00,2019-01-27
CUST02419,Ramesh Malhotra,Male,1994-12-19,Agra,Uttar Pradesh,Healthcare Worker / Nurse,642700.00,2015-05-14
CUST02420,Mohit Kumar,Male,1970-07-24,Durg,Chhattisgarh,Sales & Marketing Manager,889800.00,2022-05-17
CUST02421,Ajay Gupta,Male,1978-06-04,Siliguri,West Bengal,Healthcare Worker / Nurse,409000.00,2019-12-06
CUST02422,Pallavi Malhotra,Female,1992-05-29,Aurangabad,Maharashtra,Lawyer,930100.00,2019-12-20
CUST02423,Sonal Iyengar,Female,1966-07-31,Jamshedpur,Jharkhand,Chartered Accountant,2422000.00,2015-04-30
CUST02424,Atharva Kulkarni,Male,1966-09-14,Shillong,Meghalaya,Business Owner,3093500.00,2016-12-02
CUST02425,Sonal Gowda,Female,1982-07-30,Jamshedpur,Jharkhand,Doctor,2208800.00,2017-08-25
CUST02426,Ishaan Rao,Male,1993-01-16,Indore,Madhya Pradesh,Teacher / Professor,947100.00,2017-09-28
CUST02427,Nandini Iyengar,Female,1982-09-20,Vijayawada,Andhra Pradesh,Government Employee,859700.00,2020-06-26
CUST02428,Bhavna Nayak,Female,1955-10-22,Coimbatore,Tamil Nadu,Chartered Accountant,2154800.00,2018-04-02
CUST02429,Vivaan Chauhan,Male,1982-02-18,Mysuru,Karnataka,Consultant,1906700.00,2023-09-10
CUST02430,Manoj Pradhan,Male,1996-03-30,Panaji,Goa,Consultant,1928500.00,2021-07-12
CUST02431,Atharva Chauhan,Male,1991-11-18,Jaipur,Rajasthan,Chartered Accountant,799800.00,2017-10-06
CUST02432,Garima Kapoor,Female,1969-10-20,Ujjain,Madhya Pradesh,Doctor,1271300.00,2022-12-09
CUST02433,Meera Joshi,Female,1965-09-19,Ranchi,Jharkhand,Business Owner,957300.00,2015-04-26
CUST02434,Richa Gupta,Female,1994-12-27,Vadodara,Gujarat,Freelancer / Creator,1011500.00,2015-08-11
CUST02435,Atharva Patel,Male,2001-02-16,Kota,Rajasthan,Civil / Mechanical Engineer,888900.00,2022-09-10
CUST02436,Archana Bansal,Female,1970-09-13,Panaji,Goa,Teacher / Professor,931100.00,2022-10-10
CUST02437,Kalyani Shukla,Female,1960-10-11,Ahmedabad,Gujarat,Chartered Accountant,1126200.00,2020-12-31
CUST02438,Vihaan Bora,Male,2001-03-20,Noida,Uttar Pradesh,Government Employee,1475800.00,2017-08-25
CUST02439,Pallavi Kumar,Female,1966-09-11,Mumbai,Maharashtra,Doctor,1812500.00,2018-11-21
CUST02440,Pooja Iyengar,Female,1956-09-12,Lucknow,Uttar Pradesh,Software Engineer,2002100.00,2022-03-18
CUST02441,Ashish Pradhan,Male,1966-01-04,Raipur,Chhattisgarh,Software Engineer,766500.00,2017-03-25
CUST02442,Pankaj Nayak,Male,1971-03-25,Chandigarh,Punjab,Consultant,1926000.00,2015-01-21
CUST02443,Pranav Kumar,Male,1989-07-15,Jamshedpur,Jharkhand,Sales & Marketing Manager,556900.00,2016-04-16
CUST02444,Vihaan Ghosh,Male,1994-04-15,Kanpur,Uttar Pradesh,Business Owner,1050900.00,2022-09-14
CUST02445,Bhavna Shetty,Female,1973-07-28,Amritsar,Punjab,Software Engineer,807300.00,2023-08-26
CUST02446,Pari Deshmukh,Female,1995-12-18,Vadodara,Gujarat,Doctor,1084900.00,2017-01-10
CUST02447,Mohit Pradhan,Male,2000-11-15,Amritsar,Punjab,Freelancer / Creator,608600.00,2023-04-30
CUST02448,Richa Menon,Female,1988-03-21,Shillong,Meghalaya,Freelancer / Creator,956700.00,2015-06-01
CUST02449,Rohan Gowda,Male,1979-01-10,Kochi,Kerala,Civil / Mechanical Engineer,413400.00,2017-01-02
CUST02450,Tarun Chatterjee,Male,1970-05-09,Agra,Uttar Pradesh,Retail Trader,1252800.00,2016-12-22
CUST02451,Deepak Verma,Male,1967-07-17,Vadodara,Gujarat,Lawyer,1549600.00,2018-10-12
CUST02452,Ritu Saha,Female,1983-04-24,Agra,Uttar Pradesh,Consultant,1094400.00,2016-06-11
CUST02453,Sumit Iyer,Male,1958-12-26,Ahmedabad,Gujarat,Freelancer / Creator,642400.00,2023-11-14
CUST02454,Vijay Nayak,Male,1962-07-01,Kochi,Kerala,Freelancer / Creator,900300.00,2021-09-08
CUST02455,Ashish Mohanty,Male,1965-10-20,Noida,Uttar Pradesh,Retail Trader,461700.00,2020-02-02
CUST02456,Ramesh Iyer,Male,1975-12-30,Siliguri,West Bengal,Teacher / Professor,808700.00,2019-05-06
CUST02457,Krishna Iyengar,Male,2002-02-19,Jaipur,Rajasthan,Retired,671300.00,2016-10-01
CUST02458,Pranav Mehta,Male,1976-04-28,Surat,Gujarat,Consultant,901000.00,2017-08-03
CUST02459,Ramesh Mehta,Male,1992-08-29,Shillong,Meghalaya,Software Engineer,1397600.00,2023-02-03
CUST02460,Meenakshi Gowda,Female,1966-06-20,Nashik,Maharashtra,Business Owner,955000.00,2018-02-26
CUST02461,Reyansh Pandey,Male,1983-02-18,Bengaluru,Karnataka,Healthcare Worker / Nurse,827200.00,2022-01-31
CUST02462,Kavita Mohanty,Female,1958-02-05,Gurugram,Haryana,Business Owner,705300.00,2015-03-11
CUST02463,Preeti Bhatia,Female,1966-08-08,Panaji,Goa,Teacher / Professor,709700.00,2023-10-28
CUST02464,Arjun Shukla,Male,1974-09-02,Jabalpur,Madhya Pradesh,Retail Trader,1497700.00,2019-03-04
CUST02465,Atharva Rao,Male,1986-10-29,Dehradun,Uttarakhand,Chartered Accountant,2206200.00,2017-10-25
CUST02466,Aarav Deshmukh,Male,2000-09-20,Chandigarh,Punjab,Retail Trader,486300.00,2023-10-15
CUST02467,Aditya Iyengar,Male,2001-12-02,Siliguri,West Bengal,Business Owner,851300.00,2019-06-21
CUST02468,Sai Bhatia,Male,1992-11-27,Ranchi,Jharkhand,Software Engineer,1579900.00,2020-10-18
CUST02469,Ajay Saha,Male,1979-11-14,Dehradun,Uttarakhand,Chartered Accountant,1766900.00,2023-01-27
CUST02470,Rajesh Patnaik,Male,1999-11-06,Lucknow,Uttar Pradesh,Business Owner,2279300.00,2019-08-01
CUST02471,Vikram Mehta,Male,1974-03-06,Pune,Maharashtra,Doctor,2931300.00,2018-03-24
CUST02472,Harsh Das,Male,1972-01-29,Hyderabad,Telangana,Retail Trader,810700.00,2016-04-12
CUST02473,Aanya Verma,Female,1966-11-21,Chennai,Tamil Nadu,Teacher / Professor,801900.00,2020-12-03
CUST02474,Lakshmi Gowda,Female,1957-11-24,Durgapur,West Bengal,Government Employee,945800.00,2017-04-17
CUST02475,Aarav Pandey,Male,1990-07-23,Prayagraj,Uttar Pradesh,Business Owner,2624400.00,2016-10-03
CUST02476,Lakshmi Choudhury,Female,1975-12-12,Rajkot,Gujarat,Healthcare Worker / Nurse,389300.00,2018-12-17
CUST02477,Archana Rao,Female,1994-07-08,Kolkata,West Bengal,Software Engineer,657800.00,2017-12-25
CUST02478,Naveen Gupta,Male,1984-01-13,Bhopal,Madhya Pradesh,Consultant,688600.00,2015-10-05
CUST02479,Aarohi Menon,Female,1965-10-26,Raipur,Chhattisgarh,Sales & Marketing Manager,593000.00,2017-10-30
CUST02480,Vijay Mukherjee,Male,1986-09-05,Visakhapatnam,Andhra Pradesh,Civil / Mechanical Engineer,1168300.00,2021-03-11
CUST02481,Manoj Chauhan,Male,1958-08-12,Gwalior,Madhya Pradesh,Government Employee,1031600.00,2018-07-14
CUST02482,Manoj Singh,Male,1983-04-04,Gurugram,Haryana,Government Employee,1071600.00,2020-08-17
CUST02483,Sumit Chatterjee,Male,1961-08-29,Bhubaneswar,Odisha,Retired,756300.00,2023-10-14
CUST02484,Komal Ghosh,Female,1988-08-04,Jaipur,Rajasthan,Business Owner,2121400.00,2019-12-04
CUST02485,Monika Bhat,Female,1964-09-20,Durg,Chhattisgarh,Government Employee,512300.00,2019-04-14
CUST02486,Ishita Iyengar,Female,1972-02-05,Chandigarh,Punjab,Sales & Marketing Manager,1001900.00,2017-12-26
CUST02487,Atharva Bora,Male,1982-11-20,Chennai,Tamil Nadu,Business Owner,3079400.00,2020-10-12
CUST02488,Garima Banerjee,Female,1965-09-13,Kanpur,Uttar Pradesh,Consultant,1341400.00,2015-03-02
CUST02489,Suresh Nair,Male,1975-07-28,Amritsar,Punjab,Software Engineer,985800.00,2015-07-28
CUST02490,Akash Nair,Male,1997-05-17,Nashik,Maharashtra,Software Engineer,2113800.00,2022-05-30
CUST02491,Aanya Ghosh,Female,1960-08-14,Mysuru,Karnataka,Doctor,2669200.00,2021-02-13
CUST02492,Pari Rao,Female,1979-07-16,Gwalior,Madhya Pradesh,Retail Trader,1057500.00,2020-10-02
CUST02493,Aarti Yadav,Female,1975-04-17,Kanpur,Uttar Pradesh,Doctor,2947200.00,2015-04-02
CUST02494,Nandini Bansal,Female,1962-09-04,Madurai,Tamil Nadu,Retired,630700.00,2015-05-06
CUST02495,Ananya Saxena,Female,1978-02-18,Vijayawada,Andhra Pradesh,Civil / Mechanical Engineer,538200.00,2023-07-02
CUST02496,Sanjay Agarwal,Male,1971-03-04,Cuttack,Odisha,Sales & Marketing Manager,1568400.00,2019-03-12
CUST02497,Aarav Saxena,Male,1992-05-30,Noida,Uttar Pradesh,Government Employee,994100.00,2019-09-12
CUST02498,Pranav Saha,Male,1998-03-31,Hyderabad,Telangana,Banker,1232500.00,2018-05-11
CUST02499,Pari Bora,Female,1961-07-24,Lucknow,Uttar Pradesh,Retired,378900.00,2020-08-08
CUST02500,Sonali Das,Female,1992-08-28,Raipur,Chhattisgarh,Banker,1227600.00,2020-08-29
CUST02501,Ajay Bora,Male,1977-09-08,Raipur,Chhattisgarh,Retired,724000.00,2022-06-15
CUST02502,Shreya Patel,Female,1966-01-01,Coimbatore,Tamil Nadu,Freelancer / Creator,406100.00,2023-11-12
CUST02503,Sumit Gowda,Male,1996-01-01,Rajkot,Gujarat,Software Engineer,1489800.00,2021-03-10
CUST02504,Priya Bhatia,Female,1984-07-21,Gwalior,Madhya Pradesh,Civil / Mechanical Engineer,958200.00,2018-09-27
CUST02505,Rashmi Gupta,Female,1973-09-07,Raipur,Chhattisgarh,Lawyer,1782400.00,2017-01-14
CUST02506,Aditya Patil,Male,1976-07-07,Bhopal,Madhya Pradesh,Government Employee,1318600.00,2019-03-22
CUST02507,Vikram Pradhan,Male,1986-08-22,Rajkot,Gujarat,Software Engineer,1078200.00,2020-09-26
CUST02508,Arjun Menon,Male,2003-04-14,Siliguri,West Bengal,Teacher / Professor,436900.00,2016-08-06
CUST02509,Sanjay Yadav,Male,1987-08-13,Nashik,Maharashtra,Government Employee,996900.00,2016-05-27
CUST02510,Varun Saikia,Male,1989-02-15,Guwahati,Assam,Banker,1192500.00,2020-08-17
CUST02511,Aditya Gowda,Male,1995-02-19,Vadodara,Gujarat,Sales & Marketing Manager,624000.00,2023-06-11
CUST02512,Sachin Chauhan,Male,1998-11-26,Noida,Uttar Pradesh,Consultant,1941200.00,2016-01-01
CUST02513,Rahul Deshmukh,Male,1966-02-24,Ahmedabad,Gujarat,Lawyer,2011000.00,2021-09-22
CUST02514,Pooja Iyengar,Female,1957-12-05,Dehradun,Uttarakhand,Business Owner,1246700.00,2023-01-26
CUST02515,Aarav Pandey,Male,1992-02-24,Gurugram,Haryana,Retired,427300.00,2021-03-28
CUST02516,Karthik Pandey,Male,1959-06-20,Bengaluru,Karnataka,Teacher / Professor,1120500.00,2018-02-14
CUST02517,Komal Kulkarni,Female,1987-04-29,Shillong,Meghalaya,Doctor,1743600.00,2022-04-17
CUST02518,Rohan Mohanty,Male,1985-02-11,Noida,Uttar Pradesh,Retail Trader,1002300.00,2019-07-05
CUST02519,Jyoti Bora,Female,1955-10-27,Durg,Chhattisgarh,Doctor,2499300.00,2016-06-03
CUST02520,Garima Saxena,Female,1966-09-25,Bhopal,Madhya Pradesh,Software Engineer,1584100.00,2023-03-07
CUST02521,Karthik Kapoor,Male,1968-04-17,Dehradun,Uttarakhand,Government Employee,487600.00,2018-01-14
CUST02522,Reyansh Reddy,Male,1982-08-17,Chennai,Tamil Nadu,Retired,497300.00,2019-03-23
CUST02523,Nandini Gowda,Female,1963-07-27,Guwahati,Assam,Consultant,1897400.00,2017-10-16
CUST02524,Sonali Hegde,Female,1958-08-19,Siliguri,West Bengal,Sales & Marketing Manager,808400.00,2020-09-06
CUST02525,Anand Mohanty,Male,1998-01-15,Pune,Maharashtra,Consultant,1054900.00,2018-07-08
CUST02526,Aarohi Deshmukh,Female,1995-08-21,Amritsar,Punjab,Freelancer / Creator,839200.00,2017-01-09
CUST02527,Sunil Saikia,Male,1972-12-29,Visakhapatnam,Andhra Pradesh,Freelancer / Creator,1135900.00,2022-10-16
CUST02528,Ayaan Singh,Male,1973-05-22,Rajkot,Gujarat,Lawyer,1956400.00,2017-07-19
CUST02529,Nandini Bora,Female,1967-12-11,Kochi,Kerala,Banker,908700.00,2019-08-10
CUST02530,Pallavi Joshi,Female,1996-10-11,Jamshedpur,Jharkhand,Government Employee,760400.00,2021-09-21
CUST02531,Nikhil Sharma,Male,2000-06-18,Durgapur,West Bengal,Lawyer,1802700.00,2018-05-18
CUST02532,Tanvi Agarwal,Female,1966-02-23,Chennai,Tamil Nadu,Software Engineer,1128000.00,2019-03-22
CUST02533,Shilpa Das,Female,1955-09-19,Shillong,Meghalaya,Banker,1060700.00,2019-08-09
CUST02534,Naveen Choudhury,Male,1993-06-24,Vijayawada,Andhra Pradesh,Teacher / Professor,710100.00,2019-01-31
CUST02535,Abhishek Pandey,Male,1969-06-17,Cuttack,Odisha,Sales & Marketing Manager,1349900.00,2018-06-17
CUST02536,Kavita Iyer,Female,1970-08-24,Noida,Uttar Pradesh,Banker,670100.00,2023-10-10
CUST02537,Karthik Bhat,Male,1994-08-11,Chennai,Tamil Nadu,Retail Trader,831500.00,2022-11-09
CUST02538,Reyansh Hegde,Male,1963-01-11,Durgapur,West Bengal,Consultant,1187900.00,2015-08-08
CUST02539,Sunil Gowda,Male,1993-03-28,Kanpur,Uttar Pradesh,Chartered Accountant,973900.00,2017-01-11
CUST02540,Lakshmi Gowda,Female,1972-07-11,Raipur,Chhattisgarh,Sales & Marketing Manager,807200.00,2016-07-04
CUST02541,Prerna Singh,Female,1979-06-17,Dehradun,Uttarakhand,Doctor,1189100.00,2022-12-14
CUST02542,Pari Shukla,Female,1971-02-23,Guwahati,Assam,Retail Trader,944600.00,2019-05-10
CUST02543,Saanvi Bora,Female,1969-06-24,Dehradun,Uttarakhand,Sales & Marketing Manager,1127100.00,2019-06-11
CUST02544,Nikhil Srivastava,Male,1995-03-23,Lucknow,Uttar Pradesh,Chartered Accountant,1740100.00,2019-01-07
CUST02545,Aarav Das,Male,1975-04-23,Bilaspur,Chhattisgarh,Banker,1530300.00,2016-11-03
CUST02546,Meenakshi Singh,Female,1994-05-06,Bengaluru,Karnataka,Software Engineer,967000.00,2017-10-26
CUST02547,Hemant Malhotra,Male,1982-03-07,Rajkot,Gujarat,Teacher / Professor,942000.00,2023-03-08
CUST02548,Hemant Saxena,Male,1999-11-07,Siliguri,West Bengal,Teacher / Professor,1177600.00,2022-02-16
CUST02549,Suresh Bansal,Male,1992-01-24,Amritsar,Punjab,Doctor,2277800.00,2022-10-16
CUST02550,Shikha Mishra,Female,1986-12-28,Kota,Rajasthan,Government Employee,451900.00,2022-07-31
CUST02551,Deepika Chatterjee,Female,1961-12-25,Madurai,Tamil Nadu,Lawyer,1434400.00,2023-04-19
CUST02552,Rohan Singh,Male,1996-04-20,Hyderabad,Telangana,Chartered Accountant,2382400.00,2020-01-07
CUST02553,Akash Pawar,Male,1955-10-23,Jabalpur,Madhya Pradesh,Consultant,1786800.00,2015-12-14
CUST02554,Ashish Hegde,Male,1990-02-27,Raipur,Chhattisgarh,Government Employee,1109600.00,2022-08-11
CUST02555,Komal Nair,Female,2002-03-25,Siliguri,West Bengal,Civil / Mechanical Engineer,779500.00,2016-11-26
CUST02556,Jyoti Tripathi,Female,1958-06-25,Indore,Madhya Pradesh,Civil / Mechanical Engineer,460800.00,2015-10-03
CUST02557,Aditi Rao,Female,2001-02-21,Pune,Maharashtra,Freelancer / Creator,871800.00,2015-05-16
CUST02558,Amit Mishra,Male,1956-09-25,Patna,Bihar,Healthcare Worker / Nurse,386900.00,2021-12-31
CUST02559,Swati Reddy,Female,1984-06-24,Gurugram,Haryana,Healthcare Worker / Nurse,852500.00,2022-11-07
CUST02560,Simran Gupta,Female,1971-05-27,Bilaspur,Chhattisgarh,Healthcare Worker / Nurse,537800.00,2020-04-26
CUST02561,Mayank Singh,Male,1976-01-06,Chennai,Tamil Nadu,Government Employee,679500.00,2022-07-07
CUST02562,Deepika Choudhury,Female,1976-06-03,Guwahati,Assam,Business Owner,3368100.00,2019-01-21
CUST02563,Jyoti Patil,Female,1964-03-11,Panaji,Goa,Freelancer / Creator,1005900.00,2016-03-14
CUST02564,Sunil Mukherjee,Male,1956-07-24,Mumbai,Maharashtra,Business Owner,2752800.00,2016-05-20
CUST02565,Gaurav Bansal,Male,1970-07-28,Mysuru,Karnataka,Healthcare Worker / Nurse,623300.00,2019-05-01
CUST02566,Ritu Yadav,Female,1975-09-04,Ranchi,Jharkhand,Civil / Mechanical Engineer,1176400.00,2023-07-28
CUST02567,Aarohi Chatterjee,Female,1982-10-28,Jamshedpur,Jharkhand,Freelancer / Creator,419600.00,2020-05-17
CUST02568,Abhishek Dutta,Male,1995-02-22,Nagpur,Maharashtra,Business Owner,627500.00,2016-01-02
CUST02569,Garima Saxena,Female,1955-12-18,Bilaspur,Chhattisgarh,Government Employee,592500.00,2016-06-25
CUST02570,Payal Mukherjee,Female,1988-09-01,Panaji,Goa,Chartered Accountant,1638600.00,2017-09-02
CUST02571,Reyansh Kulkarni,Male,1995-08-05,Raipur,Chhattisgarh,Civil / Mechanical Engineer,900000.00,2019-05-25
CUST02572,Pooja Chauhan,Female,1990-04-04,Ranchi,Jharkhand,Healthcare Worker / Nurse,608800.00,2015-07-22
CUST02573,Payal Iyengar,Female,1993-04-18,Kanpur,Uttar Pradesh,Software Engineer,2069200.00,2015-03-03
CUST02574,Atharva Sharma,Male,2002-05-30,Gwalior,Madhya Pradesh,Civil / Mechanical Engineer,785900.00,2019-11-13
CUST02575,Aditya Verma,Male,1970-08-12,Durgapur,West Bengal,Lawyer,2235700.00,2023-12-30
CUST02576,Kalyani Bhat,Female,1996-06-25,Siliguri,West Bengal,Doctor,2599200.00,2017-02-14
CUST02577,Sai Banerjee,Male,2000-03-02,Siliguri,West Bengal,Government Employee,1421400.00,2022-04-15
CUST02578,Sai Yadav,Male,1971-06-07,Kolkata,West Bengal,Government Employee,863300.00,2023-06-04
CUST02579,Payal Mukherjee,Female,1995-03-24,Mumbai,Maharashtra,Government Employee,849500.00,2021-08-08
CUST02580,Sunil Gupta,Male,2001-06-30,Hyderabad,Telangana,Freelancer / Creator,995800.00,2015-03-11
CUST02581,Hemant Hegde,Male,1992-06-29,Surat,Gujarat,Healthcare Worker / Nurse,789300.00,2018-09-11
CUST02582,Sonali Bhat,Female,1975-05-24,Pune,Maharashtra,Software Engineer,2225300.00,2015-07-08
CUST02583,Tarun Bhat,Male,1976-02-14,Lucknow,Uttar Pradesh,Doctor,828700.00,2022-04-05
CUST02584,Alok Chatterjee,Male,1998-05-16,Bilaspur,Chhattisgarh,Healthcare Worker / Nurse,835100.00,2017-07-09
CUST02585,Saanvi Menon,Female,1969-01-17,Dehradun,Uttarakhand,Banker,1298400.00,2021-08-19
CUST02586,Mohit Malhotra,Male,2000-10-07,Shillong,Meghalaya,Software Engineer,1261100.00,2021-04-19
CUST02587,Meenakshi Shetty,Female,1968-03-19,Madurai,Tamil Nadu,Civil / Mechanical Engineer,540800.00,2020-12-28
CUST02588,Ritu Pawar,Female,1978-04-11,Nagpur,Maharashtra,Consultant,1361600.00,2015-03-05
CUST02589,Akash Gowda,Male,1967-09-20,Ranchi,Jharkhand,Retired,617600.00,2016-04-29
CUST02590,Sunil Saha,Male,1961-10-26,Shillong,Meghalaya,Doctor,1601000.00,2019-02-28
CUST02591,Meenakshi Pillai,Female,1979-11-11,Jaipur,Rajasthan,Consultant,1354400.00,2019-03-25
CUST02592,Sachin Rao,Male,1995-06-20,Lucknow,Uttar Pradesh,Chartered Accountant,1476900.00,2022-11-13
CUST02593,Rashmi Kapoor,Female,1962-10-07,Cuttack,Odisha,Civil / Mechanical Engineer,1231000.00,2017-02-04
CUST02594,Anand Kumar,Male,1968-06-28,Kota,Rajasthan,Retired,585800.00,2016-07-24
CUST02595,Bhavna Shukla,Female,1981-10-13,Mumbai,Maharashtra,Doctor,1813300.00,2020-02-15
CUST02596,Sai Saha,Male,1956-04-21,Bhubaneswar,Odisha,Government Employee,823600.00,2017-01-27
CUST02597,Diya Saxena,Female,1959-08-05,Siliguri,West Bengal,Chartered Accountant,1204600.00,2021-10-28
CUST02598,Preeti Joshi,Female,1976-02-15,Chennai,Tamil Nadu,Chartered Accountant,953600.00,2020-05-09
CUST02599,Sumit Singh,Male,1975-06-04,Bilaspur,Chhattisgarh,Retired,797900.00,2017-12-18
CUST02600,Divya Das,Female,1995-05-09,Siliguri,West Bengal,Teacher / Professor,928900.00,2019-03-08
CUST02601,Aditya Mishra,Male,1975-10-16,Amritsar,Punjab,Software Engineer,2120900.00,2016-08-02
CUST02602,Alok Bhatia,Male,2002-09-10,Noida,Uttar Pradesh,Freelancer / Creator,344800.00,2022-02-02
CUST02603,Manoj Pandey,Male,1977-02-11,Chandigarh,Punjab,Sales & Marketing Manager,647400.00,2016-07-11
CUST02604,Pranav Pillai,Male,1971-04-09,Siliguri,West Bengal,Consultant,1158600.00,2023-02-01
CUST02605,Shreya Sharma,Female,2000-05-16,Bhubaneswar,Odisha,Civil / Mechanical Engineer,1051900.00,2020-10-17
CUST02606,Dinesh Choudhury,Male,1957-11-12,Visakhapatnam,Andhra Pradesh,Doctor,1099700.00,2019-09-16
CUST02607,Akash Saikia,Male,1980-06-27,Kolkata,West Bengal,Doctor,929600.00,2018-12-10
CUST02608,Pallavi Mohanty,Female,2000-05-15,Kanpur,Uttar Pradesh,Consultant,1226300.00,2015-01-05
CUST02609,Bhavna Gupta,Female,1961-05-18,Mumbai,Maharashtra,Chartered Accountant,1469300.00,2023-05-20
CUST02610,Simran Shukla,Female,1988-11-18,Chandigarh,Punjab,Healthcare Worker / Nurse,641700.00,2017-03-28
CUST02611,Gaurav Singh,Male,1975-09-01,Mumbai,Maharashtra,Lawyer,529400.00,2020-06-04
CUST02612,Dinesh Mukherjee,Male,1997-10-16,Cuttack,Odisha,Retail Trader,709100.00,2022-12-23
CUST02613,Deepak Reddy,Male,1962-04-20,Cuttack,Odisha,Civil / Mechanical Engineer,868300.00,2021-08-26
CUST02614,Rahul Shetty,Male,1981-04-25,Durgapur,West Bengal,Government Employee,706900.00,2020-04-18
CUST02615,Monika Pradhan,Female,1997-08-16,Ujjain,Madhya Pradesh,Civil / Mechanical Engineer,1325700.00,2020-04-26
CUST02616,Anand Saxena,Male,1998-03-14,Prayagraj,Uttar Pradesh,Freelancer / Creator,996100.00,2015-05-26
CUST02617,Aditya Kulkarni,Male,1980-09-17,Raipur,Chhattisgarh,Consultant,1275100.00,2022-09-05
CUST02618,Gaurav Banerjee,Male,1989-12-29,Panaji,Goa,Government Employee,976400.00,2017-09-18
CUST02619,Ishaan Shetty,Male,1970-06-01,Vadodara,Gujarat,Healthcare Worker / Nurse,463800.00,2021-02-13
CUST02620,Vijay Gowda,Male,1975-03-24,Jamshedpur,Jharkhand,Civil / Mechanical Engineer,619000.00,2023-01-18
CUST02621,Tanvi Saxena,Female,1971-03-24,Siliguri,West Bengal,Government Employee,1464400.00,2018-07-26
CUST02622,Aditi Ghosh,Female,1983-12-06,Amritsar,Punjab,Civil / Mechanical Engineer,447400.00,2018-09-30
CUST02623,Abhishek Das,Male,1958-06-06,Vadodara,Gujarat,Teacher / Professor,731600.00,2018-10-06
CUST02624,Alok Hegde,Male,1993-03-18,Cuttack,Odisha,Chartered Accountant,2012500.00,2015-02-09
CUST02625,Nandini Pandey,Female,1983-05-08,Gurugram,Haryana,Sales & Marketing Manager,1173300.00,2018-06-21
CUST02626,Vandana Patil,Female,1997-03-04,Dehradun,Uttarakhand,Doctor,2992900.00,2020-03-10
CUST02627,Aditi Gupta,Female,1964-07-15,Noida,Uttar Pradesh,Chartered Accountant,1291400.00,2018-04-23
CUST02628,Lakshmi Dutta,Female,1979-06-04,Jabalpur,Madhya Pradesh,Freelancer / Creator,459400.00,2022-02-09
CUST02629,Manoj Pawar,Male,1980-03-03,Mumbai,Maharashtra,Healthcare Worker / Nurse,852000.00,2018-01-02
CUST02630,Pari Dutta,Female,1992-06-30,Lucknow,Uttar Pradesh,Lawyer,770500.00,2019-11-28
CUST02631,Ritu Tripathi,Female,2000-06-25,Bengaluru,Karnataka,Healthcare Worker / Nurse,550600.00,2022-11-05
CUST02632,Pari Mishra,Female,1996-01-10,Kochi,Kerala,Healthcare Worker / Nurse,731700.00,2017-01-19
CUST02633,Rashmi Mukherjee,Female,1959-07-15,Jamshedpur,Jharkhand,Government Employee,884200.00,2021-12-04
CUST02634,Abhishek Banerjee,Male,2000-10-22,Dehradun,Uttarakhand,Retail Trader,859400.00,2017-02-22
CUST02635,Bhavna Patil,Female,1968-06-05,Ahmedabad,Gujarat,Freelancer / Creator,968800.00,2022-07-23
CUST02636,Vivaan Reddy,Male,1961-05-29,Chandigarh,Punjab,Software Engineer,2368600.00,2018-03-25
CUST02637,Prerna Iyengar,Female,1984-06-24,Kochi,Kerala,Freelancer / Creator,1107500.00,2016-04-30
CUST02638,Sanjay Joshi,Male,2001-03-14,Rajkot,Gujarat,Software Engineer,1511700.00,2022-11-01
CUST02639,Sneha Singh,Female,1998-09-27,Vijayawada,Andhra Pradesh,Lawyer,1726900.00,2016-01-20
CUST02640,Pallavi Pandey,Female,1963-08-20,Chennai,Tamil Nadu,Civil / Mechanical Engineer,759200.00,2023-07-10
CUST02641,Divya Dutta,Female,1967-01-08,Agra,Uttar Pradesh,Software Engineer,1250400.00,2015-10-17
CUST02642,Venkatesh Bhatia,Male,1966-09-09,New Delhi,Delhi,Lawyer,538400.00,2021-05-28
CUST02643,Kunal Mehta,Male,1998-09-25,Nagpur,Maharashtra,Freelancer / Creator,695300.00,2017-12-12
CUST02644,Dinesh Rao,Male,1972-10-18,Thiruvananthapuram,Kerala,Freelancer / Creator,912200.00,2023-01-14
CUST02645,Anjali Saha,Female,1990-09-13,Madurai,Tamil Nadu,Government Employee,1039200.00,2019-03-16
CUST02646,Aanya Sharma,Female,1977-10-23,Aurangabad,Maharashtra,Banker,1486400.00,2016-10-05
CUST02647,Aarav Iyengar,Male,1992-08-11,Ahmedabad,Gujarat,Healthcare Worker / Nurse,306600.00,2020-07-13
CUST02648,Praveen Mishra,Male,1987-04-26,Vadodara,Gujarat,Chartered Accountant,1214600.00,2020-02-25
CUST02649,Atharva Yadav,Male,1999-08-14,Chennai,Tamil Nadu,Lawyer,2394000.00,2022-11-17
CUST02650,Kavita Reddy,Female,1984-01-13,Dehradun,Uttarakhand,Doctor,833500.00,2023-10-31
CUST02651,Aditya Mukherjee,Male,1976-07-20,Gurugram,Haryana,Teacher / Professor,557600.00,2022-02-22
CUST02652,Nandini Srivastava,Female,1976-10-13,Mysuru,Karnataka,Business Owner,548800.00,2016-04-22
CUST02653,Karthik Menon,Male,1989-04-23,Shillong,Meghalaya,Retired,303200.00,2022-08-10
CUST02654,Gaurav Pandey,Male,1966-09-20,Guwahati,Assam,Sales & Marketing Manager,821800.00,2021-05-05
CUST02655,Pari Nair,Female,1965-09-01,Prayagraj,Uttar Pradesh,Banker,905200.00,2019-06-07
CUST02656,Vikram Shetty,Male,1961-04-01,New Delhi,Delhi,Retired,647100.00,2020-02-18
CUST02657,Harsh Pillai,Male,1999-02-21,Aurangabad,Maharashtra,Sales & Marketing Manager,1473400.00,2022-10-17
CUST02658,Saanvi Menon,Female,1996-05-15,Ahmedabad,Gujarat,Healthcare Worker / Nurse,397300.00,2023-01-02
CUST02659,Saanvi Pillai,Female,1990-11-23,Gwalior,Madhya Pradesh,Chartered Accountant,878200.00,2023-12-02
CUST02660,Vandana Nair,Female,1999-01-02,Ranchi,Jharkhand,Retail Trader,493200.00,2021-06-04
CUST02661,Sonal Sharma,Female,1959-12-26,Cuttack,Odisha,Doctor,1754200.00,2023-09-01
CUST02662,Naveen Iyengar,Male,1968-12-23,Pune,Maharashtra,Civil / Mechanical Engineer,950600.00,2023-03-11
CUST02663,Meera Chauhan,Female,1955-11-06,Gwalior,Madhya Pradesh,Sales & Marketing Manager,642600.00,2022-09-30
CUST02664,Kunal Agarwal,Male,2001-06-06,Kota,Rajasthan,Retail Trader,740600.00,2017-08-26
CUST02665,Hemant Mohanty,Male,1965-03-13,Jaipur,Rajasthan,Civil / Mechanical Engineer,1379100.00,2021-10-29
CUST02666,Shikha Yadav,Female,1973-04-04,Patna,Bihar,Government Employee,764900.00,2018-06-27
CUST02667,Vandana Gupta,Female,1971-04-22,Bengaluru,Karnataka,Freelancer / Creator,978600.00,2016-10-27
CUST02668,Atharva Srivastava,Male,1989-08-21,Madurai,Tamil Nadu,Civil / Mechanical Engineer,527500.00,2017-07-25
CUST02669,Ishaan Mehta,Male,1987-05-17,Thiruvananthapuram,Kerala,Government Employee,936000.00,2018-02-15
CUST02670,Sonal Joshi,Female,1955-10-06,Durg,Chhattisgarh,Doctor,945300.00,2019-01-14
CUST02671,Manoj Iyer,Male,1959-06-26,Jabalpur,Madhya Pradesh,Chartered Accountant,2024300.00,2023-03-29
CUST02672,Aditya Ghosh,Male,1990-06-06,Thiruvananthapuram,Kerala,Retired,657200.00,2016-09-03
CUST02673,Krishna Joshi,Male,1957-11-19,Bhubaneswar,Odisha,Teacher / Professor,1072900.00,2016-06-04
CUST02674,Diya Rao,Female,1980-03-23,Gurugram,Haryana,Retired,688400.00,2016-06-19
CUST02675,Venkatesh Pandey,Male,1999-12-05,Mysuru,Karnataka,Banker,756200.00,2022-08-26
CUST02676,Aarohi Tripathi,Female,1957-08-31,Coimbatore,Tamil Nadu,Retired,714100.00,2020-02-15
CUST02677,Karthik Yadav,Male,1996-08-23,Guwahati,Assam,Business Owner,962100.00,2015-10-18
CUST02678,Pallavi Nair,Female,1965-05-17,Nashik,Maharashtra,Lawyer,2266900.00,2022-09-09
CUST02679,Ananya Malhotra,Female,1983-12-20,Durgapur,West Bengal,Software Engineer,2149100.00,2016-10-13
CUST02680,Archana Iyengar,Female,1996-06-16,Mysuru,Karnataka,Business Owner,3447500.00,2023-04-27
CUST02681,Ramesh Singh,Male,1963-12-15,Vadodara,Gujarat,Chartered Accountant,971500.00,2015-11-29
CUST02682,Neha Deshmukh,Female,1976-10-25,New Delhi,Delhi,Civil / Mechanical Engineer,455900.00,2019-07-21
CUST02683,Alok Shetty,Male,1977-11-08,Kota,Rajasthan,Retired,745500.00,2019-04-19
CUST02684,Karthik Kulkarni,Male,1997-09-12,Patna,Bihar,Retail Trader,802800.00,2019-01-21
CUST02685,Sumit Banerjee,Male,1987-01-29,Indore,Madhya Pradesh,Software Engineer,1393800.00,2019-11-03
CUST02686,Rohan Dutta,Male,1983-08-26,Prayagraj,Uttar Pradesh,Business Owner,3010500.00,2021-05-13
CUST02687,Aarav Chatterjee,Male,1961-08-26,Nagpur,Maharashtra,Chartered Accountant,1516500.00,2016-06-14
CUST02688,Aditi Joshi,Female,1976-05-01,Lucknow,Uttar Pradesh,Government Employee,1465500.00,2017-11-13
CUST02689,Venkatesh Saha,Male,1995-01-07,Indore,Madhya Pradesh,Civil / Mechanical Engineer,1095400.00,2017-12-27
CUST02690,Diya Dutta,Female,1970-10-12,Bhopal,Madhya Pradesh,Retired,777500.00,2020-12-26
CUST02691,Garima Dutta,Female,1964-05-11,Durg,Chhattisgarh,Consultant,2092000.00,2016-08-27
CUST02692,Sonal Chatterjee,Female,1958-05-19,Raipur,Chhattisgarh,Consultant,1534900.00,2019-04-07
CUST02693,Rohan Srivastava,Male,1982-03-01,Amritsar,Punjab,Freelancer / Creator,1169100.00,2018-02-27
CUST02694,Priya Shukla,Female,1961-06-02,Surat,Gujarat,Civil / Mechanical Engineer,635900.00,2017-10-02
CUST02695,Rohan Patel,Male,1959-02-28,Jaipur,Rajasthan,Doctor,2354100.00,2019-02-07
CUST02696,Archana Bhatia,Female,1978-06-17,Surat,Gujarat,Freelancer / Creator,540400.00,2020-03-27
CUST02697,Aditi Mohanty,Female,1966-07-21,Thiruvananthapuram,Kerala,Sales & Marketing Manager,830400.00,2020-02-01
CUST02698,Manoj Pradhan,Male,1985-08-10,Pune,Maharashtra,Business Owner,1761700.00,2017-09-09
CUST02699,Varun Malhotra,Male,1985-12-12,Nagpur,Maharashtra,Retired,664100.00,2023-09-18
CUST02700,Arjun Gowda,Male,1990-02-08,Amritsar,Punjab,Doctor,1189600.00,2018-03-15
CUST02701,Akash Mohanty,Male,2002-09-11,Pune,Maharashtra,Retired,719400.00,2021-12-07
CUST02702,Tanvi Bansal,Female,1998-01-08,Chennai,Tamil Nadu,Retail Trader,809000.00,2016-08-07
CUST02703,Alok Chauhan,Male,1978-12-10,Vijayawada,Andhra Pradesh,Healthcare Worker / Nurse,568000.00,2016-04-07
CUST02704,Sunita Sharma,Female,1974-02-10,Amritsar,Punjab,Business Owner,1787800.00,2023-01-17
CUST02705,Riya Das,Female,1991-12-16,Kanpur,Uttar Pradesh,Retired,706800.00,2015-08-04
CUST02706,Deepika Mukherjee,Female,1968-09-06,Hyderabad,Telangana,Business Owner,3274200.00,2016-10-06
CUST02707,Riya Chatterjee,Female,1983-01-24,Kochi,Kerala,Freelancer / Creator,1028600.00,2020-01-29
CUST02708,Amit Saha,Male,1974-03-08,Dehradun,Uttarakhand,Retired,640300.00,2015-03-16
CUST02709,Pankaj Dutta,Male,1957-04-30,Bhubaneswar,Odisha,Civil / Mechanical Engineer,1222000.00,2016-11-15
CUST02710,Ayaan Kumar,Male,1979-09-23,Panaji,Goa,Doctor,2815500.00,2021-03-31
CUST02711,Shaurya Iyengar,Male,1979-07-30,Thiruvananthapuram,Kerala,Freelancer / Creator,1106600.00,2019-11-09
CUST02712,Shikha Kapoor,Female,1987-02-15,Jabalpur,Madhya Pradesh,Lawyer,2280600.00,2020-08-02
CUST02713,Nikhil Iyer,Male,1962-04-09,Indore,Madhya Pradesh,Retired,707900.00,2015-04-14
CUST02714,Monika Pandey,Female,1956-04-16,Coimbatore,Tamil Nadu,Retired,522400.00,2020-01-30
CUST02715,Naveen Hegde,Male,1960-01-17,Nashik,Maharashtra,Business Owner,1182400.00,2015-01-14
CUST02716,Vihaan Mukherjee,Male,2000-08-13,Gwalior,Madhya Pradesh,Teacher / Professor,1043000.00,2019-12-05
CUST02717,Ananya Verma,Female,1980-01-16,Indore,Madhya Pradesh,Civil / Mechanical Engineer,1058300.00,2015-07-06
CUST02718,Ishaan Malhotra,Male,1960-03-31,Ujjain,Madhya Pradesh,Chartered Accountant,818300.00,2017-02-02
CUST02719,Tarun Iyer,Male,1995-11-26,Noida,Uttar Pradesh,Consultant,1116700.00,2021-06-07
CUST02720,Riya Saikia,Female,1989-12-10,Ranchi,Jharkhand,Retail Trader,1071700.00,2015-12-22
CUST02721,Shaurya Patel,Male,1991-04-30,Hyderabad,Telangana,Banker,1309200.00,2018-12-08
CUST02722,Archana Saikia,Female,1978-04-02,Ujjain,Madhya Pradesh,Software Engineer,1681700.00,2017-02-02
CUST02723,Devendra Bhatia,Male,1988-01-06,Amritsar,Punjab,Freelancer / Creator,636200.00,2021-11-25
CUST02724,Tarun Dutta,Male,1990-03-03,Agra,Uttar Pradesh,Chartered Accountant,971400.00,2022-10-10
CUST02725,Lakshmi Reddy,Female,1958-08-20,Hyderabad,Telangana,Retired,561100.00,2021-10-26
CUST02726,Deepak Shukla,Male,1972-07-13,Gwalior,Madhya Pradesh,Healthcare Worker / Nurse,836600.00,2017-06-28
CUST02727,Kavita Joshi,Female,1988-11-27,Rajkot,Gujarat,Doctor,1916000.00,2015-05-23
CUST02728,Sai Mehta,Male,1967-11-08,Gurugram,Haryana,Civil / Mechanical Engineer,587400.00,2021-10-22
CUST02729,Ayaan Bora,Male,1971-04-11,Hyderabad,Telangana,Banker,550100.00,2015-02-27
CUST02730,Ishaan Hegde,Male,1997-01-01,Indore,Madhya Pradesh,Healthcare Worker / Nurse,871300.00,2021-03-17
CUST02731,Kunal Dutta,Male,1967-08-12,Chennai,Tamil Nadu,Freelancer / Creator,380700.00,2020-07-12
CUST02732,Nisha Gowda,Female,1958-02-17,Guwahati,Assam,Healthcare Worker / Nurse,455000.00,2019-07-07
CUST02733,Manish Menon,Male,1987-04-25,Agra,Uttar Pradesh,Business Owner,3928900.00,2017-06-06
CUST02734,Ishita Kulkarni,Female,1992-10-14,Noida,Uttar Pradesh,Lawyer,712300.00,2021-10-24
CUST02735,Ishaan Tripathi,Male,1967-07-23,Durg,Chhattisgarh,Consultant,889100.00,2022-06-16
CUST02736,Nisha Pillai,Female,1992-01-01,Vadodara,Gujarat,Software Engineer,1278600.00,2021-12-06
CUST02737,Swati Iyengar,Female,1979-07-31,Chandigarh,Punjab,Retired,494800.00,2022-02-15
CUST02738,Jyoti Rao,Female,1998-08-04,Kanpur,Uttar Pradesh,Civil / Mechanical Engineer,455400.00,2019-06-14
CUST02739,Komal Das,Female,1997-03-03,New Delhi,Delhi,Sales & Marketing Manager,1219400.00,2017-07-27
CUST02740,Tanvi Saikia,Female,1995-08-01,Siliguri,West Bengal,Teacher / Professor,476200.00,2022-05-27
CUST02741,Ashish Bhat,Male,1991-12-08,Raipur,Chhattisgarh,Software Engineer,1515700.00,2018-03-20
CUST02742,Kavita Chauhan,Female,1956-11-01,Raipur,Chhattisgarh,Teacher / Professor,678200.00,2018-07-09
CUST02743,Jyoti Patel,Female,1980-01-19,Mysuru,Karnataka,Consultant,762700.00,2016-12-14
CUST02744,Vandana Singh,Female,1980-05-17,Rajkot,Gujarat,Freelancer / Creator,540900.00,2015-11-14
CUST02745,Sunil Pandey,Male,1981-11-24,Thiruvananthapuram,Kerala,Software Engineer,1625200.00,2022-07-09
CUST02746,Ajay Bhat,Male,1966-03-15,Jamshedpur,Jharkhand,Teacher / Professor,733200.00,2020-07-27
CUST02747,Atharva Mehta,Male,1973-07-01,Amritsar,Punjab,Software Engineer,1056500.00,2019-11-16
CUST02748,Vandana Sharma,Female,1998-08-17,Indore,Madhya Pradesh,Sales & Marketing Manager,560500.00,2023-03-05
CUST02749,Ishita Chatterjee,Female,1999-03-20,Cuttack,Odisha,Business Owner,3131600.00,2019-10-28
CUST02750,Prerna Hegde,Female,1973-10-02,Cuttack,Odisha,Lawyer,1407800.00,2015-05-29
CUST02751,Harsh Malhotra,Male,1990-05-25,Bengaluru,Karnataka,Banker,1137700.00,2020-06-04
CUST02752,Sachin Saikia,Male,1992-04-24,Panaji,Goa,Lawyer,1278800.00,2023-07-29
CUST02753,Rajesh Mohanty,Male,1966-10-03,Guwahati,Assam,Consultant,1386500.00,2021-02-09
CUST02754,Vikram Ghosh,Male,1989-08-12,Jabalpur,Madhya Pradesh,Consultant,2045200.00,2022-10-31
CUST02755,Neha Deshmukh,Female,1965-05-16,Bhopal,Madhya Pradesh,Retail Trader,789600.00,2018-06-18
CUST02756,Mayank Dutta,Male,1956-09-08,Bhopal,Madhya Pradesh,Teacher / Professor,504400.00,2016-05-25
CUST02757,Shaurya Deshmukh,Male,1966-05-27,Ahmedabad,Gujarat,Healthcare Worker / Nurse,314100.00,2018-11-30
CUST02758,Praveen Das,Male,1984-09-16,Bhopal,Madhya Pradesh,Sales & Marketing Manager,1369500.00,2018-03-09
CUST02759,Manoj Mehta,Male,2003-04-21,Nashik,Maharashtra,Civil / Mechanical Engineer,864300.00,2018-06-08
CUST02760,Tarun Bora,Male,1975-10-20,Vadodara,Gujarat,Government Employee,1029600.00,2021-08-26
CUST02761,Anand Kumar,Male,1977-03-20,Nagpur,Maharashtra,Retired,473800.00,2022-09-29
CUST02762,Deepika Pandey,Female,2001-06-20,Nashik,Maharashtra,Business Owner,1735500.00,2022-11-03
CUST02763,Rohan Patel,Male,1965-12-16,Thiruvananthapuram,Kerala,Consultant,1311300.00,2017-02-02
CUST02764,Lakshmi Kumar,Female,1995-08-10,Cuttack,Odisha,Lawyer,1216200.00,2021-05-20
CUST02765,Kavita Mishra,Female,1990-06-06,Gwalior,Madhya Pradesh,Teacher / Professor,854500.00,2023-01-24
CUST02766,Alok Tripathi,Male,1996-04-09,Ranchi,Jharkhand,Chartered Accountant,1532800.00,2022-07-25
CUST02767,Anand Rao,Male,1998-01-22,Shillong,Meghalaya,Government Employee,1407800.00,2021-12-17
CUST02768,Ritu Bora,Female,1981-08-22,Vadodara,Gujarat,Teacher / Professor,1134200.00,2019-08-23
CUST02769,Sunita Chatterjee,Female,1982-02-17,Madurai,Tamil Nadu,Freelancer / Creator,499300.00,2022-12-14
CUST02770,Arjun Chatterjee,Male,1964-04-29,Vadodara,Gujarat,Consultant,2088400.00,2021-08-09
CUST02771,Sachin Rao,Male,1958-02-19,Thiruvananthapuram,Kerala,Consultant,1348900.00,2017-07-16
CUST02772,Ramesh Shetty,Male,1987-06-23,Ranchi,Jharkhand,Retail Trader,1127400.00,2022-05-16
CUST02773,Pooja Kulkarni,Female,1989-06-07,Jamshedpur,Jharkhand,Teacher / Professor,775400.00,2016-06-09
CUST02774,Jyoti Pradhan,Female,1989-09-10,Raipur,Chhattisgarh,Healthcare Worker / Nurse,619900.00,2023-08-23
CUST02775,Sonali Das,Female,1997-02-24,Bengaluru,Karnataka,Doctor,2928100.00,2023-07-11
CUST02776,Krishna Mehta,Male,1959-04-04,Kanpur,Uttar Pradesh,Healthcare Worker / Nurse,587200.00,2015-06-27
CUST02777,Anand Agarwal,Male,1981-03-25,Madurai,Tamil Nadu,Lawyer,1919500.00,2019-08-18
CUST02778,Pranav Yadav,Male,1995-04-28,Gurugram,Haryana,Business Owner,535600.00,2018-05-21
CUST02779,Naveen Chatterjee,Male,1979-05-30,Agra,Uttar Pradesh,Freelancer / Creator,849800.00,2021-05-09
CUST02780,Vivaan Kulkarni,Male,1955-12-31,Dehradun,Uttarakhand,Chartered Accountant,2101800.00,2017-04-15
CUST02781,Bhavna Pandey,Female,1977-12-31,Ranchi,Jharkhand,Freelancer / Creator,835400.00,2017-02-18
CUST02782,Rajesh Ghosh,Male,1959-11-02,New Delhi,Delhi,Civil / Mechanical Engineer,1339900.00,2015-11-20
CUST02783,Prerna Iyengar,Female,1999-02-18,Bilaspur,Chhattisgarh,Teacher / Professor,819700.00,2017-02-13
CUST02784,Manish Hegde,Male,1979-03-10,Lucknow,Uttar Pradesh,Doctor,1290200.00,2021-01-29
CUST02785,Vihaan Iyengar,Male,1985-03-30,Hyderabad,Telangana,Healthcare Worker / Nurse,544400.00,2022-07-10
CUST02786,Aadhya Rao,Female,1991-01-24,Aurangabad,Maharashtra,Government Employee,601400.00,2019-07-24
CUST02787,Reyansh Verma,Male,1984-03-04,Raipur,Chhattisgarh,Sales & Marketing Manager,1271300.00,2019-08-30
CUST02788,Dinesh Dutta,Male,1960-12-11,Guwahati,Assam,Healthcare Worker / Nurse,316800.00,2021-03-11
CUST02789,Pallavi Mishra,Female,1958-04-20,Cuttack,Odisha,Healthcare Worker / Nurse,468300.00,2023-06-13
CUST02790,Aarohi Kulkarni,Female,1962-05-17,Indore,Madhya Pradesh,Lawyer,2444600.00,2019-11-30
CUST02791,Ananya Kapoor,Female,1987-03-27,Gurugram,Haryana,Government Employee,628600.00,2018-07-28
CUST02792,Amit Saxena,Male,1980-06-06,Bengaluru,Karnataka,Chartered Accountant,2167100.00,2021-11-01
CUST02793,Meenakshi Hegde,Female,1982-03-31,Panaji,Goa,Retail Trader,737300.00,2023-06-15
CUST02794,Pooja Iyer,Female,1991-04-24,Ranchi,Jharkhand,Chartered Accountant,1822500.00,2017-08-15
CUST02795,Vivaan Joshi,Male,1981-12-08,Cuttack,Odisha,Doctor,1274200.00,2015-02-10
CUST02796,Amit Iyer,Male,1986-12-04,Aurangabad,Maharashtra,Sales & Marketing Manager,527900.00,2022-10-06
CUST02797,Naveen Kapoor,Male,1980-06-25,Panaji,Goa,Healthcare Worker / Nurse,556100.00,2023-09-14
CUST02798,Mohit Tripathi,Male,1983-02-24,Durg,Chhattisgarh,Software Engineer,912400.00,2022-03-13
CUST02799,Vihaan Kumar,Male,1992-03-04,Durg,Chhattisgarh,Consultant,1512000.00,2017-11-24
CUST02800,Pooja Rao,Female,2002-03-13,Thiruvananthapuram,Kerala,Freelancer / Creator,1126100.00,2023-11-20
CUST02801,Krishna Saxena,Male,1984-11-09,Jaipur,Rajasthan,Retail Trader,1018800.00,2023-04-25
CUST02802,Aarti Verma,Female,1997-11-11,Bilaspur,Chhattisgarh,Chartered Accountant,2423700.00,2022-06-04
CUST02803,Sneha Mehta,Female,1980-06-01,Panaji,Goa,Healthcare Worker / Nurse,827200.00,2019-08-22
CUST02804,Deepika Saha,Female,1968-11-07,Ujjain,Madhya Pradesh,Retail Trader,1452200.00,2020-05-04
CUST02805,Radha Bhatia,Female,1983-02-18,Nashik,Maharashtra,Doctor,2169100.00,2021-09-26
CUST02806,Priya Choudhury,Female,1999-12-16,Surat,Gujarat,Lawyer,1583200.00,2021-01-07
CUST02807,Lakshmi Kulkarni,Female,1959-11-03,Bhopal,Madhya Pradesh,Chartered Accountant,1311100.00,2015-09-20
CUST02808,Manish Patil,Male,2000-09-05,Gwalior,Madhya Pradesh,Teacher / Professor,677500.00,2023-07-03
CUST02809,Manoj Choudhury,Male,1971-04-17,Visakhapatnam,Andhra Pradesh,Sales & Marketing Manager,736500.00,2017-02-07
CUST02810,Ashish Singh,Male,1992-05-10,Amritsar,Punjab,Doctor,989100.00,2015-07-13
CUST02811,Gaurav Bansal,Male,2001-03-03,Gwalior,Madhya Pradesh,Teacher / Professor,1185100.00,2021-03-14
CUST02812,Vijay Pawar,Male,1999-07-24,Jaipur,Rajasthan,Sales & Marketing Manager,1433300.00,2020-06-08
CUST02813,Aditya Ghosh,Male,1988-08-29,Agra,Uttar Pradesh,Teacher / Professor,438000.00,2021-12-12
CUST02814,Radha Tripathi,Female,1991-08-29,Mumbai,Maharashtra,Freelancer / Creator,1097200.00,2023-07-28
CUST02815,Reyansh Pillai,Male,1992-04-19,Bhubaneswar,Odisha,Banker,1473000.00,2017-10-20
CUST02816,Gaurav Pillai,Male,1993-06-21,Surat,Gujarat,Healthcare Worker / Nurse,473600.00,2016-08-14
CUST02817,Atharva Bhat,Male,1960-01-18,Jabalpur,Madhya Pradesh,Retail Trader,649800.00,2022-03-31
CUST02818,Rohan Iyer,Male,1956-06-30,Gwalior,Madhya Pradesh,Civil / Mechanical Engineer,1216500.00,2017-04-08
CUST02819,Sneha Chatterjee,Female,1975-06-22,Vijayawada,Andhra Pradesh,Civil / Mechanical Engineer,1240600.00,2020-08-06
CUST02820,Sumit Pandey,Male,2003-02-13,Aurangabad,Maharashtra,Software Engineer,2048000.00,2015-02-12
CUST02821,Prerna Dutta,Female,1978-10-15,Jabalpur,Madhya Pradesh,Teacher / Professor,410700.00,2023-08-04
CUST02822,Neha Dutta,Female,1974-10-20,Mysuru,Karnataka,Consultant,1738100.00,2017-01-14
CUST02823,Devendra Saha,Male,1990-04-11,Durgapur,West Bengal,Freelancer / Creator,584900.00,2017-08-13
CUST02824,Abhishek Bhatia,Male,1973-01-19,Bengaluru,Karnataka,Chartered Accountant,2341700.00,2021-05-12
CUST02825,Venkatesh Kumar,Male,1978-01-04,Guwahati,Assam,Doctor,1111900.00,2021-10-12
CUST02826,Pankaj Shukla,Male,1967-04-12,Agra,Uttar Pradesh,Consultant,1093000.00,2015-10-20
CUST02827,Ashish Shetty,Male,1990-06-10,Agra,Uttar Pradesh,Consultant,1142500.00,2023-06-30
CUST02828,Sonali Hegde,Female,1988-11-20,Visakhapatnam,Andhra Pradesh,Sales & Marketing Manager,1218600.00,2016-09-23
CUST02829,Priya Pawar,Female,1957-01-31,Raipur,Chhattisgarh,Retail Trader,1447000.00,2015-06-25
CUST02830,Arjun Pandey,Male,1961-02-19,Shillong,Meghalaya,Civil / Mechanical Engineer,427100.00,2022-07-02
CUST02831,Reyansh Iyer,Male,1990-05-08,Coimbatore,Tamil Nadu,Lawyer,1576600.00,2015-06-15
CUST02832,Varun Saxena,Male,1988-07-06,Bengaluru,Karnataka,Doctor,2601600.00,2015-12-09
CUST02833,Ishaan Gupta,Male,1992-05-22,Surat,Gujarat,Freelancer / Creator,566500.00,2022-06-07
CUST02834,Riya Patnaik,Female,1979-09-29,Agra,Uttar Pradesh,Healthcare Worker / Nurse,561300.00,2019-09-05
CUST02835,Karthik Chatterjee,Male,2003-05-09,Kota,Rajasthan,Consultant,820100.00,2018-08-31
CUST02836,Akash Mehta,Male,1979-01-24,Vijayawada,Andhra Pradesh,Retail Trader,503600.00,2022-07-22
CUST02837,Praveen Pillai,Male,1966-10-17,Bhubaneswar,Odisha,Sales & Marketing Manager,1184000.00,2020-05-21
CUST02838,Manish Agarwal,Male,1982-12-15,Bhopal,Madhya Pradesh,Banker,866300.00,2019-06-24
CUST02839,Aarti Nayak,Female,1995-08-30,Rajkot,Gujarat,Freelancer / Creator,416400.00,2018-04-28
CUST02840,Riya Pawar,Female,1993-11-20,Agra,Uttar Pradesh,Chartered Accountant,835200.00,2017-01-19
CUST02841,Dinesh Singh,Male,2001-02-06,Bengaluru,Karnataka,Consultant,1042100.00,2017-06-07
CUST02842,Riya Banerjee,Female,1956-10-26,Patna,Bihar,Retired,740000.00,2023-08-31
CUST02843,Riya Kumar,Female,1972-08-21,Panaji,Goa,Chartered Accountant,2185700.00,2019-07-23
CUST02844,Garima Pawar,Female,1985-09-10,Gwalior,Madhya Pradesh,Civil / Mechanical Engineer,496500.00,2016-10-20
CUST02845,Rohan Deshmukh,Male,1955-09-23,Noida,Uttar Pradesh,Software Engineer,994800.00,2019-11-05
CUST02846,Vivaan Nayak,Male,1959-04-06,Bilaspur,Chhattisgarh,Software Engineer,712300.00,2018-11-25
CUST02847,Simran Nair,Female,1969-01-10,Hyderabad,Telangana,Civil / Mechanical Engineer,796000.00,2016-01-30
CUST02848,Devendra Patel,Male,1983-04-01,Thiruvananthapuram,Kerala,Business Owner,3602000.00,2017-08-20
CUST02849,Aarav Tripathi,Male,1967-07-14,Bengaluru,Karnataka,Retired,509000.00,2021-11-27
CUST02850,Ashish Chauhan,Male,1964-05-30,Chandigarh,Punjab,Sales & Marketing Manager,907800.00,2022-10-27
CUST02851,Gaurav Bora,Male,1976-02-27,Coimbatore,Tamil Nadu,Chartered Accountant,2218900.00,2017-04-27
CUST02852,Shikha Pawar,Female,1978-07-22,Kochi,Kerala,Business Owner,3351000.00,2019-07-28
CUST02853,Pari Bansal,Female,1981-08-10,Kanpur,Uttar Pradesh,Retired,615600.00,2021-01-30
CUST02854,Richa Saikia,Female,1978-04-02,Vadodara,Gujarat,Sales & Marketing Manager,570500.00,2019-11-13
CUST02855,Ashish Gupta,Male,2003-05-24,Hyderabad,Telangana,Chartered Accountant,1894900.00,2023-11-15
CUST02856,Amit Patnaik,Male,1965-04-14,Dehradun,Uttarakhand,Lawyer,1581100.00,2020-09-12
CUST02857,Kavita Tripathi,Female,1991-11-07,Durg,Chhattisgarh,Consultant,1778900.00,2015-09-17
CUST02858,Manish Patnaik,Male,1955-07-08,Noida,Uttar Pradesh,Banker,1738500.00,2020-05-29
CUST02859,Reyansh Mukherjee,Male,2000-11-27,Kota,Rajasthan,Lawyer,1946700.00,2021-07-11
CUST02860,Devendra Saxena,Male,1970-05-11,Indore,Madhya Pradesh,Healthcare Worker / Nurse,459800.00,2023-08-22
CUST02861,Krishna Kapoor,Male,1964-11-16,Nashik,Maharashtra,Doctor,1813400.00,2020-08-22
CUST02862,Rashmi Yadav,Female,1976-09-08,Guwahati,Assam,Lawyer,993900.00,2022-10-08
CUST02863,Tarun Bhatia,Male,1991-07-21,Noida,Uttar Pradesh,Freelancer / Creator,1039700.00,2016-09-09
CUST02864,Aditi Shukla,Female,1958-12-09,Guwahati,Assam,Banker,1492800.00,2021-11-10
CUST02865,Ritu Gupta,Female,1995-01-17,Panaji,Goa,Business Owner,1578200.00,2020-09-08
CUST02866,Pooja Pandey,Female,1983-03-09,Durgapur,West Bengal,Government Employee,1138300.00,2022-01-17
CUST02867,Richa Menon,Female,1956-01-30,Amritsar,Punjab,Consultant,1985600.00,2015-04-03
CUST02868,Devendra Malhotra,Male,1993-08-19,Nashik,Maharashtra,Banker,1267300.00,2018-06-01
CUST02869,Abhishek Chauhan,Male,1963-12-11,Bhubaneswar,Odisha,Software Engineer,1612400.00,2021-03-16
CUST02870,Bhavna Chatterjee,Female,1959-07-18,Bhubaneswar,Odisha,Government Employee,1015100.00,2022-09-09
CUST02871,Ritu Banerjee,Female,1978-02-10,Jaipur,Rajasthan,Civil / Mechanical Engineer,593500.00,2021-10-27
CUST02872,Tanvi Deshmukh,Female,1976-11-07,Visakhapatnam,Andhra Pradesh,Government Employee,1322800.00,2020-10-26
CUST02873,Swati Iyengar,Female,1977-09-07,Guwahati,Assam,Retail Trader,963200.00,2019-04-09
CUST02874,Sumit Saxena,Male,2002-02-16,Madurai,Tamil Nadu,Teacher / Professor,358400.00,2021-10-13
CUST02875,Devendra Bansal,Male,1978-06-26,Mumbai,Maharashtra,Chartered Accountant,912900.00,2015-05-09
CUST02876,Krishna Kapoor,Male,2000-12-10,Vadodara,Gujarat,Government Employee,1008200.00,2015-09-08
CUST02877,Akash Pillai,Male,1985-10-01,Mysuru,Karnataka,Teacher / Professor,792100.00,2023-08-21
CUST02878,Kunal Saxena,Male,1966-09-20,Hyderabad,Telangana,Healthcare Worker / Nurse,699400.00,2015-06-18
CUST02879,Anand Saha,Male,1968-09-22,Visakhapatnam,Andhra Pradesh,Consultant,1572300.00,2020-04-24
CUST02880,Vijay Gupta,Male,1968-01-05,Nashik,Maharashtra,Healthcare Worker / Nurse,441900.00,2016-09-03
CUST02881,Lakshmi Shukla,Female,2003-06-07,New Delhi,Delhi,Business Owner,660700.00,2018-11-13
CUST02882,Richa Dutta,Female,1978-05-10,Jamshedpur,Jharkhand,Retired,734700.00,2021-09-09
CUST02883,Rahul Verma,Male,1980-12-15,Madurai,Tamil Nadu,Doctor,2027500.00,2023-08-09
CUST02884,Abhishek Saxena,Male,1961-02-01,Rajkot,Gujarat,Sales & Marketing Manager,1104900.00,2020-08-20
CUST02885,Sonal Verma,Female,1962-05-02,Ranchi,Jharkhand,Sales & Marketing Manager,636300.00,2022-03-17
CUST02886,Aanya Deshmukh,Female,1963-03-19,Rajkot,Gujarat,Teacher / Professor,1105300.00,2016-05-18
CUST02887,Ramesh Banerjee,Male,1984-02-22,Amritsar,Punjab,Consultant,1572700.00,2015-06-27
CUST02888,Ramesh Saha,Male,1981-11-27,Siliguri,West Bengal,Retired,764600.00,2019-03-13
CUST02889,Aditya Bhat,Male,1994-04-28,Kanpur,Uttar Pradesh,Teacher / Professor,1123600.00,2021-11-08
CUST02890,Jyoti Joshi,Female,1982-11-26,Prayagraj,Uttar Pradesh,Chartered Accountant,1031600.00,2017-01-10
CUST02891,Aarav Pandey,Male,1988-03-12,Bhopal,Madhya Pradesh,Lawyer,1819800.00,2019-12-06
CUST02892,Deepika Bhatia,Female,1983-10-29,Nagpur,Maharashtra,Government Employee,995300.00,2022-09-05
CUST02893,Divya Patil,Female,1988-08-28,Rajkot,Gujarat,Teacher / Professor,495100.00,2017-08-07
CUST02894,Manish Sharma,Male,1972-05-20,Amritsar,Punjab,Government Employee,766300.00,2018-11-25
CUST02895,Shaurya Mohanty,Male,1965-06-03,New Delhi,Delhi,Freelancer / Creator,524200.00,2016-06-07
CUST02896,Pari Singh,Female,1957-11-02,Visakhapatnam,Andhra Pradesh,Retired,689400.00,2016-08-09
CUST02897,Bhavna Bhatia,Female,1992-11-26,Prayagraj,Uttar Pradesh,Government Employee,989700.00,2021-02-12
CUST02898,Prerna Tripathi,Female,1968-01-18,Bilaspur,Chhattisgarh,Lawyer,1142500.00,2018-08-23
CUST02899,Sumit Saha,Male,1984-04-04,Jabalpur,Madhya Pradesh,Healthcare Worker / Nurse,507800.00,2022-12-29
CUST02900,Diya Hegde,Female,1995-10-17,Mumbai,Maharashtra,Sales & Marketing Manager,873500.00,2015-12-11
CUST02901,Vihaan Pandey,Male,1999-10-04,Bhopal,Madhya Pradesh,Software Engineer,1253900.00,2021-09-20
CUST02902,Abhishek Kapoor,Male,1984-02-14,Kolkata,West Bengal,Business Owner,3176400.00,2022-02-28
CUST02903,Ashish Kulkarni,Male,1983-11-19,Ranchi,Jharkhand,Freelancer / Creator,969000.00,2023-03-19
CUST02904,Gaurav Deshmukh,Male,1980-09-07,Vijayawada,Andhra Pradesh,Freelancer / Creator,1025200.00,2021-05-28
CUST02905,Suresh Banerjee,Male,1965-03-19,Gurugram,Haryana,Teacher / Professor,546700.00,2020-09-22
CUST02906,Amit Iyer,Male,1995-10-03,Kochi,Kerala,Banker,608100.00,2023-10-31
CUST02907,Rohan Rao,Male,1961-10-08,Durgapur,West Bengal,Chartered Accountant,1468800.00,2015-06-03
CUST02908,Mayank Saxena,Male,1991-09-19,Jaipur,Rajasthan,Teacher / Professor,1025200.00,2020-05-19
CUST02909,Rohan Sharma,Male,1984-09-20,Rajkot,Gujarat,Chartered Accountant,1268700.00,2015-09-14
CUST02910,Ayaan Menon,Male,1959-01-26,Nashik,Maharashtra,Teacher / Professor,1057000.00,2017-05-21
CUST02911,Sonal Reddy,Female,1972-10-12,Chandigarh,Punjab,Doctor,1926100.00,2016-03-15
CUST02912,Sunil Malhotra,Male,1991-02-02,Thiruvananthapuram,Kerala,Healthcare Worker / Nurse,528900.00,2015-12-25
CUST02913,Lakshmi Nayak,Female,1979-04-09,Jamshedpur,Jharkhand,Retail Trader,807100.00,2015-09-25
CUST02914,Kavita Iyengar,Female,1978-04-23,Jamshedpur,Jharkhand,Consultant,1542200.00,2019-03-21
CUST02915,Meenakshi Choudhury,Female,1982-06-05,Shillong,Meghalaya,Consultant,1541400.00,2023-11-12
CUST02916,Aditya Deshmukh,Male,1999-10-02,Durgapur,West Bengal,Civil / Mechanical Engineer,740300.00,2017-07-22
CUST02917,Akash Reddy,Male,1960-01-08,Bengaluru,Karnataka,Doctor,2349400.00,2021-01-22
CUST02918,Vandana Agarwal,Female,1985-02-04,Bengaluru,Karnataka,Lawyer,1089600.00,2018-02-08
CUST02919,Shikha Saikia,Female,1970-01-30,Shillong,Meghalaya,Retail Trader,1430000.00,2022-07-07
CUST02920,Bhavna Yadav,Female,1979-11-19,Bengaluru,Karnataka,Civil / Mechanical Engineer,1310800.00,2019-02-28
CUST02921,Komal Pandey,Female,1962-09-12,Ahmedabad,Gujarat,Retail Trader,947900.00,2020-10-24
CUST02922,Sonali Mehta,Female,1992-04-18,Jaipur,Rajasthan,Sales & Marketing Manager,1307000.00,2020-03-10
CUST02923,Garima Saha,Female,1960-08-12,Jaipur,Rajasthan,Healthcare Worker / Nurse,382600.00,2020-12-06
CUST02924,Devendra Patil,Male,1975-05-21,Aurangabad,Maharashtra,Software Engineer,2267200.00,2023-06-02
CUST02925,Tanvi Choudhury,Female,1982-05-12,Thiruvananthapuram,Kerala,Retail Trader,1414900.00,2019-10-09
CUST02926,Shaurya Agarwal,Male,1977-10-07,Dehradun,Uttarakhand,Doctor,1200900.00,2017-06-10
CUST02927,Anjali Agarwal,Female,1971-01-08,Kota,Rajasthan,Banker,1603600.00,2016-04-12
CUST02928,Ritu Rao,Female,1963-10-23,Guwahati,Assam,Doctor,1405200.00,2018-10-10
CUST02929,Vivaan Nayak,Male,1963-07-30,Ujjain,Madhya Pradesh,Consultant,1626900.00,2016-11-14
CUST02930,Lakshmi Kapoor,Female,1967-06-07,Surat,Gujarat,Teacher / Professor,475600.00,2019-10-08
CUST02931,Sonali Iyengar,Female,1988-12-22,Lucknow,Uttar Pradesh,Lawyer,2158100.00,2018-07-06
CUST02932,Nandini Bora,Female,2001-11-06,Durg,Chhattisgarh,Software Engineer,1983800.00,2022-07-02
CUST02933,Krishna Dutta,Male,1978-06-21,Durg,Chhattisgarh,Freelancer / Creator,409400.00,2021-06-15
CUST02934,Sumit Kumar,Male,2003-02-24,Guwahati,Assam,Chartered Accountant,2235100.00,2020-04-26
CUST02935,Pankaj Mishra,Male,1981-04-30,Visakhapatnam,Andhra Pradesh,Freelancer / Creator,683900.00,2021-06-08
CUST02936,Harsh Mishra,Male,1969-05-11,Patna,Bihar,Freelancer / Creator,410700.00,2018-03-06
CUST02937,Krishna Chatterjee,Male,1989-11-07,Kochi,Kerala,Banker,590600.00,2018-11-06
CUST02938,Archana Bhatia,Female,1989-12-19,Kota,Rajasthan,Banker,681800.00,2019-12-07
CUST02939,Dinesh Tripathi,Male,1970-08-29,Vadodara,Gujarat,Consultant,1030300.00,2018-12-17
CUST02940,Mohit Mehta,Male,1958-06-28,Bhopal,Madhya Pradesh,Teacher / Professor,812900.00,2023-06-05
CUST02941,Meenakshi Kumar,Female,1979-08-11,Madurai,Tamil Nadu,Sales & Marketing Manager,1215500.00,2015-12-19
CUST02942,Aditi Bhat,Female,1987-09-05,Bhubaneswar,Odisha,Consultant,938200.00,2018-11-21
CUST02943,Riya Gupta,Female,1979-02-03,Visakhapatnam,Andhra Pradesh,Banker,1743500.00,2021-11-17
CUST02944,Krishna Bansal,Male,1987-11-02,Bhubaneswar,Odisha,Chartered Accountant,1522500.00,2016-10-10
CUST02945,Venkatesh Saikia,Male,1961-12-20,Nashik,Maharashtra,Software Engineer,1217600.00,2017-10-18
CUST02946,Harsh Kumar,Male,1979-02-21,Mysuru,Karnataka,Doctor,2597400.00,2022-08-29
CUST02947,Aditya Gupta,Male,1963-07-10,Aurangabad,Maharashtra,Teacher / Professor,889400.00,2017-04-18
CUST02948,Devendra Chatterjee,Male,1977-02-16,Gurugram,Haryana,Teacher / Professor,1168800.00,2015-06-03
CUST02949,Kunal Saxena,Male,2003-04-23,Bhubaneswar,Odisha,Business Owner,529000.00,2016-08-07
CUST02950,Rahul Gowda,Male,1994-10-14,Dehradun,Uttarakhand,Government Employee,1097100.00,2022-08-02
CUST02951,Ayaan Agarwal,Male,1966-03-06,Jamshedpur,Jharkhand,Teacher / Professor,1025100.00,2015-03-30
CUST02952,Varun Patel,Male,1976-10-21,Vadodara,Gujarat,Government Employee,1164700.00,2022-05-24
CUST02953,Nisha Mohanty,Female,2002-09-13,Chennai,Tamil Nadu,Chartered Accountant,1610200.00,2023-07-25
CUST02954,Prerna Bansal,Female,1974-02-13,Mumbai,Maharashtra,Retail Trader,1455100.00,2016-04-03
CUST02955,Sunita Saikia,Female,1981-09-29,Durg,Chhattisgarh,Retired,526800.00,2020-07-03
CUST02956,Ramesh Iyer,Male,2001-08-07,Rajkot,Gujarat,Retail Trader,985700.00,2021-04-12
CUST02957,Diya Bora,Female,1979-02-13,Prayagraj,Uttar Pradesh,Freelancer / Creator,989100.00,2015-05-24
CUST02958,Rahul Yadav,Male,1970-10-07,Jaipur,Rajasthan,Civil / Mechanical Engineer,893400.00,2021-02-24
CUST02959,Pankaj Nayak,Male,1980-10-12,Coimbatore,Tamil Nadu,Freelancer / Creator,510600.00,2019-07-16
CUST02960,Pranav Menon,Male,2003-02-23,Dehradun,Uttarakhand,Business Owner,3011100.00,2021-10-14
CUST02961,Ayaan Tripathi,Male,1990-10-12,Bhopal,Madhya Pradesh,Healthcare Worker / Nurse,551500.00,2015-04-05
CUST02962,Krishna Hegde,Male,1995-01-04,Mysuru,Karnataka,Retail Trader,541900.00,2015-06-11
CUST02963,Ananya Mukherjee,Female,1993-03-04,Lucknow,Uttar Pradesh,Consultant,704000.00,2022-04-26
CUST02964,Gaurav Joshi,Male,2003-02-14,Kota,Rajasthan,Government Employee,472900.00,2015-08-20
CUST02965,Komal Mohanty,Female,1965-07-06,Thiruvananthapuram,Kerala,Doctor,2043100.00,2016-10-15
CUST02966,Ashish Rao,Male,1967-08-06,Jaipur,Rajasthan,Software Engineer,1718500.00,2023-01-05
CUST02967,Diya Ghosh,Female,1994-04-19,Kota,Rajasthan,Government Employee,998400.00,2020-03-22
CUST02968,Ajay Nayak,Male,1967-10-31,Agra,Uttar Pradesh,Freelancer / Creator,650800.00,2017-11-13
CUST02969,Ritu Shetty,Female,1990-03-30,Chennai,Tamil Nadu,Teacher / Professor,416400.00,2020-07-24
CUST02970,Ishita Pillai,Female,1985-06-24,Mysuru,Karnataka,Healthcare Worker / Nurse,834000.00,2022-03-29
CUST02971,Priya Shetty,Female,1997-05-07,Guwahati,Assam,Healthcare Worker / Nurse,673100.00,2015-05-26
CUST02972,Praveen Agarwal,Male,1976-05-11,Gwalior,Madhya Pradesh,Banker,779600.00,2020-04-29
CUST02973,Akash Hegde,Male,1974-07-11,Indore,Madhya Pradesh,Chartered Accountant,801000.00,2016-09-12
CUST02974,Aadhya Patil,Female,1982-03-02,Vadodara,Gujarat,Retired,701300.00,2023-02-03
CUST02975,Varun Shukla,Male,1990-12-04,Guwahati,Assam,Consultant,698300.00,2018-10-20
CUST02976,Sachin Mishra,Male,2002-06-01,Dehradun,Uttarakhand,Sales & Marketing Manager,729900.00,2018-09-28
CUST02977,Ritu Sharma,Female,2001-11-07,Kochi,Kerala,Consultant,1365300.00,2017-02-15
CUST02978,Aadhya Mukherjee,Female,1975-04-05,Bengaluru,Karnataka,Doctor,1040100.00,2021-01-23
CUST02979,Ritu Patel,Female,1955-10-14,Kolkata,West Bengal,Retired,337800.00,2019-05-16
CUST02980,Atharva Deshmukh,Male,2002-02-22,Mumbai,Maharashtra,Healthcare Worker / Nurse,853200.00,2023-09-04
CUST02981,Venkatesh Deshmukh,Male,1972-05-05,Cuttack,Odisha,Chartered Accountant,1684900.00,2015-10-08
CUST02982,Aarav Kapoor,Male,1987-01-26,Visakhapatnam,Andhra Pradesh,Banker,569900.00,2016-08-15
CUST02983,Richa Chatterjee,Female,1985-04-25,Chennai,Tamil Nadu,Teacher / Professor,472600.00,2022-04-07
CUST02984,Ishaan Pandey,Male,1992-03-13,Jamshedpur,Jharkhand,Government Employee,1230900.00,2016-08-04
CUST02985,Vandana Pradhan,Female,2001-09-06,Thiruvananthapuram,Kerala,Government Employee,1216100.00,2020-01-02
CUST02986,Jyoti Pillai,Female,1978-08-20,Noida,Uttar Pradesh,Business Owner,2860400.00,2019-09-20
CUST02987,Rashmi Mishra,Female,1997-03-08,Amritsar,Punjab,Sales & Marketing Manager,920300.00,2022-04-22
CUST02988,Anand Pradhan,Male,1968-06-18,Jabalpur,Madhya Pradesh,Chartered Accountant,1186600.00,2018-11-13
CUST02989,Rashmi Yadav,Female,1969-01-03,Kanpur,Uttar Pradesh,Banker,548200.00,2016-03-09
CUST02990,Tarun Deshmukh,Male,1982-09-30,Jamshedpur,Jharkhand,Retired,720800.00,2016-11-30
CUST02991,Nandini Hegde,Female,1959-02-05,Ujjain,Madhya Pradesh,Consultant,1893600.00,2019-08-22
CUST02992,Kunal Gowda,Male,1970-07-21,Nashik,Maharashtra,Chartered Accountant,1085000.00,2019-04-03
CUST02993,Saanvi Bansal,Female,1970-02-14,Vijayawada,Andhra Pradesh,Sales & Marketing Manager,747600.00,2020-09-24
CUST02994,Lakshmi Saha,Female,1968-05-16,Cuttack,Odisha,Doctor,2058200.00,2020-07-02
CUST02995,Varun Joshi,Male,1997-11-20,Vijayawada,Andhra Pradesh,Software Engineer,690600.00,2021-05-28
CUST02996,Richa Agarwal,Female,1990-12-12,Durgapur,West Bengal,Freelancer / Creator,862800.00,2017-03-19
CUST02997,Kavita Das,Female,1969-02-14,Patna,Bihar,Banker,851500.00,2015-06-10
CUST02998,Ayaan Reddy,Male,1966-10-04,Nashik,Maharashtra,Teacher / Professor,583200.00,2017-02-06
CUST02999,Aarav Nair,Male,1999-04-07,Hyderabad,Telangana,Freelancer / Creator,954200.00,2022-09-12
CUST03000,Ishita Sharma,Female,1981-01-14,New Delhi,Delhi,Retired,404100.00,2017-06-11
CUST03001,Vivaan Verma,Male,1967-10-09,Nagpur,Maharashtra,Business Owner,3276500.00,2023-05-05
CUST03002,Preeti Kapoor,Female,1987-09-01,Kanpur,Uttar Pradesh,Consultant,657500.00,2020-10-15
CUST03003,Ashish Saikia,Male,1967-05-16,Kanpur,Uttar Pradesh,Government Employee,531000.00,2023-12-14
CUST03004,Sumit Kumar,Male,1978-09-14,Kota,Rajasthan,Freelancer / Creator,865000.00,2017-08-20
CUST03005,Nikhil Iyer,Male,1973-09-07,Jabalpur,Madhya Pradesh,Civil / Mechanical Engineer,1345100.00,2021-06-22
CUST03006,Simran Patnaik,Female,1964-06-08,Nagpur,Maharashtra,Software Engineer,1575200.00,2023-03-22
CUST03007,Akash Kumar,Male,1967-11-26,Kolkata,West Bengal,Government Employee,827400.00,2015-06-16
CUST03008,Sachin Yadav,Male,1971-02-10,Jabalpur,Madhya Pradesh,Business Owner,1371600.00,2016-05-01
CUST03009,Sonal Rao,Female,1975-05-20,Dehradun,Uttarakhand,Civil / Mechanical Engineer,1282400.00,2018-07-27
CUST03010,Sachin Srivastava,Male,1961-12-24,Gwalior,Madhya Pradesh,Government Employee,762700.00,2016-08-02
CUST03011,Tanvi Kulkarni,Female,2002-03-27,Bhopal,Madhya Pradesh,Government Employee,1285400.00,2022-06-15
CUST03012,Alok Iyengar,Male,1983-03-01,Thiruvananthapuram,Kerala,Banker,1034500.00,2020-01-03
CUST03013,Varun Patil,Male,1965-02-23,Madurai,Tamil Nadu,Consultant,2030400.00,2018-01-24
CUST03014,Meenakshi Menon,Female,1994-06-04,Dehradun,Uttarakhand,Software Engineer,1591000.00,2017-12-29
CUST03015,Sonal Verma,Female,1994-09-28,Lucknow,Uttar Pradesh,Freelancer / Creator,756300.00,2016-07-18
CUST03016,Shikha Menon,Female,1965-02-04,New Delhi,Delhi,Chartered Accountant,2429800.00,2019-05-21
CUST03017,Harsh Tripathi,Male,1971-05-27,Bhubaneswar,Odisha,Government Employee,1157700.00,2016-07-10
CUST03018,Sanjay Ghosh,Male,1990-12-03,Vijayawada,Andhra Pradesh,Chartered Accountant,2411900.00,2017-06-29
CUST03019,Gaurav Verma,Male,2003-02-01,Lucknow,Uttar Pradesh,Chartered Accountant,1815600.00,2023-08-27
CUST03020,Krishna Srivastava,Male,1959-01-13,Dehradun,Uttarakhand,Civil / Mechanical Engineer,516200.00,2019-09-11
CUST03021,Nisha Pillai,Female,1963-01-15,Ahmedabad,Gujarat,Consultant,677700.00,2022-06-19
CUST03022,Preeti Deshmukh,Female,2001-05-31,Aurangabad,Maharashtra,Consultant,918000.00,2015-08-15
CUST03023,Venkatesh Verma,Male,2000-05-18,Amritsar,Punjab,Civil / Mechanical Engineer,642300.00,2016-08-10
CUST03024,Vivaan Kumar,Male,1957-04-03,Hyderabad,Telangana,Retired,363600.00,2023-03-30
CUST03025,Nisha Gowda,Female,1999-01-03,Lucknow,Uttar Pradesh,Chartered Accountant,752900.00,2017-12-19
CUST03026,Kalyani Shukla,Female,2002-10-20,Durg,Chhattisgarh,Banker,1065800.00,2018-08-24
CUST03027,Ashish Pradhan,Male,1987-01-23,Nagpur,Maharashtra,Freelancer / Creator,341400.00,2018-06-05
CUST03028,Ishita Menon,Female,1977-03-11,Bhopal,Madhya Pradesh,Government Employee,821100.00,2015-04-14
CUST03029,Sai Pandey,Male,1988-06-27,Surat,Gujarat,Sales & Marketing Manager,1277100.00,2023-12-15
CUST03030,Anjali Pradhan,Female,1983-10-23,Agra,Uttar Pradesh,Government Employee,658400.00,2021-04-05
CUST03031,Pari Bhatia,Female,1976-10-01,Bengaluru,Karnataka,Chartered Accountant,2392400.00,2023-06-28
CUST03032,Sunil Joshi,Male,1973-07-24,Chennai,Tamil Nadu,Banker,1089000.00,2015-01-16
CUST03033,Venkatesh Patnaik,Male,1979-01-03,Gwalior,Madhya Pradesh,Retail Trader,810200.00,2016-09-17
CUST03034,Shreya Singh,Female,1963-11-17,Nashik,Maharashtra,Healthcare Worker / Nurse,627500.00,2020-09-22
CUST03035,Shreya Pawar,Female,1984-11-01,Aurangabad,Maharashtra,Healthcare Worker / Nurse,348300.00,2016-10-15
CUST03036,Devendra Iyengar,Male,1980-06-23,Gurugram,Haryana,Banker,1767500.00,2016-03-21
CUST03037,Tanvi Bansal,Female,1966-10-27,Vijayawada,Andhra Pradesh,Chartered Accountant,926000.00,2018-07-06
CUST03038,Anjali Chatterjee,Female,2000-01-25,Ujjain,Madhya Pradesh,Banker,1642300.00,2023-06-15
CUST03039,Ishaan Deshmukh,Male,1994-05-18,Pune,Maharashtra,Retail Trader,1082800.00,2017-11-01
CUST03040,Richa Tripathi,Female,1992-12-31,Mysuru,Karnataka,Consultant,1867800.00,2015-03-12
CUST03041,Vandana Mohanty,Female,1986-02-07,Indore,Madhya Pradesh,Healthcare Worker / Nurse,352800.00,2016-05-21
CUST03042,Manoj Pawar,Male,1972-03-22,Guwahati,Assam,Civil / Mechanical Engineer,480300.00,2016-08-24
CUST03043,Aarav Saha,Male,1976-03-03,Vijayawada,Andhra Pradesh,Business Owner,1680800.00,2021-07-31
CUST03044,Shikha Bansal,Female,1992-05-28,Ranchi,Jharkhand,Civil / Mechanical Engineer,677200.00,2023-12-27
CUST03045,Vivaan Hegde,Male,1978-02-19,Prayagraj,Uttar Pradesh,Software Engineer,1225200.00,2016-02-07
CUST03046,Aadhya Pillai,Female,1998-04-10,Surat,Gujarat,Government Employee,615700.00,2023-05-29
CUST03047,Ajay Pillai,Male,1988-06-15,Kanpur,Uttar Pradesh,Freelancer / Creator,661300.00,2018-06-27
CUST03048,Archana Gowda,Female,2003-03-01,Bhubaneswar,Odisha,Chartered Accountant,880900.00,2023-03-10
CUST03049,Shikha Bhat,Female,2000-06-01,Hyderabad,Telangana,Chartered Accountant,812500.00,2022-11-02
CUST03050,Sachin Menon,Male,1967-09-01,Shillong,Meghalaya,Consultant,2064200.00,2015-07-22
CUST03051,Ramesh Patel,Male,2003-03-16,Vijayawada,Andhra Pradesh,Retired,768400.00,2016-04-23
CUST03052,Hemant Mohanty,Male,1972-05-11,Jamshedpur,Jharkhand,Healthcare Worker / Nurse,580000.00,2022-04-25
CUST03053,Aditya Saikia,Male,1956-05-08,Bhopal,Madhya Pradesh,Retail Trader,796100.00,2016-09-29
CUST03054,Rashmi Dutta,Female,1957-08-20,Kota,Rajasthan,Software Engineer,1899200.00,2017-11-24
CUST03055,Pankaj Banerjee,Male,1962-11-05,Ranchi,Jharkhand,Teacher / Professor,1087200.00,2015-02-08
CUST03056,Ananya Iyengar,Female,1975-01-08,Coimbatore,Tamil Nadu,Teacher / Professor,800600.00,2022-12-02
CUST03057,Pranav Nair,Male,1967-10-04,Jabalpur,Madhya Pradesh,Healthcare Worker / Nurse,802300.00,2020-11-10
CUST03058,Jyoti Joshi,Female,1973-08-29,Kota,Rajasthan,Software Engineer,1887100.00,2020-03-31
CUST03059,Venkatesh Gupta,Male,1976-06-16,Siliguri,West Bengal,Freelancer / Creator,760800.00,2023-09-27
CUST03060,Ishita Joshi,Female,1990-07-20,Durgapur,West Bengal,Retired,679100.00,2022-02-08
CUST03061,Deepika Malhotra,Female,1972-04-30,Guwahati,Assam,Business Owner,2198100.00,2017-07-17
CUST03062,Venkatesh Srivastava,Male,1997-06-28,Chennai,Tamil Nadu,Retail Trader,679800.00,2015-03-03
CUST03063,Kalyani Srivastava,Female,1980-01-02,Aurangabad,Maharashtra,Healthcare Worker / Nurse,882200.00,2015-05-09
CUST03064,Pankaj Choudhury,Male,1961-02-01,Hyderabad,Telangana,Retail Trader,1233200.00,2017-05-23
CUST03065,Priya Nair,Female,1995-12-13,Jamshedpur,Jharkhand,Software Engineer,2020800.00,2019-04-24
CUST03066,Richa Bhat,Female,1968-01-02,Aurangabad,Maharashtra,Government Employee,838300.00,2020-04-17
CUST03067,Abhishek Dutta,Male,1959-12-31,Jaipur,Rajasthan,Banker,1305700.00,2016-04-29
CUST03068,Alok Mohanty,Male,1956-04-19,Lucknow,Uttar Pradesh,Teacher / Professor,396700.00,2016-04-17
CUST03069,Tanvi Kulkarni,Female,1979-05-25,New Delhi,Delhi,Sales & Marketing Manager,1516900.00,2017-06-10
CUST03070,Aditya Mukherjee,Male,1970-02-19,Bengaluru,Karnataka,Government Employee,1333400.00,2022-11-18
CUST03071,Riya Pawar,Female,1969-03-10,Cuttack,Odisha,Chartered Accountant,1219400.00,2018-04-14
CUST03072,Amit Verma,Male,2003-01-28,Dehradun,Uttarakhand,Freelancer / Creator,682600.00,2015-11-02
CUST03073,Meera Reddy,Female,2001-04-17,Dehradun,Uttarakhand,Teacher / Professor,1124900.00,2019-03-25
CUST03074,Alok Bora,Male,1957-09-23,Nagpur,Maharashtra,Freelancer / Creator,561700.00,2022-12-30
CUST03075,Kavita Saha,Female,1964-01-14,Coimbatore,Tamil Nadu,Government Employee,1004900.00,2016-01-18
CUST03076,Vivaan Deshmukh,Male,1985-10-19,Nashik,Maharashtra,Government Employee,1245600.00,2016-09-28
CUST03077,Sumit Gowda,Male,1996-01-19,Kolkata,West Bengal,Business Owner,2431300.00,2018-08-07
CUST03078,Riya Joshi,Female,1969-05-23,Panaji,Goa,Retired,546300.00,2016-02-08
CUST03079,Sumit Shukla,Male,1966-10-20,Patna,Bihar,Doctor,1551000.00,2017-11-29
CUST03080,Devendra Patel,Male,1960-08-29,Aurangabad,Maharashtra,Chartered Accountant,1108700.00,2019-04-20
CUST03081,Deepak Banerjee,Male,1975-12-24,Prayagraj,Uttar Pradesh,Government Employee,865100.00,2020-03-09
CUST03082,Aditya Tripathi,Male,1998-11-17,Dehradun,Uttarakhand,Software Engineer,1429200.00,2015-09-08
CUST03083,Bhavna Deshmukh,Female,1979-12-17,Mysuru,Karnataka,Retail Trader,1100200.00,2020-12-17
CUST03084,Richa Reddy,Female,1972-07-26,Ujjain,Madhya Pradesh,Software Engineer,989700.00,2020-06-16
CUST03085,Amit Agarwal,Male,2002-03-28,Panaji,Goa,Government Employee,1303500.00,2018-05-20
CUST03086,Manish Patnaik,Male,1973-07-23,Chennai,Tamil Nadu,Banker,564800.00,2021-04-23
CUST03087,Suresh Saikia,Male,1977-07-16,Ranchi,Jharkhand,Banker,1775600.00,2020-01-21
CUST03088,Harsh Chatterjee,Male,2000-11-14,Nashik,Maharashtra,Banker,825900.00,2015-02-12
CUST03089,Praveen Dutta,Male,1990-04-19,Kolkata,West Bengal,Doctor,2691300.00,2022-12-03
CUST03090,Rajesh Iyengar,Male,1956-09-24,Vadodara,Gujarat,Sales & Marketing Manager,930200.00,2016-07-20
CUST03091,Krishna Iyengar,Male,1969-11-23,Ujjain,Madhya Pradesh,Civil / Mechanical Engineer,1235900.00,2021-10-23
CUST03092,Tarun Mohanty,Male,2002-02-17,Ranchi,Jharkhand,Retired,768100.00,2019-05-31
CUST03093,Kavita Pillai,Female,1999-07-11,Pune,Maharashtra,Retail Trader,776100.00,2017-08-21
CUST03094,Sanjay Verma,Male,1959-10-06,Durgapur,West Bengal,Retail Trader,516500.00,2017-03-30
CUST03095,Vijay Kumar,Male,1982-08-30,Panaji,Goa,Banker,1737000.00,2023-09-16
CUST03096,Rohan Dutta,Male,1962-01-18,Nashik,Maharashtra,Sales & Marketing Manager,516400.00,2020-04-24
CUST03097,Gaurav Bhatia,Male,1958-01-09,Ahmedabad,Gujarat,Government Employee,574700.00,2015-11-12
CUST03098,Aanya Rao,Female,1970-02-19,Agra,Uttar Pradesh,Healthcare Worker / Nurse,408600.00,2017-05-10
CUST03099,Simran Joshi,Female,1974-03-18,Chennai,Tamil Nadu,Software Engineer,1871100.00,2016-12-19
CUST03100,Ishita Malhotra,Female,1997-05-08,Kota,Rajasthan,Doctor,2639000.00,2019-02-28
CUST03101,Komal Gowda,Female,1965-05-01,Bhubaneswar,Odisha,Doctor,1730500.00,2015-08-23
CUST03102,Pooja Pawar,Female,1968-12-23,Kanpur,Uttar Pradesh,Government Employee,695000.00,2021-03-12
CUST03103,Kunal Reddy,Male,2000-12-22,Chennai,Tamil Nadu,Doctor,2638200.00,2021-06-27
CUST03104,Sumit Pillai,Male,1992-06-15,Chennai,Tamil Nadu,Freelancer / Creator,671900.00,2021-05-18
CUST03105,Saanvi Gupta,Female,1986-03-29,Jabalpur,Madhya Pradesh,Banker,849200.00,2015-11-14
CUST03106,Akash Verma,Male,1998-11-13,Aurangabad,Maharashtra,Retired,743500.00,2015-03-21
CUST03107,Pari Hegde,Female,1990-11-15,Prayagraj,Uttar Pradesh,Software Engineer,2198700.00,2022-09-07
CUST03108,Aditya Banerjee,Male,1966-03-22,Kochi,Kerala,Chartered Accountant,1443900.00,2020-02-23
CUST03109,Ramesh Bhat,Male,1967-03-09,Kanpur,Uttar Pradesh,Healthcare Worker / Nurse,785000.00,2016-10-16
CUST03110,Abhishek Gowda,Male,1987-09-20,New Delhi,Delhi,Civil / Mechanical Engineer,622300.00,2021-04-24
CUST03111,Karthik Bora,Male,1983-02-18,Chandigarh,Punjab,Chartered Accountant,2285800.00,2021-11-27
CUST03112,Payal Mishra,Female,1996-07-09,Durgapur,West Bengal,Business Owner,3083600.00,2017-07-10
CUST03113,Dinesh Nair,Male,1972-03-30,Guwahati,Assam,Healthcare Worker / Nurse,352200.00,2021-06-03
CUST03114,Praveen Reddy,Male,1980-08-02,Chandigarh,Punjab,Government Employee,1472400.00,2021-04-25
CUST03115,Aarohi Joshi,Female,1975-11-29,Panaji,Goa,Banker,1339600.00,2016-12-04
CUST03116,Shaurya Srivastava,Male,1962-01-27,Ahmedabad,Gujarat,Business Owner,2558400.00,2017-12-20
CUST03117,Nisha Yadav,Female,1980-06-19,Panaji,Goa,Freelancer / Creator,300500.00,2021-02-14
CUST03118,Aarav Shetty,Male,1955-10-21,Surat,Gujarat,Retail Trader,824700.00,2015-03-30
CUST03119,Akash Sharma,Male,1961-05-10,Cuttack,Odisha,Healthcare Worker / Nurse,806700.00,2021-09-03
CUST03120,Atharva Saikia,Male,1998-12-23,Prayagraj,Uttar Pradesh,Healthcare Worker / Nurse,866700.00,2017-09-02
CUST03121,Shreya Choudhury,Female,1968-09-11,Gurugram,Haryana,Consultant,999000.00,2016-10-04
CUST03122,Rohan Rao,Male,1990-04-04,New Delhi,Delhi,Chartered Accountant,1140400.00,2015-10-03
CUST03123,Alok Mukherjee,Male,1982-01-06,Chandigarh,Punjab,Doctor,2160000.00,2023-03-07
CUST03124,Rajesh Banerjee,Male,1981-07-17,Gurugram,Haryana,Business Owner,3493600.00,2021-07-07
CUST03125,Kunal Srivastava,Male,1984-07-11,Kochi,Kerala,Consultant,950100.00,2023-09-13
CUST03126,Shaurya Banerjee,Male,1987-12-12,Bengaluru,Karnataka,Consultant,1311500.00,2015-01-30
CUST03127,Aanya Tripathi,Female,1966-09-29,Indore,Madhya Pradesh,Business Owner,928600.00,2023-11-05
CUST03128,Ramesh Kumar,Male,1992-09-08,Chandigarh,Punjab,Sales & Marketing Manager,1347100.00,2023-06-05
CUST03129,Meera Pawar,Female,1964-08-21,Amritsar,Punjab,Software Engineer,812200.00,2017-09-21
CUST03130,Preeti Iyer,Female,1998-10-28,Aurangabad,Maharashtra,Government Employee,1046800.00,2018-02-12
CUST03131,Aarav Bhat,Male,1991-08-31,Prayagraj,Uttar Pradesh,Healthcare Worker / Nurse,460900.00,2016-01-16
CUST03132,Abhishek Pandey,Male,1964-05-11,Jamshedpur,Jharkhand,Chartered Accountant,1025500.00,2020-01-03
CUST03133,Amit Gupta,Male,1972-12-23,Coimbatore,Tamil Nadu,Freelancer / Creator,660700.00,2019-10-01
CUST03134,Shreya Malhotra,Female,1983-04-15,Raipur,Chhattisgarh,Healthcare Worker / Nurse,605200.00,2019-06-21
CUST03135,Reyansh Kulkarni,Male,1959-06-18,Shillong,Meghalaya,Banker,656600.00,2023-08-06
CUST03136,Aarav Chauhan,Male,1966-04-11,Raipur,Chhattisgarh,Freelancer / Creator,1091400.00,2018-01-05
CUST03137,Krishna Das,Male,2000-03-25,Bengaluru,Karnataka,Freelancer / Creator,395300.00,2018-12-20
CUST03138,Swati Tripathi,Female,2003-01-20,Dehradun,Uttarakhand,Government Employee,630900.00,2023-08-28
CUST03139,Sumit Ghosh,Male,1997-01-29,Visakhapatnam,Andhra Pradesh,Lawyer,2182600.00,2020-10-20
CUST03140,Komal Yadav,Female,1973-08-09,Amritsar,Punjab,Government Employee,912800.00,2016-06-03
CUST03141,Vijay Choudhury,Male,1995-04-14,Lucknow,Uttar Pradesh,Civil / Mechanical Engineer,945300.00,2022-12-10
CUST03142,Nisha Dutta,Female,1982-07-08,Guwahati,Assam,Retail Trader,475900.00,2017-01-08
CUST03143,Saanvi Chatterjee,Female,1968-10-27,Bhubaneswar,Odisha,Software Engineer,1376600.00,2022-02-10
CUST03144,Varun Iyer,Male,1990-03-03,Kota,Rajasthan,Chartered Accountant,1760000.00,2021-04-05
CUST03145,Reyansh Tripathi,Male,1964-06-01,Bengaluru,Karnataka,Teacher / Professor,747200.00,2021-02-01
CUST03146,Meenakshi Das,Female,1999-10-08,Pune,Maharashtra,Lawyer,1506900.00,2023-10-18
CUST03147,Harsh Agarwal,Male,1990-09-27,Bengaluru,Karnataka,Retail Trader,718700.00,2019-11-26
CUST03148,Jyoti Joshi,Female,1978-04-04,Noida,Uttar Pradesh,Freelancer / Creator,757100.00,2019-06-18
CUST03149,Tarun Yadav,Male,1992-12-28,Vijayawada,Andhra Pradesh,Retired,408400.00,2023-10-01
CUST03150,Meera Nayak,Female,1980-05-20,Jamshedpur,Jharkhand,Banker,719400.00,2016-10-13
CUST03151,Sanjay Sharma,Male,1996-10-01,Chennai,Tamil Nadu,Teacher / Professor,969900.00,2022-06-11
CUST03152,Preeti Nair,Female,1983-11-15,Chennai,Tamil Nadu,Civil / Mechanical Engineer,811200.00,2021-08-09
CUST03153,Priya Mukherjee,Female,2003-05-16,Bengaluru,Karnataka,Retail Trader,536900.00,2018-01-25
CUST03154,Varun Chauhan,Male,1991-08-31,New Delhi,Delhi,Retail Trader,365500.00,2022-11-16
CUST03155,Preeti Nair,Female,1958-11-16,Gurugram,Haryana,Chartered Accountant,1437800.00,2015-01-02
CUST03156,Rajesh Mehta,Male,1965-12-29,Rajkot,Gujarat,Business Owner,1147900.00,2020-05-08
CUST03157,Pallavi Patel,Female,2002-03-05,Shillong,Meghalaya,Doctor,909800.00,2023-07-12
CUST03158,Amit Rao,Male,1980-03-20,Guwahati,Assam,Consultant,925300.00,2016-10-18
CUST03159,Gaurav Kumar,Male,1997-09-01,Coimbatore,Tamil Nadu,Banker,1607800.00,2022-10-17
CUST03160,Vivaan Agarwal,Male,1993-11-07,Bhubaneswar,Odisha,Lawyer,574500.00,2019-06-27
CUST03161,Ayaan Dutta,Male,1955-11-29,Chandigarh,Punjab,Sales & Marketing Manager,1572000.00,2016-06-15
CUST03162,Rahul Patnaik,Male,1970-01-01,New Delhi,Delhi,Software Engineer,1630400.00,2017-07-23
CUST03163,Rohan Das,Male,1976-05-15,Panaji,Goa,Healthcare Worker / Nurse,555400.00,2016-08-23
CUST03164,Shilpa Deshmukh,Female,1990-03-22,Nashik,Maharashtra,Doctor,827300.00,2023-11-21
CUST03165,Sneha Patnaik,Female,1997-11-21,Vijayawada,Andhra Pradesh,Chartered Accountant,2389600.00,2023-01-09
CUST03166,Sanjay Das,Male,1985-05-03,Durg,Chhattisgarh,Business Owner,2109200.00,2020-03-15
CUST03167,Praveen Agarwal,Male,1979-10-30,Nashik,Maharashtra,Retired,759300.00,2015-05-10
CUST03168,Dinesh Iyengar,Male,1986-08-26,Madurai,Tamil Nadu,Chartered Accountant,1822600.00,2015-07-04
CUST03169,Meenakshi Singh,Female,1973-01-15,Pune,Maharashtra,Doctor,1925500.00,2019-12-13
CUST03170,Sai Bhatia,Male,1963-08-20,Cuttack,Odisha,Business Owner,1103500.00,2022-10-27
CUST03171,Shaurya Banerjee,Male,1968-03-10,Panaji,Goa,Government Employee,693300.00,2017-12-30
CUST03172,Nikhil Nair,Male,1989-02-14,Ahmedabad,Gujarat,Banker,1515200.00,2023-12-05
CUST03173,Praveen Chauhan,Male,1986-11-14,Cuttack,Odisha,Retail Trader,1497000.00,2016-11-08
CUST03174,Deepak Saikia,Male,1968-12-24,Durg,Chhattisgarh,Business Owner,1824800.00,2023-07-15
CUST03175,Kunal Chauhan,Male,2001-02-08,Gwalior,Madhya Pradesh,Sales & Marketing Manager,648900.00,2020-10-13
CUST03176,Manoj Das,Male,1998-08-01,New Delhi,Delhi,Software Engineer,1672100.00,2017-07-19
CUST03177,Rajesh Ghosh,Male,1982-10-28,Durg,Chhattisgarh,Government Employee,591800.00,2019-05-20
CUST03178,Sunita Mishra,Female,1965-08-27,Noida,Uttar Pradesh,Healthcare Worker / Nurse,778800.00,2021-07-10
CUST03179,Jyoti Saxena,Female,1999-02-17,Jabalpur,Madhya Pradesh,Banker,564900.00,2020-06-24
CUST03180,Nisha Shetty,Female,1956-05-13,Madurai,Tamil Nadu,Business Owner,2094600.00,2020-11-10
CUST03181,Rahul Kapoor,Male,1999-12-11,Ujjain,Madhya Pradesh,Banker,607100.00,2023-06-10
CUST03182,Pankaj Tripathi,Male,1977-02-20,Nashik,Maharashtra,Healthcare Worker / Nurse,580400.00,2022-08-14
CUST03183,Richa Reddy,Female,1977-09-21,Jaipur,Rajasthan,Teacher / Professor,910300.00,2022-10-13
CUST03184,Alok Agarwal,Male,1955-08-24,Cuttack,Odisha,Software Engineer,2289100.00,2016-09-02
CUST03185,Dinesh Nair,Male,1967-05-06,New Delhi,Delhi,Retail Trader,944600.00,2018-10-02
CUST03186,Gaurav Mukherjee,Male,1967-12-16,Noida,Uttar Pradesh,Government Employee,1473900.00,2019-01-28
CUST03187,Naveen Patel,Male,1982-06-13,Coimbatore,Tamil Nadu,Freelancer / Creator,523200.00,2017-12-29
CUST03188,Sonali Bansal,Female,1988-03-14,Noida,Uttar Pradesh,Banker,1128000.00,2019-12-08
CUST03189,Aanya Hegde,Female,1972-07-08,Kanpur,Uttar Pradesh,Civil / Mechanical Engineer,1333000.00,2017-01-19
CUST03190,Monika Shetty,Female,1972-09-10,Indore,Madhya Pradesh,Government Employee,1253700.00,2021-11-21
CUST03191,Mayank Menon,Male,1970-08-04,Patna,Bihar,Banker,927800.00,2020-08-19
CUST03192,Shilpa Patil,Female,2000-12-15,Kolkata,West Bengal,Retail Trader,586000.00,2019-08-26
CUST03193,Sunil Nair,Male,1958-10-11,Gwalior,Madhya Pradesh,Consultant,1996100.00,2020-08-25
CUST03194,Preeti Verma,Female,1956-01-21,Bhopal,Madhya Pradesh,Teacher / Professor,1070900.00,2022-07-10
CUST03195,Ritu Joshi,Female,1995-05-02,Gwalior,Madhya Pradesh,Sales & Marketing Manager,517500.00,2022-04-07
CUST03196,Meenakshi Bora,Female,1959-05-23,Guwahati,Assam,Healthcare Worker / Nurse,540900.00,2023-02-10
CUST03197,Venkatesh Hegde,Male,1990-03-28,Chandigarh,Punjab,Retail Trader,430200.00,2023-07-23
CUST03198,Sunil Sharma,Male,1973-03-25,Jamshedpur,Jharkhand,Consultant,924800.00,2020-09-15
CUST03199,Pari Dutta,Female,1966-09-30,Bengaluru,Karnataka,Sales & Marketing Manager,588000.00,2016-09-22
CUST03200,Manish Saikia,Male,1990-03-04,Aurangabad,Maharashtra,Doctor,1806600.00,2015-01-25
CUST03201,Anand Pawar,Male,1987-04-05,Vadodara,Gujarat,Consultant,1102500.00,2015-05-04
CUST03202,Dinesh Yadav,Male,1968-07-15,Raipur,Chhattisgarh,Business Owner,3903700.00,2015-12-23
CUST03203,Sunita Mishra,Female,1983-07-15,Bhopal,Madhya Pradesh,Consultant,1723100.00,2016-04-07
CUST03204,Ashish Chauhan,Male,1963-11-29,Panaji,Goa,Software Engineer,2389000.00,2021-09-18
CUST03205,Mohit Pandey,Male,1968-11-19,Hyderabad,Telangana,Software Engineer,1262200.00,2021-10-23
CUST03206,Ramesh Reddy,Male,1967-10-12,Durg,Chhattisgarh,Retail Trader,669600.00,2023-10-26
CUST03207,Vihaan Mohanty,Male,1993-07-11,Jabalpur,Madhya Pradesh,Healthcare Worker / Nurse,744200.00,2020-03-23
CUST03208,Riya Shetty,Female,1972-10-17,New Delhi,Delhi,Banker,1324200.00,2022-03-10
CUST03209,Amit Dutta,Male,1996-01-07,Indore,Madhya Pradesh,Civil / Mechanical Engineer,979900.00,2023-06-22
CUST03210,Aarohi Gupta,Female,1978-08-02,Mysuru,Karnataka,Retired,686200.00,2023-02-08
CUST03211,Pallavi Bansal,Female,1998-01-14,New Delhi,Delhi,Business Owner,3788200.00,2023-09-09
CUST03212,Pranav Mehta,Male,1965-04-13,Nashik,Maharashtra,Lawyer,1096700.00,2020-01-02
CUST03213,Anjali Verma,Female,1970-08-13,Guwahati,Assam,Software Engineer,1531600.00,2015-09-26
CUST03214,Karthik Kulkarni,Male,1970-04-08,Durgapur,West Bengal,Banker,1215300.00,2022-04-21
CUST03215,Sneha Chatterjee,Female,1970-01-15,Kota,Rajasthan,Software Engineer,1788900.00,2015-03-20
CUST03216,Harsh Bansal,Male,1960-09-08,Pune,Maharashtra,Consultant,935000.00,2022-04-03
CUST03217,Ramesh Kumar,Male,1998-11-29,Guwahati,Assam,Software Engineer,1361400.00,2021-08-23
CUST03218,Sonal Patil,Female,1979-05-06,Bengaluru,Karnataka,Retail Trader,893100.00,2019-05-25
CUST03219,Kunal Patel,Male,1970-04-24,Noida,Uttar Pradesh,Business Owner,2687200.00,2020-02-12
CUST03220,Hemant Pillai,Male,1977-03-24,Jabalpur,Madhya Pradesh,Retired,741200.00,2018-02-23
CUST03221,Manish Patil,Male,1978-08-13,Indore,Madhya Pradesh,Chartered Accountant,1855500.00,2018-09-30
CUST03222,Shilpa Bhatia,Female,2003-05-21,Chennai,Tamil Nadu,Software Engineer,1924400.00,2018-04-24
CUST03223,Vandana Kulkarni,Female,1984-04-08,Raipur,Chhattisgarh,Retired,487000.00,2019-07-29
CUST03224,Sonali Kumar,Female,1994-03-09,Aurangabad,Maharashtra,Teacher / Professor,561300.00,2017-01-18
CUST03225,Ramesh Chauhan,Male,1974-12-06,Bilaspur,Chhattisgarh,Software Engineer,1049900.00,2019-03-24
CUST03226,Lakshmi Sharma,Female,1995-02-01,Visakhapatnam,Andhra Pradesh,Banker,913700.00,2023-07-30
CUST03227,Tanvi Patel,Female,1981-01-01,Coimbatore,Tamil Nadu,Freelancer / Creator,987700.00,2017-11-13
CUST03228,Sai Mohanty,Male,1968-11-18,Surat,Gujarat,Retail Trader,1432900.00,2022-08-15
CUST03229,Vikram Hegde,Male,1959-02-12,Patna,Bihar,Civil / Mechanical Engineer,546900.00,2018-12-13
CUST03230,Ritu Menon,Female,1972-02-24,Ranchi,Jharkhand,Teacher / Professor,585000.00,2022-12-27
CUST03231,Ishaan Iyer,Male,1995-03-05,Rajkot,Gujarat,Software Engineer,1286100.00,2020-03-13
CUST03232,Prerna Agarwal,Female,1977-02-06,Jamshedpur,Jharkhand,Doctor,1084600.00,2021-07-09
CUST03233,Nikhil Saha,Male,1992-04-22,Durg,Chhattisgarh,Software Engineer,2312400.00,2017-01-31
CUST03234,Aditi Pillai,Female,1992-12-03,Cuttack,Odisha,Consultant,849700.00,2019-04-22
CUST03235,Arjun Kapoor,Male,1966-09-06,Nashik,Maharashtra,Chartered Accountant,1040500.00,2018-11-13
CUST03236,Sumit Patil,Male,1961-04-13,Jamshedpur,Jharkhand,Retired,668600.00,2023-11-15
CUST03237,Payal Rao,Female,1990-01-18,Kota,Rajasthan,Civil / Mechanical Engineer,1134800.00,2019-06-26
CUST03238,Gaurav Patnaik,Male,1971-11-13,Shillong,Meghalaya,Chartered Accountant,1369900.00,2023-10-04
CUST03239,Anand Deshmukh,Male,1988-02-21,Ranchi,Jharkhand,Chartered Accountant,787900.00,2017-10-27
CUST03240,Sunita Gupta,Female,1983-03-21,Durgapur,West Bengal,Civil / Mechanical Engineer,1146000.00,2023-07-29
CUST03241,Ishita Joshi,Female,1978-06-26,Noida,Uttar Pradesh,Software Engineer,2214200.00,2018-04-01
CUST03242,Pankaj Saha,Male,1958-11-05,Vadodara,Gujarat,Chartered Accountant,2212100.00,2023-02-15
CUST03243,Ananya Chatterjee,Female,1955-08-02,Raipur,Chhattisgarh,Business Owner,3485200.00,2018-03-10
CUST03244,Ritu Singh,Female,1990-01-29,Kanpur,Uttar Pradesh,Software Engineer,967400.00,2021-06-12
CUST03245,Ishaan Ghosh,Male,1968-11-03,Amritsar,Punjab,Software Engineer,1664600.00,2021-01-21
CUST03246,Manish Saha,Male,1979-01-30,Bengaluru,Karnataka,Freelancer / Creator,1007300.00,2022-10-27
CUST03247,Aarav Pandey,Male,1963-08-03,Agra,Uttar Pradesh,Software Engineer,1533500.00,2017-08-14
CUST03248,Amit Verma,Male,1966-10-26,Rajkot,Gujarat,Banker,1291200.00,2023-12-23
CUST03249,Suresh Srivastava,Male,1963-12-08,Amritsar,Punjab,Retired,768800.00,2023-09-17
CUST03250,Aditya Mukherjee,Male,1979-12-08,Guwahati,Assam,Chartered Accountant,2282800.00,2015-12-15
CUST03251,Alok Rao,Male,1963-06-30,Panaji,Goa,Consultant,1283200.00,2016-02-16
CUST03252,Meenakshi Chauhan,Female,1981-10-29,Agra,Uttar Pradesh,Retail Trader,1229200.00,2023-03-20
CUST03253,Aarti Banerjee,Female,2003-01-24,Visakhapatnam,Andhra Pradesh,Retail Trader,1430300.00,2020-07-03
CUST03254,Manoj Nair,Male,1983-03-08,Jaipur,Rajasthan,Lawyer,888300.00,2022-05-29
CUST03255,Preeti Gupta,Female,2003-06-05,Bhubaneswar,Odisha,Sales & Marketing Manager,1020200.00,2022-03-16
CUST03256,Nikhil Tripathi,Male,2000-03-07,Nashik,Maharashtra,Doctor,2466700.00,2023-07-18
CUST03257,Aadhya Kulkarni,Female,1959-01-12,Shillong,Meghalaya,Freelancer / Creator,1052200.00,2021-09-13
CUST03258,Sonali Iyer,Female,1969-10-27,Hyderabad,Telangana,Business Owner,2108700.00,2017-02-16
CUST03259,Atharva Banerjee,Male,1984-02-11,Panaji,Goa,Government Employee,1004900.00,2015-01-01
CUST03260,Komal Gowda,Female,2001-11-16,Durg,Chhattisgarh,Civil / Mechanical Engineer,816000.00,2016-06-11
CUST03261,Meera Singh,Female,2002-07-12,Kolkata,West Bengal,Banker,917800.00,2023-09-20
CUST03262,Ananya Malhotra,Female,1963-06-14,Gwalior,Madhya Pradesh,Civil / Mechanical Engineer,1253300.00,2019-01-03
CUST03263,Dinesh Rao,Male,1961-04-07,Guwahati,Assam,Consultant,1188000.00,2018-01-02
CUST03264,Rohan Choudhury,Male,2000-08-26,Jaipur,Rajasthan,Civil / Mechanical Engineer,1194800.00,2020-09-15
CUST03265,Sanjay Saxena,Male,1956-05-21,Ujjain,Madhya Pradesh,Freelancer / Creator,1027000.00,2018-08-07
CUST03266,Lakshmi Choudhury,Female,1985-08-18,Vadodara,Gujarat,Lawyer,1231500.00,2021-10-02
CUST03267,Preeti Mehta,Female,1961-10-23,Kolkata,West Bengal,Software Engineer,691000.00,2015-02-16
CUST03268,Saanvi Patnaik,Female,1984-01-19,Vijayawada,Andhra Pradesh,Doctor,1987100.00,2015-03-17
CUST03269,Sunita Patil,Female,1957-09-25,Agra,Uttar Pradesh,Chartered Accountant,846600.00,2021-01-19
CUST03270,Rahul Yadav,Male,1978-12-12,Prayagraj,Uttar Pradesh,Chartered Accountant,2080900.00,2023-04-13
CUST03271,Sunita Bansal,Female,1979-09-26,Siliguri,West Bengal,Banker,1389800.00,2018-02-15
CUST03272,Radha Nayak,Female,2001-07-29,Panaji,Goa,Civil / Mechanical Engineer,940500.00,2016-09-12
CUST03273,Shaurya Patil,Male,1959-01-09,Lucknow,Uttar Pradesh,Retired,491100.00,2022-10-05
CUST03274,Sachin Iyengar,Male,1990-03-02,Pune,Maharashtra,Freelancer / Creator,675800.00,2017-03-30
CUST03275,Rohan Patil,Male,1974-01-29,Mysuru,Karnataka,Healthcare Worker / Nurse,312400.00,2020-09-08
CUST03276,Richa Saikia,Female,1975-10-25,Gurugram,Haryana,Civil / Mechanical Engineer,1119800.00,2021-10-14
CUST03277,Aditya Patil,Male,1993-06-10,Jabalpur,Madhya Pradesh,Freelancer / Creator,405700.00,2022-11-04
CUST03278,Nandini Pradhan,Female,1958-08-13,Madurai,Tamil Nadu,Healthcare Worker / Nurse,433400.00,2016-01-12
CUST03279,Ishaan Bhat,Male,1979-05-11,Dehradun,Uttarakhand,Teacher / Professor,806500.00,2021-03-17
CUST03280,Vihaan Pandey,Male,1992-12-09,Visakhapatnam,Andhra Pradesh,Chartered Accountant,1884700.00,2016-04-01
CUST03281,Preeti Patel,Female,1984-11-11,Jabalpur,Madhya Pradesh,Lawyer,2475600.00,2016-08-24
CUST03282,Amit Patil,Male,1972-07-19,New Delhi,Delhi,Sales & Marketing Manager,999000.00,2018-01-21
CUST03283,Ramesh Banerjee,Male,1972-07-09,Chandigarh,Punjab,Healthcare Worker / Nurse,619100.00,2022-08-12
CUST03284,Nisha Iyer,Female,1997-11-16,Kota,Rajasthan,Doctor,1436400.00,2023-05-14
CUST03285,Mohit Chauhan,Male,1982-02-27,Cuttack,Odisha,Government Employee,863300.00,2023-11-21
CUST03286,Praveen Shetty,Male,1994-12-05,Chennai,Tamil Nadu,Business Owner,1643500.00,2023-07-06
CUST03287,Aarav Shukla,Male,1989-06-25,Amritsar,Punjab,Freelancer / Creator,645900.00,2023-04-19
CUST03288,Vivaan Joshi,Male,1979-10-26,Siliguri,West Bengal,Retired,524200.00,2017-06-04
CUST03289,Archana Hegde,Female,2000-01-13,Chandigarh,Punjab,Banker,807500.00,2019-06-11
CUST03290,Naveen Sharma,Male,1980-06-08,Amritsar,Punjab,Freelancer / Creator,777800.00,2022-03-10
CUST03291,Devendra Gowda,Male,1986-06-27,Shillong,Meghalaya,Civil / Mechanical Engineer,987800.00,2015-02-14
CUST03292,Sonali Patel,Female,1966-05-02,Bengaluru,Karnataka,Software Engineer,2049900.00,2017-08-29
CUST03293,Ishita Shukla,Female,1995-06-20,Durgapur,West Bengal,Government Employee,772900.00,2022-09-21
CUST03294,Gaurav Bora,Male,1979-09-13,Aurangabad,Maharashtra,Freelancer / Creator,837700.00,2017-08-05
CUST03295,Ritu Mukherjee,Female,1991-12-13,Gurugram,Haryana,Software Engineer,1721900.00,2020-12-24
CUST03296,Krishna Kapoor,Male,1980-10-22,Madurai,Tamil Nadu,Lawyer,1143400.00,2018-01-24
CUST03297,Sonali Joshi,Female,2001-01-19,Madurai,Tamil Nadu,Freelancer / Creator,801200.00,2021-10-13
CUST03298,Deepak Pandey,Male,1988-10-11,Lucknow,Uttar Pradesh,Doctor,2026400.00,2022-01-27
CUST03299,Manoj Srivastava,Male,1964-12-14,Ahmedabad,Gujarat,Lawyer,1200800.00,2017-05-15
CUST03300,Deepak Bora,Male,1981-12-10,Vadodara,Gujarat,Chartered Accountant,2260500.00,2021-09-11
CUST03301,Divya Kulkarni,Female,1995-10-22,Shillong,Meghalaya,Sales & Marketing Manager,510200.00,2022-11-04
CUST03302,Aarav Rao,Male,1977-05-10,Nashik,Maharashtra,Healthcare Worker / Nurse,383700.00,2021-01-28
CUST03303,Abhishek Sharma,Male,1984-11-14,Bhopal,Madhya Pradesh,Chartered Accountant,2064000.00,2019-07-22
CUST03304,Rohan Tripathi,Male,1998-12-26,Patna,Bihar,Teacher / Professor,373100.00,2019-03-14
CUST03305,Shilpa Sharma,Female,1998-11-18,Coimbatore,Tamil Nadu,Lawyer,1951700.00,2016-01-05
CUST03306,Reyansh Mishra,Male,1976-06-03,Ahmedabad,Gujarat,Civil / Mechanical Engineer,840000.00,2015-09-11
CUST03307,Atharva Choudhury,Male,1984-05-23,Kochi,Kerala,Business Owner,2567600.00,2018-06-13
CUST03308,Suresh Mehta,Male,1957-12-21,Mysuru,Karnataka,Freelancer / Creator,970800.00,2017-05-25
CUST03309,Manish Mohanty,Male,1973-09-06,Chandigarh,Punjab,Teacher / Professor,964300.00,2016-05-19
CUST03310,Vijay Kumar,Male,1961-10-06,Bhopal,Madhya Pradesh,Consultant,1473900.00,2019-11-16
CUST03311,Tanvi Patnaik,Female,1977-09-07,Kochi,Kerala,Banker,929100.00,2016-05-19
CUST03312,Rohan Mishra,Male,1957-08-25,Bhubaneswar,Odisha,Government Employee,1089900.00,2021-04-10
CUST03313,Kunal Sharma,Male,1979-07-15,Aurangabad,Maharashtra,Software Engineer,1989600.00,2017-09-21
CUST03314,Radha Malhotra,Female,1973-05-17,Guwahati,Assam,Government Employee,668800.00,2015-01-25
CUST03315,Diya Chauhan,Female,1992-04-08,Noida,Uttar Pradesh,Consultant,1207800.00,2020-06-25
CUST03316,Rohan Kulkarni,Male,1958-08-26,Gwalior,Madhya Pradesh,Sales & Marketing Manager,694600.00,2022-08-27
CUST03317,Varun Hegde,Male,1985-02-19,Gurugram,Haryana,Chartered Accountant,2263400.00,2016-06-30
CUST03318,Hemant Nair,Male,1977-11-08,Nagpur,Maharashtra,Consultant,1982200.00,2022-04-27
CUST03319,Shaurya Menon,Male,1973-03-02,Shillong,Meghalaya,Retired,654600.00,2017-07-05
CUST03320,Swati Mukherjee,Female,1994-06-08,Amritsar,Punjab,Business Owner,2901000.00,2015-03-30
CUST03321,Suresh Mohanty,Male,2003-05-29,Rajkot,Gujarat,Consultant,942800.00,2023-07-15
CUST03322,Archana Das,Female,1985-04-22,Kochi,Kerala,Government Employee,944100.00,2015-10-17
CUST03323,Archana Kulkarni,Female,1965-06-27,Jabalpur,Madhya Pradesh,Sales & Marketing Manager,831100.00,2018-08-08
CUST03324,Swati Das,Female,1959-01-07,Amritsar,Punjab,Retired,494500.00,2019-12-18
CUST03325,Varun Mohanty,Male,1964-08-17,Jaipur,Rajasthan,Business Owner,2428900.00,2017-06-24
CUST03326,Aarav Patnaik,Male,1978-02-06,Visakhapatnam,Andhra Pradesh,Business Owner,2857000.00,2017-01-24
CUST03327,Meenakshi Ghosh,Female,1957-04-15,Amritsar,Punjab,Sales & Marketing Manager,966800.00,2020-03-27
CUST03328,Arjun Shetty,Male,1956-10-15,Gwalior,Madhya Pradesh,Software Engineer,2318900.00,2019-07-04
CUST03329,Sonal Malhotra,Female,2001-11-17,New Delhi,Delhi,Business Owner,2454800.00,2015-08-03
CUST03330,Aditya Pandey,Male,1964-01-22,Bengaluru,Karnataka,Consultant,1430300.00,2018-05-31
CUST03331,Deepak Kumar,Male,1957-06-12,Bhopal,Madhya Pradesh,Sales & Marketing Manager,1359700.00,2018-05-03
CUST03332,Avani Bhatia,Female,1986-06-22,Jabalpur,Madhya Pradesh,Lawyer,2237100.00,2020-04-22
CUST03333,Divya Bansal,Female,1992-11-24,Aurangabad,Maharashtra,Banker,679000.00,2021-05-20
CUST03334,Meenakshi Nair,Female,2003-06-11,Visakhapatnam,Andhra Pradesh,Freelancer / Creator,664400.00,2020-09-13
CUST03335,Rashmi Ghosh,Female,1978-02-17,Nashik,Maharashtra,Freelancer / Creator,363900.00,2021-06-07
CUST03336,Manish Patil,Male,1971-08-05,Jamshedpur,Jharkhand,Business Owner,865700.00,2017-06-10
CUST03337,Radha Saikia,Female,1966-07-19,Bhubaneswar,Odisha,Freelancer / Creator,816900.00,2021-01-27
CUST03338,Garima Singh,Female,1986-08-29,Bilaspur,Chhattisgarh,Civil / Mechanical Engineer,827200.00,2021-08-10
CUST03339,Meera Mishra,Female,2003-02-07,Durgapur,West Bengal,Freelancer / Creator,1020400.00,2017-04-30
CUST03340,Venkatesh Saikia,Male,1976-01-31,Kochi,Kerala,Chartered Accountant,937200.00,2017-06-30
CUST03341,Deepika Bhat,Female,1997-04-26,Dehradun,Uttarakhand,Chartered Accountant,1993500.00,2021-07-27
CUST03342,Nandini Mukherjee,Female,1998-07-28,Dehradun,Uttarakhand,Teacher / Professor,873500.00,2021-04-22
CUST03343,Kavita Choudhury,Female,2002-06-29,Gwalior,Madhya Pradesh,Doctor,1201400.00,2020-01-19
CUST03344,Dinesh Nair,Male,1995-03-25,Jamshedpur,Jharkhand,Civil / Mechanical Engineer,1103200.00,2018-05-30
CUST03345,Tanvi Pillai,Female,1963-04-10,Pune,Maharashtra,Banker,1429700.00,2023-05-16
CUST03346,Nikhil Singh,Male,1970-10-18,Ranchi,Jharkhand,Chartered Accountant,2336200.00,2016-06-11
CUST03347,Harsh Mukherjee,Male,1968-08-03,Kolkata,West Bengal,Software Engineer,1193700.00,2021-02-17
CUST03348,Sneha Singh,Female,1978-10-07,Chandigarh,Punjab,Banker,1406800.00,2023-03-15
CUST03349,Ajay Choudhury,Male,1966-08-07,Surat,Gujarat,Banker,897700.00,2023-05-21
CUST03350,Garima Saxena,Female,1985-12-13,Noida,Uttar Pradesh,Retail Trader,1131400.00,2020-10-11
CUST03351,Abhishek Pawar,Male,1985-09-14,Prayagraj,Uttar Pradesh,Retail Trader,794800.00,2022-08-10
CUST03352,Aarav Pawar,Male,1975-04-14,Hyderabad,Telangana,Banker,1545200.00,2015-07-27
CUST03353,Aarohi Chauhan,Female,1993-11-30,Lucknow,Uttar Pradesh,Banker,1021000.00,2015-01-31
CUST03354,Manish Tripathi,Male,1982-11-13,Jabalpur,Madhya Pradesh,Civil / Mechanical Engineer,806400.00,2018-02-11
CUST03355,Tarun Agarwal,Male,1978-01-17,Mumbai,Maharashtra,Retail Trader,1222400.00,2020-07-14
CUST03356,Atharva Choudhury,Male,1972-11-23,Thiruvananthapuram,Kerala,Software Engineer,612300.00,2019-05-02
CUST03357,Rajesh Agarwal,Male,1976-10-03,Amritsar,Punjab,Government Employee,1151600.00,2019-01-03
CUST03358,Praveen Tripathi,Male,1987-01-16,Dehradun,Uttarakhand,Chartered Accountant,1015200.00,2017-11-17
CUST03359,Deepika Singh,Female,1970-09-03,Shillong,Meghalaya,Sales & Marketing Manager,1522900.00,2015-01-21
CUST03360,Rohan Iyer,Male,1969-12-05,Guwahati,Assam,Banker,522100.00,2023-09-12
CUST03361,Manish Malhotra,Male,2001-05-30,Panaji,Goa,Software Engineer,2325000.00,2019-07-31
CUST03362,Mohit Chatterjee,Male,1986-04-14,Kochi,Kerala,Civil / Mechanical Engineer,1043000.00,2015-09-06
CUST03363,Dinesh Pandey,Male,1957-06-07,Guwahati,Assam,Consultant,1790600.00,2017-07-03
CUST03364,Sachin Saikia,Male,1986-05-27,Kochi,Kerala,Government Employee,1134800.00,2015-02-19
CUST03365,Meenakshi Ghosh,Female,1998-08-25,Kolkata,West Bengal,Consultant,1401400.00,2021-06-16
CUST03366,Avani Das,Female,1982-04-14,Siliguri,West Bengal,Government Employee,520500.00,2019-01-25
CUST03367,Ramesh Agarwal,Male,2003-01-30,Mumbai,Maharashtra,Retired,321100.00,2017-04-18
CUST03368,Ashish Bhat,Male,1958-10-23,Vijayawada,Andhra Pradesh,Civil / Mechanical Engineer,1373700.00,2015-02-28
CUST03369,Nikhil Ghosh,Male,1963-03-09,Cuttack,Odisha,Government Employee,1144500.00,2018-10-11
CUST03370,Nisha Bora,Female,1968-06-07,Amritsar,Punjab,Lawyer,2465200.00,2015-01-05
CUST03371,Mohit Choudhury,Male,1986-04-17,Indore,Madhya Pradesh,Healthcare Worker / Nurse,785200.00,2015-07-01
CUST03372,Pari Tripathi,Female,1969-08-28,Kota,Rajasthan,Chartered Accountant,1297800.00,2018-02-22
CUST03373,Aanya Kapoor,Female,1991-01-23,Agra,Uttar Pradesh,Software Engineer,1009200.00,2021-04-27
CUST03374,Vandana Kapoor,Female,1973-02-05,Guwahati,Assam,Banker,1098400.00,2021-11-02
CUST03375,Ayaan Saha,Male,1984-05-27,Patna,Bihar,Retired,512700.00,2017-12-30
CUST03376,Shilpa Agarwal,Female,1957-04-11,Hyderabad,Telangana,Software Engineer,1501500.00,2023-06-18
CUST03377,Garima Mishra,Female,1961-10-08,Vadodara,Gujarat,Freelancer / Creator,762900.00,2018-02-06
CUST03378,Venkatesh Nair,Male,1987-08-04,Prayagraj,Uttar Pradesh,Business Owner,1089100.00,2019-10-25
CUST03379,Pankaj Shukla,Male,1956-09-24,Nagpur,Maharashtra,Freelancer / Creator,860400.00,2018-02-20
CUST03380,Venkatesh Malhotra,Male,1984-10-10,Kochi,Kerala,Doctor,2668500.00,2019-12-22
CUST03381,Aarav Bhat,Male,1978-03-30,Jamshedpur,Jharkhand,Business Owner,2800200.00,2022-03-15
CUST03382,Pari Shukla,Female,1997-10-03,Kota,Rajasthan,Doctor,1831200.00,2020-08-12
CUST03383,Ashish Kulkarni,Male,1978-12-28,Pune,Maharashtra,Consultant,1134200.00,2021-12-26
CUST03384,Vivaan Shetty,Male,1994-03-03,Amritsar,Punjab,Sales & Marketing Manager,1283700.00,2017-06-20
CUST03385,Riya Menon,Female,1963-10-17,Jamshedpur,Jharkhand,Software Engineer,2365300.00,2016-12-02
CUST03386,Sunil Chauhan,Male,2000-06-12,Bilaspur,Chhattisgarh,Healthcare Worker / Nurse,777900.00,2019-10-21
CUST03387,Ramesh Patnaik,Male,1968-08-14,Bhopal,Madhya Pradesh,Sales & Marketing Manager,514000.00,2021-03-11
CUST03388,Gaurav Menon,Male,1966-01-17,Bilaspur,Chhattisgarh,Government Employee,477700.00,2023-11-15
CUST03389,Nikhil Mishra,Male,1983-03-20,Jamshedpur,Jharkhand,Civil / Mechanical Engineer,477400.00,2021-02-08
CUST03390,Sunil Patel,Male,1975-03-16,Aurangabad,Maharashtra,Civil / Mechanical Engineer,466300.00,2021-07-16
CUST03391,Nikhil Patil,Male,1999-09-19,Jamshedpur,Jharkhand,Government Employee,806600.00,2021-10-28
CUST03392,Nisha Bhat,Female,1992-12-06,Siliguri,West Bengal,Business Owner,2269300.00,2021-03-04
CUST03393,Venkatesh Iyengar,Male,1970-06-20,Agra,Uttar Pradesh,Software Engineer,1833400.00,2019-06-21
CUST03394,Vikram Yadav,Male,1977-07-18,Dehradun,Uttarakhand,Chartered Accountant,906100.00,2022-01-31
CUST03395,Garima Verma,Female,1963-01-12,Durg,Chhattisgarh,Doctor,2003800.00,2021-02-17
CUST03396,Varun Mukherjee,Male,1968-10-07,Indore,Madhya Pradesh,Banker,1601500.00,2023-10-17
CUST03397,Shikha Saikia,Female,1995-06-18,Indore,Madhya Pradesh,Healthcare Worker / Nurse,593100.00,2019-07-04
CUST03398,Hemant Patil,Male,2001-05-02,Chandigarh,Punjab,Sales & Marketing Manager,1124100.00,2017-06-17
CUST03399,Ishaan Yadav,Male,1968-04-18,Nagpur,Maharashtra,Civil / Mechanical Engineer,1006700.00,2017-08-04
CUST03400,Manoj Bansal,Male,1960-11-20,Raipur,Chhattisgarh,Government Employee,1068200.00,2020-02-04
CUST03401,Sunita Patnaik,Female,1983-06-09,Nashik,Maharashtra,Sales & Marketing Manager,827100.00,2020-09-24
CUST03402,Archana Pradhan,Female,1989-03-26,Pune,Maharashtra,Teacher / Professor,936900.00,2015-02-24
CUST03403,Lakshmi Rao,Female,1956-05-10,Prayagraj,Uttar Pradesh,Chartered Accountant,2211800.00,2022-05-19
CUST03404,Anjali Gupta,Female,1983-01-14,Pune,Maharashtra,Lawyer,585400.00,2023-08-11
CUST03405,Sunil Patel,Male,1981-04-27,Indore,Madhya Pradesh,Doctor,1954600.00,2021-12-05
CUST03406,Simran Reddy,Female,1970-02-11,Bilaspur,Chhattisgarh,Healthcare Worker / Nurse,468100.00,2015-07-03
CUST03407,Mayank Saxena,Male,1990-05-09,Jaipur,Rajasthan,Government Employee,470300.00,2020-06-02
CUST03408,Pallavi Mohanty,Female,1997-04-14,Coimbatore,Tamil Nadu,Lawyer,2086600.00,2015-07-21
CUST03409,Akash Menon,Male,1996-01-16,Bhopal,Madhya Pradesh,Retail Trader,802600.00,2023-09-16
CUST03410,Arjun Nayak,Male,2000-09-06,Bhopal,Madhya Pradesh,Sales & Marketing Manager,1460100.00,2020-01-19
CUST03411,Nandini Mehta,Female,1994-03-05,Bhopal,Madhya Pradesh,Government Employee,1284700.00,2022-01-14
CUST03412,Naveen Bansal,Male,1985-02-17,Nashik,Maharashtra,Sales & Marketing Manager,1110700.00,2018-04-16
CUST03413,Hemant Reddy,Male,1975-11-25,Vijayawada,Andhra Pradesh,Healthcare Worker / Nurse,313000.00,2019-11-05
CUST03414,Krishna Pawar,Male,1982-10-29,Kochi,Kerala,Retail Trader,923400.00,2022-06-04
CUST03415,Ayaan Tripathi,Male,1965-10-19,Surat,Gujarat,Sales & Marketing Manager,1262400.00,2016-10-18
CUST03416,Kalyani Saha,Female,1993-07-27,Panaji,Goa,Business Owner,865600.00,2019-05-31
CUST03417,Aarti Nayak,Female,1990-06-12,Amritsar,Punjab,Consultant,1936300.00,2018-09-19
CUST03418,Manoj Saha,Male,1983-08-07,Bengaluru,Karnataka,Healthcare Worker / Nurse,436100.00,2016-12-18
CUST03419,Praveen Nayak,Male,1980-05-26,Siliguri,West Bengal,Teacher / Professor,882800.00,2017-11-07
CUST03420,Sumit Gowda,Male,1979-06-19,Aurangabad,Maharashtra,Retired,403700.00,2018-04-09
CUST03421,Jyoti Patnaik,Female,1986-12-14,Chennai,Tamil Nadu,Freelancer / Creator,410100.00,2023-05-02
CUST03422,Rashmi Saxena,Female,1984-08-03,Lucknow,Uttar Pradesh,Retired,613600.00,2018-01-01
CUST03423,Prerna Deshmukh,Female,1976-05-29,Panaji,Goa,Software Engineer,1206000.00,2016-10-23
CUST03424,Ananya Bansal,Female,1961-05-14,Vadodara,Gujarat,Consultant,1505300.00,2022-03-29
CUST03425,Sneha Gupta,Female,1989-01-29,Thiruvananthapuram,Kerala,Lawyer,1459000.00,2022-11-03
CUST03426,Kalyani Yadav,Female,1986-09-17,Kochi,Kerala,Freelancer / Creator,738200.00,2020-01-17
CUST03427,Vijay Joshi,Male,1966-04-28,Guwahati,Assam,Banker,875200.00,2022-02-21
CUST03428,Neha Saikia,Female,2002-04-15,Rajkot,Gujarat,Healthcare Worker / Nurse,680600.00,2023-05-27
CUST03429,Ajay Mukherjee,Male,1965-12-17,Bilaspur,Chhattisgarh,Healthcare Worker / Nurse,412300.00,2021-04-03
CUST03430,Monika Bhat,Female,1974-11-08,Kanpur,Uttar Pradesh,Consultant,1806700.00,2019-08-29
CUST03431,Arjun Sharma,Male,1995-01-22,Durg,Chhattisgarh,Banker,1689900.00,2018-02-12
CUST03432,Aditya Joshi,Male,1995-04-24,Jabalpur,Madhya Pradesh,Freelancer / Creator,1181000.00,2018-01-05
CUST03433,Nandini Patel,Female,1999-03-17,Ujjain,Madhya Pradesh,Sales & Marketing Manager,1567700.00,2021-03-18
CUST03434,Venkatesh Bhatia,Male,1980-08-19,Durg,Chhattisgarh,Software Engineer,768800.00,2020-01-27
CUST03435,Meera Kulkarni,Female,1963-01-27,Thiruvananthapuram,Kerala,Healthcare Worker / Nurse,542200.00,2018-01-28
CUST03436,Mohit Nair,Male,1990-02-26,Prayagraj,Uttar Pradesh,Healthcare Worker / Nurse,510300.00,2020-02-19
CUST03437,Karthik Shukla,Male,1976-01-25,Amritsar,Punjab,Healthcare Worker / Nurse,785400.00,2015-08-04
CUST03438,Praveen Rao,Male,1972-04-26,Nagpur,Maharashtra,Business Owner,732700.00,2021-07-22
CUST03439,Rashmi Nayak,Female,1961-12-18,Shillong,Meghalaya,Lawyer,1169700.00,2021-07-14
CUST03440,Nisha Pillai,Female,1971-07-16,Panaji,Goa,Banker,1606100.00,2017-12-12
CUST03441,Tanvi Patil,Female,2001-06-18,Kochi,Kerala,Retired,729200.00,2023-11-22
CUST03442,Payal Mishra,Female,2003-04-01,Durg,Chhattisgarh,Retail Trader,734700.00,2015-09-18
CUST03443,Anjali Das,Female,1984-07-17,Mysuru,Karnataka,Retired,574700.00,2020-05-24
CUST03444,Akash Saxena,Male,1988-09-11,New Delhi,Delhi,Government Employee,915700.00,2017-09-14
CUST03445,Ananya Choudhury,Female,1980-02-10,Nagpur,Maharashtra,Freelancer / Creator,965000.00,2015-12-09
CUST03446,Pranav Banerjee,Male,1966-03-22,Agra,Uttar Pradesh,Teacher / Professor,428900.00,2017-12-03
CUST03447,Sonali Kapoor,Female,1969-10-10,Aurangabad,Maharashtra,Consultant,1927000.00,2017-05-25
CUST03448,Dinesh Sharma,Male,1985-06-24,Jamshedpur,Jharkhand,Teacher / Professor,592600.00,2019-12-11
CUST03449,Naveen Gowda,Male,1996-10-11,Hyderabad,Telangana,Software Engineer,1857100.00,2019-03-12
CUST03450,Vihaan Gupta,Male,1956-07-10,Guwahati,Assam,Sales & Marketing Manager,1559800.00,2015-12-18
CUST03451,Sumit Kumar,Male,1983-05-15,Jaipur,Rajasthan,Government Employee,651700.00,2020-05-25
CUST03452,Shaurya Ghosh,Male,1997-06-24,Bhubaneswar,Odisha,Retail Trader,980800.00,2021-02-25
CUST03453,Aditya Pawar,Male,1960-12-06,Bhopal,Madhya Pradesh,Civil / Mechanical Engineer,720100.00,2018-05-18
CUST03454,Hemant Kapoor,Male,1999-12-05,Indore,Madhya Pradesh,Civil / Mechanical Engineer,1051700.00,2015-01-10
CUST03455,Naveen Yadav,Male,1961-03-22,Visakhapatnam,Andhra Pradesh,Retired,704300.00,2015-10-23
CUST03456,Suresh Pillai,Male,1958-03-23,New Delhi,Delhi,Banker,543200.00,2017-01-26
CUST03457,Atharva Bansal,Male,1976-01-11,Indore,Madhya Pradesh,Freelancer / Creator,1148100.00,2022-10-19
CUST03458,Manish Joshi,Male,1993-02-04,Durg,Chhattisgarh,Doctor,1010800.00,2023-11-03
CUST03459,Karthik Shetty,Male,1973-06-13,Dehradun,Uttarakhand,Teacher / Professor,414100.00,2018-08-02
CUST03460,Ritu Kulkarni,Female,2002-05-14,Vadodara,Gujarat,Banker,1660700.00,2017-04-22
CUST03461,Archana Kulkarni,Female,1995-04-23,Amritsar,Punjab,Government Employee,441100.00,2018-08-01
CUST03462,Sumit Joshi,Male,1991-07-26,Chennai,Tamil Nadu,Software Engineer,1270400.00,2016-07-26
CUST03463,Diya Saha,Female,1955-08-21,Kota,Rajasthan,Software Engineer,2130600.00,2016-04-11
CUST03464,Deepika Saxena,Female,1984-03-15,Coimbatore,Tamil Nadu,Consultant,806600.00,2017-07-22
CUST03465,Divya Pillai,Female,1969-12-20,Kanpur,Uttar Pradesh,Retail Trader,596900.00,2017-09-23
CUST03466,Deepika Pandey,Female,1976-07-19,Madurai,Tamil Nadu,Teacher / Professor,457300.00,2018-05-31
CUST03467,Karthik Chatterjee,Male,1983-08-23,Panaji,Goa,Banker,1531000.00,2016-12-10
CUST03468,Mayank Gowda,Male,1976-03-24,Thiruvananthapuram,Kerala,Chartered Accountant,2041800.00,2023-03-08
CUST03469,Rashmi Rao,Female,1975-11-11,Bhopal,Madhya Pradesh,Lawyer,1447100.00,2017-09-20
CUST03470,Varun Srivastava,Male,1962-08-15,Surat,Gujarat,Chartered Accountant,1819300.00,2017-08-08
CUST03471,Ashish Kumar,Male,1981-07-14,Chennai,Tamil Nadu,Banker,1776400.00,2019-07-14
CUST03472,Rajesh Chauhan,Male,1999-02-15,Bhubaneswar,Odisha,Retail Trader,1381800.00,2016-10-07
CUST03473,Vikram Ghosh,Male,1971-05-31,Shillong,Meghalaya,Retired,508300.00,2018-05-14
CUST03474,Pranav Shukla,Male,1989-02-24,Vadodara,Gujarat,Healthcare Worker / Nurse,649000.00,2019-02-28
CUST03475,Abhishek Saikia,Male,1985-12-12,Rajkot,Gujarat,Freelancer / Creator,586000.00,2017-08-13
CUST03476,Kunal Yadav,Male,1958-07-14,Gwalior,Madhya Pradesh,Retired,503900.00,2023-07-18
CUST03477,Aarti Chauhan,Female,1968-01-09,Durg,Chhattisgarh,Business Owner,1039300.00,2017-04-09
CUST03478,Kalyani Bora,Female,1978-10-22,Jamshedpur,Jharkhand,Chartered Accountant,1236100.00,2018-10-19
CUST03479,Shaurya Mukherjee,Male,1973-08-05,Gwalior,Madhya Pradesh,Retired,509200.00,2017-03-15
CUST03480,Payal Reddy,Female,1983-02-13,Kochi,Kerala,Lawyer,1073200.00,2021-02-24
CUST03481,Vijay Gowda,Male,1987-07-24,Cuttack,Odisha,Software Engineer,1343300.00,2016-02-19
CUST03482,Akash Kulkarni,Male,1984-09-15,Kolkata,West Bengal,Consultant,1640300.00,2021-11-27
CUST03483,Richa Saxena,Female,1961-05-23,Nashik,Maharashtra,Doctor,1579900.00,2017-07-08
CUST03484,Shikha Kumar,Female,1996-12-12,Patna,Bihar,Lawyer,893500.00,2020-03-06
CUST03485,Vikram Verma,Male,1972-03-16,Kolkata,West Bengal,Chartered Accountant,1383200.00,2020-04-15
CUST03486,Aarti Saikia,Female,2003-05-14,Thiruvananthapuram,Kerala,Civil / Mechanical Engineer,1013500.00,2020-05-28
CUST03487,Kalyani Verma,Female,1968-04-20,Nagpur,Maharashtra,Freelancer / Creator,547600.00,2017-05-01
CUST03488,Ayaan Banerjee,Male,1978-03-23,Jamshedpur,Jharkhand,Retail Trader,692500.00,2023-09-03
CUST03489,Atharva Mishra,Male,1962-02-09,Agra,Uttar Pradesh,Freelancer / Creator,820300.00,2022-02-05
CUST03490,Dinesh Banerjee,Male,1980-12-06,Kochi,Kerala,Retired,708000.00,2021-09-14
CUST03491,Krishna Nayak,Male,1965-09-03,Bhopal,Madhya Pradesh,Retired,450300.00,2017-05-31
CUST03492,Varun Choudhury,Male,1970-07-26,Lucknow,Uttar Pradesh,Lawyer,719700.00,2022-03-14
CUST03493,Praveen Patnaik,Male,1984-09-14,Aurangabad,Maharashtra,Doctor,2164900.00,2020-01-24
CUST03494,Aanya Shetty,Female,1959-09-23,Coimbatore,Tamil Nadu,Business Owner,1650200.00,2021-09-23
CUST03495,Reyansh Bhat,Male,1997-04-06,Ahmedabad,Gujarat,Retail Trader,1239400.00,2015-04-23
CUST03496,Ashish Patnaik,Male,1987-09-14,Durgapur,West Bengal,Government Employee,1204500.00,2015-05-19
CUST03497,Pari Iyer,Female,1989-03-05,Thiruvananthapuram,Kerala,Government Employee,637000.00,2022-06-20
CUST03498,Pranav Saha,Male,1989-07-15,Thiruvananthapuram,Kerala,Civil / Mechanical Engineer,1194600.00,2018-02-26
CUST03499,Varun Saxena,Male,1959-02-16,Lucknow,Uttar Pradesh,Freelancer / Creator,355900.00,2015-10-19
CUST03500,Komal Patil,Female,1990-06-12,Jaipur,Rajasthan,Government Employee,1399600.00,2016-01-09
CUST03501,Aarav Banerjee,Male,1965-07-31,Bilaspur,Chhattisgarh,Consultant,1677500.00,2015-12-07
CUST03502,Aarohi Chatterjee,Female,1962-04-10,Gurugram,Haryana,Chartered Accountant,1653300.00,2019-09-05
CUST03503,Riya Hegde,Female,1969-06-15,Durg,Chhattisgarh,Doctor,2727600.00,2021-10-02
CUST03504,Deepak Kulkarni,Male,1996-03-20,Mysuru,Karnataka,Civil / Mechanical Engineer,1295300.00,2018-09-10
CUST03505,Suresh Kulkarni,Male,2000-03-15,Mumbai,Maharashtra,Business Owner,761400.00,2015-09-09
CUST03506,Ritu Saha,Female,1996-10-26,Jamshedpur,Jharkhand,Doctor,1251900.00,2021-02-04
CUST03507,Sai Mishra,Male,1973-05-12,Gwalior,Madhya Pradesh,Retired,343200.00,2020-07-22
CUST03508,Krishna Patnaik,Male,1996-09-06,Jabalpur,Madhya Pradesh,Government Employee,1418800.00,2015-03-08
CUST03509,Tanvi Kapoor,Female,1961-06-29,Bengaluru,Karnataka,Retired,560400.00,2022-05-07
CUST03510,Sai Deshmukh,Male,1994-10-01,Aurangabad,Maharashtra,Healthcare Worker / Nurse,679200.00,2018-07-22
CUST03511,Nikhil Mohanty,Male,1998-08-24,Kochi,Kerala,Banker,1119400.00,2020-09-20
CUST03512,Praveen Banerjee,Male,1976-03-26,Durgapur,West Bengal,Doctor,1325500.00,2023-11-05
CUST03513,Aadhya Ghosh,Female,1972-01-28,Shillong,Meghalaya,Doctor,2246800.00,2019-04-02
CUST03514,Varun Banerjee,Male,1993-02-24,Indore,Madhya Pradesh,Chartered Accountant,914100.00,2018-03-09
CUST03515,Ananya Patnaik,Female,1988-05-19,Pune,Maharashtra,Business Owner,1660200.00,2019-08-11
CUST03516,Meenakshi Saha,Female,1991-12-15,Jaipur,Rajasthan,Banker,1212200.00,2018-11-11
CUST03517,Manish Pillai,Male,1961-10-20,Durg,Chhattisgarh,Government Employee,1382800.00,2015-01-09
CUST03518,Alok Banerjee,Male,1972-05-28,Bilaspur,Chhattisgarh,Sales & Marketing Manager,1121300.00,2021-09-12
CUST03519,Shreya Agarwal,Female,1969-12-30,Rajkot,Gujarat,Banker,1285900.00,2020-09-06
CUST03520,Sachin Reddy,Male,2000-06-15,Surat,Gujarat,Doctor,2099900.00,2022-01-19
CUST03521,Swati Gowda,Female,1975-01-04,Raipur,Chhattisgarh,Retired,500900.00,2019-02-06
CUST03522,Mayank Banerjee,Male,1994-03-29,Panaji,Goa,Lawyer,1948800.00,2020-02-10
CUST03523,Karthik Joshi,Male,1961-12-28,Vadodara,Gujarat,Teacher / Professor,372000.00,2019-04-17
CUST03524,Jyoti Verma,Female,1961-06-10,Lucknow,Uttar Pradesh,Government Employee,1344900.00,2022-05-02
CUST03525,Riya Reddy,Female,2002-12-20,Patna,Bihar,Lawyer,2411400.00,2019-09-21
CUST03526,Deepika Patel,Female,1958-10-12,Panaji,Goa,Retail Trader,1279200.00,2015-01-22
CUST03527,Devendra Shetty,Male,1976-09-27,Durgapur,West Bengal,Software Engineer,1810200.00,2023-07-09
CUST03528,Krishna Saxena,Male,1994-06-28,Kolkata,West Bengal,Banker,719100.00,2020-08-16
CUST03529,Riya Tripathi,Female,1961-04-10,Amritsar,Punjab,Business Owner,999900.00,2016-08-29
CUST03530,Kunal Kulkarni,Male,1985-06-25,Guwahati,Assam,Government Employee,918100.00,2016-09-29
CUST03531,Sanjay Patil,Male,1965-08-31,Vijayawada,Andhra Pradesh,Software Engineer,602300.00,2016-01-13
CUST03532,Hemant Srivastava,Male,1985-11-12,Durgapur,West Bengal,Retail Trader,483200.00,2019-03-08
CUST03533,Diya Patnaik,Female,1996-02-25,Ahmedabad,Gujarat,Lawyer,559400.00,2023-09-07
CUST03534,Manish Saikia,Male,1975-04-18,Bengaluru,Karnataka,Retail Trader,1089600.00,2021-08-22
CUST03535,Aarav Gowda,Male,1985-05-02,Bhopal,Madhya Pradesh,Freelancer / Creator,1142400.00,2019-01-12
CUST03536,Payal Patel,Female,1964-11-06,Ranchi,Jharkhand,Business Owner,602200.00,2021-01-22
CUST03537,Arjun Verma,Male,1984-05-09,Shillong,Meghalaya,Government Employee,1401000.00,2022-12-27
CUST03538,Sunita Chatterjee,Female,1998-08-22,Pune,Maharashtra,Healthcare Worker / Nurse,755400.00,2023-10-28
CUST03539,Richa Gupta,Female,1962-02-17,Madurai,Tamil Nadu,Sales & Marketing Manager,1089000.00,2023-12-21
CUST03540,Ajay Ghosh,Male,1994-09-23,Gurugram,Haryana,Chartered Accountant,853000.00,2020-09-19
CUST03541,Prerna Reddy,Female,2001-12-16,Coimbatore,Tamil Nadu,Retail Trader,746000.00,2021-04-09
CUST03542,Aanya Dutta,Female,1988-11-06,Siliguri,West Bengal,Consultant,1848300.00,2022-06-27
CUST03543,Amit Saha,Male,1963-11-16,Mysuru,Karnataka,Retired,758900.00,2017-09-08
CUST03544,Preeti Patil,Female,1967-06-24,Mumbai,Maharashtra,Healthcare Worker / Nurse,499200.00,2018-08-16
CUST03545,Komal Shukla,Female,1965-09-12,Vijayawada,Andhra Pradesh,Freelancer / Creator,991300.00,2021-02-09
CUST03546,Priya Chauhan,Female,1956-06-30,Nashik,Maharashtra,Consultant,2145400.00,2021-05-09
CUST03547,Radha Chatterjee,Female,1981-04-14,Ranchi,Jharkhand,Consultant,1891600.00,2019-10-24
CUST03548,Arjun Pradhan,Male,1999-12-15,Pune,Maharashtra,Banker,1097600.00,2017-08-14
CUST03549,Ramesh Shukla,Male,1975-06-09,Lucknow,Uttar Pradesh,Banker,913900.00,2019-12-25
CUST03550,Amit Shetty,Male,1960-09-18,Jaipur,Rajasthan,Government Employee,1046500.00,2021-03-10
CUST03551,Sanjay Reddy,Male,1963-06-21,Patna,Bihar,Government Employee,613900.00,2023-02-08
CUST03552,Mohit Nair,Male,1962-08-22,Vadodara,Gujarat,Government Employee,696300.00,2020-02-27
CUST03553,Komal Pillai,Female,1983-06-27,Guwahati,Assam,Government Employee,1142800.00,2017-09-11
CUST03554,Deepika Pillai,Female,1990-01-28,Patna,Bihar,Software Engineer,1980200.00,2018-01-26
CUST03555,Manoj Joshi,Male,1984-05-05,Ujjain,Madhya Pradesh,Teacher / Professor,640700.00,2019-06-20
CUST03556,Meera Saxena,Female,1982-01-21,Aurangabad,Maharashtra,Government Employee,1330400.00,2021-07-23
CUST03557,Aditi Pillai,Female,1971-09-16,Nagpur,Maharashtra,Software Engineer,891900.00,2016-11-04
CUST03558,Vihaan Rao,Male,1990-03-10,Raipur,Chhattisgarh,Chartered Accountant,1817000.00,2018-10-16
CUST03559,Sneha Tripathi,Female,1992-03-09,Lucknow,Uttar Pradesh,Teacher / Professor,894000.00,2016-07-24
CUST03560,Amit Patel,Male,1986-06-21,Amritsar,Punjab,Consultant,1324400.00,2017-01-22
CUST03561,Radha Pawar,Female,1965-05-16,Panaji,Goa,Chartered Accountant,878600.00,2018-04-25
CUST03562,Garima Joshi,Female,1995-06-18,Vijayawada,Andhra Pradesh,Doctor,1696000.00,2021-01-27
CUST03563,Priya Deshmukh,Female,1980-07-16,Visakhapatnam,Andhra Pradesh,Consultant,922900.00,2019-07-22
CUST03564,Rahul Malhotra,Male,2002-12-11,Coimbatore,Tamil Nadu,Chartered Accountant,2174900.00,2023-06-06
CUST03565,Rahul Deshmukh,Male,1988-09-04,Bengaluru,Karnataka,Civil / Mechanical Engineer,445200.00,2020-12-17
CUST03566,Rashmi Sharma,Female,1992-04-14,Gurugram,Haryana,Banker,623800.00,2021-07-24
CUST03567,Varun Rao,Male,1962-02-27,Kochi,Kerala,Teacher / Professor,876100.00,2020-06-27
CUST03568,Pari Patil,Female,2000-06-29,Chandigarh,Punjab,Lawyer,543400.00,2022-12-12
CUST03569,Swati Gowda,Female,1996-12-21,Agra,Uttar Pradesh,Chartered Accountant,2215000.00,2019-03-23
CUST03570,Shilpa Das,Female,1958-10-22,Jaipur,Rajasthan,Civil / Mechanical Engineer,1140000.00,2018-12-20
CUST03571,Tanvi Sharma,Female,1956-11-13,Jamshedpur,Jharkhand,Consultant,1908400.00,2016-08-07
CUST03572,Deepak Saikia,Male,1981-03-12,Amritsar,Punjab,Freelancer / Creator,510900.00,2019-04-27
CUST03573,Bhavna Kapoor,Female,1969-05-24,Madurai,Tamil Nadu,Teacher / Professor,670300.00,2019-12-12
CUST03574,Sunita Menon,Female,2003-05-02,Shillong,Meghalaya,Government Employee,1439500.00,2018-12-15
CUST03575,Mohit Mohanty,Male,1997-05-21,Raipur,Chhattisgarh,Sales & Marketing Manager,1570100.00,2019-10-19
CUST03576,Kalyani Gowda,Female,1982-06-02,Ahmedabad,Gujarat,Chartered Accountant,1885900.00,2022-04-08
CUST03577,Monika Singh,Female,1995-06-18,Cuttack,Odisha,Chartered Accountant,1696800.00,2022-11-08
CUST03578,Jyoti Srivastava,Female,1999-12-05,Raipur,Chhattisgarh,Doctor,2553700.00,2022-01-03
CUST03579,Krishna Rao,Male,1998-07-21,Kanpur,Uttar Pradesh,Banker,1122000.00,2021-02-18
CUST03580,Lakshmi Verma,Female,1978-08-13,Kolkata,West Bengal,Lawyer,1355200.00,2018-10-05
CUST03581,Ishaan Iyer,Male,1959-10-26,Kanpur,Uttar Pradesh,Civil / Mechanical Engineer,755700.00,2016-09-28
CUST03582,Krishna Bhat,Male,1962-10-10,Ujjain,Madhya Pradesh,Government Employee,1111800.00,2019-02-14
CUST03583,Nikhil Kumar,Male,1998-02-05,Agra,Uttar Pradesh,Consultant,1132900.00,2015-03-30
CUST03584,Vijay Rao,Male,1974-01-10,Prayagraj,Uttar Pradesh,Retired,422800.00,2023-06-09
CUST03585,Dinesh Kulkarni,Male,1987-07-07,Gwalior,Madhya Pradesh,Doctor,1255800.00,2017-11-29
CUST03586,Sachin Saha,Male,1962-10-17,Nagpur,Maharashtra,Banker,1296400.00,2016-06-03
CUST03587,Richa Saxena,Female,1958-02-19,Dehradun,Uttarakhand,Sales & Marketing Manager,1208000.00,2017-04-06
CUST03588,Komal Shetty,Female,1981-09-13,Jaipur,Rajasthan,Retired,792700.00,2017-05-11
CUST03589,Avani Patel,Female,1997-05-12,Prayagraj,Uttar Pradesh,Government Employee,1134000.00,2015-05-05
CUST03590,Rashmi Nair,Female,1958-11-24,Vadodara,Gujarat,Government Employee,602400.00,2019-12-29
CUST03591,Kavita Shukla,Female,1999-04-19,Bhubaneswar,Odisha,Chartered Accountant,2488200.00,2018-07-18
CUST03592,Kavita Rao,Female,1971-12-26,Jabalpur,Madhya Pradesh,Banker,908200.00,2023-06-05
CUST03593,Pranav Shetty,Male,1986-10-04,Panaji,Goa,Civil / Mechanical Engineer,693500.00,2019-10-11
CUST03594,Ramesh Chauhan,Male,1984-12-25,Kanpur,Uttar Pradesh,Software Engineer,1152300.00,2022-01-05
CUST03595,Aarav Shetty,Male,1966-04-26,Cuttack,Odisha,Banker,925100.00,2020-12-26
CUST03596,Riya Kulkarni,Female,1960-06-03,Nashik,Maharashtra,Retail Trader,495300.00,2020-01-07
CUST03597,Kalyani Bhatia,Female,1991-08-30,Coimbatore,Tamil Nadu,Freelancer / Creator,587600.00,2015-03-31
CUST03598,Sonali Saikia,Female,1990-02-20,Jabalpur,Madhya Pradesh,Retired,434600.00,2016-07-21
CUST03599,Varun Deshmukh,Male,1983-11-20,Raipur,Chhattisgarh,Teacher / Professor,1115900.00,2017-02-01
CUST03600,Rohan Banerjee,Male,1971-11-07,Siliguri,West Bengal,Healthcare Worker / Nurse,713700.00,2022-11-04
CUST03601,Radha Sharma,Female,1985-01-06,Bhubaneswar,Odisha,Freelancer / Creator,810500.00,2016-07-14
CUST03602,Harsh Banerjee,Male,1958-07-31,Chandigarh,Punjab,Sales & Marketing Manager,477900.00,2017-07-31
CUST03603,Archana Joshi,Female,1998-02-02,Panaji,Goa,Civil / Mechanical Engineer,1080600.00,2016-08-12
CUST03604,Neha Menon,Female,1962-04-13,Gwalior,Madhya Pradesh,Software Engineer,2267600.00,2022-11-01
CUST03605,Meera Singh,Female,1957-12-11,Bhubaneswar,Odisha,Banker,1495700.00,2019-12-29
CUST03606,Rohan Shetty,Male,1963-03-11,Raipur,Chhattisgarh,Chartered Accountant,2227700.00,2023-10-16
CUST03607,Archana Gowda,Female,1991-06-29,Kanpur,Uttar Pradesh,Doctor,2974600.00,2023-11-26
CUST03608,Aanya Mehta,Female,1956-07-20,Ranchi,Jharkhand,Government Employee,953700.00,2018-01-04
CUST03609,Suresh Saikia,Male,1969-03-19,Kochi,Kerala,Retail Trader,594400.00,2020-01-23
CUST03610,Aditi Verma,Female,1971-04-07,Gwalior,Madhya Pradesh,Civil / Mechanical Engineer,1005300.00,2020-08-04
CUST03611,Nisha Kumar,Female,1959-03-18,Nagpur,Maharashtra,Software Engineer,2133300.00,2022-03-06
CUST03612,Garima Banerjee,Female,1975-08-29,Amritsar,Punjab,Software Engineer,1612100.00,2019-02-26
CUST03613,Shreya Chauhan,Female,1958-06-05,Kanpur,Uttar Pradesh,Healthcare Worker / Nurse,412700.00,2017-12-07
CUST03614,Richa Kumar,Female,1967-03-13,Surat,Gujarat,Software Engineer,2084800.00,2015-01-04
CUST03615,Rajesh Banerjee,Male,1978-05-06,Kolkata,West Bengal,Teacher / Professor,1019000.00,2020-12-13
CUST03616,Kalyani Mukherjee,Female,1999-09-28,Chandigarh,Punjab,Business Owner,3830800.00,2023-03-25
CUST03617,Devendra Bora,Male,1957-06-13,Madurai,Tamil Nadu,Government Employee,1101900.00,2015-09-08
CUST03618,Ramesh Rao,Male,1999-01-04,Vadodara,Gujarat,Banker,1661700.00,2018-10-24
CUST03619,Rahul Pandey,Male,1990-10-07,Bhopal,Madhya Pradesh,Lawyer,706100.00,2020-10-10
CUST03620,Jyoti Chatterjee,Female,1974-01-19,Ahmedabad,Gujarat,Civil / Mechanical Engineer,449900.00,2015-06-22
CUST03621,Saanvi Gupta,Female,1977-10-10,Mumbai,Maharashtra,Banker,866400.00,2016-03-26
CUST03622,Abhishek Srivastava,Male,1987-06-13,Lucknow,Uttar Pradesh,Retired,604100.00,2016-09-25
CUST03623,Vandana Gupta,Female,1977-08-25,Ranchi,Jharkhand,Freelancer / Creator,802900.00,2022-11-20
CUST03624,Dinesh Gupta,Male,1976-05-14,Dehradun,Uttarakhand,Teacher / Professor,788600.00,2019-05-14
CUST03625,Harsh Gowda,Male,1996-05-18,Cuttack,Odisha,Consultant,1378500.00,2019-04-28
CUST03626,Sumit Nayak,Male,1957-10-08,Hyderabad,Telangana,Lawyer,898400.00,2019-08-23
CUST03627,Aditya Pradhan,Male,1983-06-17,Pune,Maharashtra,Civil / Mechanical Engineer,607400.00,2017-02-15
CUST03628,Pankaj Saxena,Male,1998-09-03,Ahmedabad,Gujarat,Banker,925300.00,2022-11-30
CUST03629,Alok Rao,Male,1980-02-29,Visakhapatnam,Andhra Pradesh,Consultant,1667000.00,2023-08-22
CUST03630,Pooja Banerjee,Female,1992-12-15,Vadodara,Gujarat,Lawyer,784100.00,2020-04-01
CUST03631,Radha Malhotra,Female,1981-09-18,Gurugram,Haryana,Doctor,2298900.00,2021-01-18
CUST03632,Meenakshi Gowda,Female,1967-10-26,Durgapur,West Bengal,Healthcare Worker / Nurse,424800.00,2023-09-16
CUST03633,Ishaan Bansal,Male,1982-03-19,Bengaluru,Karnataka,Retired,712900.00,2017-01-02
CUST03634,Praveen Gowda,Male,1965-09-18,Indore,Madhya Pradesh,Business Owner,1392700.00,2015-10-13
CUST03635,Simran Patnaik,Female,2000-04-07,Mumbai,Maharashtra,Chartered Accountant,2274600.00,2019-02-27
CUST03636,Meenakshi Gupta,Female,1988-06-28,Guwahati,Assam,Sales & Marketing Manager,1390900.00,2015-02-01
CUST03637,Varun Malhotra,Male,1995-06-27,Bhopal,Madhya Pradesh,Sales & Marketing Manager,1330400.00,2017-07-05
CUST03638,Manoj Nair,Male,1972-10-31,Kolkata,West Bengal,Sales & Marketing Manager,1507800.00,2023-06-23
CUST03639,Hemant Bansal,Male,1985-04-21,Mumbai,Maharashtra,Chartered Accountant,1947900.00,2020-05-23
CUST03640,Aditi Iyer,Female,2002-08-27,Chandigarh,Punjab,Software Engineer,1396700.00,2015-12-06
CUST03641,Vihaan Kulkarni,Male,1958-02-09,Agra,Uttar Pradesh,Business Owner,1533200.00,2018-04-03
CUST03642,Sunil Mehta,Male,1980-07-29,Kolkata,West Bengal,Healthcare Worker / Nurse,793000.00,2022-06-05
CUST03643,Pranav Gupta,Male,1963-11-25,Kanpur,Uttar Pradesh,Lawyer,1659200.00,2022-01-28
CUST03644,Praveen Shukla,Male,1957-08-23,Rajkot,Gujarat,Teacher / Professor,1006100.00,2019-07-08
CUST03645,Monika Banerjee,Female,2000-08-25,Shillong,Meghalaya,Freelancer / Creator,913100.00,2020-11-16
CUST03646,Neha Banerjee,Female,1986-06-23,Noida,Uttar Pradesh,Consultant,1755800.00,2016-09-15
CUST03647,Deepak Joshi,Male,1959-12-19,Jabalpur,Madhya Pradesh,Freelancer / Creator,628100.00,2023-10-02
CUST03648,Rohan Mohanty,Male,1992-04-26,Lucknow,Uttar Pradesh,Consultant,767700.00,2017-11-24
CUST03649,Mohit Patnaik,Male,2002-11-09,Noida,Uttar Pradesh,Teacher / Professor,939300.00,2020-05-12
CUST03650,Monika Mehta,Female,1996-01-11,Bhubaneswar,Odisha,Retail Trader,1086600.00,2016-04-13
CUST03651,Rajesh Patel,Male,1955-07-07,Dehradun,Uttarakhand,Software Engineer,724600.00,2022-12-13
CUST03652,Ishita Shetty,Female,2003-06-16,Patna,Bihar,Software Engineer,842200.00,2018-11-29
CUST03653,Manoj Iyengar,Male,1961-02-18,Aurangabad,Maharashtra,Retired,468100.00,2020-02-10
CUST03654,Anjali Reddy,Female,1983-02-04,Patna,Bihar,Civil / Mechanical Engineer,1113700.00,2019-01-07
CUST03655,Sai Patil,Male,1992-05-06,Madurai,Tamil Nadu,Consultant,1274500.00,2021-05-24
CUST03656,Suresh Bhat,Male,1987-10-16,Nashik,Maharashtra,Lawyer,1274700.00,2018-03-07
CUST03657,Sunita Kulkarni,Female,2002-03-17,Lucknow,Uttar Pradesh,Sales & Marketing Manager,1246600.00,2022-05-16
CUST03658,Alok Kulkarni,Male,1970-04-20,Vijayawada,Andhra Pradesh,Banker,1200300.00,2017-12-16
CUST03659,Sonali Nair,Female,1956-10-19,Raipur,Chhattisgarh,Chartered Accountant,1222200.00,2015-06-11
CUST03660,Radha Nayak,Female,1959-07-30,Agra,Uttar Pradesh,Software Engineer,1583000.00,2022-06-13
CUST03661,Anand Saha,Male,1955-12-20,Noida,Uttar Pradesh,Teacher / Professor,423100.00,2015-04-09
CUST03662,Rajesh Das,Male,1990-04-19,Bhubaneswar,Odisha,Retired,357300.00,2022-04-23
CUST03663,Vihaan Mukherjee,Male,1959-03-22,Visakhapatnam,Andhra Pradesh,Teacher / Professor,1113800.00,2022-05-08
CUST03664,Aditi Patil,Female,1958-03-21,New Delhi,Delhi,Doctor,2795600.00,2015-08-21
CUST03665,Sonali Mehta,Female,1969-08-31,Jamshedpur,Jharkhand,Business Owner,730900.00,2019-12-22
CUST03666,Ajay Sharma,Male,1983-10-02,Gurugram,Haryana,Chartered Accountant,1648100.00,2017-08-02
CUST03667,Ramesh Singh,Male,1981-09-26,Durgapur,West Bengal,Retail Trader,556700.00,2022-08-29
CUST03668,Vijay Reddy,Male,2000-02-17,Bilaspur,Chhattisgarh,Business Owner,2716800.00,2019-09-05
CUST03669,Vikram Saikia,Male,1976-12-12,Bengaluru,Karnataka,Civil / Mechanical Engineer,1316200.00,2015-04-12
CUST03670,Sai Joshi,Male,1994-07-21,Bhopal,Madhya Pradesh,Banker,1175900.00,2018-11-29
CUST03671,Richa Chauhan,Female,1983-11-09,Gwalior,Madhya Pradesh,Government Employee,1246000.00,2015-01-16
CUST03672,Kalyani Reddy,Female,1999-05-17,Gurugram,Haryana,Teacher / Professor,928700.00,2017-05-18
CUST03673,Simran Rao,Female,2002-08-22,Rajkot,Gujarat,Sales & Marketing Manager,1519300.00,2021-10-12
CUST03674,Mayank Banerjee,Male,1995-05-14,Siliguri,West Bengal,Consultant,2180500.00,2023-05-18
CUST03675,Tarun Gowda,Male,1965-03-04,Kolkata,West Bengal,Banker,1453500.00,2018-12-29
CUST03676,Richa Pradhan,Female,1996-12-06,Bhubaneswar,Odisha,Banker,1122600.00,2016-02-07
CUST03677,Pranav Hegde,Male,1994-07-30,Ranchi,Jharkhand,Civil / Mechanical Engineer,1210500.00,2017-06-06
CUST03678,Vikram Gowda,Male,1968-10-05,Raipur,Chhattisgarh,Lawyer,1215100.00,2015-12-26
CUST03679,Preeti Saikia,Female,1963-04-10,Aurangabad,Maharashtra,Retired,500800.00,2021-08-22
CUST03680,Naveen Gowda,Male,1975-11-16,Patna,Bihar,Healthcare Worker / Nurse,714700.00,2015-02-15
CUST03681,Dinesh Iyer,Male,1974-08-06,Vadodara,Gujarat,Doctor,2889100.00,2018-08-23
CUST03682,Kunal Mukherjee,Male,1964-07-20,Bilaspur,Chhattisgarh,Civil / Mechanical Engineer,1367500.00,2015-01-03
CUST03683,Sumit Yadav,Male,1988-01-20,Cuttack,Odisha,Civil / Mechanical Engineer,506200.00,2018-08-17
CUST03684,Pranav Malhotra,Male,1974-04-15,Rajkot,Gujarat,Teacher / Professor,1178400.00,2020-07-24
CUST03685,Vivaan Srivastava,Male,1990-09-19,Surat,Gujarat,Freelancer / Creator,779000.00,2018-07-22
CUST03686,Arjun Patnaik,Male,1985-04-29,Prayagraj,Uttar Pradesh,Sales & Marketing Manager,575800.00,2023-10-03
CUST03687,Pranav Srivastava,Male,1966-03-27,Cuttack,Odisha,Doctor,2897500.00,2016-07-23
CUST03688,Rashmi Hegde,Female,1981-05-15,Guwahati,Assam,Civil / Mechanical Engineer,841400.00,2022-04-09
CUST03689,Anand Agarwal,Male,1976-06-10,Chandigarh,Punjab,Healthcare Worker / Nurse,690900.00,2023-09-05
CUST03690,Manoj Patil,Male,1992-02-17,Thiruvananthapuram,Kerala,Consultant,1741200.00,2017-01-11
CUST03691,Abhishek Srivastava,Male,1972-01-04,Bhopal,Madhya Pradesh,Sales & Marketing Manager,1591300.00,2022-01-09
CUST03692,Vivaan Saikia,Male,1993-09-03,Hyderabad,Telangana,Software Engineer,822300.00,2023-03-14
CUST03693,Swati Ghosh,Female,2003-05-30,Indore,Madhya Pradesh,Civil / Mechanical Engineer,791400.00,2022-01-06
CUST03694,Ramesh Nair,Male,1967-06-20,Vadodara,Gujarat,Lawyer,1786300.00,2018-11-12
CUST03695,Atharva Nair,Male,1989-03-27,Nashik,Maharashtra,Consultant,976800.00,2016-05-02
CUST03696,Aanya Bhat,Female,1993-06-10,New Delhi,Delhi,Retail Trader,1445100.00,2022-03-02
CUST03697,Krishna Choudhury,Male,1991-12-16,Indore,Madhya Pradesh,Freelancer / Creator,681100.00,2017-11-29
CUST03698,Ritu Menon,Female,1980-02-29,Kolkata,West Bengal,Retail Trader,1195000.00,2018-03-26
CUST03699,Radha Mishra,Female,1971-07-13,Lucknow,Uttar Pradesh,Retail Trader,1088300.00,2018-02-08
CUST03700,Tarun Patil,Male,1979-12-05,Jabalpur,Madhya Pradesh,Retail Trader,1394600.00,2017-11-13
CUST03701,Praveen Saxena,Male,1972-03-16,Surat,Gujarat,Lawyer,1107900.00,2019-03-07
CUST03702,Rajesh Pradhan,Male,1999-02-08,Nagpur,Maharashtra,Lawyer,1358300.00,2021-02-26
CUST03703,Vandana Shetty,Female,1980-10-11,Hyderabad,Telangana,Lawyer,1995100.00,2018-01-01
CUST03704,Deepak Srivastava,Male,1956-03-05,Raipur,Chhattisgarh,Retired,476600.00,2021-02-18
CUST03705,Nisha Nair,Female,1976-10-21,Kochi,Kerala,Banker,1772200.00,2018-05-12
CUST03706,Vikram Kulkarni,Male,2001-07-27,Aurangabad,Maharashtra,Sales & Marketing Manager,869700.00,2020-04-13
CUST03707,Mayank Patil,Male,1985-02-27,Bengaluru,Karnataka,Retail Trader,1366400.00,2019-08-01
CUST03708,Prerna Srivastava,Female,1989-07-30,Indore,Madhya Pradesh,Government Employee,730800.00,2023-03-05
CUST03709,Sachin Mohanty,Male,1981-09-30,Gurugram,Haryana,Teacher / Professor,370200.00,2023-02-13
CUST03710,Meera Mehta,Female,1980-06-14,Durgapur,West Bengal,Chartered Accountant,1657600.00,2019-07-01
CUST03711,Ajay Sharma,Male,1999-11-09,Hyderabad,Telangana,Government Employee,589400.00,2023-07-03
CUST03712,Neha Chauhan,Female,2000-07-10,Aurangabad,Maharashtra,Sales & Marketing Manager,711400.00,2023-04-13
CUST03713,Ishaan Yadav,Male,1983-02-13,Bhopal,Madhya Pradesh,Retail Trader,1410400.00,2022-06-24
CUST03714,Shilpa Sharma,Female,1987-09-17,Noida,Uttar Pradesh,Doctor,1727800.00,2018-10-04
CUST03715,Sanjay Deshmukh,Male,1981-06-12,Jabalpur,Madhya Pradesh,Chartered Accountant,1940400.00,2022-02-18
CUST03716,Rajesh Verma,Male,1961-03-29,Siliguri,West Bengal,Doctor,1485600.00,2018-11-07
CUST03717,Arjun Joshi,Male,1973-08-30,Mysuru,Karnataka,Retail Trader,1136300.00,2022-07-16
CUST03718,Kavita Bora,Female,1971-08-18,Kota,Rajasthan,Teacher / Professor,509900.00,2023-12-11
CUST03719,Diya Deshmukh,Female,1994-03-01,Raipur,Chhattisgarh,Teacher / Professor,839700.00,2018-01-30
CUST03720,Pooja Hegde,Female,1981-03-29,Aurangabad,Maharashtra,Healthcare Worker / Nurse,458500.00,2021-03-08
CUST03721,Sunil Bhat,Male,1991-07-25,Ahmedabad,Gujarat,Doctor,2322200.00,2020-11-14
CUST03722,Amit Agarwal,Male,1990-09-21,Bilaspur,Chhattisgarh,Lawyer,1200200.00,2018-04-13
CUST03723,Sai Choudhury,Male,1962-11-23,Gurugram,Haryana,Retail Trader,1044200.00,2022-01-07
CUST03724,Amit Mishra,Male,1997-05-22,Kolkata,West Bengal,Lawyer,2303800.00,2018-05-31
CUST03725,Sanjay Mishra,Male,1960-03-10,Gwalior,Madhya Pradesh,Sales & Marketing Manager,1253300.00,2023-07-30
CUST03726,Pranav Pillai,Male,1969-05-07,Nashik,Maharashtra,Sales & Marketing Manager,679800.00,2019-12-17
CUST03727,Reyansh Joshi,Male,1997-07-25,Mumbai,Maharashtra,Healthcare Worker / Nurse,585400.00,2019-09-30
CUST03728,Richa Nayak,Female,1992-11-26,Mysuru,Karnataka,Retired,350800.00,2023-06-13
CUST03729,Mayank Choudhury,Male,1970-05-02,Patna,Bihar,Retail Trader,1103300.00,2019-05-26
CUST03730,Sumit Pawar,Male,1999-11-26,Cuttack,Odisha,Business Owner,793400.00,2019-11-03
CUST03731,Vikram Pawar,Male,1965-01-10,Jaipur,Rajasthan,Banker,1468200.00,2015-08-31
CUST03732,Aditya Patnaik,Male,1981-08-20,Jamshedpur,Jharkhand,Civil / Mechanical Engineer,542800.00,2016-05-27
CUST03733,Kalyani Pradhan,Female,1976-11-18,Coimbatore,Tamil Nadu,Lawyer,2107700.00,2016-12-10
CUST03734,Anjali Das,Female,1988-10-03,Siliguri,West Bengal,Civil / Mechanical Engineer,1357300.00,2018-06-17
CUST03735,Sai Saha,Male,1984-08-03,Agra,Uttar Pradesh,Software Engineer,861400.00,2021-10-25
CUST03736,Preeti Chatterjee,Female,1980-06-07,Jabalpur,Madhya Pradesh,Chartered Accountant,1695400.00,2023-10-23
CUST03737,Diya Rao,Female,1987-04-25,Kolkata,West Bengal,Teacher / Professor,1002000.00,2019-12-14
CUST03738,Atharva Patil,Male,1964-05-29,Kanpur,Uttar Pradesh,Freelancer / Creator,598100.00,2021-08-15
CUST03739,Deepak Ghosh,Male,1987-03-24,Lucknow,Uttar Pradesh,Civil / Mechanical Engineer,1250800.00,2017-04-11
CUST03740,Sunita Gowda,Female,1963-12-23,Coimbatore,Tamil Nadu,Retired,697800.00,2015-06-06
CUST03741,Pooja Saha,Female,1965-10-27,Kolkata,West Bengal,Doctor,2292000.00,2016-03-15
CUST03742,Venkatesh Kulkarni,Male,1959-09-05,Kanpur,Uttar Pradesh,Lawyer,2372300.00,2021-10-13
CUST03743,Rajesh Singh,Male,1975-03-14,Bengaluru,Karnataka,Civil / Mechanical Engineer,511500.00,2019-10-17
CUST03744,Mohit Kumar,Male,1956-06-03,Ujjain,Madhya Pradesh,Civil / Mechanical Engineer,889200.00,2021-12-08
CUST03745,Reyansh Yadav,Male,1968-02-25,Vadodara,Gujarat,Consultant,2044800.00,2023-10-28
CUST03746,Rahul Dutta,Male,1973-11-21,Prayagraj,Uttar Pradesh,Sales & Marketing Manager,581000.00,2015-04-21
CUST03747,Varun Bansal,Male,1959-11-12,Bhubaneswar,Odisha,Software Engineer,1395700.00,2018-04-11
CUST03748,Sachin Nayak,Male,1964-05-20,Surat,Gujarat,Healthcare Worker / Nurse,417900.00,2017-11-07
CUST03749,Vihaan Sharma,Male,1992-06-27,Amritsar,Punjab,Retail Trader,1093100.00,2023-04-29
CUST03750,Sunita Srivastava,Female,1971-09-20,Shillong,Meghalaya,Software Engineer,2196700.00,2023-05-09
CUST03751,Nisha Tripathi,Female,2000-04-04,Durgapur,West Bengal,Teacher / Professor,777500.00,2020-01-28
CUST03752,Aarohi Rao,Female,1962-06-07,Thiruvananthapuram,Kerala,Software Engineer,1688300.00,2023-01-23
CUST03753,Shreya Shetty,Female,1959-07-13,Aurangabad,Maharashtra,Lawyer,1196000.00,2022-01-05
CUST03754,Manoj Pradhan,Male,1994-03-01,Rajkot,Gujarat,Civil / Mechanical Engineer,905000.00,2015-07-02
CUST03755,Vikram Srivastava,Male,1961-04-25,Panaji,Goa,Chartered Accountant,829000.00,2023-06-01
CUST03756,Vikram Rao,Male,1985-12-21,Chandigarh,Punjab,Doctor,2000100.00,2016-10-16
CUST03757,Reyansh Rao,Male,1968-07-30,Siliguri,West Bengal,Chartered Accountant,1351000.00,2017-08-24
CUST03758,Ashish Srivastava,Male,1956-03-22,Jabalpur,Madhya Pradesh,Freelancer / Creator,369100.00,2023-06-09
CUST03759,Archana Deshmukh,Female,1956-08-09,Nashik,Maharashtra,Business Owner,1953700.00,2015-02-07
CUST03760,Varun Dutta,Male,1960-07-18,Lucknow,Uttar Pradesh,Lawyer,2376800.00,2020-05-15
CUST03761,Simran Bhat,Female,1965-06-25,Aurangabad,Maharashtra,Freelancer / Creator,759300.00,2022-12-03
CUST03762,Nikhil Gowda,Male,1973-03-29,Gurugram,Haryana,Software Engineer,641600.00,2016-06-14
CUST03763,Dinesh Patnaik,Male,1997-06-06,Kolkata,West Bengal,Retired,304400.00,2016-04-12
CUST03764,Ramesh Srivastava,Male,1980-06-16,Indore,Madhya Pradesh,Lawyer,1566300.00,2021-10-20
CUST03765,Atharva Iyengar,Male,1974-06-28,Ranchi,Jharkhand,Teacher / Professor,418800.00,2016-03-27
CUST03766,Sonali Bora,Female,1997-08-17,Mysuru,Karnataka,Retail Trader,1089000.00,2019-01-21
CUST03767,Alok Shetty,Male,1964-11-02,Agra,Uttar Pradesh,Consultant,1262900.00,2018-10-18
CUST03768,Ayaan Patil,Male,1991-11-11,Rajkot,Gujarat,Sales & Marketing Manager,540000.00,2019-12-04
CUST03769,Sunil Deshmukh,Male,1958-07-21,Patna,Bihar,Civil / Mechanical Engineer,815300.00,2016-08-02
CUST03770,Sunita Yadav,Female,1980-12-08,Dehradun,Uttarakhand,Chartered Accountant,2035900.00,2023-07-31
CUST03771,Aarti Menon,Female,1969-03-11,Noida,Uttar Pradesh,Teacher / Professor,658900.00,2017-04-29
CUST03772,Rohan Saxena,Male,1969-10-30,Durg,Chhattisgarh,Government Employee,1305500.00,2015-07-10
CUST03773,Krishna Iyengar,Male,1959-07-31,Bilaspur,Chhattisgarh,Retail Trader,1448700.00,2022-06-25
CUST03774,Arjun Chatterjee,Male,1983-12-13,Nagpur,Maharashtra,Chartered Accountant,1589600.00,2017-04-18
CUST03775,Saanvi Banerjee,Female,1960-05-05,Jaipur,Rajasthan,Retail Trader,875600.00,2023-09-27
CUST03776,Anand Pillai,Male,1962-07-23,Dehradun,Uttarakhand,Teacher / Professor,507700.00,2020-09-25
CUST03777,Sachin Hegde,Male,1968-11-28,Kochi,Kerala,Retired,761500.00,2017-12-08
CUST03778,Suresh Bhat,Male,1982-12-20,Guwahati,Assam,Consultant,1250600.00,2020-09-22
CUST03779,Aanya Iyengar,Female,1978-09-22,Siliguri,West Bengal,Retail Trader,1455500.00,2015-01-13
CUST03780,Akash Reddy,Male,1971-07-17,Durgapur,West Bengal,Retired,620300.00,2019-07-03
CUST03781,Radha Kumar,Female,1980-09-09,Chennai,Tamil Nadu,Freelancer / Creator,1156900.00,2023-09-28
CUST03782,Garima Deshmukh,Female,1960-08-06,Bengaluru,Karnataka,Sales & Marketing Manager,1525300.00,2019-04-20
CUST03783,Amit Das,Male,1999-06-09,Mysuru,Karnataka,Software Engineer,1278800.00,2022-09-09
CUST03784,Reyansh Kumar,Male,1968-11-12,Bengaluru,Karnataka,Chartered Accountant,1624400.00,2018-02-24
CUST03785,Harsh Iyer,Male,2002-05-18,Guwahati,Assam,Doctor,1782000.00,2021-07-17
CUST03786,Preeti Mukherjee,Female,1999-10-29,Pune,Maharashtra,Lawyer,1396400.00,2021-11-15
CUST03787,Sonal Agarwal,Female,1962-02-22,Cuttack,Odisha,Sales & Marketing Manager,1478500.00,2021-07-10
CUST03788,Prerna Patil,Female,2000-01-21,Bengaluru,Karnataka,Retired,734100.00,2016-03-12
CUST03789,Ayaan Das,Male,1968-12-04,Pune,Maharashtra,Banker,962700.00,2023-04-10
CUST03790,Mohit Saxena,Male,1961-05-10,New Delhi,Delhi,Banker,600100.00,2017-05-15
CUST03791,Shilpa Patnaik,Female,1982-12-05,Visakhapatnam,Andhra Pradesh,Doctor,2984900.00,2017-03-30
CUST03792,Pooja Patil,Female,1973-12-26,Ahmedabad,Gujarat,Sales & Marketing Manager,1390700.00,2023-05-09
CUST03793,Monika Gupta,Female,1976-08-30,Vijayawada,Andhra Pradesh,Consultant,1286300.00,2020-06-21
CUST03794,Shikha Singh,Female,1997-09-11,Kochi,Kerala,Civil / Mechanical Engineer,1252900.00,2022-12-20
CUST03795,Sonali Yadav,Female,1999-12-13,Ranchi,Jharkhand,Chartered Accountant,1955900.00,2016-04-11
CUST03796,Pallavi Sharma,Female,1972-05-22,Rajkot,Gujarat,Sales & Marketing Manager,850300.00,2023-12-02
CUST03797,Pooja Deshmukh,Female,1979-03-10,Gwalior,Madhya Pradesh,Business Owner,1975600.00,2016-05-08
CUST03798,Sunita Singh,Female,1972-08-21,Ranchi,Jharkhand,Teacher / Professor,577600.00,2015-05-31
CUST03799,Aadhya Chatterjee,Female,1958-08-27,Chandigarh,Punjab,Business Owner,2166800.00,2016-10-31
CUST03800,Simran Banerjee,Female,1979-10-10,Prayagraj,Uttar Pradesh,Teacher / Professor,778000.00,2018-10-31
CUST03801,Sunita Dutta,Female,1964-09-04,Siliguri,West Bengal,Retail Trader,1305500.00,2016-09-19
CUST03802,Ramesh Pradhan,Male,1989-08-26,Bhopal,Madhya Pradesh,Chartered Accountant,961900.00,2018-08-12
CUST03803,Swati Gupta,Female,1975-02-12,Jaipur,Rajasthan,Healthcare Worker / Nurse,660100.00,2023-04-19
CUST03804,Kunal Singh,Male,1963-02-21,Bhubaneswar,Odisha,Healthcare Worker / Nurse,552600.00,2017-01-05
CUST03805,Diya Patnaik,Female,1992-03-26,Vadodara,Gujarat,Retail Trader,392900.00,2022-10-22
CUST03806,Amit Chauhan,Male,1965-02-18,Ahmedabad,Gujarat,Government Employee,507400.00,2017-05-01
CUST03807,Payal Choudhury,Female,1983-03-04,Dehradun,Uttarakhand,Teacher / Professor,681200.00,2023-09-14
CUST03808,Vikram Sharma,Male,1972-08-29,Vadodara,Gujarat,Civil / Mechanical Engineer,1061500.00,2018-10-15
CUST03809,Prerna Patel,Female,1961-09-04,Rajkot,Gujarat,Freelancer / Creator,895400.00,2019-01-24
CUST03810,Sonali Saxena,Female,1974-04-23,Bhopal,Madhya Pradesh,Government Employee,1406100.00,2015-05-12
CUST03811,Vijay Pawar,Male,1965-04-02,Gwalior,Madhya Pradesh,Doctor,1814000.00,2022-02-18
CUST03812,Neha Pandey,Female,1962-05-15,Nashik,Maharashtra,Banker,1160700.00,2015-09-30
CUST03813,Anjali Pawar,Female,1973-03-25,Rajkot,Gujarat,Sales & Marketing Manager,483100.00,2022-10-07
CUST03814,Pranav Saha,Male,1989-02-01,New Delhi,Delhi,Freelancer / Creator,1127900.00,2018-06-05
CUST03815,Shaurya Mukherjee,Male,1993-02-13,Dehradun,Uttarakhand,Freelancer / Creator,855100.00,2023-11-18
CUST03816,Kavita Mehta,Female,1976-07-22,Visakhapatnam,Andhra Pradesh,Chartered Accountant,2020300.00,2019-11-13
CUST03817,Aarav Gupta,Male,1969-05-11,Indore,Madhya Pradesh,Retail Trader,706500.00,2018-01-04
CUST03818,Hemant Srivastava,Male,1986-04-13,Raipur,Chhattisgarh,Lawyer,561600.00,2022-10-10
CUST03819,Hemant Shukla,Male,2002-07-09,Durgapur,West Bengal,Government Employee,883100.00,2018-12-08
CUST03820,Pari Deshmukh,Female,1960-10-11,Rajkot,Gujarat,Lawyer,630300.00,2018-10-09
CUST03821,Ramesh Sharma,Male,1963-09-10,Madurai,Tamil Nadu,Doctor,1479600.00,2018-12-10
CUST03822,Akash Pawar,Male,1958-05-29,Hyderabad,Telangana,Sales & Marketing Manager,494800.00,2018-06-28
CUST03823,Avani Chatterjee,Female,1983-05-15,Jabalpur,Madhya Pradesh,Lawyer,1747200.00,2020-09-14
CUST03824,Priya Bhat,Female,1998-07-25,Prayagraj,Uttar Pradesh,Doctor,859800.00,2017-03-28
CUST03825,Manish Pawar,Male,1986-03-31,Durg,Chhattisgarh,Consultant,1570100.00,2016-12-19
CUST03826,Atharva Rao,Male,1972-12-18,Bilaspur,Chhattisgarh,Banker,1062600.00,2022-06-12
CUST03827,Meenakshi Patil,Female,1992-04-06,Cuttack,Odisha,Teacher / Professor,548700.00,2021-01-09
CUST03828,Varun Choudhury,Male,1998-05-29,Bhopal,Madhya Pradesh,Healthcare Worker / Nurse,625100.00,2023-06-18
CUST03829,Sunil Verma,Male,1964-03-04,Vijayawada,Andhra Pradesh,Chartered Accountant,1204800.00,2022-01-28
CUST03830,Sneha Sharma,Female,1978-11-26,Jabalpur,Madhya Pradesh,Chartered Accountant,1622300.00,2017-02-08
CUST03831,Rohan Iyer,Male,1983-07-21,Ranchi,Jharkhand,Civil / Mechanical Engineer,1004500.00,2017-09-02
CUST03832,Pranav Shukla,Male,1996-10-05,Nagpur,Maharashtra,Banker,1673300.00,2017-11-08
CUST03833,Shikha Gowda,Female,1980-02-04,Chennai,Tamil Nadu,Government Employee,674000.00,2021-04-21
CUST03834,Mohit Joshi,Male,1968-01-14,Pune,Maharashtra,Software Engineer,1409600.00,2017-04-16
CUST03835,Vivaan Chauhan,Male,1981-04-09,Kota,Rajasthan,Healthcare Worker / Nurse,635700.00,2020-11-12
CUST03836,Divya Patil,Female,1985-10-29,Bhopal,Madhya Pradesh,Healthcare Worker / Nurse,305000.00,2021-05-20
CUST03837,Sachin Gowda,Male,1985-01-15,Kochi,Kerala,Teacher / Professor,860800.00,2020-04-10
CUST03838,Aditya Choudhury,Male,1974-04-29,Siliguri,West Bengal,Civil / Mechanical Engineer,601400.00,2015-06-04
CUST03839,Sonali Pandey,Female,1986-04-23,Siliguri,West Bengal,Civil / Mechanical Engineer,1349500.00,2017-05-19
CUST03840,Sneha Nayak,Female,1956-08-23,Indore,Madhya Pradesh,Banker,1367100.00,2020-10-15
CUST03841,Meenakshi Menon,Female,1965-09-29,Shillong,Meghalaya,Consultant,1050200.00,2015-03-09
CUST03842,Reyansh Kapoor,Male,1958-08-07,Noida,Uttar Pradesh,Healthcare Worker / Nurse,818000.00,2019-11-10
CUST03843,Pari Choudhury,Female,1963-11-18,Lucknow,Uttar Pradesh,Doctor,857900.00,2023-07-05
CUST03844,Harsh Choudhury,Male,1957-11-14,Dehradun,Uttarakhand,Teacher / Professor,683400.00,2019-01-08
CUST03845,Ajay Mishra,Male,2002-08-01,Pune,Maharashtra,Doctor,1994200.00,2020-08-31
CUST03846,Vivaan Dutta,Male,1996-12-17,Bhubaneswar,Odisha,Lawyer,1085100.00,2021-04-24
CUST03847,Shilpa Pillai,Female,1990-02-06,Gwalior,Madhya Pradesh,Business Owner,3893800.00,2019-02-16
CUST03848,Nisha Gowda,Female,1966-10-10,Mumbai,Maharashtra,Software Engineer,2189300.00,2018-02-13
CUST03849,Vivaan Mukherjee,Male,1981-12-04,Nashik,Maharashtra,Healthcare Worker / Nurse,724400.00,2023-11-14
CUST03850,Komal Pandey,Female,1984-06-07,Amritsar,Punjab,Healthcare Worker / Nurse,727200.00,2017-12-18
CUST03851,Payal Gowda,Female,1998-11-02,Gwalior,Madhya Pradesh,Civil / Mechanical Engineer,987800.00,2018-09-18
CUST03852,Riya Chatterjee,Female,2001-04-26,Pune,Maharashtra,Software Engineer,2364600.00,2022-08-27
CUST03853,Nandini Mishra,Female,1957-10-23,Rajkot,Gujarat,Freelancer / Creator,455200.00,2019-03-22
CUST03854,Tanvi Bansal,Female,1998-08-13,Nashik,Maharashtra,Retail Trader,1219300.00,2020-10-19
CUST03855,Ritu Rao,Female,1955-12-05,Siliguri,West Bengal,Healthcare Worker / Nurse,331100.00,2019-04-28
CUST03856,Mayank Tripathi,Male,1989-06-22,Ujjain,Madhya Pradesh,Healthcare Worker / Nurse,350700.00,2023-08-20
CUST03857,Hemant Kulkarni,Male,1974-09-23,Cuttack,Odisha,Banker,1281400.00,2015-12-11
CUST03858,Prerna Mukherjee,Female,1990-07-01,Kota,Rajasthan,Government Employee,1107000.00,2020-08-25
CUST03859,Ishita Patnaik,Female,1971-11-08,Ahmedabad,Gujarat,Civil / Mechanical Engineer,776000.00,2020-04-28
CUST03860,Rahul Bhat,Male,1982-12-01,Agra,Uttar Pradesh,Software Engineer,2301600.00,2023-05-20
CUST03861,Suresh Chatterjee,Male,1960-02-07,Kochi,Kerala,Lawyer,1690300.00,2019-07-09
CUST03862,Sachin Bhat,Male,1956-02-26,Coimbatore,Tamil Nadu,Doctor,1981900.00,2022-07-24
CUST03863,Neha Reddy,Female,1979-11-18,Jabalpur,Madhya Pradesh,Banker,615400.00,2023-01-03
CUST03864,Aarohi Menon,Female,1989-04-29,Panaji,Goa,Government Employee,707900.00,2019-01-03
CUST03865,Naveen Pillai,Male,1959-12-02,Amritsar,Punjab,Banker,818500.00,2019-05-27
CUST03866,Manish Mohanty,Male,2000-10-14,Shillong,Meghalaya,Retired,754700.00,2021-10-15
CUST03867,Nikhil Choudhury,Male,1971-12-22,Shillong,Meghalaya,Government Employee,1152600.00,2022-04-16
CUST03868,Deepak Bansal,Male,1958-01-11,Amritsar,Punjab,Consultant,1198900.00,2017-02-18
CUST03869,Gaurav Choudhury,Male,2002-03-01,Kolkata,West Bengal,Banker,1105500.00,2021-04-02
CUST03870,Vivaan Choudhury,Male,1994-06-20,Kolkata,West Bengal,Banker,1107400.00,2015-11-26
CUST03871,Abhishek Tripathi,Male,1991-01-30,Lucknow,Uttar Pradesh,Doctor,1497600.00,2020-04-13
CUST03872,Pallavi Saikia,Female,1990-06-01,Shillong,Meghalaya,Consultant,740200.00,2015-05-13
CUST03873,Aadhya Chauhan,Female,1986-06-14,Nashik,Maharashtra,Teacher / Professor,688700.00,2023-02-21
CUST03874,Vikram Nayak,Male,1985-02-17,Pune,Maharashtra,Business Owner,2338700.00,2023-12-23
CUST03875,Tarun Gowda,Male,1980-02-26,Pune,Maharashtra,Chartered Accountant,2344800.00,2022-08-04
CUST03876,Venkatesh Gowda,Male,2000-08-12,Jabalpur,Madhya Pradesh,Retired,757700.00,2023-07-21
CUST03877,Aditya Choudhury,Male,1974-06-17,Cuttack,Odisha,Freelancer / Creator,370800.00,2015-09-03
CUST03878,Tanvi Yadav,Female,1960-12-28,Nashik,Maharashtra,Doctor,973100.00,2022-09-24
CUST03879,Shikha Chauhan,Female,1965-12-09,Mumbai,Maharashtra,Doctor,990900.00,2016-02-21
CUST03880,Meera Bansal,Female,1989-11-14,Thiruvananthapuram,Kerala,Banker,1054300.00,2018-07-01
CUST03881,Jyoti Menon,Female,1976-05-14,Patna,Bihar,Lawyer,2028200.00,2019-07-31
CUST03882,Tarun Sharma,Male,1985-11-07,Ujjain,Madhya Pradesh,Consultant,1288000.00,2022-07-12
CUST03883,Aditi Srivastava,Female,1993-08-21,Noida,Uttar Pradesh,Freelancer / Creator,635600.00,2016-06-29
CUST03884,Rajesh Patil,Male,1965-12-22,Noida,Uttar Pradesh,Civil / Mechanical Engineer,1041900.00,2015-10-05
CUST03885,Shaurya Mohanty,Male,1988-07-12,Coimbatore,Tamil Nadu,Software Engineer,1914000.00,2021-06-10
CUST03886,Komal Gowda,Female,1985-06-23,Mumbai,Maharashtra,Government Employee,1322000.00,2022-08-18
CUST03887,Akash Gowda,Male,1992-04-12,Jaipur,Rajasthan,Government Employee,460300.00,2015-10-03
CUST03888,Sai Saxena,Male,1978-12-21,Gurugram,Haryana,Government Employee,933000.00,2020-01-22
CUST03889,Anjali Srivastava,Female,1966-05-16,Mysuru,Karnataka,Sales & Marketing Manager,1293200.00,2020-08-11
CUST03890,Suresh Kapoor,Male,1984-01-28,Amritsar,Punjab,Software Engineer,938400.00,2021-10-16
CUST03891,Reyansh Verma,Male,1955-07-22,Bengaluru,Karnataka,Retired,661000.00,2023-10-13
CUST03892,Pankaj Reddy,Male,1981-05-20,Guwahati,Assam,Retired,673900.00,2022-11-05
CUST03893,Monika Shetty,Female,1983-10-20,Kolkata,West Bengal,Government Employee,505100.00,2016-01-05
CUST03894,Divya Singh,Female,1970-07-21,Hyderabad,Telangana,Software Engineer,854400.00,2020-10-06
CUST03895,Ramesh Shetty,Male,1982-10-01,Lucknow,Uttar Pradesh,Teacher / Professor,528500.00,2021-12-22
CUST03896,Aarti Saxena,Female,1979-08-09,Bengaluru,Karnataka,Freelancer / Creator,407000.00,2021-03-04
CUST03897,Swati Pawar,Female,1964-06-01,Cuttack,Odisha,Civil / Mechanical Engineer,703600.00,2022-08-06
CUST03898,Ananya Nair,Female,1967-12-21,Pune,Maharashtra,Teacher / Professor,1036500.00,2016-03-29
CUST03899,Sanjay Bora,Male,1964-03-31,Kochi,Kerala,Civil / Mechanical Engineer,605500.00,2016-02-02
CUST03900,Tanvi Saxena,Female,1967-05-16,Siliguri,West Bengal,Retired,658200.00,2015-06-18
CUST03901,Neha Saxena,Female,1999-02-19,Nagpur,Maharashtra,Business Owner,1406900.00,2022-11-21
CUST03902,Priya Chatterjee,Female,1993-05-10,Gwalior,Madhya Pradesh,Consultant,2008300.00,2021-06-10
CUST03903,Vikram Bora,Male,1999-09-04,Durg,Chhattisgarh,Retired,350800.00,2015-09-17
CUST03904,Ishaan Malhotra,Male,1991-01-31,Lucknow,Uttar Pradesh,Doctor,1450600.00,2019-07-03
CUST03905,Vikram Kumar,Male,1981-08-07,Ahmedabad,Gujarat,Teacher / Professor,516400.00,2015-08-10
CUST03906,Meera Reddy,Female,2001-03-26,Chandigarh,Punjab,Retail Trader,703400.00,2015-02-12
CUST03907,Akash Kumar,Male,1961-05-11,Chandigarh,Punjab,Consultant,2199700.00,2023-04-21
CUST03908,Mohit Srivastava,Male,1983-07-27,Prayagraj,Uttar Pradesh,Teacher / Professor,621800.00,2019-07-25
CUST03909,Kalyani Gowda,Female,1988-01-26,Mumbai,Maharashtra,Retired,451800.00,2023-10-13
CUST03910,Atharva Patil,Male,1966-05-12,Agra,Uttar Pradesh,Banker,1720400.00,2021-09-15
CUST03911,Ishaan Mehta,Male,1977-01-25,Jabalpur,Madhya Pradesh,Doctor,2856900.00,2023-03-25
CUST03912,Aanya Shetty,Female,1996-07-11,Durg,Chhattisgarh,Banker,1776900.00,2019-04-08
CUST03913,Pari Verma,Female,1999-07-07,Ujjain,Madhya Pradesh,Civil / Mechanical Engineer,1036400.00,2016-10-17
CUST03914,Avani Nayak,Female,1995-12-06,Guwahati,Assam,Chartered Accountant,1451300.00,2020-08-24
CUST03915,Ishita Dutta,Female,1997-08-11,Bhubaneswar,Odisha,Teacher / Professor,1138700.00,2019-07-06
CUST03916,Praveen Pawar,Male,1966-12-18,Agra,Uttar Pradesh,Software Engineer,1552300.00,2022-01-30
CUST03917,Varun Patnaik,Male,1998-06-30,New Delhi,Delhi,Teacher / Professor,833400.00,2016-07-23
CUST03918,Nisha Ghosh,Female,1963-01-02,Bhubaneswar,Odisha,Chartered Accountant,2068100.00,2021-03-07
CUST03919,Aarohi Patnaik,Female,1991-04-12,Agra,Uttar Pradesh,Software Engineer,683900.00,2022-03-28
CUST03920,Shreya Srivastava,Female,1981-08-20,Bhubaneswar,Odisha,Freelancer / Creator,415900.00,2017-02-22
CUST03921,Ayaan Kulkarni,Male,1964-01-03,Lucknow,Uttar Pradesh,Government Employee,768100.00,2023-01-16
CUST03922,Swati Dutta,Female,1970-08-07,Noida,Uttar Pradesh,Freelancer / Creator,1136800.00,2022-01-31
CUST03923,Preeti Verma,Female,1979-06-09,Madurai,Tamil Nadu,Civil / Mechanical Engineer,428700.00,2023-11-16
CUST03924,Priya Choudhury,Female,2002-11-29,Ahmedabad,Gujarat,Healthcare Worker / Nurse,480300.00,2020-05-08
CUST03925,Karthik Mohanty,Male,1965-01-08,Gurugram,Haryana,Freelancer / Creator,821600.00,2017-11-19
CUST03926,Nisha Bansal,Female,1956-09-05,Patna,Bihar,Teacher / Professor,720300.00,2022-09-18
CUST03927,Aditya Gupta,Male,1979-01-14,Bhopal,Madhya Pradesh,Healthcare Worker / Nurse,512700.00,2016-07-05
CUST03928,Kunal Bhatia,Male,1969-10-14,Patna,Bihar,Sales & Marketing Manager,1287200.00,2019-04-10
CUST03929,Dinesh Pawar,Male,1964-03-01,Jaipur,Rajasthan,Business Owner,1862700.00,2015-08-03
CUST03930,Krishna Joshi,Male,1966-06-20,Lucknow,Uttar Pradesh,Doctor,2558600.00,2017-03-03
CUST03931,Aarav Das,Male,1972-09-03,Thiruvananthapuram,Kerala,Lawyer,2006500.00,2015-11-23
CUST03932,Prerna Sharma,Female,1989-10-14,Noida,Uttar Pradesh,Business Owner,1652400.00,2023-07-10
CUST03933,Deepika Agarwal,Female,1966-01-17,Ujjain,Madhya Pradesh,Business Owner,2460400.00,2023-01-20
CUST03934,Anand Singh,Male,1966-04-30,Mysuru,Karnataka,Sales & Marketing Manager,1380200.00,2023-03-14
CUST03935,Alok Reddy,Male,1983-11-18,Amritsar,Punjab,Civil / Mechanical Engineer,639400.00,2019-01-08
CUST03936,Simran Shetty,Female,1973-03-13,Bhopal,Madhya Pradesh,Software Engineer,2076100.00,2018-09-19
CUST03937,Avani Saha,Female,1956-12-12,Bhubaneswar,Odisha,Software Engineer,2054100.00,2017-11-13
CUST03938,Richa Agarwal,Female,1977-08-15,Ranchi,Jharkhand,Freelancer / Creator,993200.00,2023-12-20
CUST03939,Dinesh Saha,Male,1993-09-01,Bengaluru,Karnataka,Teacher / Professor,1008200.00,2022-06-06
CUST03940,Atharva Nair,Male,1970-04-08,Bilaspur,Chhattisgarh,Civil / Mechanical Engineer,1301100.00,2023-07-11
CUST03941,Archana Iyengar,Female,1994-02-26,Surat,Gujarat,Business Owner,646100.00,2020-09-19
CUST03942,Naveen Saxena,Male,1957-01-30,Jabalpur,Madhya Pradesh,Healthcare Worker / Nurse,553400.00,2019-08-05
CUST03943,Shikha Verma,Female,1963-12-09,Thiruvananthapuram,Kerala,Teacher / Professor,1031500.00,2017-06-15
CUST03944,Ramesh Pradhan,Male,1985-09-10,Mumbai,Maharashtra,Healthcare Worker / Nurse,644900.00,2018-10-03
CUST03945,Amit Tripathi,Male,1963-03-21,Lucknow,Uttar Pradesh,Sales & Marketing Manager,820700.00,2018-11-12
CUST03946,Kalyani Pandey,Female,1964-08-14,Bengaluru,Karnataka,Retired,551500.00,2021-12-25
CUST03947,Akash Patnaik,Male,1974-02-10,Lucknow,Uttar Pradesh,Lawyer,628700.00,2022-02-18
CUST03948,Harsh Bhat,Male,1960-04-11,Rajkot,Gujarat,Sales & Marketing Manager,821700.00,2016-05-07
CUST03949,Pallavi Deshmukh,Female,1963-08-19,Bhubaneswar,Odisha,Banker,834300.00,2017-07-06
CUST03950,Venkatesh Tripathi,Male,1983-05-26,Prayagraj,Uttar Pradesh,Teacher / Professor,1011900.00,2019-11-21
CUST03951,Ayaan Pawar,Male,1977-11-18,Ranchi,Jharkhand,Consultant,1311500.00,2023-02-07
CUST03952,Vihaan Chauhan,Male,1990-01-03,Durg,Chhattisgarh,Civil / Mechanical Engineer,1218200.00,2015-09-07
CUST03953,Preeti Iyer,Female,2001-05-19,Kota,Rajasthan,Freelancer / Creator,594600.00,2020-05-01
CUST03954,Ishita Pillai,Female,1986-04-18,Amritsar,Punjab,Civil / Mechanical Engineer,680800.00,2021-01-26
CUST03955,Anjali Chatterjee,Female,1960-08-28,Bengaluru,Karnataka,Sales & Marketing Manager,888800.00,2021-03-16
CUST03956,Devendra Agarwal,Male,1986-11-20,Indore,Madhya Pradesh,Freelancer / Creator,344400.00,2015-12-06
CUST03957,Shikha Patel,Female,1986-06-27,Kochi,Kerala,Business Owner,3685000.00,2021-03-17
CUST03958,Rajesh Reddy,Male,1975-02-28,Surat,Gujarat,Retail Trader,1363300.00,2019-06-23
CUST03959,Vijay Bhatia,Male,1997-01-05,Mumbai,Maharashtra,Government Employee,699800.00,2015-03-06
CUST03960,Sumit Kulkarni,Male,1978-06-11,Shillong,Meghalaya,Retired,518700.00,2017-12-30
CUST03961,Preeti Ghosh,Female,1959-04-22,Bhubaneswar,Odisha,Chartered Accountant,786500.00,2018-09-24
CUST03962,Preeti Mohanty,Female,1983-08-16,Cuttack,Odisha,Doctor,1035600.00,2022-09-30
CUST03963,Harsh Tripathi,Male,1976-11-16,Durg,Chhattisgarh,Lawyer,2351000.00,2016-09-20
CUST03964,Divya Nayak,Female,2001-04-05,Lucknow,Uttar Pradesh,Retired,740600.00,2019-01-03
CUST03965,Sonal Mukherjee,Female,1961-03-12,Siliguri,West Bengal,Business Owner,3513100.00,2022-07-21
CUST03966,Rajesh Mishra,Male,1968-04-20,Lucknow,Uttar Pradesh,Retired,379400.00,2017-01-17
CUST03967,Rahul Patil,Male,1979-12-10,Kolkata,West Bengal,Lawyer,1524000.00,2018-03-27
CUST03968,Saanvi Menon,Female,1967-08-23,Prayagraj,Uttar Pradesh,Healthcare Worker / Nurse,313400.00,2020-05-22
CUST03969,Pari Saha,Female,1966-07-10,Cuttack,Odisha,Doctor,2135700.00,2015-09-22
CUST03970,Alok Shukla,Male,1999-04-14,Cuttack,Odisha,Lawyer,1876000.00,2018-05-09
CUST03971,Anand Patil,Male,1993-01-09,Kochi,Kerala,Lawyer,700600.00,2018-02-02
CUST03972,Priya Agarwal,Female,1960-02-26,Ranchi,Jharkhand,Retail Trader,1090700.00,2022-06-08
CUST03973,Ramesh Menon,Male,1974-11-21,Ahmedabad,Gujarat,Banker,1514200.00,2021-07-13
CUST03974,Jyoti Verma,Female,1980-01-16,Vijayawada,Andhra Pradesh,Freelancer / Creator,851500.00,2022-04-10
CUST03975,Anjali Ghosh,Female,1984-03-09,Prayagraj,Uttar Pradesh,Banker,1198200.00,2022-05-16
CUST03976,Rajesh Shetty,Male,1967-04-03,Agra,Uttar Pradesh,Freelancer / Creator,302400.00,2021-07-12
CUST03977,Mohit Mehta,Male,1971-12-06,Gwalior,Madhya Pradesh,Business Owner,1544600.00,2016-04-06
CUST03978,Alok Yadav,Male,1973-11-05,Kanpur,Uttar Pradesh,Software Engineer,1795200.00,2016-03-25
CUST03979,Rajesh Mukherjee,Male,1986-11-07,Aurangabad,Maharashtra,Healthcare Worker / Nurse,437200.00,2018-03-24
CUST03980,Deepika Rao,Female,1961-05-26,Raipur,Chhattisgarh,Government Employee,1163700.00,2020-06-04
CUST03981,Sanjay Shukla,Male,1973-10-18,Pune,Maharashtra,Banker,830900.00,2017-07-03
CUST03982,Pankaj Pradhan,Male,1962-10-25,Vijayawada,Andhra Pradesh,Doctor,1665700.00,2018-09-08
CUST03983,Divya Kapoor,Female,1989-08-18,Raipur,Chhattisgarh,Teacher / Professor,478900.00,2016-08-15
CUST03984,Alok Tripathi,Male,1968-06-21,Prayagraj,Uttar Pradesh,Lawyer,1999800.00,2023-10-24
CUST03985,Rashmi Bhatia,Female,1955-08-29,Vijayawada,Andhra Pradesh,Healthcare Worker / Nurse,592700.00,2020-08-16
CUST03986,Venkatesh Hegde,Male,2001-04-13,Ranchi,Jharkhand,Retail Trader,1395400.00,2022-01-16
CUST03987,Aarti Iyer,Female,1977-04-07,Visakhapatnam,Andhra Pradesh,Business Owner,3095800.00,2022-05-07
CUST03988,Nisha Chatterjee,Female,1975-07-01,Vijayawada,Andhra Pradesh,Software Engineer,1437000.00,2017-10-27
CUST03989,Sumit Menon,Male,1963-05-13,Mysuru,Karnataka,Freelancer / Creator,1181200.00,2022-07-05
CUST03990,Sonal Mohanty,Female,1988-02-03,Kanpur,Uttar Pradesh,Civil / Mechanical Engineer,749300.00,2018-08-01
CUST03991,Aditya Agarwal,Male,1958-03-13,Bhubaneswar,Odisha,Government Employee,810100.00,2023-08-06
CUST03992,Ayaan Kapoor,Male,2002-03-26,Durgapur,West Bengal,Healthcare Worker / Nurse,533000.00,2015-03-21
CUST03993,Sanjay Pawar,Male,1960-06-15,Raipur,Chhattisgarh,Healthcare Worker / Nurse,323600.00,2016-03-05
CUST03994,Aditya Bhat,Male,1973-09-11,Indore,Madhya Pradesh,Government Employee,1032100.00,2020-06-25
CUST03995,Dinesh Patil,Male,1991-10-04,Mumbai,Maharashtra,Teacher / Professor,927900.00,2019-06-18
CUST03996,Ishita Deshmukh,Female,1955-12-27,Jamshedpur,Jharkhand,Retail Trader,1247700.00,2022-06-15
CUST03997,Sumit Gowda,Male,1974-12-08,Jabalpur,Madhya Pradesh,Business Owner,1735300.00,2017-03-21
CUST03998,Komal Rao,Female,1979-07-22,Ahmedabad,Gujarat,Freelancer / Creator,774500.00,2019-07-28
CUST03999,Vihaan Kapoor,Male,1995-04-24,Guwahati,Assam,Civil / Mechanical Engineer,614400.00,2023-09-27
CUST04000,Rahul Reddy,Male,1981-05-08,Kota,Rajasthan,Business Owner,2642300.00,2015-11-01
CUST04001,Vihaan Patil,Male,1974-01-24,Bengaluru,Karnataka,Sales & Marketing Manager,1180500.00,2021-11-21
CUST04002,Karthik Dutta,Male,1989-01-22,Kolkata,West Bengal,Freelancer / Creator,994700.00,2021-05-14
CUST04003,Ashish Singh,Male,1959-02-14,Ranchi,Jharkhand,Software Engineer,952800.00,2023-08-11
CUST04004,Vandana Sharma,Female,1961-06-05,Aurangabad,Maharashtra,Lawyer,1941800.00,2019-01-31
CUST04005,Meenakshi Shukla,Female,1968-04-13,Nagpur,Maharashtra,Healthcare Worker / Nurse,315100.00,2016-12-14
CUST04006,Swati Pillai,Female,1960-12-01,Visakhapatnam,Andhra Pradesh,Retired,664700.00,2021-08-18
CUST04007,Kalyani Saikia,Female,1999-04-20,Patna,Bihar,Healthcare Worker / Nurse,758200.00,2019-05-18
CUST04008,Sumit Gupta,Male,1998-04-28,Jabalpur,Madhya Pradesh,Chartered Accountant,2422400.00,2023-12-08
CUST04009,Ananya Choudhury,Female,1962-07-30,Bengaluru,Karnataka,Teacher / Professor,1086700.00,2019-03-27
CUST04010,Reyansh Yadav,Male,1971-08-07,Guwahati,Assam,Consultant,1899300.00,2016-08-24
CUST04011,Prerna Chatterjee,Female,1978-01-19,Panaji,Goa,Government Employee,1092100.00,2018-01-22
CUST04012,Alok Mohanty,Male,1990-03-31,Surat,Gujarat,Lawyer,2137900.00,2018-02-21
CUST04013,Arjun Deshmukh,Male,1970-05-13,Prayagraj,Uttar Pradesh,Freelancer / Creator,779100.00,2023-07-29
CUST04014,Swati Kumar,Female,1989-12-18,Panaji,Goa,Business Owner,2289200.00,2015-03-16
CUST04015,Ishita Mehta,Female,1989-09-22,Indore,Madhya Pradesh,Lawyer,1579700.00,2022-09-27
CUST04016,Lakshmi Pradhan,Female,1975-10-12,Vijayawada,Andhra Pradesh,Retail Trader,464700.00,2023-09-25
CUST04017,Komal Kumar,Female,1986-12-18,Raipur,Chhattisgarh,Chartered Accountant,998500.00,2015-11-02
CUST04018,Harsh Rao,Male,1991-02-27,Mumbai,Maharashtra,Government Employee,1472300.00,2016-02-04
CUST04019,Abhishek Nair,Male,1969-03-17,Nagpur,Maharashtra,Software Engineer,952100.00,2020-09-12
CUST04020,Ashish Hegde,Male,1984-11-04,Kolkata,West Bengal,Software Engineer,1918200.00,2015-02-13
CUST04021,Vandana Saha,Female,1972-11-21,Dehradun,Uttarakhand,Civil / Mechanical Engineer,637200.00,2020-03-19
CUST04022,Vijay Patil,Male,1980-06-29,Kolkata,West Bengal,Banker,1350500.00,2022-09-23
CUST04023,Nisha Shetty,Female,1992-05-13,Bhubaneswar,Odisha,Chartered Accountant,775200.00,2021-02-12
CUST04024,Harsh Hegde,Male,1968-06-05,Raipur,Chhattisgarh,Government Employee,513300.00,2019-05-17
CUST04025,Kavita Patel,Female,1988-07-23,Bengaluru,Karnataka,Banker,1598400.00,2022-05-04
CUST04026,Karthik Choudhury,Male,1963-11-24,Aurangabad,Maharashtra,Government Employee,520100.00,2021-11-15
CUST04027,Aditya Mishra,Male,1957-07-16,Kota,Rajasthan,Business Owner,2632300.00,2015-03-25
CUST04028,Suresh Chauhan,Male,2000-09-15,Ujjain,Madhya Pradesh,Freelancer / Creator,975600.00,2022-03-27
CUST04029,Anand Joshi,Male,1981-07-28,Kanpur,Uttar Pradesh,Freelancer / Creator,1165200.00,2020-01-20
CUST04030,Riya Srivastava,Female,1998-12-22,Siliguri,West Bengal,Consultant,804800.00,2019-06-15
CUST04031,Ishita Yadav,Female,1977-11-06,New Delhi,Delhi,Sales & Marketing Manager,768900.00,2016-04-27
CUST04032,Sunita Singh,Female,1965-02-24,Bhopal,Madhya Pradesh,Retired,499000.00,2016-07-21
CUST04033,Swati Nair,Female,1978-06-30,Amritsar,Punjab,Chartered Accountant,903500.00,2021-05-29
CUST04034,Richa Verma,Female,1967-10-13,Aurangabad,Maharashtra,Teacher / Professor,1023800.00,2020-10-07
CUST04035,Sachin Reddy,Male,1990-12-25,Guwahati,Assam,Business Owner,3146000.00,2018-05-05
CUST04036,Mohit Ghosh,Male,1998-06-29,Nashik,Maharashtra,Teacher / Professor,731300.00,2018-08-29
CUST04037,Jyoti Chatterjee,Female,1982-02-22,Nagpur,Maharashtra,Consultant,987400.00,2022-09-28
CUST04038,Riya Verma,Female,1993-05-21,Vijayawada,Andhra Pradesh,Software Engineer,2233200.00,2023-08-01
CUST04039,Akash Rao,Male,1991-05-18,Cuttack,Odisha,Teacher / Professor,662500.00,2022-02-13
CUST04040,Jyoti Chauhan,Female,1966-06-25,Coimbatore,Tamil Nadu,Teacher / Professor,1036800.00,2021-10-05
CUST04041,Nikhil Bhatia,Male,1997-10-26,Gwalior,Madhya Pradesh,Software Engineer,946000.00,2018-11-15
CUST04042,Abhishek Mehta,Male,1967-01-27,Jaipur,Rajasthan,Chartered Accountant,1156600.00,2022-11-01
CUST04043,Rajesh Kumar,Male,1978-02-22,Guwahati,Assam,Retail Trader,616600.00,2022-02-12
CUST04044,Sonali Mishra,Female,1990-03-01,Panaji,Goa,Banker,1226200.00,2016-04-17
CUST04045,Bhavna Bora,Female,1977-11-09,Aurangabad,Maharashtra,Healthcare Worker / Nurse,700300.00,2015-09-06
CUST04046,Ramesh Reddy,Male,1984-01-16,Indore,Madhya Pradesh,Healthcare Worker / Nurse,728600.00,2021-08-01
CUST04047,Bhavna Dutta,Female,1962-07-24,Coimbatore,Tamil Nadu,Healthcare Worker / Nurse,348000.00,2023-07-21
CUST04048,Vikram Patel,Male,1989-03-08,Chennai,Tamil Nadu,Government Employee,1038200.00,2019-09-18
CUST04049,Sonal Pradhan,Female,1975-01-12,Kota,Rajasthan,Sales & Marketing Manager,1480600.00,2017-12-17
CUST04050,Swati Deshmukh,Female,2003-01-28,Guwahati,Assam,Government Employee,1386600.00,2015-06-26
CUST04051,Radha Menon,Female,1957-03-12,Kanpur,Uttar Pradesh,Civil / Mechanical Engineer,492700.00,2018-11-11
CUST04052,Rajesh Banerjee,Male,1992-10-27,Chandigarh,Punjab,Sales & Marketing Manager,1133500.00,2021-07-18
CUST04053,Divya Yadav,Female,1958-01-29,Kolkata,West Bengal,Banker,1581500.00,2016-03-06
CUST04054,Pranav Chauhan,Male,1972-12-13,Vijayawada,Andhra Pradesh,Retired,524800.00,2018-04-02
CUST04055,Rashmi Shetty,Female,1981-11-07,Agra,Uttar Pradesh,Civil / Mechanical Engineer,965300.00,2020-02-11
CUST04056,Praveen Dutta,Male,1967-03-16,Madurai,Tamil Nadu,Civil / Mechanical Engineer,737900.00,2022-08-18
CUST04057,Rahul Yadav,Male,2002-08-24,Patna,Bihar,Government Employee,1452300.00,2019-04-07
CUST04058,Sanjay Nayak,Male,1977-06-26,Rajkot,Gujarat,Banker,1440600.00,2023-03-05
CUST04059,Pallavi Patnaik,Female,1977-05-28,Kochi,Kerala,Civil / Mechanical Engineer,532200.00,2019-08-06
CUST04060,Jyoti Patel,Female,1963-11-17,Panaji,Goa,Retired,528100.00,2021-09-07
CUST04061,Aditya Bora,Male,1962-03-18,Cuttack,Odisha,Consultant,2034300.00,2019-07-23
CUST04062,Amit Bhatia,Male,1973-09-03,Chennai,Tamil Nadu,Retired,672700.00,2023-07-06
CUST04063,Ananya Saha,Female,1998-06-03,Panaji,Goa,Retail Trader,624100.00,2019-01-04
CUST04064,Kunal Patil,Male,1977-04-04,Chennai,Tamil Nadu,Lawyer,2085900.00,2019-07-25
CUST04065,Pankaj Nair,Male,1985-03-20,Bengaluru,Karnataka,Business Owner,1174100.00,2023-09-15
CUST04066,Ishaan Iyengar,Male,1963-09-03,Coimbatore,Tamil Nadu,Government Employee,707900.00,2015-04-03
CUST04067,Kalyani Verma,Female,1978-09-15,Mysuru,Karnataka,Freelancer / Creator,503900.00,2015-01-10
CUST04068,Sanjay Mukherjee,Male,1995-03-26,Pune,Maharashtra,Sales & Marketing Manager,1068300.00,2019-05-24
CUST04069,Krishna Patil,Male,1984-05-15,Amritsar,Punjab,Civil / Mechanical Engineer,743600.00,2020-05-29
CUST04070,Aarohi Patel,Female,1979-02-16,Mysuru,Karnataka,Civil / Mechanical Engineer,1285800.00,2021-03-26
CUST04071,Akash Malhotra,Male,1982-02-26,Dehradun,Uttarakhand,Doctor,2916100.00,2022-01-31
CUST04072,Archana Sharma,Female,1987-04-07,Surat,Gujarat,Teacher / Professor,1168600.00,2016-08-09
CUST04073,Aarav Mishra,Male,1987-11-16,Nashik,Maharashtra,Retail Trader,1492400.00,2016-06-24
CUST04074,Vivaan Malhotra,Male,1967-11-26,Siliguri,West Bengal,Civil / Mechanical Engineer,1037500.00,2020-01-04
CUST04075,Vivaan Dutta,Male,1992-06-09,Coimbatore,Tamil Nadu,Freelancer / Creator,831100.00,2016-06-16
CUST04076,Vikram Singh,Male,1973-06-14,Lucknow,Uttar Pradesh,Consultant,2151700.00,2018-08-28
CUST04077,Venkatesh Iyengar,Male,1965-09-09,Raipur,Chhattisgarh,Chartered Accountant,1671900.00,2020-04-17
CUST04078,Ashish Malhotra,Male,1992-10-09,Bhubaneswar,Odisha,Business Owner,3392300.00,2022-11-05
CUST04079,Shaurya Chatterjee,Male,1966-12-28,Nashik,Maharashtra,Chartered Accountant,1737300.00,2016-04-08
CUST04080,Tarun Chauhan,Male,1978-01-24,Vijayawada,Andhra Pradesh,Doctor,1739600.00,2017-08-18
CUST04081,Atharva Saxena,Male,1967-10-15,New Delhi,Delhi,Sales & Marketing Manager,455200.00,2018-08-20
CUST04082,Aditya Pillai,Male,1969-10-25,Vijayawada,Andhra Pradesh,Teacher / Professor,932100.00,2016-09-06
CUST04083,Ishita Dutta,Female,1992-07-06,Indore,Madhya Pradesh,Retail Trader,354200.00,2023-02-10
CUST04084,Divya Chatterjee,Female,1980-02-12,Jaipur,Rajasthan,Banker,858100.00,2020-08-02
CUST04085,Vandana Mohanty,Female,1999-06-03,Thiruvananthapuram,Kerala,Banker,1039600.00,2020-03-25
CUST04086,Vijay Verma,Male,1996-12-31,Bengaluru,Karnataka,Banker,1385200.00,2021-05-28
CUST04087,Ramesh Nair,Male,2000-03-05,Ujjain,Madhya Pradesh,Banker,572000.00,2020-12-29
CUST04088,Swati Banerjee,Female,1955-09-27,Hyderabad,Telangana,Business Owner,546900.00,2019-03-06
CUST04089,Nikhil Kulkarni,Male,1987-07-14,Siliguri,West Bengal,Business Owner,1892600.00,2022-12-06
CUST04090,Meenakshi Mehta,Female,1998-02-19,Pune,Maharashtra,Sales & Marketing Manager,1574500.00,2016-09-20
CUST04091,Karthik Bhatia,Male,1999-02-14,Durg,Chhattisgarh,Lawyer,1563000.00,2020-08-10
CUST04092,Prerna Ghosh,Female,1974-06-28,Dehradun,Uttarakhand,Teacher / Professor,387600.00,2016-03-13
CUST04093,Nikhil Patil,Male,1972-07-24,Amritsar,Punjab,Software Engineer,1711400.00,2018-12-06
CUST04094,Krishna Patel,Male,1995-09-17,Agra,Uttar Pradesh,Civil / Mechanical Engineer,1123800.00,2018-12-16
CUST04095,Amit Patnaik,Male,1993-09-15,Panaji,Goa,Healthcare Worker / Nurse,302300.00,2018-01-05
CUST04096,Rohan Bora,Male,1972-09-05,Pune,Maharashtra,Civil / Mechanical Engineer,561500.00,2016-02-27
CUST04097,Devendra Shukla,Male,1983-04-29,Jaipur,Rajasthan,Banker,1595000.00,2023-12-30
CUST04098,Lakshmi Kumar,Female,1984-08-28,Bengaluru,Karnataka,Software Engineer,2227300.00,2020-03-26
CUST04099,Gaurav Chatterjee,Male,1959-05-06,Vijayawada,Andhra Pradesh,Retired,391800.00,2021-04-18
CUST04100,Sunita Yadav,Female,1977-04-11,Nagpur,Maharashtra,Chartered Accountant,1322500.00,2015-11-23
CUST04101,Akash Rao,Male,1959-05-27,Chennai,Tamil Nadu,Government Employee,1118400.00,2023-11-17
CUST04102,Sonal Menon,Female,1987-08-05,Rajkot,Gujarat,Freelancer / Creator,1010500.00,2020-05-20
CUST04103,Hemant Choudhury,Male,1984-03-25,Bhopal,Madhya Pradesh,Government Employee,617300.00,2018-11-04
CUST04104,Prerna Kapoor,Female,1969-10-21,Bengaluru,Karnataka,Consultant,2160500.00,2019-03-22
CUST04105,Ayaan Pandey,Male,1978-01-25,Coimbatore,Tamil Nadu,Retired,559300.00,2022-08-02
CUST04106,Pooja Pawar,Female,1967-06-07,Kota,Rajasthan,Retail Trader,610400.00,2020-12-27
CUST04107,Pallavi Banerjee,Female,1995-02-01,Kolkata,West Bengal,Consultant,1989400.00,2015-07-27
CUST04108,Sonal Mehta,Female,1967-02-05,New Delhi,Delhi,Consultant,752000.00,2022-11-03
CUST04109,Amit Malhotra,Male,1977-04-27,Madurai,Tamil Nadu,Retired,383900.00,2019-04-14
CUST04110,Radha Joshi,Female,1994-12-26,Mysuru,Karnataka,Consultant,888400.00,2015-05-16
CUST04111,Sachin Reddy,Male,1999-08-31,Kota,Rajasthan,Doctor,2379200.00,2018-01-04
CUST04112,Nisha Mehta,Female,1996-07-19,Pune,Maharashtra,Chartered Accountant,1540200.00,2016-03-21
CUST04113,Riya Bora,Female,1974-03-29,Chennai,Tamil Nadu,Banker,904000.00,2015-09-27
CUST04114,Rajesh Shetty,Male,1967-06-25,New Delhi,Delhi,Lawyer,631600.00,2017-12-25
CUST04115,Mohit Reddy,Male,1990-01-14,Shillong,Meghalaya,Civil / Mechanical Engineer,1385100.00,2018-01-22
CUST04116,Anand Nair,Male,1992-09-10,Guwahati,Assam,Lawyer,984700.00,2023-11-26
CUST04117,Pallavi Bora,Female,1982-08-20,Nashik,Maharashtra,Lawyer,1330900.00,2022-10-11
CUST04118,Pranav Kumar,Male,1981-02-24,Durgapur,West Bengal,Software Engineer,2021400.00,2016-11-11
CUST04119,Shaurya Nayak,Male,1983-11-05,Ujjain,Madhya Pradesh,Retail Trader,621700.00,2018-08-21
CUST04120,Ajay Iyer,Male,1993-08-26,Cuttack,Odisha,Software Engineer,1634400.00,2022-11-20
CUST04121,Aarohi Gowda,Female,1983-11-11,Nashik,Maharashtra,Doctor,2702300.00,2022-03-26
CUST04122,Ishaan Menon,Male,1970-10-24,Visakhapatnam,Andhra Pradesh,Healthcare Worker / Nurse,742500.00,2018-08-23
CUST04123,Tarun Mehta,Male,1958-02-06,Chennai,Tamil Nadu,Lawyer,997200.00,2019-06-29
CUST04124,Garima Kulkarni,Female,1957-05-31,Durg,Chhattisgarh,Banker,1075700.00,2019-01-29
CUST04125,Shreya Chauhan,Female,1988-08-17,Hyderabad,Telangana,Government Employee,1451600.00,2022-09-02
CUST04126,Sumit Verma,Male,1986-01-19,Kochi,Kerala,Freelancer / Creator,1000100.00,2021-08-13
CUST04127,Radha Tripathi,Female,1991-10-12,Kolkata,West Bengal,Civil / Mechanical Engineer,1093900.00,2018-10-01
CUST04128,Vikram Bansal,Male,1997-03-10,Visakhapatnam,Andhra Pradesh,Software Engineer,2281700.00,2017-08-10
CUST04129,Vikram Ghosh,Male,1960-03-16,Chandigarh,Punjab,Chartered Accountant,2474400.00,2019-09-30
CUST04130,Atharva Kulkarni,Male,1984-10-31,Mysuru,Karnataka,Software Engineer,1740400.00,2021-01-15
CUST04131,Manoj Kapoor,Male,1993-06-03,Visakhapatnam,Andhra Pradesh,Business Owner,1713900.00,2018-08-20
CUST04132,Preeti Mehta,Female,1995-02-24,Amritsar,Punjab,Teacher / Professor,431500.00,2015-04-27
CUST04133,Sai Shukla,Male,1981-01-16,Guwahati,Assam,Healthcare Worker / Nurse,599200.00,2021-08-04
CUST04134,Shreya Ghosh,Female,1959-06-05,Thiruvananthapuram,Kerala,Chartered Accountant,974200.00,2022-04-06
CUST04135,Shilpa Chatterjee,Female,1981-12-12,Vijayawada,Andhra Pradesh,Doctor,973100.00,2021-12-17
CUST04136,Alok Kumar,Male,1995-01-18,Coimbatore,Tamil Nadu,Civil / Mechanical Engineer,1200800.00,2015-05-26
CUST04137,Aarti Agarwal,Female,1998-09-04,Lucknow,Uttar Pradesh,Healthcare Worker / Nurse,449700.00,2023-03-21
CUST04138,Rashmi Verma,Female,1981-03-09,Ujjain,Madhya Pradesh,Freelancer / Creator,579100.00,2017-11-06
CUST04139,Ananya Pawar,Female,1957-11-03,Kanpur,Uttar Pradesh,Teacher / Professor,938200.00,2023-06-26
CUST04140,Nikhil Deshmukh,Male,1977-11-22,Coimbatore,Tamil Nadu,Chartered Accountant,2425800.00,2022-01-31
CUST04141,Shreya Shetty,Female,1988-06-22,Rajkot,Gujarat,Doctor,2439000.00,2016-07-03
CUST04142,Ananya Saha,Female,1960-09-30,Raipur,Chhattisgarh,Teacher / Professor,1108000.00,2023-01-12
CUST04143,Manish Joshi,Male,2003-07-01,Aurangabad,Maharashtra,Banker,1721400.00,2018-07-04
CUST04144,Ishaan Mehta,Male,1982-08-25,Siliguri,West Bengal,Lawyer,1270800.00,2019-01-08
CUST04145,Monika Patil,Female,1974-11-08,Jaipur,Rajasthan,Government Employee,608800.00,2017-06-02
CUST04146,Meenakshi Verma,Female,1971-06-10,Durg,Chhattisgarh,Retail Trader,1031800.00,2016-03-23
CUST04147,Deepak Bora,Male,1977-05-13,Chandigarh,Punjab,Freelancer / Creator,494900.00,2016-09-01
CUST04148,Mayank Agarwal,Male,1970-09-19,Dehradun,Uttarakhand,Civil / Mechanical Engineer,993900.00,2015-06-06
CUST04149,Karthik Saha,Male,1995-12-16,Visakhapatnam,Andhra Pradesh,Civil / Mechanical Engineer,923000.00,2019-07-28
CUST04150,Jyoti Patnaik,Female,1969-01-02,Lucknow,Uttar Pradesh,Civil / Mechanical Engineer,1217300.00,2018-12-17
CUST04151,Garima Patel,Female,1980-08-14,Gurugram,Haryana,Lawyer,1682400.00,2018-09-30
CUST04152,Richa Srivastava,Female,1969-04-10,Nagpur,Maharashtra,Sales & Marketing Manager,652500.00,2015-05-21
CUST04153,Ishaan Patnaik,Male,1972-04-11,New Delhi,Delhi,Freelancer / Creator,874500.00,2021-03-19
CUST04154,Tarun Banerjee,Male,1975-04-13,Bhopal,Madhya Pradesh,Business Owner,2103400.00,2018-12-11
CUST04155,Vivaan Kapoor,Male,1970-03-09,Ujjain,Madhya Pradesh,Freelancer / Creator,940700.00,2015-04-28
CUST04156,Kavita Mehta,Female,1977-08-26,Panaji,Goa,Retired,560200.00,2021-09-17
CUST04157,Ritu Shukla,Female,1996-08-07,Mysuru,Karnataka,Teacher / Professor,1180400.00,2021-10-24
CUST04158,Venkatesh Kapoor,Male,1998-02-18,Nagpur,Maharashtra,Sales & Marketing Manager,753000.00,2015-05-25
CUST04159,Aditi Agarwal,Female,1970-11-30,Panaji,Goa,Teacher / Professor,408100.00,2021-04-17
CUST04160,Nikhil Gupta,Male,1997-11-26,Vijayawada,Andhra Pradesh,Teacher / Professor,716400.00,2018-12-09
CUST04161,Divya Hegde,Female,1990-01-27,Visakhapatnam,Andhra Pradesh,Retired,675200.00,2020-08-25
CUST04162,Devendra Mukherjee,Male,1975-03-16,Jamshedpur,Jharkhand,Retired,373300.00,2023-01-27
CUST04163,Sanjay Agarwal,Male,1980-11-24,Pune,Maharashtra,Retail Trader,1259700.00,2017-09-10
CUST04164,Kalyani Malhotra,Female,1973-02-28,Noida,Uttar Pradesh,Lawyer,900100.00,2019-03-31
CUST04165,Kunal Malhotra,Male,1996-09-01,Bengaluru,Karnataka,Healthcare Worker / Nurse,549400.00,2019-03-01
CUST04166,Pranav Dutta,Male,1994-06-25,Dehradun,Uttarakhand,Chartered Accountant,1172700.00,2015-08-24
CUST04167,Alok Banerjee,Male,1982-01-18,Noida,Uttar Pradesh,Lawyer,615600.00,2018-11-02
CUST04168,Aditya Bansal,Male,1956-06-12,Raipur,Chhattisgarh,Consultant,1558500.00,2021-03-05
CUST04169,Ritu Bhatia,Female,1977-08-12,Aurangabad,Maharashtra,Business Owner,2321500.00,2020-05-13
CUST04170,Praveen Gupta,Male,1978-03-14,New Delhi,Delhi,Business Owner,3294200.00,2023-08-28
CUST04171,Harsh Reddy,Male,1961-06-01,Noida,Uttar Pradesh,Software Engineer,1644500.00,2018-04-07
CUST04172,Shaurya Pawar,Male,1983-08-19,Coimbatore,Tamil Nadu,Software Engineer,1485100.00,2023-01-03
CUST04173,Abhishek Chauhan,Male,1966-08-06,Nashik,Maharashtra,Teacher / Professor,1191800.00,2019-08-20
CUST04174,Ishita Bansal,Female,1963-10-20,Gwalior,Madhya Pradesh,Business Owner,1757300.00,2020-11-07
CUST04175,Aditi Nair,Female,1994-01-10,Agra,Uttar Pradesh,Sales & Marketing Manager,1344700.00,2022-02-01
CUST04176,Aarav Nair,Male,1995-02-24,Gurugram,Haryana,Chartered Accountant,1104000.00,2018-03-21
CUST04177,Praveen Nayak,Male,1973-11-12,Dehradun,Uttarakhand,Chartered Accountant,1347000.00,2022-05-24
CUST04178,Varun Nayak,Male,2001-02-17,Dehradun,Uttarakhand,Retired,558300.00,2022-01-20
CUST04179,Mayank Sharma,Male,1982-05-27,Nashik,Maharashtra,Banker,1060800.00,2022-12-16
CUST04180,Ayaan Pillai,Male,1989-09-08,Amritsar,Punjab,Sales & Marketing Manager,1056300.00,2018-04-18
CUST04181,Komal Ghosh,Female,1964-06-13,Jamshedpur,Jharkhand,Civil / Mechanical Engineer,781600.00,2017-03-04
CUST04182,Manish Joshi,Male,1972-12-13,Shillong,Meghalaya,Teacher / Professor,1054800.00,2018-02-28
CUST04183,Ishaan Sharma,Male,1994-04-11,Mysuru,Karnataka,Freelancer / Creator,799800.00,2017-10-25
CUST04184,Karthik Iyer,Male,1957-05-26,Visakhapatnam,Andhra Pradesh,Healthcare Worker / Nurse,576900.00,2020-03-07
CUST04185,Alok Patel,Male,1989-05-25,Kanpur,Uttar Pradesh,Retired,566500.00,2022-10-19
CUST04186,Sunil Bhat,Male,1962-09-04,Kanpur,Uttar Pradesh,Retired,431800.00,2016-05-12
CUST04187,Sunita Saha,Female,1966-12-04,New Delhi,Delhi,Banker,610900.00,2017-12-16
CUST04188,Sai Bansal,Male,1967-04-29,Dehradun,Uttarakhand,Healthcare Worker / Nurse,648100.00,2023-12-20
CUST04189,Sonal Mishra,Female,1978-07-30,Jabalpur,Madhya Pradesh,Consultant,871700.00,2018-05-29
CUST04190,Monika Srivastava,Female,1967-07-24,Prayagraj,Uttar Pradesh,Business Owner,1513100.00,2015-07-05
CUST04191,Sai Das,Male,1998-03-22,Kota,Rajasthan,Doctor,1934500.00,2016-03-30
CUST04192,Payal Ghosh,Female,1997-01-23,New Delhi,Delhi,Teacher / Professor,1133400.00,2022-10-27
CUST04193,Pooja Mishra,Female,1963-05-03,Panaji,Goa,Healthcare Worker / Nurse,652300.00,2015-01-10
CUST04194,Abhishek Patel,Male,1970-12-29,Nashik,Maharashtra,Software Engineer,1630500.00,2018-01-30
CUST04195,Aditi Kapoor,Female,1997-01-31,Raipur,Chhattisgarh,Healthcare Worker / Nurse,602000.00,2020-11-26
CUST04196,Vivaan Iyer,Male,1997-02-17,Ahmedabad,Gujarat,Retail Trader,1397000.00,2018-01-18
CUST04197,Krishna Bora,Male,1993-11-09,Mumbai,Maharashtra,Lawyer,2453400.00,2021-09-22
CUST04198,Vihaan Kapoor,Male,1957-02-14,Noida,Uttar Pradesh,Business Owner,1251800.00,2020-01-17
CUST04199,Mohit Ghosh,Male,1965-08-21,Ranchi,Jharkhand,Sales & Marketing Manager,454300.00,2017-07-29
CUST04200,Reyansh Patnaik,Male,1988-12-12,Durg,Chhattisgarh,Consultant,1097800.00,2017-01-31
CUST04201,Preeti Chatterjee,Female,1999-06-29,Nagpur,Maharashtra,Software Engineer,1003500.00,2019-10-14
CUST04202,Lakshmi Tripathi,Female,1989-05-29,Gwalior,Madhya Pradesh,Lawyer,1613000.00,2018-11-25
CUST04203,Karthik Rao,Male,1997-07-16,Gurugram,Haryana,Doctor,858900.00,2020-12-26
CUST04204,Pallavi Pandey,Female,1984-12-05,Dehradun,Uttarakhand,Chartered Accountant,1279800.00,2019-06-11
CUST04205,Deepak Verma,Male,2000-02-08,Panaji,Goa,Government Employee,1445600.00,2019-06-27
CUST04206,Anand Srivastava,Male,1978-08-10,Bhopal,Madhya Pradesh,Consultant,1915300.00,2021-08-17
CUST04207,Suresh Agarwal,Male,1998-11-04,New Delhi,Delhi,Retired,624800.00,2019-07-19
CUST04208,Aanya Mehta,Female,1973-11-04,New Delhi,Delhi,Retail Trader,432600.00,2020-06-14
CUST04209,Richa Reddy,Female,1961-10-28,Mumbai,Maharashtra,Consultant,2056600.00,2021-09-05
CUST04210,Rohan Patel,Male,1974-10-04,Dehradun,Uttarakhand,Doctor,2849500.00,2015-10-30
CUST04211,Varun Patnaik,Male,1976-06-04,Gurugram,Haryana,Government Employee,1077700.00,2016-11-28
CUST04212,Shreya Banerjee,Female,1985-05-18,Ahmedabad,Gujarat,Teacher / Professor,1071800.00,2019-09-29
CUST04213,Amit Reddy,Male,1988-07-26,Raipur,Chhattisgarh,Civil / Mechanical Engineer,703000.00,2021-05-01
CUST04214,Radha Pandey,Female,1980-04-09,Coimbatore,Tamil Nadu,Consultant,2177700.00,2020-05-20
CUST04215,Aanya Iyengar,Female,1957-03-04,Surat,Gujarat,Business Owner,3674100.00,2023-06-29
CUST04216,Mohit Mohanty,Male,1965-09-06,Chennai,Tamil Nadu,Banker,1314500.00,2018-11-26
CUST04217,Praveen Patnaik,Male,1995-08-21,Kolkata,West Bengal,Lawyer,2162900.00,2017-08-22
CUST04218,Gaurav Iyengar,Male,1967-01-27,Kota,Rajasthan,Banker,1402800.00,2016-09-25
CUST04219,Nikhil Patnaik,Male,1957-04-15,Hyderabad,Telangana,Retail Trader,1208200.00,2021-04-13
CUST04220,Archana Bhat,Female,1981-07-28,Visakhapatnam,Andhra Pradesh,Healthcare Worker / Nurse,673000.00,2020-05-16
CUST04221,Aditi Srivastava,Female,1973-07-27,Lucknow,Uttar Pradesh,Government Employee,1171400.00,2017-09-15
CUST04222,Rohan Deshmukh,Male,1972-08-24,Nagpur,Maharashtra,Sales & Marketing Manager,1527800.00,2019-10-30
CUST04223,Alok Srivastava,Male,1962-05-11,Kolkata,West Bengal,Healthcare Worker / Nurse,437400.00,2018-08-01
CUST04224,Krishna Deshmukh,Male,1958-04-30,Nagpur,Maharashtra,Chartered Accountant,1310200.00,2019-05-30
CUST04225,Sonali Srivastava,Female,1964-03-26,Surat,Gujarat,Retail Trader,652400.00,2018-05-23
CUST04226,Sumit Saxena,Male,1958-08-30,Panaji,Goa,Software Engineer,782900.00,2018-04-27
CUST04227,Nisha Mukherjee,Female,1982-12-29,Bhubaneswar,Odisha,Software Engineer,2124500.00,2017-08-03
CUST04228,Sunita Choudhury,Female,1961-04-25,Kolkata,West Bengal,Freelancer / Creator,1055900.00,2016-02-10
CUST04229,Preeti Hegde,Female,1955-09-06,Agra,Uttar Pradesh,Teacher / Professor,623800.00,2021-10-11
CUST04230,Pallavi Mehta,Female,1982-06-19,Shillong,Meghalaya,Retired,386800.00,2015-08-08
CUST04231,Tarun Kumar,Male,1995-07-25,Prayagraj,Uttar Pradesh,Freelancer / Creator,349800.00,2018-08-31
CUST04232,Venkatesh Singh,Male,1965-11-08,Hyderabad,Telangana,Civil / Mechanical Engineer,657900.00,2017-10-30
CUST04233,Simran Pawar,Female,1962-10-11,Lucknow,Uttar Pradesh,Chartered Accountant,2405600.00,2017-08-04
CUST04234,Sunil Nayak,Male,1967-10-12,Amritsar,Punjab,Lawyer,2027600.00,2020-12-14
CUST04235,Vandana Bhat,Female,1966-08-16,Chandigarh,Punjab,Retail Trader,1132500.00,2022-12-13
CUST04236,Preeti Malhotra,Female,1995-03-23,Jabalpur,Madhya Pradesh,Retired,409000.00,2015-09-09
CUST04237,Suresh Agarwal,Male,1995-10-22,Jabalpur,Madhya Pradesh,Retired,772000.00,2020-03-24
CUST04238,Sunita Ghosh,Female,1976-12-28,Mumbai,Maharashtra,Freelancer / Creator,677100.00,2021-10-17
CUST04239,Arjun Saikia,Male,1969-09-24,Amritsar,Punjab,Retired,369900.00,2019-08-10
CUST04240,Sai Agarwal,Male,1956-12-10,Madurai,Tamil Nadu,Doctor,1857500.00,2015-09-16
CUST04241,Nisha Patnaik,Female,1989-06-17,Agra,Uttar Pradesh,Business Owner,1947100.00,2023-07-29
CUST04242,Devendra Gowda,Male,1965-03-01,Rajkot,Gujarat,Civil / Mechanical Engineer,589300.00,2022-01-06
CUST04243,Ananya Shetty,Female,1973-11-21,Thiruvananthapuram,Kerala,Software Engineer,2105900.00,2016-08-26
CUST04244,Varun Saha,Male,1998-09-12,Ujjain,Madhya Pradesh,Business Owner,2805100.00,2018-11-07
CUST04245,Akash Kulkarni,Male,1962-12-08,Aurangabad,Maharashtra,Retired,350800.00,2019-04-08
CUST04246,Sunita Kapoor,Female,1966-02-18,Durgapur,West Bengal,Healthcare Worker / Nurse,674800.00,2018-08-07
CUST04247,Pooja Pillai,Female,1983-03-29,Shillong,Meghalaya,Banker,1490100.00,2017-11-23
CUST04248,Harsh Das,Male,1987-08-13,Rajkot,Gujarat,Retail Trader,1159000.00,2021-01-29
CUST04249,Ayaan Deshmukh,Male,1999-01-24,Coimbatore,Tamil Nadu,Business Owner,662200.00,2017-11-20
CUST04250,Manoj Agarwal,Male,2002-01-18,Siliguri,West Bengal,Sales & Marketing Manager,1000700.00,2018-09-29
CUST04251,Sanjay Patil,Male,1959-07-29,Gwalior,Madhya Pradesh,Software Engineer,1987700.00,2019-05-11
CUST04252,Pooja Saikia,Female,1972-10-03,Kolkata,West Bengal,Retired,604900.00,2016-12-04
CUST04253,Ritu Gupta,Female,1959-04-15,Noida,Uttar Pradesh,Freelancer / Creator,956800.00,2019-05-18
CUST04254,Bhavna Nair,Female,1995-12-02,Chennai,Tamil Nadu,Retired,662200.00,2019-06-14
CUST04255,Vivaan Iyengar,Male,1994-03-26,Mumbai,Maharashtra,Civil / Mechanical Engineer,697000.00,2021-01-01
CUST04256,Priya Pawar,Female,1983-01-06,Raipur,Chhattisgarh,Consultant,1563600.00,2020-06-28
CUST04257,Amit Pradhan,Male,1973-09-12,Hyderabad,Telangana,Consultant,1937400.00,2020-06-25
CUST04258,Meera Bora,Female,1981-05-28,Cuttack,Odisha,Lawyer,2132200.00,2017-11-09
CUST04259,Shreya Dutta,Female,1998-05-25,Jaipur,Rajasthan,Sales & Marketing Manager,1226700.00,2019-05-23
CUST04260,Bhavna Sharma,Female,1989-10-04,Rajkot,Gujarat,Chartered Accountant,2430300.00,2019-05-29
CUST04261,Bhavna Gowda,Female,1997-05-10,Bengaluru,Karnataka,Teacher / Professor,1155900.00,2018-04-09
CUST04262,Pooja Iyengar,Female,1990-06-16,New Delhi,Delhi,Civil / Mechanical Engineer,443000.00,2019-06-18
CUST04263,Aadhya Nayak,Female,1970-07-08,Agra,Uttar Pradesh,Consultant,2144200.00,2022-01-17
CUST04264,Devendra Srivastava,Male,1994-10-13,Aurangabad,Maharashtra,Business Owner,3865400.00,2016-12-02
CUST04265,Aadhya Malhotra,Female,1959-10-07,Ranchi,Jharkhand,Business Owner,791300.00,2022-02-20
CUST04266,Manoj Gowda,Male,1981-02-03,Guwahati,Assam,Teacher / Professor,476900.00,2015-01-11
CUST04267,Aarav Singh,Male,1963-11-14,Noida,Uttar Pradesh,Civil / Mechanical Engineer,694900.00,2021-02-09
CUST04268,Sunil Singh,Male,1975-07-17,Bilaspur,Chhattisgarh,Chartered Accountant,1582100.00,2022-10-30
CUST04269,Rahul Ghosh,Male,1978-01-15,Jaipur,Rajasthan,Chartered Accountant,1824500.00,2023-03-12
CUST04270,Rajesh Kumar,Male,1960-06-21,Noida,Uttar Pradesh,Teacher / Professor,1102300.00,2015-05-13
CUST04271,Mohit Chatterjee,Male,1958-09-29,Prayagraj,Uttar Pradesh,Government Employee,1181000.00,2016-06-11
CUST04272,Atharva Iyengar,Male,1959-06-07,New Delhi,Delhi,Business Owner,1964200.00,2020-01-25
CUST04273,Vikram Mishra,Male,2001-04-14,Durg,Chhattisgarh,Lawyer,1557900.00,2015-01-12
CUST04274,Neha Saha,Female,1985-07-17,Agra,Uttar Pradesh,Retired,709600.00,2018-01-29
CUST04275,Gaurav Pandey,Male,1989-09-10,Kanpur,Uttar Pradesh,Banker,1497800.00,2016-08-02
CUST04276,Payal Verma,Female,1965-05-05,Nashik,Maharashtra,Freelancer / Creator,656800.00,2016-05-22
CUST04277,Naveen Pawar,Male,1978-09-19,Kolkata,West Bengal,Freelancer / Creator,908500.00,2015-02-07
CUST04278,Aarav Choudhury,Male,1980-02-09,Mysuru,Karnataka,Doctor,2874300.00,2019-05-15
CUST04279,Karthik Choudhury,Male,1965-11-06,New Delhi,Delhi,Software Engineer,1834400.00,2018-03-23
CUST04280,Vijay Pandey,Male,1968-06-16,Dehradun,Uttarakhand,Teacher / Professor,969500.00,2016-01-25
CUST04281,Anand Kulkarni,Male,1965-12-02,Gwalior,Madhya Pradesh,Chartered Accountant,1628300.00,2021-07-29
CUST04282,Reyansh Deshmukh,Male,1981-06-28,Mumbai,Maharashtra,Healthcare Worker / Nurse,310900.00,2021-11-02
CUST04283,Monika Pawar,Female,1966-12-01,Dehradun,Uttarakhand,Freelancer / Creator,947000.00,2017-03-10
CUST04284,Shaurya Patnaik,Male,1981-12-23,Bengaluru,Karnataka,Freelancer / Creator,520100.00,2016-10-28
CUST04285,Kunal Mehta,Male,1982-10-17,Siliguri,West Bengal,Business Owner,3944400.00,2022-04-07
CUST04286,Anand Rao,Male,1981-02-13,Durg,Chhattisgarh,Software Engineer,2318400.00,2022-12-30
CUST04287,Karthik Pillai,Male,1981-07-20,Hyderabad,Telangana,Consultant,1214400.00,2023-08-27
CUST04288,Ayaan Pandey,Male,1993-01-16,Mumbai,Maharashtra,Civil / Mechanical Engineer,1085800.00,2017-01-13
CUST04289,Manoj Saxena,Male,1967-09-29,Chennai,Tamil Nadu,Banker,552500.00,2015-12-04
CUST04290,Shreya Saxena,Female,1966-06-22,Visakhapatnam,Andhra Pradesh,Software Engineer,1058500.00,2019-01-09
CUST04291,Nandini Bansal,Female,2002-09-01,Kolkata,West Bengal,Doctor,2640900.00,2019-11-04
CUST04292,Anand Joshi,Male,1991-08-24,Coimbatore,Tamil Nadu,Teacher / Professor,1163700.00,2018-09-07
CUST04293,Aarti Banerjee,Female,1960-12-27,Durgapur,West Bengal,Retired,390500.00,2018-08-28
CUST04294,Rashmi Chauhan,Female,1976-11-17,Mumbai,Maharashtra,Sales & Marketing Manager,1020300.00,2021-10-23
CUST04295,Pari Gupta,Female,1960-03-26,Panaji,Goa,Consultant,1886100.00,2017-07-04
CUST04296,Anand Bora,Male,1981-11-04,Nashik,Maharashtra,Chartered Accountant,1495900.00,2017-10-21
CUST04297,Sunil Gupta,Male,1997-12-14,New Delhi,Delhi,Civil / Mechanical Engineer,970000.00,2018-12-31
CUST04298,Ritu Kapoor,Female,2001-05-07,Ahmedabad,Gujarat,Lawyer,2356700.00,2016-11-18
CUST04299,Ashish Iyengar,Male,1990-12-19,Bilaspur,Chhattisgarh,Civil / Mechanical Engineer,995100.00,2019-03-20
CUST04300,Mayank Iyer,Male,1985-11-09,Rajkot,Gujarat,Lawyer,1996700.00,2016-06-16
CUST04301,Nisha Chauhan,Female,1969-09-04,Shillong,Meghalaya,Freelancer / Creator,504600.00,2022-09-14
CUST04302,Komal Das,Female,1979-05-08,Durg,Chhattisgarh,Doctor,2444900.00,2023-03-12
CUST04303,Garima Bora,Female,1962-10-29,Cuttack,Odisha,Retired,730200.00,2021-08-31
CUST04304,Reyansh Ghosh,Male,1981-07-10,Vadodara,Gujarat,Retired,324300.00,2023-10-13
CUST04305,Kavita Iyengar,Female,1969-07-20,Bhubaneswar,Odisha,Freelancer / Creator,786900.00,2020-10-27
CUST04306,Ishita Bansal,Female,1979-08-06,Siliguri,West Bengal,Healthcare Worker / Nurse,668900.00,2019-06-13
CUST04307,Reyansh Saxena,Male,1987-03-03,Cuttack,Odisha,Sales & Marketing Manager,905300.00,2017-09-21
CUST04308,Varun Sharma,Male,1962-06-29,Kolkata,West Bengal,Business Owner,2237500.00,2018-03-11
CUST04309,Prerna Pradhan,Female,1962-01-30,Thiruvananthapuram,Kerala,Teacher / Professor,743200.00,2022-03-16
CUST04310,Tanvi Das,Female,1996-06-08,Panaji,Goa,Banker,1256000.00,2016-11-28
CUST04311,Avani Bhat,Female,1963-01-07,Madurai,Tamil Nadu,Lawyer,964500.00,2023-08-15
CUST04312,Sanjay Chauhan,Male,1996-07-14,Vadodara,Gujarat,Software Engineer,2286000.00,2023-03-24
CUST04313,Rajesh Yadav,Male,1961-10-11,Kochi,Kerala,Retired,605600.00,2018-09-11
CUST04314,Nisha Patnaik,Female,1967-06-04,Aurangabad,Maharashtra,Retail Trader,1046900.00,2023-10-12
CUST04315,Naveen Shukla,Male,1971-01-22,Panaji,Goa,Civil / Mechanical Engineer,1156300.00,2022-07-15
CUST04316,Venkatesh Saha,Male,1968-05-25,Nagpur,Maharashtra,Sales & Marketing Manager,1055200.00,2017-06-12
CUST04317,Shilpa Patel,Female,1971-07-11,Kochi,Kerala,Software Engineer,2392900.00,2022-04-25
CUST04318,Shilpa Kapoor,Female,1973-12-15,Dehradun,Uttarakhand,Retired,760600.00,2022-02-21
CUST04319,Meera Saha,Female,2001-08-07,Bhopal,Madhya Pradesh,Software Engineer,1485500.00,2020-12-29
CUST04320,Sumit Nair,Male,1994-03-26,Hyderabad,Telangana,Freelancer / Creator,940400.00,2018-08-10
CUST04321,Vikram Iyer,Male,1976-09-07,Jamshedpur,Jharkhand,Consultant,1177100.00,2021-03-20
CUST04322,Ashish Patel,Male,1957-03-28,Coimbatore,Tamil Nadu,Doctor,2483000.00,2016-07-20
CUST04323,Shilpa Hegde,Female,1983-03-23,Bengaluru,Karnataka,Sales & Marketing Manager,723600.00,2022-10-15
CUST04324,Swati Deshmukh,Female,1984-08-16,Panaji,Goa,Chartered Accountant,1172500.00,2022-09-27
CUST04325,Krishna Joshi,Male,1988-02-14,Kolkata,West Bengal,Sales & Marketing Manager,536100.00,2019-10-03
CUST04326,Swati Patel,Female,1966-02-27,Bilaspur,Chhattisgarh,Teacher / Professor,616900.00,2018-11-12
CUST04327,Aadhya Kulkarni,Female,2001-06-11,Nashik,Maharashtra,Doctor,1834600.00,2015-10-29
CUST04328,Anand Choudhury,Male,1979-09-16,Thiruvananthapuram,Kerala,Retail Trader,890600.00,2019-05-24
CUST04329,Shaurya Gupta,Male,1967-09-16,Visakhapatnam,Andhra Pradesh,Retired,631300.00,2016-01-17
CUST04330,Ishita Malhotra,Female,1960-06-23,Nashik,Maharashtra,Teacher / Professor,375200.00,2023-03-30
CUST04331,Ishaan Nair,Male,1993-09-27,Indore,Madhya Pradesh,Business Owner,2796800.00,2022-02-02
CUST04332,Praveen Banerjee,Male,1984-11-29,Siliguri,West Bengal,Freelancer / Creator,617400.00,2022-07-12
CUST04333,Suresh Shukla,Male,1980-01-17,Pune,Maharashtra,Consultant,1166100.00,2016-05-31
CUST04334,Anjali Patnaik,Female,1981-11-24,New Delhi,Delhi,Sales & Marketing Manager,1023200.00,2023-08-13
CUST04335,Sunil Chatterjee,Male,1990-03-05,Indore,Madhya Pradesh,Chartered Accountant,1578700.00,2017-02-24
CUST04336,Sachin Mehta,Male,1986-07-19,Nashik,Maharashtra,Software Engineer,652600.00,2016-12-29
CUST04337,Sunita Hegde,Female,1966-12-20,Ujjain,Madhya Pradesh,Lawyer,2466100.00,2016-08-05
CUST04338,Meenakshi Chauhan,Female,2002-03-29,Jabalpur,Madhya Pradesh,Chartered Accountant,969400.00,2021-04-30
CUST04339,Rajesh Dutta,Male,2001-12-08,Dehradun,Uttarakhand,Sales & Marketing Manager,1339200.00,2015-06-02
CUST04340,Gaurav Verma,Male,1957-05-28,Pune,Maharashtra,Lawyer,715600.00,2015-06-08
CUST04341,Sumit Iyengar,Male,1987-01-24,Shillong,Meghalaya,Software Engineer,1422800.00,2021-09-20
CUST04342,Shaurya Deshmukh,Male,1979-03-30,Ujjain,Madhya Pradesh,Doctor,2012700.00,2017-03-04
CUST04343,Richa Dutta,Female,1988-09-03,Durg,Chhattisgarh,Lawyer,2210300.00,2015-10-25
CUST04344,Pooja Chauhan,Female,1978-08-03,Shillong,Meghalaya,Chartered Accountant,902500.00,2018-10-13
CUST04345,Pranav Kumar,Male,1993-04-04,Nashik,Maharashtra,Software Engineer,2158600.00,2021-04-09
CUST04346,Ishaan Bansal,Male,1988-08-01,Aurangabad,Maharashtra,Sales & Marketing Manager,1310900.00,2017-01-14
CUST04347,Vihaan Mishra,Male,1984-08-18,Siliguri,West Bengal,Teacher / Professor,767300.00,2021-01-26
CUST04348,Abhishek Nair,Male,1968-04-17,Chandigarh,Punjab,Banker,751600.00,2016-10-12
CUST04349,Archana Mohanty,Female,1956-06-17,Lucknow,Uttar Pradesh,Chartered Accountant,1458500.00,2021-06-21
CUST04350,Deepak Choudhury,Male,1976-07-06,Nashik,Maharashtra,Teacher / Professor,777800.00,2018-08-20
CUST04351,Ramesh Bhatia,Male,1977-06-25,Cuttack,Odisha,Banker,1564000.00,2015-03-21
CUST04352,Deepika Menon,Female,1993-07-11,Bhopal,Madhya Pradesh,Government Employee,1408500.00,2018-11-04
CUST04353,Gaurav Iyengar,Male,1974-09-23,Aurangabad,Maharashtra,Freelancer / Creator,525500.00,2020-07-19
CUST04354,Akash Choudhury,Male,2002-11-17,New Delhi,Delhi,Retail Trader,1151400.00,2021-10-18
CUST04355,Manish Malhotra,Male,1973-11-09,Prayagraj,Uttar Pradesh,Healthcare Worker / Nurse,331700.00,2019-11-13
CUST04356,Mohit Bansal,Male,1970-08-25,Aurangabad,Maharashtra,Retired,376600.00,2018-06-08
CUST04357,Harsh Mehta,Male,1965-04-23,Patna,Bihar,Retail Trader,1487200.00,2019-07-01
CUST04358,Ananya Patnaik,Female,1961-12-20,Mysuru,Karnataka,Doctor,1762600.00,2015-01-06
CUST04359,Nikhil Singh,Male,1961-10-10,Rajkot,Gujarat,Software Engineer,1202400.00,2023-03-04
CUST04360,Nandini Bansal,Female,2003-03-20,Jaipur,Rajasthan,Freelancer / Creator,1055400.00,2022-03-11
CUST04361,Anand Malhotra,Male,1966-12-25,Bhopal,Madhya Pradesh,Doctor,1117600.00,2021-07-14
CUST04362,Ayaan Pillai,Male,1987-04-24,Siliguri,West Bengal,Lawyer,1221900.00,2019-03-09
CUST04363,Shreya Kumar,Female,1978-06-22,Lucknow,Uttar Pradesh,Consultant,1586100.00,2021-12-01
CUST04364,Suresh Srivastava,Male,2001-10-07,Panaji,Goa,Software Engineer,2275700.00,2016-04-30
CUST04365,Dinesh Bansal,Male,1956-07-16,Vadodara,Gujarat,Sales & Marketing Manager,1453100.00,2016-02-25
CUST04366,Aditya Malhotra,Male,1973-08-03,Dehradun,Uttarakhand,Freelancer / Creator,1154100.00,2020-04-14
CUST04367,Aarohi Banerjee,Female,1989-03-08,Rajkot,Gujarat,Civil / Mechanical Engineer,979000.00,2023-03-18
CUST04368,Praveen Menon,Male,1959-04-15,Indore,Madhya Pradesh,Retired,446800.00,2015-12-07
CUST04369,Meera Singh,Female,1998-06-14,Cuttack,Odisha,Retired,300300.00,2022-08-02
CUST04370,Reyansh Bhatia,Male,1967-12-28,Noida,Uttar Pradesh,Freelancer / Creator,458900.00,2019-03-05
CUST04371,Sanjay Saha,Male,1984-09-15,Kolkata,West Bengal,Chartered Accountant,1934900.00,2022-01-11
CUST04372,Sunil Pawar,Male,1992-06-14,Lucknow,Uttar Pradesh,Software Engineer,2381600.00,2016-12-06
CUST04373,Jyoti Shukla,Female,1963-08-27,Kolkata,West Bengal,Government Employee,1113300.00,2022-07-25
CUST04374,Vandana Pandey,Female,1963-03-06,Durgapur,West Bengal,Banker,917700.00,2023-05-24
CUST04375,Simran Chatterjee,Female,1987-04-07,Ahmedabad,Gujarat,Chartered Accountant,1390400.00,2022-08-09
CUST04376,Richa Nayak,Female,1986-07-24,Indore,Madhya Pradesh,Chartered Accountant,801100.00,2015-12-08
CUST04377,Ayaan Tripathi,Male,1957-03-15,Panaji,Goa,Government Employee,443300.00,2023-11-24
CUST04378,Divya Kumar,Female,1991-03-01,Aurangabad,Maharashtra,Retired,690500.00,2021-11-14
CUST04379,Lakshmi Gowda,Female,1977-09-11,Prayagraj,Uttar Pradesh,Retail Trader,1139700.00,2020-01-07
CUST04380,Ayaan Nayak,Male,1959-12-21,Prayagraj,Uttar Pradesh,Retired,302400.00,2020-12-11
CUST04381,Nikhil Saikia,Male,1997-11-09,Vijayawada,Andhra Pradesh,Consultant,1668800.00,2023-12-21
CUST04382,Anand Pawar,Male,1956-12-13,Ranchi,Jharkhand,Civil / Mechanical Engineer,478800.00,2018-01-22
CUST04383,Aadhya Bansal,Female,2000-03-14,Pune,Maharashtra,Civil / Mechanical Engineer,800800.00,2018-03-06
CUST04384,Shilpa Tripathi,Female,1975-02-21,Mysuru,Karnataka,Teacher / Professor,372800.00,2021-12-03
CUST04385,Naveen Iyengar,Male,1992-02-19,Surat,Gujarat,Retail Trader,630000.00,2016-08-18
CUST04386,Simran Yadav,Female,1997-05-13,Kanpur,Uttar Pradesh,Doctor,2321200.00,2015-08-21
CUST04387,Archana Shukla,Female,1959-05-26,Guwahati,Assam,Government Employee,851400.00,2019-10-04
CUST04388,Prerna Srivastava,Female,1961-01-18,Durgapur,West Bengal,Business Owner,3364800.00,2015-11-09
CUST04389,Varun Shetty,Male,1995-10-18,Raipur,Chhattisgarh,Business Owner,683100.00,2022-05-23
CUST04390,Dinesh Iyer,Male,1962-02-11,Gwalior,Madhya Pradesh,Retired,725700.00,2015-02-04
CUST04391,Aadhya Kulkarni,Female,1993-07-30,Nashik,Maharashtra,Government Employee,570300.00,2021-11-28
CUST04392,Komal Saha,Female,1995-06-27,Pune,Maharashtra,Healthcare Worker / Nurse,499100.00,2021-02-17
CUST04393,Ritu Agarwal,Female,1972-09-24,Dehradun,Uttarakhand,Freelancer / Creator,848800.00,2015-09-21
CUST04394,Sneha Malhotra,Female,1960-02-21,Durgapur,West Bengal,Freelancer / Creator,785800.00,2020-01-05
CUST04395,Aarav Banerjee,Male,1991-09-06,Visakhapatnam,Andhra Pradesh,Retired,527800.00,2016-02-29
CUST04396,Kunal Choudhury,Male,1959-11-01,Chennai,Tamil Nadu,Doctor,1377000.00,2015-11-18
CUST04397,Nikhil Pandey,Male,1969-06-07,Thiruvananthapuram,Kerala,Teacher / Professor,1030500.00,2021-12-20
CUST04398,Priya Gowda,Female,1974-11-24,Shillong,Meghalaya,Retired,551700.00,2022-04-12
CUST04399,Sonali Saxena,Female,1969-11-07,Kolkata,West Bengal,Teacher / Professor,599200.00,2018-09-11
CUST04400,Abhishek Bora,Male,1985-05-27,Visakhapatnam,Andhra Pradesh,Government Employee,404700.00,2021-11-05
CUST04401,Avani Pradhan,Female,1965-07-12,Kochi,Kerala,Banker,1793100.00,2015-01-14
CUST04402,Garima Gowda,Female,1991-07-10,Aurangabad,Maharashtra,Teacher / Professor,914000.00,2015-09-20
CUST04403,Sonali Iyengar,Female,1986-12-21,Visakhapatnam,Andhra Pradesh,Civil / Mechanical Engineer,1002800.00,2016-03-30
CUST04404,Ramesh Agarwal,Male,1985-02-01,Kolkata,West Bengal,Consultant,1025700.00,2023-01-23
CUST04405,Rashmi Shetty,Female,1996-05-26,Surat,Gujarat,Banker,1220700.00,2019-07-05
CUST04406,Krishna Mohanty,Male,1988-05-30,Aurangabad,Maharashtra,Software Engineer,1783000.00,2018-10-05
CUST04407,Archana Verma,Female,1983-03-05,Dehradun,Uttarakhand,Banker,545700.00,2022-12-04
CUST04408,Devendra Chatterjee,Male,1988-02-24,Chandigarh,Punjab,Business Owner,3429500.00,2022-07-28
CUST04409,Pankaj Patnaik,Male,1972-05-27,Guwahati,Assam,Banker,1326500.00,2016-10-25
CUST04410,Gaurav Tripathi,Male,1977-03-27,Jaipur,Rajasthan,Retail Trader,1277500.00,2016-06-16
CUST04411,Anjali Saxena,Female,1959-06-24,Bhubaneswar,Odisha,Civil / Mechanical Engineer,1247400.00,2021-04-02
CUST04412,Nandini Bora,Female,1999-12-11,Nashik,Maharashtra,Doctor,1501700.00,2018-05-08
CUST04413,Mayank Pandey,Male,1970-12-08,Nagpur,Maharashtra,Business Owner,1737700.00,2018-08-28
CUST04414,Sneha Kumar,Female,1970-06-17,Bengaluru,Karnataka,Lawyer,2209000.00,2022-08-19
CUST04415,Rajesh Joshi,Male,1999-04-05,Raipur,Chhattisgarh,Civil / Mechanical Engineer,1104900.00,2019-04-11
CUST04416,Aditya Mishra,Male,1964-02-12,Nagpur,Maharashtra,Consultant,2079600.00,2021-10-17
CUST04417,Anand Pillai,Male,1968-10-18,Bengaluru,Karnataka,Freelancer / Creator,1056600.00,2018-03-19
CUST04418,Aditya Pandey,Male,1994-06-09,Visakhapatnam,Andhra Pradesh,Doctor,2273700.00,2022-07-25
CUST04419,Mohit Saxena,Male,1967-11-08,Lucknow,Uttar Pradesh,Retail Trader,1193600.00,2016-11-17
CUST04420,Shaurya Verma,Male,1989-11-22,Nagpur,Maharashtra,Civil / Mechanical Engineer,836500.00,2018-04-15
CUST04421,Abhishek Nayak,Male,1972-09-25,Nagpur,Maharashtra,Chartered Accountant,1469500.00,2021-01-27
CUST04422,Aarti Pandey,Female,1991-11-02,Agra,Uttar Pradesh,Civil / Mechanical Engineer,862800.00,2019-04-01
CUST04423,Sonal Rao,Female,1994-06-28,Patna,Bihar,Retired,541600.00,2021-04-17
CUST04424,Ramesh Menon,Male,1998-06-28,Nashik,Maharashtra,Chartered Accountant,1898500.00,2017-07-21
CUST04425,Shreya Ghosh,Female,1963-01-05,Kota,Rajasthan,Retail Trader,1475400.00,2022-02-20
CUST04426,Jyoti Rao,Female,1981-11-26,Chennai,Tamil Nadu,Business Owner,3839100.00,2016-06-12
CUST04427,Lakshmi Bhatia,Female,1962-06-13,Chandigarh,Punjab,Government Employee,763700.00,2018-10-23
CUST04428,Manoj Yadav,Male,1973-03-12,Chandigarh,Punjab,Chartered Accountant,2096700.00,2017-06-22
CUST04429,Vandana Joshi,Female,1992-09-23,Ahmedabad,Gujarat,Healthcare Worker / Nurse,854700.00,2020-01-10
CUST04430,Aanya Chatterjee,Female,1958-04-09,Mysuru,Karnataka,Software Engineer,1973900.00,2016-09-16
CUST04431,Rajesh Banerjee,Male,1976-10-08,Durgapur,West Bengal,Freelancer / Creator,1010800.00,2022-09-02
CUST04432,Sumit Menon,Male,1973-08-03,Gurugram,Haryana,Government Employee,514700.00,2019-08-30
CUST04433,Kunal Saxena,Male,1998-12-29,Jamshedpur,Jharkhand,Banker,1328900.00,2018-03-15
CUST04434,Pankaj Kapoor,Male,1988-10-04,Vadodara,Gujarat,Healthcare Worker / Nurse,772100.00,2018-11-07
CUST04435,Aarav Chatterjee,Male,1985-10-11,Raipur,Chhattisgarh,Retired,748900.00,2023-05-15
CUST04436,Komal Nayak,Female,1989-03-17,Chennai,Tamil Nadu,Freelancer / Creator,460500.00,2015-10-16
CUST04437,Pooja Banerjee,Female,1968-08-27,Pune,Maharashtra,Teacher / Professor,804500.00,2022-09-25
CUST04438,Aarav Saha,Male,1976-04-09,Visakhapatnam,Andhra Pradesh,Lawyer,1729900.00,2018-07-05
CUST04439,Sonali Dutta,Female,1986-04-11,Nashik,Maharashtra,Government Employee,435000.00,2019-08-17
CUST04440,Kunal Patil,Male,1983-03-18,Chandigarh,Punjab,Doctor,1083300.00,2023-01-21
CUST04441,Vikram Chauhan,Male,1971-06-17,Gwalior,Madhya Pradesh,Doctor,1330900.00,2020-08-28
CUST04442,Hemant Bhat,Male,1993-09-26,Coimbatore,Tamil Nadu,Business Owner,1745500.00,2021-03-01
CUST04443,Meera Srivastava,Female,1999-06-12,Guwahati,Assam,Lawyer,533800.00,2016-04-24
CUST04444,Rahul Iyengar,Male,1974-02-08,Hyderabad,Telangana,Teacher / Professor,693100.00,2015-03-28
CUST04445,Pankaj Menon,Male,1972-04-07,Patna,Bihar,Retail Trader,879900.00,2018-07-29
CUST04446,Divya Patil,Female,1975-07-29,Shillong,Meghalaya,Teacher / Professor,743300.00,2021-07-09
CUST04447,Sneha Tripathi,Female,1972-01-08,Cuttack,Odisha,Teacher / Professor,869900.00,2019-02-28
CUST04448,Aanya Pandey,Female,1982-08-03,Visakhapatnam,Andhra Pradesh,Freelancer / Creator,866300.00,2016-07-02
CUST04449,Devendra Kumar,Male,1975-05-04,Vijayawada,Andhra Pradesh,Civil / Mechanical Engineer,764500.00,2018-03-18
CUST04450,Payal Reddy,Female,1964-01-06,Bengaluru,Karnataka,Freelancer / Creator,581600.00,2023-04-16
CUST04451,Divya Kulkarni,Female,1999-11-11,Raipur,Chhattisgarh,Retail Trader,959000.00,2020-08-12
CUST04452,Hemant Singh,Male,1977-08-03,Mumbai,Maharashtra,Doctor,2722100.00,2021-11-04
CUST04453,Priya Kumar,Female,1983-12-22,Bhubaneswar,Odisha,Government Employee,1181600.00,2018-08-02
CUST04454,Rahul Patel,Male,1961-04-23,Kolkata,West Bengal,Lawyer,1271400.00,2021-12-26
CUST04455,Bhavna Iyer,Female,2001-10-12,Ujjain,Madhya Pradesh,Retail Trader,979000.00,2018-05-14
CUST04456,Neha Pradhan,Female,1979-07-17,Visakhapatnam,Andhra Pradesh,Chartered Accountant,2002300.00,2016-01-11
CUST04457,Simran Banerjee,Female,1985-06-27,Durg,Chhattisgarh,Freelancer / Creator,455600.00,2017-03-31
CUST04458,Meenakshi Reddy,Female,1984-08-06,Noida,Uttar Pradesh,Consultant,1038300.00,2016-12-22
CUST04459,Pari Srivastava,Female,2000-12-28,Bilaspur,Chhattisgarh,Healthcare Worker / Nurse,696000.00,2018-12-19
CUST04460,Manish Yadav,Male,1967-05-31,Bilaspur,Chhattisgarh,Software Engineer,1108200.00,2020-05-13
CUST04461,Deepika Kumar,Female,1994-07-31,Visakhapatnam,Andhra Pradesh,Retired,376900.00,2018-05-23
CUST04462,Sai Srivastava,Male,1965-05-18,Kanpur,Uttar Pradesh,Business Owner,3299700.00,2023-04-24
CUST04463,Kavita Choudhury,Female,1970-12-26,Kolkata,West Bengal,Doctor,1244700.00,2021-09-26
CUST04464,Prerna Gowda,Female,1959-04-02,Aurangabad,Maharashtra,Banker,1210900.00,2015-12-24
CUST04465,Vikram Banerjee,Male,1995-05-03,Prayagraj,Uttar Pradesh,Doctor,1131600.00,2023-09-03
CUST04466,Sai Mohanty,Male,1958-03-19,Patna,Bihar,Doctor,2986700.00,2015-06-11
CUST04467,Sumit Chatterjee,Male,1968-06-13,Bengaluru,Karnataka,Consultant,1464700.00,2021-10-03
CUST04468,Akash Mukherjee,Male,1970-05-27,Jamshedpur,Jharkhand,Banker,1380700.00,2018-05-22
CUST04469,Pooja Iyer,Female,1995-09-11,Dehradun,Uttarakhand,Lawyer,1651400.00,2021-08-14
CUST04470,Ishaan Singh,Male,1961-03-12,Hyderabad,Telangana,Teacher / Professor,683700.00,2021-04-19
CUST04471,Radha Iyengar,Female,1996-11-17,Agra,Uttar Pradesh,Business Owner,3161300.00,2022-01-08
CUST04472,Vihaan Chatterjee,Male,1957-07-10,Jaipur,Rajasthan,Retired,542100.00,2015-02-16
CUST04473,Anjali Mohanty,Female,1967-09-16,Lucknow,Uttar Pradesh,Consultant,828500.00,2020-09-04
CUST04474,Jyoti Banerjee,Female,2001-01-18,Noida,Uttar Pradesh,Doctor,1326200.00,2017-04-23
CUST04475,Aanya Bora,Female,1988-02-12,Mysuru,Karnataka,Consultant,1220200.00,2015-04-24
CUST04476,Ananya Choudhury,Female,1969-10-31,Prayagraj,Uttar Pradesh,Banker,948400.00,2023-01-09
CUST04477,Sanjay Bora,Male,1958-04-14,Ahmedabad,Gujarat,Freelancer / Creator,1073700.00,2020-02-25
CUST04478,Arjun Bhat,Male,1956-03-16,Kanpur,Uttar Pradesh,Banker,533900.00,2017-03-13
CUST04479,Pallavi Bansal,Female,1957-05-23,Lucknow,Uttar Pradesh,Lawyer,2444800.00,2022-07-14
CUST04480,Aarti Mehta,Female,1982-07-13,Kota,Rajasthan,Sales & Marketing Manager,1573000.00,2015-05-07
CUST04481,Richa Chauhan,Female,1963-12-19,Prayagraj,Uttar Pradesh,Business Owner,711500.00,2019-06-23
CUST04482,Aanya Sharma,Female,1980-08-31,Durgapur,West Bengal,Government Employee,842900.00,2021-09-12
CUST04483,Preeti Hegde,Female,1959-08-26,Visakhapatnam,Andhra Pradesh,Healthcare Worker / Nurse,729400.00,2023-08-03
CUST04484,Dinesh Kapoor,Male,2000-06-16,Bhubaneswar,Odisha,Doctor,2432800.00,2018-07-27
CUST04485,Aarav Verma,Male,1965-10-21,Jaipur,Rajasthan,Government Employee,1121600.00,2021-04-10
CUST04486,Vikram Pillai,Male,1990-01-30,Kochi,Kerala,Healthcare Worker / Nurse,318400.00,2023-06-10
CUST04487,Akash Saikia,Male,1972-02-01,Madurai,Tamil Nadu,Retired,647900.00,2022-10-11
CUST04488,Rohan Pawar,Male,1962-04-05,Visakhapatnam,Andhra Pradesh,Sales & Marketing Manager,835300.00,2023-03-19
CUST04489,Varun Bhatia,Male,1992-04-19,Ranchi,Jharkhand,Healthcare Worker / Nurse,833600.00,2021-01-27
CUST04490,Ishita Dutta,Female,1979-09-23,Pune,Maharashtra,Freelancer / Creator,546900.00,2018-07-19
CUST04491,Riya Iyengar,Female,1964-05-03,Cuttack,Odisha,Banker,1516200.00,2017-05-29
CUST04492,Archana Nair,Female,1987-11-24,Bhubaneswar,Odisha,Civil / Mechanical Engineer,960800.00,2017-04-24
CUST04493,Nikhil Iyer,Male,1977-09-16,Bhopal,Madhya Pradesh,Business Owner,1008800.00,2017-09-12
CUST04494,Aditya Choudhury,Male,1959-03-03,Nashik,Maharashtra,Government Employee,882900.00,2020-10-26
CUST04495,Venkatesh Das,Male,1969-11-23,Durg,Chhattisgarh,Sales & Marketing Manager,1535300.00,2017-12-24
CUST04496,Amit Bhatia,Male,1998-04-26,Gurugram,Haryana,Banker,796400.00,2020-02-17
CUST04497,Shaurya Chauhan,Male,1974-10-28,Vadodara,Gujarat,Software Engineer,819300.00,2019-01-07
CUST04498,Aarav Bansal,Male,1997-05-06,Durg,Chhattisgarh,Retail Trader,659800.00,2023-12-18
CUST04499,Abhishek Pillai,Male,1969-05-05,Bilaspur,Chhattisgarh,Government Employee,1182500.00,2022-11-19
CUST04500,Arjun Singh,Male,1976-09-29,Nagpur,Maharashtra,Doctor,1024400.00,2019-05-03
CUST04501,Neha Bhat,Female,1999-05-17,Ranchi,Jharkhand,Consultant,907900.00,2023-05-24
CUST04502,Swati Pandey,Female,1981-08-13,Thiruvananthapuram,Kerala,Banker,1762800.00,2017-11-23
CUST04503,Karthik Bansal,Male,1987-12-19,Patna,Bihar,Retail Trader,643800.00,2023-09-26
CUST04504,Kavita Bhatia,Female,1975-05-17,Thiruvananthapuram,Kerala,Retail Trader,381400.00,2018-04-03
CUST04505,Shilpa Das,Female,1962-07-15,Mumbai,Maharashtra,Government Employee,1491100.00,2021-05-09
CUST04506,Venkatesh Gowda,Male,2002-06-27,Coimbatore,Tamil Nadu,Software Engineer,2132200.00,2016-01-15
CUST04507,Monika Mukherjee,Female,1995-04-15,Bhubaneswar,Odisha,Retail Trader,522300.00,2017-06-22
CUST04508,Aditi Yadav,Female,1973-02-15,Jabalpur,Madhya Pradesh,Chartered Accountant,1942800.00,2022-04-23
CUST04509,Aarti Menon,Female,1956-03-16,Nagpur,Maharashtra,Retail Trader,959900.00,2020-12-31
CUST04510,Vihaan Yadav,Male,1982-07-19,Bhopal,Madhya Pradesh,Sales & Marketing Manager,474700.00,2023-11-10
CUST04511,Deepika Verma,Female,1957-08-26,Cuttack,Odisha,Doctor,1694100.00,2019-01-17
CUST04512,Ayaan Singh,Male,1990-12-03,Gwalior,Madhya Pradesh,Retail Trader,648600.00,2023-06-14
CUST04513,Aanya Rao,Female,1985-10-04,Bhopal,Madhya Pradesh,Government Employee,1018200.00,2017-02-12
CUST04514,Jyoti Kapoor,Female,2001-06-24,Gwalior,Madhya Pradesh,Banker,724500.00,2020-06-17
CUST04515,Swati Patnaik,Female,1960-09-09,Pune,Maharashtra,Retired,654900.00,2018-06-02
CUST04516,Garima Tripathi,Female,1987-02-06,Shillong,Meghalaya,Freelancer / Creator,648500.00,2021-06-17
CUST04517,Krishna Kumar,Male,1955-07-10,Kolkata,West Bengal,Healthcare Worker / Nurse,717200.00,2018-12-19
CUST04518,Avani Malhotra,Female,1982-04-06,Patna,Bihar,Software Engineer,2341000.00,2016-04-04
CUST04519,Vijay Patnaik,Male,1998-08-04,Panaji,Goa,Business Owner,1448200.00,2020-03-03
CUST04520,Deepak Mohanty,Male,1982-09-05,Chennai,Tamil Nadu,Business Owner,1595700.00,2016-04-26
CUST04521,Kalyani Iyengar,Female,1968-03-06,Bengaluru,Karnataka,Banker,862000.00,2023-03-19
CUST04522,Nikhil Patnaik,Male,1997-07-15,Jabalpur,Madhya Pradesh,Healthcare Worker / Nurse,327700.00,2016-01-06
CUST04523,Gaurav Srivastava,Male,1997-04-28,Jabalpur,Madhya Pradesh,Freelancer / Creator,860700.00,2022-02-19
CUST04524,Lakshmi Hegde,Female,1999-03-01,Gurugram,Haryana,Healthcare Worker / Nurse,462400.00,2023-09-23
CUST04525,Ritu Chatterjee,Female,1968-02-07,Lucknow,Uttar Pradesh,Freelancer / Creator,1128900.00,2018-03-27
CUST04526,Manoj Ghosh,Male,1988-01-22,Bilaspur,Chhattisgarh,Teacher / Professor,1007800.00,2023-10-30
CUST04527,Nandini Iyer,Female,1963-03-14,Kolkata,West Bengal,Chartered Accountant,1914100.00,2020-04-16
CUST04528,Preeti Saha,Female,1971-09-11,Siliguri,West Bengal,Doctor,2251000.00,2015-07-17
CUST04529,Monika Mishra,Female,1979-02-11,Bhopal,Madhya Pradesh,Sales & Marketing Manager,1543200.00,2020-04-18
CUST04530,Sai Pandey,Male,1969-09-18,Amritsar,Punjab,Retired,664400.00,2015-09-23
CUST04531,Bhavna Patel,Female,1959-10-07,Durgapur,West Bengal,Government Employee,480300.00,2023-02-03
CUST04532,Komal Pradhan,Female,1967-05-01,Kanpur,Uttar Pradesh,Banker,655000.00,2018-05-16
CUST04533,Deepika Choudhury,Female,1978-08-03,Lucknow,Uttar Pradesh,Doctor,2998600.00,2020-08-29
CUST04534,Hemant Chauhan,Male,1973-12-28,Vijayawada,Andhra Pradesh,Chartered Accountant,2016600.00,2018-05-21
CUST04535,Komal Iyengar,Female,1956-07-23,Ranchi,Jharkhand,Retired,573300.00,2022-04-22
CUST04536,Kalyani Pillai,Female,1987-10-20,Ujjain,Madhya Pradesh,Lawyer,1465700.00,2018-04-12
CUST04537,Ajay Bhatia,Male,1974-06-29,Chandigarh,Punjab,Sales & Marketing Manager,1094400.00,2016-05-10
CUST04538,Swati Rao,Female,1992-01-11,Dehradun,Uttarakhand,Chartered Accountant,855800.00,2022-04-15
CUST04539,Payal Verma,Female,1968-04-08,Kota,Rajasthan,Chartered Accountant,1431100.00,2021-05-30
CUST04540,Aarohi Pawar,Female,1976-07-26,Vadodara,Gujarat,Banker,1446400.00,2016-08-30
CUST04541,Alok Pradhan,Male,1989-09-23,Kochi,Kerala,Healthcare Worker / Nurse,642700.00,2019-01-18
CUST04542,Venkatesh Chatterjee,Male,1977-07-24,Ranchi,Jharkhand,Chartered Accountant,2455200.00,2023-08-14
CUST04543,Saanvi Iyer,Female,1959-11-02,New Delhi,Delhi,Healthcare Worker / Nurse,754200.00,2021-08-28
CUST04544,Aanya Menon,Female,2001-02-26,Bhubaneswar,Odisha,Civil / Mechanical Engineer,1176700.00,2020-12-01
CUST04545,Richa Pradhan,Female,1976-07-06,Kota,Rajasthan,Banker,1476900.00,2021-07-03
CUST04546,Aditya Bhatia,Male,1958-06-14,Cuttack,Odisha,Retired,745100.00,2017-08-18
CUST04547,Ramesh Patil,Male,1993-07-22,Gwalior,Madhya Pradesh,Freelancer / Creator,691700.00,2023-02-07
CUST04548,Abhishek Shetty,Male,1960-04-01,Shillong,Meghalaya,Banker,951900.00,2020-04-28
CUST04549,Shilpa Das,Female,1981-12-11,Mumbai,Maharashtra,Sales & Marketing Manager,603200.00,2020-04-12
CUST04550,Sunil Das,Male,1997-08-29,Patna,Bihar,Chartered Accountant,1603900.00,2020-01-04
CUST04551,Shreya Bhatia,Female,1972-09-09,Ahmedabad,Gujarat,Software Engineer,2146400.00,2015-06-15
CUST04552,Rajesh Bora,Male,1995-04-16,Chandigarh,Punjab,Chartered Accountant,1487400.00,2017-01-05
CUST04553,Amit Mehta,Male,1990-04-28,Durg,Chhattisgarh,Banker,1362300.00,2017-11-13
CUST04554,Alok Menon,Male,1989-02-28,New Delhi,Delhi,Consultant,2061300.00,2023-07-06
CUST04555,Gaurav Bora,Male,1987-06-11,Ujjain,Madhya Pradesh,Banker,795200.00,2015-12-21
CUST04556,Rajesh Kulkarni,Male,1962-04-16,Thiruvananthapuram,Kerala,Sales & Marketing Manager,909700.00,2020-05-14
CUST04557,Krishna Pandey,Male,1957-09-19,Hyderabad,Telangana,Sales & Marketing Manager,1324100.00,2021-06-12
CUST04558,Aanya Mehta,Female,1956-12-30,Kochi,Kerala,Banker,1440300.00,2023-08-08
CUST04559,Rahul Iyer,Male,1994-10-22,Rajkot,Gujarat,Business Owner,1259800.00,2017-11-22
CUST04560,Akash Tripathi,Male,1958-12-09,Bengaluru,Karnataka,Retail Trader,1438400.00,2020-10-29
CUST04561,Krishna Reddy,Male,1971-07-21,Chennai,Tamil Nadu,Chartered Accountant,1306600.00,2021-07-02
CUST04562,Aditya Reddy,Male,1988-11-02,Prayagraj,Uttar Pradesh,Freelancer / Creator,929100.00,2015-08-06
CUST04563,Dinesh Yadav,Male,1984-04-19,Indore,Madhya Pradesh,Business Owner,1378400.00,2015-05-20
CUST04564,Abhishek Sharma,Male,1986-03-22,Hyderabad,Telangana,Business Owner,3604100.00,2017-03-16
CUST04565,Nisha Ghosh,Female,1968-10-11,Kochi,Kerala,Civil / Mechanical Engineer,680900.00,2019-06-21
CUST04566,Pari Joshi,Female,1979-08-05,Bhubaneswar,Odisha,Retired,573700.00,2015-02-21
CUST04567,Amit Menon,Male,1996-09-01,Ranchi,Jharkhand,Retail Trader,1167500.00,2022-01-09
CUST04568,Sunil Dutta,Male,1995-10-30,Nashik,Maharashtra,Consultant,1671000.00,2021-01-22
CUST04569,Pankaj Ghosh,Male,1979-01-31,Surat,Gujarat,Healthcare Worker / Nurse,723600.00,2018-06-12
CUST04570,Dinesh Kulkarni,Male,1996-12-25,Bhubaneswar,Odisha,Lawyer,1893500.00,2023-11-17
CUST04571,Mohit Saha,Male,1992-11-21,Madurai,Tamil Nadu,Software Engineer,1181800.00,2022-12-31
CUST04572,Abhishek Iyer,Male,1961-08-27,Rajkot,Gujarat,Civil / Mechanical Engineer,929300.00,2021-12-01
CUST04573,Ajay Joshi,Male,1969-09-20,Kochi,Kerala,Lawyer,2105600.00,2015-06-05
CUST04574,Gaurav Pawar,Male,1964-11-04,Jabalpur,Madhya Pradesh,Lawyer,1535800.00,2017-06-10
CUST04575,Pari Mohanty,Female,1980-06-19,Visakhapatnam,Andhra Pradesh,Chartered Accountant,870300.00,2020-09-19
CUST04576,Sumit Dutta,Male,1977-01-06,Surat,Gujarat,Retail Trader,442800.00,2022-09-06
CUST04577,Avani Pandey,Female,2002-12-11,Rajkot,Gujarat,Banker,1640000.00,2023-04-05
CUST04578,Preeti Ghosh,Female,1961-06-13,Vadodara,Gujarat,Lawyer,1415500.00,2018-05-04
CUST04579,Pranav Kumar,Male,1983-09-14,Cuttack,Odisha,Lawyer,1563800.00,2017-10-07
CUST04580,Sumit Tripathi,Male,1956-08-20,Lucknow,Uttar Pradesh,Retired,665400.00,2017-08-04
CUST04581,Atharva Chatterjee,Male,1993-11-03,Nagpur,Maharashtra,Chartered Accountant,974900.00,2018-08-25
CUST04582,Hemant Hegde,Male,1987-07-20,Panaji,Goa,Government Employee,626500.00,2022-08-03
CUST04583,Kavita Patil,Female,1965-02-20,Shillong,Meghalaya,Teacher / Professor,1129400.00,2018-03-29
CUST04584,Kunal Chauhan,Male,1981-01-18,Durg,Chhattisgarh,Government Employee,856200.00,2019-11-19
CUST04585,Pallavi Shukla,Female,1991-05-24,Kolkata,West Bengal,Software Engineer,1524400.00,2017-06-08
CUST04586,Ishaan Nayak,Male,1998-06-23,Raipur,Chhattisgarh,Chartered Accountant,2025300.00,2020-03-30
CUST04587,Aditi Saha,Female,1979-03-10,Jabalpur,Madhya Pradesh,Freelancer / Creator,1175700.00,2018-12-08
CUST04588,Vandana Kapoor,Female,1989-07-06,Chennai,Tamil Nadu,Chartered Accountant,2404700.00,2017-04-17
CUST04589,Mayank Menon,Male,1985-09-16,Kochi,Kerala,Consultant,2168500.00,2019-10-12
CUST04590,Saanvi Gupta,Female,1966-04-29,Gurugram,Haryana,Consultant,666100.00,2021-02-25
CUST04591,Karthik Pradhan,Male,1957-06-20,Durg,Chhattisgarh,Sales & Marketing Manager,689100.00,2023-05-14
CUST04592,Anand Chatterjee,Male,1974-09-19,Cuttack,Odisha,Lawyer,1881700.00,2022-06-14
CUST04593,Sanjay Pawar,Male,1979-08-13,Thiruvananthapuram,Kerala,Doctor,1865600.00,2019-10-31
CUST04594,Prerna Saha,Female,2001-08-29,Hyderabad,Telangana,Sales & Marketing Manager,561200.00,2019-08-27
CUST04595,Ashish Patnaik,Male,1960-07-28,Surat,Gujarat,Lawyer,2399200.00,2016-03-16
CUST04596,Sanjay Bora,Male,1972-02-25,Bilaspur,Chhattisgarh,Government Employee,860300.00,2021-06-11
CUST04597,Deepika Bhatia,Female,1989-07-14,Coimbatore,Tamil Nadu,Civil / Mechanical Engineer,840500.00,2021-02-27
CUST04598,Simran Saikia,Female,1958-01-16,Amritsar,Punjab,Civil / Mechanical Engineer,1343400.00,2015-05-03
CUST04599,Aditi Gowda,Female,1981-05-18,Siliguri,West Bengal,Business Owner,2048800.00,2023-12-17
CUST04600,Simran Menon,Female,1975-05-16,Jamshedpur,Jharkhand,Civil / Mechanical Engineer,1322400.00,2021-01-19
CUST04601,Abhishek Das,Male,1988-02-16,Ahmedabad,Gujarat,Software Engineer,1691200.00,2019-07-10
CUST04602,Mohit Iyengar,Male,1971-06-11,Vadodara,Gujarat,Chartered Accountant,2044400.00,2015-08-25
CUST04603,Aditya Bansal,Male,1966-08-05,Jamshedpur,Jharkhand,Healthcare Worker / Nurse,703800.00,2018-02-22
CUST04604,Sachin Ghosh,Male,1993-02-16,Coimbatore,Tamil Nadu,Government Employee,1252000.00,2017-08-09
CUST04605,Harsh Hegde,Male,1965-01-14,Chennai,Tamil Nadu,Doctor,1210700.00,2016-02-23
CUST04606,Aditi Patel,Female,1987-10-16,Panaji,Goa,Doctor,811200.00,2021-02-14
CUST04607,Rajesh Chatterjee,Male,1976-08-17,Madurai,Tamil Nadu,Banker,1055300.00,2018-05-12
CUST04608,Aarohi Iyengar,Female,1972-12-07,Mysuru,Karnataka,Sales & Marketing Manager,767600.00,2019-10-29
CUST04609,Sonali Deshmukh,Female,1961-05-21,Rajkot,Gujarat,Doctor,1209800.00,2016-04-19
CUST04610,Aadhya Bora,Female,1987-09-10,Jabalpur,Madhya Pradesh,Banker,1408400.00,2018-12-09
CUST04611,Venkatesh Patnaik,Male,1970-07-07,Jaipur,Rajasthan,Lawyer,1626100.00,2022-03-01
CUST04612,Anand Deshmukh,Male,1982-10-08,Durgapur,West Bengal,Business Owner,1252000.00,2019-03-08
CUST04613,Akash Shetty,Male,1957-07-28,Vadodara,Gujarat,Software Engineer,780800.00,2017-07-04
CUST04614,Manish Nayak,Male,2003-06-18,Bengaluru,Karnataka,Consultant,1175000.00,2020-05-27
CUST04615,Harsh Sharma,Male,1997-06-16,Jaipur,Rajasthan,Chartered Accountant,2240000.00,2018-12-20
CUST04616,Diya Saxena,Female,1997-12-22,Siliguri,West Bengal,Software Engineer,1292600.00,2022-05-03
CUST04617,Garima Banerjee,Female,1964-09-14,Prayagraj,Uttar Pradesh,Consultant,829700.00,2019-07-02
CUST04618,Sonal Shukla,Female,2000-12-31,Pune,Maharashtra,Doctor,2066300.00,2022-07-14
CUST04619,Sonali Reddy,Female,1966-12-03,Guwahati,Assam,Sales & Marketing Manager,543700.00,2019-11-09
CUST04620,Komal Singh,Female,1973-06-28,Guwahati,Assam,Software Engineer,1755600.00,2021-11-04
CUST04621,Garima Iyengar,Female,1958-04-09,Kota,Rajasthan,Healthcare Worker / Nurse,868600.00,2021-04-06
CUST04622,Divya Verma,Female,1971-07-07,Dehradun,Uttarakhand,Consultant,1305000.00,2016-09-21
CUST04623,Kavita Iyengar,Female,1995-05-24,Kota,Rajasthan,Business Owner,1478100.00,2018-12-16
CUST04624,Krishna Patel,Male,1967-02-16,Gurugram,Haryana,Lawyer,604300.00,2017-05-23
CUST04625,Sunil Singh,Male,1972-10-21,Surat,Gujarat,Civil / Mechanical Engineer,955700.00,2019-04-28
CUST04626,Abhishek Choudhury,Male,1969-06-28,Nagpur,Maharashtra,Banker,638100.00,2022-09-29
CUST04627,Priya Shetty,Female,1956-04-24,Ujjain,Madhya Pradesh,Software Engineer,1769400.00,2015-09-01
CUST04628,Sonali Shukla,Female,1998-11-24,Mumbai,Maharashtra,Sales & Marketing Manager,1224800.00,2016-11-19
CUST04629,Kunal Gowda,Male,1999-08-06,Jaipur,Rajasthan,Civil / Mechanical Engineer,481900.00,2016-05-12
CUST04630,Avani Saha,Female,1957-08-05,Prayagraj,Uttar Pradesh,Business Owner,3561800.00,2021-11-22
CUST04631,Kavita Iyer,Female,2000-03-29,Mumbai,Maharashtra,Teacher / Professor,846200.00,2023-05-12
CUST04632,Nikhil Yadav,Male,1957-04-23,Chandigarh,Punjab,Banker,1524400.00,2017-06-24
CUST04633,Deepak Saha,Male,1981-08-28,Rajkot,Gujarat,Civil / Mechanical Engineer,1058100.00,2020-08-30
CUST04634,Diya Verma,Female,1965-07-06,Nagpur,Maharashtra,Lawyer,715500.00,2023-07-22
CUST04635,Kunal Mehta,Male,1984-12-30,Noida,Uttar Pradesh,Teacher / Professor,488800.00,2015-09-24
CUST04636,Vihaan Iyengar,Male,1976-06-27,Ranchi,Jharkhand,Doctor,1690900.00,2018-01-27
CUST04637,Radha Srivastava,Female,2003-02-22,Mysuru,Karnataka,Freelancer / Creator,1016600.00,2019-07-26
CUST04638,Nandini Mohanty,Female,1998-07-12,Shillong,Meghalaya,Sales & Marketing Manager,1493100.00,2017-11-17
CUST04639,Ashish Srivastava,Male,1988-02-12,Rajkot,Gujarat,Consultant,1154800.00,2018-02-22
CUST04640,Sanjay Verma,Male,1978-06-26,Jamshedpur,Jharkhand,Lawyer,2123100.00,2023-04-20
CUST04641,Mayank Patel,Male,1977-04-25,Gwalior,Madhya Pradesh,Sales & Marketing Manager,751600.00,2019-06-20
CUST04642,Kunal Reddy,Male,1959-08-19,Bhopal,Madhya Pradesh,Civil / Mechanical Engineer,1314600.00,2018-11-27
CUST04643,Aditya Bhatia,Male,1987-04-20,Durgapur,West Bengal,Government Employee,486000.00,2016-08-09
CUST04644,Vandana Verma,Female,1984-08-18,Ahmedabad,Gujarat,Sales & Marketing Manager,1519400.00,2022-04-18
CUST04645,Naveen Pillai,Male,1983-03-26,Jabalpur,Madhya Pradesh,Retail Trader,1071200.00,2018-03-24
CUST04646,Hemant Bhat,Male,1965-05-19,Durgapur,West Bengal,Retail Trader,747200.00,2015-07-03
CUST04647,Deepak Bhatia,Male,1994-10-06,Bhopal,Madhya Pradesh,Banker,660500.00,2018-04-17
CUST04648,Aditi Agarwal,Female,1982-09-06,New Delhi,Delhi,Chartered Accountant,2439000.00,2022-09-12
CUST04649,Sachin Menon,Male,1979-05-19,Kanpur,Uttar Pradesh,Retail Trader,798800.00,2016-07-15
CUST04650,Nandini Hegde,Female,1976-06-26,Prayagraj,Uttar Pradesh,Business Owner,1579500.00,2020-11-08
CUST04651,Karthik Srivastava,Male,1964-08-12,Jabalpur,Madhya Pradesh,Banker,1128100.00,2015-07-08
CUST04652,Alok Bhat,Male,1992-10-20,Durg,Chhattisgarh,Sales & Marketing Manager,1394700.00,2018-04-24
CUST04653,Arjun Shukla,Male,1972-04-24,Kochi,Kerala,Doctor,2377000.00,2016-08-27
CUST04654,Ramesh Pillai,Male,1991-01-08,Agra,Uttar Pradesh,Teacher / Professor,1053600.00,2019-05-18
CUST04655,Saanvi Agarwal,Female,1982-10-07,Shillong,Meghalaya,Government Employee,1060200.00,2015-09-14
CUST04656,Reyansh Shukla,Male,2000-01-09,Prayagraj,Uttar Pradesh,Chartered Accountant,714900.00,2019-01-14
CUST04657,Kavita Pandey,Female,1991-05-18,Hyderabad,Telangana,Freelancer / Creator,407100.00,2018-01-19
CUST04658,Venkatesh Verma,Male,1981-08-22,Shillong,Meghalaya,Business Owner,1508500.00,2016-09-03
CUST04659,Krishna Pradhan,Male,1958-04-29,New Delhi,Delhi,Consultant,782100.00,2016-08-24
CUST04660,Sonali Das,Female,1987-03-08,Ujjain,Madhya Pradesh,Doctor,2544200.00,2018-02-09
CUST04661,Pallavi Singh,Female,1986-06-16,Guwahati,Assam,Retired,695000.00,2020-09-28
CUST04662,Dinesh Iyer,Male,1959-08-10,Aurangabad,Maharashtra,Retired,717200.00,2021-08-20
CUST04663,Ishita Mohanty,Female,1984-06-07,Kota,Rajasthan,Chartered Accountant,874000.00,2016-04-15
CUST04664,Harsh Kulkarni,Male,1989-05-15,Kochi,Kerala,Sales & Marketing Manager,1166100.00,2021-05-06
CUST04665,Simran Agarwal,Female,1997-10-17,Dehradun,Uttarakhand,Lawyer,531000.00,2015-06-24
CUST04666,Ritu Bhat,Female,1994-01-23,Bengaluru,Karnataka,Banker,946900.00,2020-03-12
CUST04667,Mohit Bora,Male,1976-03-11,Jabalpur,Madhya Pradesh,Teacher / Professor,657400.00,2020-04-23
CUST04668,Deepak Saikia,Male,1981-04-27,Nashik,Maharashtra,Business Owner,3185400.00,2018-05-15
CUST04669,Akash Kulkarni,Male,1990-10-22,Bhopal,Madhya Pradesh,Chartered Accountant,1266200.00,2018-04-25
CUST04670,Avani Ghosh,Female,1983-03-20,Mumbai,Maharashtra,Doctor,948700.00,2020-03-23
CUST04671,Shilpa Srivastava,Female,1991-09-21,Noida,Uttar Pradesh,Teacher / Professor,389200.00,2017-10-19
CUST04672,Alok Reddy,Male,1967-10-05,Chennai,Tamil Nadu,Civil / Mechanical Engineer,1362200.00,2016-10-12
CUST04673,Suresh Menon,Male,1977-11-01,Rajkot,Gujarat,Banker,1689600.00,2022-12-12
CUST04674,Krishna Saxena,Male,1968-10-21,Vijayawada,Andhra Pradesh,Teacher / Professor,950800.00,2020-08-12
CUST04675,Ajay Saha,Male,1995-06-03,Bhopal,Madhya Pradesh,Sales & Marketing Manager,810400.00,2015-10-23
CUST04676,Anjali Patnaik,Female,1978-09-20,Surat,Gujarat,Consultant,943900.00,2019-03-02
CUST04677,Kalyani Joshi,Female,1978-04-27,Dehradun,Uttarakhand,Lawyer,1809700.00,2020-05-23
CUST04678,Kalyani Kumar,Female,1987-02-17,Coimbatore,Tamil Nadu,Software Engineer,1744000.00,2016-05-13
CUST04679,Praveen Kumar,Male,1986-02-05,Ahmedabad,Gujarat,Chartered Accountant,1763600.00,2021-09-13
CUST04680,Anand Tripathi,Male,1957-11-07,Vijayawada,Andhra Pradesh,Government Employee,1424700.00,2017-05-24
CUST04681,Mohit Malhotra,Male,1997-04-30,Jabalpur,Madhya Pradesh,Healthcare Worker / Nurse,517500.00,2017-07-19
CUST04682,Shreya Yadav,Female,1975-04-08,Shillong,Meghalaya,Banker,1594600.00,2020-03-29
CUST04683,Vivaan Bora,Male,2001-03-18,Bhopal,Madhya Pradesh,Government Employee,648900.00,2018-05-20
CUST04684,Komal Shukla,Female,1955-09-27,Gwalior,Madhya Pradesh,Teacher / Professor,1041700.00,2023-01-15
CUST04685,Arjun Pradhan,Male,1969-10-06,Patna,Bihar,Doctor,2643300.00,2020-05-04
CUST04686,Vihaan Patnaik,Male,1995-05-03,Surat,Gujarat,Consultant,1565700.00,2020-08-06
CUST04687,Anjali Kapoor,Female,1976-03-10,Patna,Bihar,Chartered Accountant,1583900.00,2018-03-27
CUST04688,Aadhya Iyengar,Female,1990-05-02,Bengaluru,Karnataka,Chartered Accountant,1035200.00,2021-10-02
CUST04689,Kunal Patel,Male,1975-06-24,Madurai,Tamil Nadu,Sales & Marketing Manager,687800.00,2016-04-26
CUST04690,Sonal Nayak,Female,1970-03-12,Vadodara,Gujarat,Civil / Mechanical Engineer,863300.00,2020-02-27
CUST04691,Nikhil Choudhury,Male,2002-11-08,Noida,Uttar Pradesh,Business Owner,1909400.00,2019-08-11
CUST04692,Richa Tripathi,Female,1978-06-25,New Delhi,Delhi,Lawyer,2434000.00,2019-03-27
CUST04693,Avani Nair,Female,1968-04-12,Kanpur,Uttar Pradesh,Healthcare Worker / Nurse,880200.00,2023-10-31
CUST04694,Nandini Joshi,Female,1995-09-07,Kochi,Kerala,Healthcare Worker / Nurse,813800.00,2019-08-29
CUST04695,Nandini Nair,Female,1972-09-20,Mysuru,Karnataka,Retail Trader,856400.00,2019-10-14
CUST04696,Rahul Patil,Male,1990-03-22,New Delhi,Delhi,Retired,449700.00,2023-09-27
CUST04697,Sumit Gowda,Male,1967-04-07,Raipur,Chhattisgarh,Retail Trader,392200.00,2019-07-06
CUST04698,Karthik Patel,Male,1985-09-26,Ahmedabad,Gujarat,Business Owner,830800.00,2017-04-08
CUST04699,Suresh Iyengar,Male,1981-10-08,Ujjain,Madhya Pradesh,Government Employee,1036100.00,2021-04-22
CUST04700,Harsh Saha,Male,1983-11-22,Ahmedabad,Gujarat,Doctor,1138800.00,2017-12-06
CUST04701,Vivaan Bhat,Male,1956-03-02,Aurangabad,Maharashtra,Civil / Mechanical Engineer,1082200.00,2020-04-24
CUST04702,Aanya Chatterjee,Female,1968-03-07,Nagpur,Maharashtra,Government Employee,1088500.00,2020-12-06
CUST04703,Dinesh Shetty,Male,1957-01-09,Jamshedpur,Jharkhand,Teacher / Professor,1136900.00,2023-04-12
CUST04704,Payal Ghosh,Female,1957-12-23,Cuttack,Odisha,Retired,429000.00,2015-10-28
CUST04705,Komal Chauhan,Female,1991-05-09,Kochi,Kerala,Retail Trader,1331100.00,2017-03-03
CUST04706,Preeti Pandey,Female,1966-10-20,Chennai,Tamil Nadu,Sales & Marketing Manager,909700.00,2019-10-18
CUST04707,Pranav Bhatia,Male,1979-09-14,Kochi,Kerala,Teacher / Professor,1020100.00,2019-10-08
CUST04708,Ashish Chatterjee,Male,1997-10-26,Mysuru,Karnataka,Consultant,763100.00,2018-11-18
CUST04709,Kunal Verma,Male,1967-08-01,Guwahati,Assam,Retail Trader,692400.00,2019-11-06
CUST04710,Avani Iyer,Female,1990-08-24,Durgapur,West Bengal,Software Engineer,1823200.00,2020-06-30
CUST04711,Riya Shukla,Female,2002-06-15,Dehradun,Uttarakhand,Doctor,980400.00,2021-11-02
CUST04712,Anand Agarwal,Male,2003-01-25,Madurai,Tamil Nadu,Chartered Accountant,2048900.00,2019-08-18
CUST04713,Komal Pawar,Female,1993-05-24,Mysuru,Karnataka,Consultant,1585700.00,2015-12-23
CUST04714,Ajay Agarwal,Male,1978-05-13,Nagpur,Maharashtra,Retail Trader,1292200.00,2017-10-21
CUST04715,Kalyani Patil,Female,2002-01-23,Bhopal,Madhya Pradesh,Retail Trader,1107500.00,2021-05-26
CUST04716,Swati Malhotra,Female,1988-10-03,Raipur,Chhattisgarh,Retired,313400.00,2020-02-04
CUST04717,Ritu Bhat,Female,1973-07-25,Coimbatore,Tamil Nadu,Banker,1087700.00,2015-05-30
CUST04718,Preeti Deshmukh,Female,2001-03-31,Kota,Rajasthan,Business Owner,2103200.00,2019-11-06
CUST04719,Sunil Pillai,Male,1999-12-27,Patna,Bihar,Retail Trader,795000.00,2021-05-06
CUST04720,Shaurya Das,Male,1979-08-18,Kolkata,West Bengal,Doctor,2262100.00,2023-06-11
CUST04721,Divya Dutta,Female,1974-08-19,Hyderabad,Telangana,Chartered Accountant,2082800.00,2020-06-25
CUST04722,Ayaan Deshmukh,Male,1960-01-11,Vijayawada,Andhra Pradesh,Lawyer,1737200.00,2020-03-25
CUST04723,Anjali Ghosh,Female,1991-12-02,New Delhi,Delhi,Healthcare Worker / Nurse,879800.00,2019-10-03
CUST04724,Venkatesh Bansal,Male,1967-07-14,Guwahati,Assam,Healthcare Worker / Nurse,684500.00,2021-03-04
CUST04725,Arjun Patel,Male,1970-01-07,Jabalpur,Madhya Pradesh,Consultant,1385100.00,2018-11-21
CUST04726,Pranav Yadav,Male,1985-03-15,Gwalior,Madhya Pradesh,Retired,397300.00,2019-08-10
CUST04727,Nikhil Mehta,Male,1992-12-18,Hyderabad,Telangana,Chartered Accountant,1582000.00,2020-07-11
CUST04728,Richa Tripathi,Female,1964-12-12,Mysuru,Karnataka,Freelancer / Creator,601300.00,2019-12-26
CUST04729,Aditi Bhat,Female,1964-02-19,Jamshedpur,Jharkhand,Lawyer,1030200.00,2019-12-18
CUST04730,Rashmi Tripathi,Female,1963-03-01,Thiruvananthapuram,Kerala,Healthcare Worker / Nurse,566000.00,2017-11-01
CUST04731,Pallavi Patel,Female,1957-08-09,Amritsar,Punjab,Government Employee,425900.00,2019-02-02
CUST04732,Nikhil Nair,Male,1964-08-04,New Delhi,Delhi,Civil / Mechanical Engineer,1125000.00,2022-08-14
CUST04733,Archana Pawar,Female,1978-01-21,Coimbatore,Tamil Nadu,Lawyer,1747500.00,2018-09-25
CUST04734,Sunita Menon,Female,1981-02-08,Siliguri,West Bengal,Healthcare Worker / Nurse,865100.00,2023-09-01
CUST04735,Archana Sharma,Female,1980-03-05,Guwahati,Assam,Business Owner,1195500.00,2020-12-25
CUST04736,Karthik Yadav,Male,1991-03-28,Ujjain,Madhya Pradesh,Consultant,837300.00,2019-07-26
CUST04737,Tanvi Nayak,Female,1970-06-10,Gwalior,Madhya Pradesh,Retired,438300.00,2023-10-04
CUST04738,Amit Kapoor,Male,1990-06-03,Thiruvananthapuram,Kerala,Doctor,1573800.00,2023-02-04
CUST04739,Anjali Pillai,Female,1958-02-20,Noida,Uttar Pradesh,Teacher / Professor,437900.00,2023-12-30
CUST04740,Ishita Shetty,Female,1979-10-10,Coimbatore,Tamil Nadu,Healthcare Worker / Nurse,619800.00,2022-01-31
CUST04741,Anjali Iyer,Female,1984-12-11,Aurangabad,Maharashtra,Government Employee,1112500.00,2017-12-27
CUST04742,Preeti Gowda,Female,1956-06-11,Visakhapatnam,Andhra Pradesh,Business Owner,3477700.00,2016-07-13
CUST04743,Neha Chauhan,Female,1963-11-01,Mysuru,Karnataka,Doctor,1538500.00,2016-08-23
CUST04744,Kalyani Bora,Female,1967-02-06,Jaipur,Rajasthan,Software Engineer,2178800.00,2015-03-28
CUST04745,Nikhil Gowda,Male,2000-10-27,Guwahati,Assam,Doctor,2300500.00,2021-09-08
CUST04746,Karthik Chatterjee,Male,1970-02-17,Jamshedpur,Jharkhand,Retired,530700.00,2021-05-06
CUST04747,Neha Agarwal,Female,1991-03-03,Noida,Uttar Pradesh,Banker,613400.00,2017-10-27
CUST04748,Manish Menon,Male,1961-12-23,Thiruvananthapuram,Kerala,Freelancer / Creator,1151800.00,2020-12-03
CUST04749,Swati Verma,Female,1980-07-24,Kota,Rajasthan,Retail Trader,1087500.00,2017-01-21
CUST04750,Atharva Bora,Male,1974-06-17,Ujjain,Madhya Pradesh,Banker,1618900.00,2020-04-10
CUST04751,Hemant Malhotra,Male,1999-10-28,Lucknow,Uttar Pradesh,Lawyer,2192300.00,2022-11-05
CUST04752,Ayaan Nair,Male,1965-03-30,Visakhapatnam,Andhra Pradesh,Retired,659400.00,2016-01-24
CUST04753,Ritu Deshmukh,Female,1995-03-27,Bhubaneswar,Odisha,Sales & Marketing Manager,741600.00,2021-09-16
CUST04754,Archana Chatterjee,Female,1960-05-09,Gwalior,Madhya Pradesh,Freelancer / Creator,1169400.00,2017-10-14
CUST04755,Mayank Menon,Male,2003-01-11,Gwalior,Madhya Pradesh,Civil / Mechanical Engineer,1178500.00,2015-02-17
CUST04756,Arjun Bora,Male,2000-08-14,Kota,Rajasthan,Banker,1598500.00,2019-01-28
CUST04757,Vivaan Gowda,Male,1986-06-11,Bhubaneswar,Odisha,Software Engineer,2338100.00,2020-12-01
CUST04758,Akash Dutta,Male,1962-01-28,Panaji,Goa,Civil / Mechanical Engineer,1130800.00,2020-09-29
CUST04759,Saanvi Reddy,Female,1986-10-10,Prayagraj,Uttar Pradesh,Teacher / Professor,743100.00,2019-11-08
CUST04760,Swati Saha,Female,1984-07-13,Jabalpur,Madhya Pradesh,Software Engineer,2162400.00,2017-12-10
CUST04761,Jyoti Pillai,Female,1971-06-02,Shillong,Meghalaya,Software Engineer,940500.00,2020-01-25
CUST04762,Mayank Rao,Male,1960-12-14,Mysuru,Karnataka,Business Owner,3087700.00,2015-12-05
CUST04763,Vijay Agarwal,Male,1982-08-16,Patna,Bihar,Healthcare Worker / Nurse,460200.00,2017-12-05
CUST04764,Aadhya Srivastava,Female,1967-07-29,Cuttack,Odisha,Retired,457700.00,2023-04-30
CUST04765,Aanya Iyer,Female,1991-08-15,Gurugram,Haryana,Sales & Marketing Manager,1170300.00,2019-03-03
CUST04766,Manoj Pandey,Male,1993-11-27,Shillong,Meghalaya,Consultant,1860900.00,2016-05-23
CUST04767,Pooja Iyengar,Female,1962-06-12,Amritsar,Punjab,Consultant,2118800.00,2022-05-20
CUST04768,Aditi Iyer,Female,1989-06-21,Durgapur,West Bengal,Healthcare Worker / Nurse,834900.00,2017-10-04
CUST04769,Karthik Tripathi,Male,1987-06-30,Visakhapatnam,Andhra Pradesh,Software Engineer,1392300.00,2022-03-17
CUST04770,Rashmi Das,Female,2000-03-30,Jabalpur,Madhya Pradesh,Sales & Marketing Manager,689800.00,2016-10-31
CUST04771,Ishaan Ghosh,Male,1964-12-31,Kochi,Kerala,Doctor,2028500.00,2018-08-29
CUST04772,Deepak Joshi,Male,1991-05-22,Raipur,Chhattisgarh,Civil / Mechanical Engineer,540000.00,2015-06-09
CUST04773,Radha Bhat,Female,1970-04-28,Chandigarh,Punjab,Government Employee,981200.00,2016-05-24
CUST04774,Aadhya Chauhan,Female,1988-06-02,Ahmedabad,Gujarat,Government Employee,983800.00,2022-12-13
CUST04775,Harsh Tripathi,Male,1974-10-26,Durgapur,West Bengal,Sales & Marketing Manager,1467700.00,2021-07-31
CUST04776,Simran Kulkarni,Female,1986-01-14,Bhopal,Madhya Pradesh,Lawyer,1154800.00,2020-11-25
CUST04777,Divya Kumar,Female,1969-04-12,Bhubaneswar,Odisha,Chartered Accountant,2247200.00,2017-02-08
CUST04778,Avani Gowda,Female,1986-04-25,Jamshedpur,Jharkhand,Teacher / Professor,1087900.00,2016-02-08
CUST04779,Atharva Shukla,Male,1979-08-04,Aurangabad,Maharashtra,Lawyer,1337600.00,2020-12-02
CUST04780,Vandana Pradhan,Female,1998-01-10,Pune,Maharashtra,Consultant,713600.00,2015-08-08
CUST04781,Riya Chauhan,Female,1975-08-18,Pune,Maharashtra,Healthcare Worker / Nurse,482000.00,2023-04-27
CUST04782,Praveen Gupta,Male,1960-01-09,New Delhi,Delhi,Healthcare Worker / Nurse,725200.00,2018-04-19
CUST04783,Deepak Yadav,Male,1956-05-03,Bilaspur,Chhattisgarh,Healthcare Worker / Nurse,495200.00,2015-05-05
CUST04784,Krishna Mukherjee,Male,1987-02-04,Nashik,Maharashtra,Freelancer / Creator,561400.00,2017-08-30
CUST04785,Aanya Menon,Female,1976-08-31,Surat,Gujarat,Teacher / Professor,1016300.00,2021-09-29
CUST04786,Aarti Iyengar,Female,1980-01-12,Patna,Bihar,Civil / Mechanical Engineer,477800.00,2015-09-11
CUST04787,Manoj Joshi,Male,1961-04-14,Panaji,Goa,Sales & Marketing Manager,1342400.00,2018-05-13
CUST04788,Abhishek Ghosh,Male,1971-10-22,Thiruvananthapuram,Kerala,Teacher / Professor,838300.00,2017-01-06
CUST04789,Manoj Deshmukh,Male,1995-03-12,Patna,Bihar,Sales & Marketing Manager,620600.00,2018-03-27
CUST04790,Sunita Malhotra,Female,1964-11-03,Shillong,Meghalaya,Software Engineer,630600.00,2015-09-12
CUST04791,Swati Shukla,Female,1965-02-06,Siliguri,West Bengal,Healthcare Worker / Nurse,486300.00,2022-09-19
CUST04792,Bhavna Choudhury,Female,1957-05-08,Rajkot,Gujarat,Banker,672300.00,2022-08-08
CUST04793,Venkatesh Saha,Male,1972-05-01,Agra,Uttar Pradesh,Teacher / Professor,659400.00,2017-06-24
CUST04794,Vivaan Nair,Male,1974-11-23,Panaji,Goa,Government Employee,1086500.00,2023-11-15
CUST04795,Anand Deshmukh,Male,1994-04-14,Bhubaneswar,Odisha,Chartered Accountant,1923200.00,2019-06-16
CUST04796,Arjun Banerjee,Male,1980-05-04,Gwalior,Madhya Pradesh,Lawyer,903900.00,2016-02-27
CUST04797,Devendra Mehta,Male,2000-01-09,Madurai,Tamil Nadu,Teacher / Professor,635900.00,2017-09-12
CUST04798,Rashmi Tripathi,Female,1964-01-10,Surat,Gujarat,Retired,517600.00,2017-02-06
CUST04799,Meenakshi Srivastava,Female,1961-03-14,Kochi,Kerala,Teacher / Professor,1025200.00,2022-05-19
CUST04800,Hemant Shetty,Male,1976-10-14,Chandigarh,Punjab,Civil / Mechanical Engineer,1220400.00,2021-11-14
CUST04801,Aarav Chatterjee,Male,1955-09-07,Lucknow,Uttar Pradesh,Software Engineer,1504900.00,2023-07-07
CUST04802,Sneha Iyer,Female,1997-11-01,Lucknow,Uttar Pradesh,Teacher / Professor,1124100.00,2022-08-19
CUST04803,Manish Saikia,Male,1993-05-15,Bhopal,Madhya Pradesh,Freelancer / Creator,821200.00,2021-07-16
CUST04804,Karthik Srivastava,Male,1979-06-08,Prayagraj,Uttar Pradesh,Consultant,1706600.00,2017-09-20
CUST04805,Vandana Dutta,Female,1977-06-13,Ranchi,Jharkhand,Consultant,2131300.00,2020-10-21
CUST04806,Nandini Tripathi,Female,1961-07-19,Noida,Uttar Pradesh,Doctor,873500.00,2019-03-03
CUST04807,Payal Iyer,Female,1965-05-22,Lucknow,Uttar Pradesh,Doctor,1612700.00,2017-04-18
CUST04808,Shaurya Hegde,Male,1985-06-07,Gurugram,Haryana,Consultant,1747700.00,2022-09-10
CUST04809,Sunita Patnaik,Female,1989-09-12,Rajkot,Gujarat,Business Owner,2249200.00,2015-06-24
CUST04810,Aarav Saha,Male,1961-03-03,Guwahati,Assam,Civil / Mechanical Engineer,1036300.00,2020-10-25
CUST04811,Pankaj Singh,Male,1967-10-02,Shillong,Meghalaya,Business Owner,2348700.00,2018-03-06
CUST04812,Lakshmi Agarwal,Female,1996-12-02,Prayagraj,Uttar Pradesh,Sales & Marketing Manager,947100.00,2017-10-14
CUST04813,Shreya Joshi,Female,1956-06-26,Guwahati,Assam,Business Owner,1546400.00,2022-11-04
CUST04814,Deepak Pillai,Male,1955-12-06,Rajkot,Gujarat,Government Employee,928800.00,2016-09-01
CUST04815,Monika Chatterjee,Female,1986-06-16,Mysuru,Karnataka,Sales & Marketing Manager,1195500.00,2017-03-06
CUST04816,Richa Nair,Female,1971-08-29,Rajkot,Gujarat,Banker,811500.00,2021-08-29
CUST04817,Meera Agarwal,Female,1997-07-17,Gwalior,Madhya Pradesh,Civil / Mechanical Engineer,874400.00,2018-05-23
CUST04818,Varun Nair,Male,1983-12-15,Ranchi,Jharkhand,Sales & Marketing Manager,1213300.00,2018-06-07
CUST04819,Deepika Bhat,Female,1964-03-11,Cuttack,Odisha,Consultant,1739900.00,2017-10-18
CUST04820,Manish Pandey,Male,1975-12-07,Vijayawada,Andhra Pradesh,Lawyer,788300.00,2021-11-24
CUST04821,Ishaan Ghosh,Male,1978-09-06,Kota,Rajasthan,Software Engineer,2124400.00,2021-05-04
CUST04822,Shreya Saikia,Female,1965-12-15,Nagpur,Maharashtra,Banker,1368000.00,2020-10-28
CUST04823,Ayaan Saha,Male,1969-03-30,Amritsar,Punjab,Consultant,1861300.00,2016-08-20
CUST04824,Ashish Mukherjee,Male,1962-08-05,Amritsar,Punjab,Government Employee,822100.00,2020-07-02
CUST04825,Vihaan Reddy,Male,1974-03-17,Coimbatore,Tamil Nadu,Sales & Marketing Manager,1263100.00,2023-09-04
CUST04826,Praveen Dutta,Male,1958-05-30,Kochi,Kerala,Civil / Mechanical Engineer,813700.00,2018-05-17
CUST04827,Archana Mishra,Female,1971-10-18,Visakhapatnam,Andhra Pradesh,Software Engineer,2270800.00,2023-10-30
CUST04828,Sumit Bhat,Male,1960-01-16,Jabalpur,Madhya Pradesh,Retail Trader,866800.00,2019-06-24
CUST04829,Vandana Shukla,Female,1973-10-17,Nagpur,Maharashtra,Civil / Mechanical Engineer,1077000.00,2015-08-10
CUST04830,Swati Singh,Female,1956-04-24,Vadodara,Gujarat,Lawyer,1997200.00,2022-04-23
CUST04831,Devendra Choudhury,Male,1965-02-16,Kochi,Kerala,Banker,1690100.00,2016-11-09
CUST04832,Alok Shetty,Male,1997-02-21,Rajkot,Gujarat,Teacher / Professor,514000.00,2017-10-26
CUST04833,Priya Patel,Female,2000-02-02,Agra,Uttar Pradesh,Doctor,2957500.00,2020-09-20
CUST04834,Suresh Kapoor,Male,1958-05-11,Surat,Gujarat,Chartered Accountant,791300.00,2018-08-27
CUST04835,Varun Kumar,Male,1966-10-04,Ahmedabad,Gujarat,Lawyer,2388100.00,2015-03-30
CUST04836,Monika Shukla,Female,1963-05-11,Visakhapatnam,Andhra Pradesh,Business Owner,1608100.00,2021-02-19
CUST04837,Akash Kumar,Male,1963-02-17,Hyderabad,Telangana,Retired,392800.00,2017-01-31
CUST04838,Shikha Malhotra,Female,1975-12-03,Bilaspur,Chhattisgarh,Business Owner,1151600.00,2020-06-29
CUST04839,Radha Patnaik,Female,2000-02-09,Amritsar,Punjab,Business Owner,1215600.00,2016-01-28
CUST04840,Aditya Nayak,Male,1970-08-20,Jaipur,Rajasthan,Freelancer / Creator,1041100.00,2015-06-27
CUST04841,Ishaan Joshi,Male,1965-05-21,Ranchi,Jharkhand,Government Employee,784500.00,2022-05-04
CUST04842,Sneha Yadav,Female,1976-12-28,Shillong,Meghalaya,Consultant,682400.00,2016-06-27
CUST04843,Manoj Pillai,Male,1980-08-20,Shillong,Meghalaya,Banker,624400.00,2016-04-08
CUST04844,Anjali Mishra,Female,1971-03-24,Gurugram,Haryana,Government Employee,1436400.00,2015-01-26
CUST04845,Jyoti Pradhan,Female,1955-12-26,Kanpur,Uttar Pradesh,Business Owner,640500.00,2015-11-11
CUST04846,Hemant Kulkarni,Male,1995-05-07,Vadodara,Gujarat,Civil / Mechanical Engineer,987700.00,2018-03-23
CUST04847,Rohan Kapoor,Male,1996-02-07,Panaji,Goa,Business Owner,3882500.00,2016-09-26
CUST04848,Vikram Kumar,Male,1964-04-27,Panaji,Goa,Government Employee,673800.00,2015-12-23
CUST04849,Naveen Shetty,Male,1980-12-10,Gurugram,Haryana,Chartered Accountant,1099000.00,2019-07-04
CUST04850,Venkatesh Tripathi,Male,1981-10-13,Noida,Uttar Pradesh,Banker,1491700.00,2017-10-23
CUST04851,Rajesh Pandey,Male,1993-11-28,Aurangabad,Maharashtra,Chartered Accountant,2309600.00,2022-07-25
CUST04852,Devendra Malhotra,Male,1956-06-01,Agra,Uttar Pradesh,Sales & Marketing Manager,1282600.00,2016-04-06
CUST04853,Sanjay Nayak,Male,1959-11-20,Siliguri,West Bengal,Sales & Marketing Manager,497900.00,2021-06-29
CUST04854,Gaurav Singh,Male,1999-04-01,Lucknow,Uttar Pradesh,Freelancer / Creator,770300.00,2019-04-19
CUST04855,Dinesh Patil,Male,1991-03-31,Visakhapatnam,Andhra Pradesh,Teacher / Professor,1029500.00,2017-02-07
CUST04856,Amit Bora,Male,1959-03-05,Noida,Uttar Pradesh,Lawyer,2230100.00,2018-01-21
CUST04857,Ajay Yadav,Male,1959-01-19,Lucknow,Uttar Pradesh,Healthcare Worker / Nurse,822400.00,2018-09-17
CUST04858,Vihaan Menon,Male,1966-01-31,Hyderabad,Telangana,Chartered Accountant,2249200.00,2022-12-02
CUST04859,Aditya Kulkarni,Male,1986-04-02,Vadodara,Gujarat,Lawyer,1030100.00,2023-05-30
CUST04860,Rajesh Ghosh,Male,1960-01-13,Durg,Chhattisgarh,Doctor,2061800.00,2016-08-07
CUST04861,Tanvi Singh,Female,1962-05-29,Mumbai,Maharashtra,Freelancer / Creator,574300.00,2020-08-28
CUST04862,Manish Gupta,Male,1999-08-25,Coimbatore,Tamil Nadu,Business Owner,1495500.00,2023-09-09
CUST04863,Vikram Reddy,Male,1977-03-20,Kota,Rajasthan,Business Owner,522800.00,2020-05-28
CUST04864,Divya Mohanty,Female,1984-03-23,Aurangabad,Maharashtra,Freelancer / Creator,1083500.00,2015-01-12
CUST04865,Akash Banerjee,Male,1995-12-06,Prayagraj,Uttar Pradesh,Government Employee,656600.00,2020-01-13
CUST04866,Pankaj Kulkarni,Male,1996-11-07,New Delhi,Delhi,Healthcare Worker / Nurse,880000.00,2018-01-09
CUST04867,Ayaan Pillai,Male,1981-07-06,Gwalior,Madhya Pradesh,Healthcare Worker / Nurse,673400.00,2021-03-10
CUST04868,Kavita Iyengar,Female,1962-09-15,Durg,Chhattisgarh,Sales & Marketing Manager,556400.00,2022-03-14
CUST04869,Nandini Shukla,Female,1978-10-04,Dehradun,Uttarakhand,Sales & Marketing Manager,885400.00,2019-12-26
CUST04870,Sanjay Patil,Male,1996-10-22,Durg,Chhattisgarh,Business Owner,3887600.00,2023-09-07
CUST04871,Vivaan Bora,Male,1959-05-27,Chandigarh,Punjab,Lawyer,1194300.00,2019-01-27
CUST04872,Sonali Kumar,Female,1978-08-25,Prayagraj,Uttar Pradesh,Civil / Mechanical Engineer,589200.00,2023-01-17
CUST04873,Komal Yadav,Female,1989-12-21,Madurai,Tamil Nadu,Lawyer,1499100.00,2020-10-27
CUST04874,Deepika Pradhan,Female,1984-06-08,Nagpur,Maharashtra,Teacher / Professor,948600.00,2023-12-27
CUST04875,Rashmi Kulkarni,Female,1956-01-11,Cuttack,Odisha,Business Owner,3759900.00,2019-02-18
CUST04876,Tarun Bhatia,Male,1978-12-25,New Delhi,Delhi,Consultant,1054500.00,2017-01-06
CUST04877,Jyoti Saxena,Female,1962-01-18,Rajkot,Gujarat,Chartered Accountant,1874600.00,2023-02-02
CUST04878,Ayaan Yadav,Male,1961-04-11,Nashik,Maharashtra,Software Engineer,1968200.00,2022-01-30
CUST04879,Simran Singh,Female,1995-09-17,Rajkot,Gujarat,Civil / Mechanical Engineer,1260700.00,2015-03-23
CUST04880,Aanya Patil,Female,1988-11-20,New Delhi,Delhi,Consultant,1656500.00,2021-08-11
CUST04881,Varun Sharma,Male,1968-05-27,Indore,Madhya Pradesh,Sales & Marketing Manager,506300.00,2017-03-15
CUST04882,Komal Mohanty,Female,1977-07-25,Bengaluru,Karnataka,Civil / Mechanical Engineer,424100.00,2023-12-31
CUST04883,Radha Agarwal,Female,1973-11-05,Bhubaneswar,Odisha,Healthcare Worker / Nurse,597500.00,2015-07-23
CUST04884,Tarun Yadav,Male,1974-04-24,Gwalior,Madhya Pradesh,Banker,1158500.00,2016-02-16
CUST04885,Rajesh Gowda,Male,1961-07-31,Prayagraj,Uttar Pradesh,Freelancer / Creator,839900.00,2019-07-02
CUST04886,Vivaan Bhatia,Male,1975-03-20,Bhopal,Madhya Pradesh,Teacher / Professor,1167500.00,2019-01-22
CUST04887,Varun Dutta,Male,1995-09-01,Bengaluru,Karnataka,Chartered Accountant,766500.00,2016-05-07
CUST04888,Divya Hegde,Female,1987-09-13,Durg,Chhattisgarh,Lawyer,1419100.00,2018-03-02
CUST04889,Vandana Pawar,Female,1992-01-02,Gurugram,Haryana,Software Engineer,1492800.00,2016-03-09
CUST04890,Vijay Das,Male,1956-10-06,Nashik,Maharashtra,Lawyer,1445800.00,2019-01-27
CUST04891,Kunal Joshi,Male,1957-05-05,Bhubaneswar,Odisha,Freelancer / Creator,747000.00,2020-09-18
CUST04892,Deepak Bhatia,Male,1974-08-25,Visakhapatnam,Andhra Pradesh,Teacher / Professor,1083800.00,2021-11-20
CUST04893,Vandana Dutta,Female,1981-07-31,Siliguri,West Bengal,Government Employee,637800.00,2017-08-21
CUST04894,Sachin Yadav,Male,1965-11-03,Kota,Rajasthan,Doctor,1190400.00,2016-08-15
CUST04895,Pari Pawar,Female,1991-05-31,Gwalior,Madhya Pradesh,Banker,1659700.00,2019-10-11
CUST04896,Riya Kulkarni,Female,1978-10-23,Kanpur,Uttar Pradesh,Consultant,788000.00,2019-09-18
CUST04897,Ritu Iyer,Female,1989-12-24,Visakhapatnam,Andhra Pradesh,Lawyer,575100.00,2022-01-12
CUST04898,Hemant Srivastava,Male,1972-09-19,Kochi,Kerala,Software Engineer,1177700.00,2019-05-31
CUST04899,Mayank Nayak,Male,1956-10-30,Surat,Gujarat,Business Owner,1324000.00,2018-09-19
CUST04900,Dinesh Nair,Male,2000-04-22,Durgapur,West Bengal,Lawyer,1053500.00,2021-02-26
CUST04901,Deepika Malhotra,Female,1971-04-29,Kanpur,Uttar Pradesh,Chartered Accountant,1705400.00,2019-07-10
CUST04902,Vandana Yadav,Female,1991-02-03,Durg,Chhattisgarh,Teacher / Professor,453900.00,2017-08-03
CUST04903,Shaurya Joshi,Male,1994-09-08,Coimbatore,Tamil Nadu,Doctor,1769100.00,2020-02-28
CUST04904,Rajesh Sharma,Male,1987-09-14,Indore,Madhya Pradesh,Government Employee,1154200.00,2019-12-05
CUST04905,Hemant Mukherjee,Male,1962-06-03,Mumbai,Maharashtra,Teacher / Professor,1170600.00,2022-10-08
CUST04906,Sonal Malhotra,Female,1967-05-22,Aurangabad,Maharashtra,Government Employee,624200.00,2016-05-29
CUST04907,Anjali Chatterjee,Female,1962-01-19,Kochi,Kerala,Teacher / Professor,560500.00,2022-10-20
CUST04908,Dinesh Pandey,Male,1972-01-02,Gurugram,Haryana,Healthcare Worker / Nurse,652600.00,2020-02-25
CUST04909,Mohit Das,Male,1971-06-14,Ujjain,Madhya Pradesh,Retail Trader,566300.00,2021-08-19
CUST04910,Divya Menon,Female,1962-01-02,Nashik,Maharashtra,Chartered Accountant,2287700.00,2017-11-16
CUST04911,Varun Gupta,Male,1976-09-30,Nagpur,Maharashtra,Retired,713400.00,2020-03-01
CUST04912,Archana Saxena,Female,1983-01-16,Noida,Uttar Pradesh,Banker,1244400.00,2018-01-20
CUST04913,Sumit Mukherjee,Male,1986-02-15,Dehradun,Uttarakhand,Software Engineer,2014500.00,2015-10-04
CUST04914,Ishaan Bhatia,Male,1955-09-01,Kolkata,West Bengal,Government Employee,1084500.00,2018-11-29
CUST04915,Sumit Kulkarni,Male,1996-06-30,Dehradun,Uttarakhand,Healthcare Worker / Nurse,614700.00,2015-10-18
CUST04916,Devendra Pawar,Male,1976-08-23,Shillong,Meghalaya,Lawyer,727200.00,2016-09-29
CUST04917,Nisha Yadav,Female,1987-12-24,Panaji,Goa,Teacher / Professor,528600.00,2018-06-10
CUST04918,Nisha Singh,Female,1997-05-17,Mumbai,Maharashtra,Freelancer / Creator,749500.00,2017-02-11
CUST04919,Alok Hegde,Male,1999-08-06,Lucknow,Uttar Pradesh,Healthcare Worker / Nurse,886600.00,2019-08-15
CUST04920,Sunil Nair,Male,1979-03-28,Vijayawada,Andhra Pradesh,Healthcare Worker / Nurse,864500.00,2018-08-17
CUST04921,Shaurya Sharma,Male,1992-04-28,Coimbatore,Tamil Nadu,Teacher / Professor,952700.00,2023-11-23
CUST04922,Manoj Mohanty,Male,1993-04-19,Raipur,Chhattisgarh,Business Owner,2493700.00,2015-01-17
CUST04923,Sai Bora,Male,1975-02-25,Raipur,Chhattisgarh,Government Employee,652000.00,2019-04-26
CUST04924,Vihaan Pawar,Male,1982-02-19,Kolkata,West Bengal,Lawyer,599200.00,2022-06-04
CUST04925,Vihaan Rao,Male,1966-10-05,Jaipur,Rajasthan,Software Engineer,1394700.00,2023-09-05
CUST04926,Karthik Iyer,Male,1982-04-24,Jaipur,Rajasthan,Government Employee,1095600.00,2023-04-12
CUST04927,Atharva Sharma,Male,1993-04-08,Madurai,Tamil Nadu,Lawyer,713400.00,2018-10-16
CUST04928,Praveen Bansal,Male,2000-08-25,Pune,Maharashtra,Banker,829000.00,2015-12-18
CUST04929,Rajesh Das,Male,1996-03-24,Kochi,Kerala,Lawyer,894100.00,2019-05-25
CUST04930,Aarav Joshi,Male,1970-01-08,Durgapur,West Bengal,Retail Trader,1409200.00,2018-09-08
CUST04931,Radha Bora,Female,1982-09-22,Kanpur,Uttar Pradesh,Sales & Marketing Manager,1193800.00,2016-02-10
CUST04932,Sonal Malhotra,Female,1968-04-04,Cuttack,Odisha,Software Engineer,1867000.00,2016-12-28
CUST04933,Tanvi Yadav,Female,1992-04-04,Lucknow,Uttar Pradesh,Healthcare Worker / Nurse,650900.00,2016-04-20
CUST04934,Diya Mukherjee,Female,1985-04-11,Cuttack,Odisha,Consultant,2061300.00,2018-01-12
CUST04935,Deepak Deshmukh,Male,1985-06-28,Kota,Rajasthan,Doctor,1276100.00,2020-10-03
CUST04936,Radha Patnaik,Female,1977-09-09,Jamshedpur,Jharkhand,Business Owner,2531700.00,2018-03-11
CUST04937,Monika Mishra,Female,1994-06-29,Kanpur,Uttar Pradesh,Healthcare Worker / Nurse,397400.00,2022-12-20
CUST04938,Abhishek Chatterjee,Male,2001-04-15,Chandigarh,Punjab,Consultant,2048400.00,2022-04-02
CUST04939,Anand Gowda,Male,1963-10-17,Patna,Bihar,Civil / Mechanical Engineer,791000.00,2019-01-30
CUST04940,Nandini Singh,Female,1958-09-27,Agra,Uttar Pradesh,Sales & Marketing Manager,664600.00,2023-12-18
CUST04941,Sunita Saha,Female,1978-11-09,Raipur,Chhattisgarh,Teacher / Professor,1157000.00,2016-02-21
CUST04942,Tanvi Das,Female,1958-08-08,Cuttack,Odisha,Doctor,2991500.00,2018-07-07
CUST04943,Ishaan Pradhan,Male,1995-09-18,Indore,Madhya Pradesh,Software Engineer,2206400.00,2016-02-07
CUST04944,Harsh Mishra,Male,1995-03-12,Dehradun,Uttarakhand,Teacher / Professor,692200.00,2020-12-25
CUST04945,Sunita Banerjee,Female,1991-09-26,Mysuru,Karnataka,Retired,657600.00,2015-02-20
CUST04946,Ishita Pradhan,Female,1956-02-23,Vadodara,Gujarat,Chartered Accountant,2396800.00,2020-05-06
CUST04947,Nisha Rao,Female,1993-06-26,Amritsar,Punjab,Teacher / Professor,559900.00,2023-07-01
CUST04948,Pooja Rao,Female,1968-11-26,Panaji,Goa,Retail Trader,395300.00,2020-01-10
CUST04949,Vivaan Chatterjee,Male,1994-08-19,Ujjain,Madhya Pradesh,Business Owner,2781300.00,2022-02-11
CUST04950,Vandana Yadav,Female,1968-10-22,Bhopal,Madhya Pradesh,Freelancer / Creator,1118900.00,2019-10-14
CUST04951,Jyoti Chatterjee,Female,1999-09-28,Gwalior,Madhya Pradesh,Retired,747800.00,2020-08-06
CUST04952,Krishna Singh,Male,2000-11-14,Indore,Madhya Pradesh,Teacher / Professor,501700.00,2018-04-11
CUST04953,Aarohi Verma,Female,1988-03-11,Gwalior,Madhya Pradesh,Software Engineer,2188400.00,2019-02-26
CUST04954,Aanya Mohanty,Female,1959-08-29,Bilaspur,Chhattisgarh,Healthcare Worker / Nurse,595800.00,2016-08-15
CUST04955,Gaurav Joshi,Male,1981-02-10,Chennai,Tamil Nadu,Banker,950300.00,2015-09-23
CUST04956,Tarun Saxena,Male,1965-07-23,Kochi,Kerala,Consultant,925700.00,2019-11-15
CUST04957,Richa Patnaik,Female,1958-03-04,Jamshedpur,Jharkhand,Civil / Mechanical Engineer,719100.00,2017-01-28
CUST04958,Tarun Gupta,Male,1968-04-05,Patna,Bihar,Consultant,945600.00,2019-04-11
CUST04959,Vandana Ghosh,Female,1992-11-08,Siliguri,West Bengal,Lawyer,1353000.00,2015-03-29
CUST04960,Vijay Patel,Male,1986-03-31,Indore,Madhya Pradesh,Retired,416100.00,2020-02-14
CUST04961,Kavita Kumar,Female,1969-08-21,Durgapur,West Bengal,Teacher / Professor,842000.00,2015-10-17
CUST04962,Sonal Gowda,Female,1959-09-08,Jamshedpur,Jharkhand,Chartered Accountant,1914000.00,2022-04-19
CUST04963,Vikram Chatterjee,Male,1957-11-04,Ujjain,Madhya Pradesh,Software Engineer,1223100.00,2020-04-06
CUST04964,Pallavi Sharma,Female,1971-10-29,Surat,Gujarat,Software Engineer,1901800.00,2021-03-09
CUST04965,Tanvi Chauhan,Female,1984-07-29,Cuttack,Odisha,Consultant,1598500.00,2019-06-25
CUST04966,Sanjay Kapoor,Male,1978-10-16,Nashik,Maharashtra,Freelancer / Creator,1162400.00,2016-05-28
CUST04967,Sunita Saxena,Female,2003-01-16,Jamshedpur,Jharkhand,Teacher / Professor,412000.00,2023-10-05
CUST04968,Payal Das,Female,1955-12-30,Thiruvananthapuram,Kerala,Freelancer / Creator,454200.00,2019-02-27
CUST04969,Swati Gupta,Female,1991-03-27,Bilaspur,Chhattisgarh,Software Engineer,1936500.00,2021-11-13
CUST04970,Deepak Gupta,Male,1965-12-02,Kochi,Kerala,Lawyer,1877500.00,2016-03-25
CUST04971,Kalyani Gupta,Female,2001-08-30,Nashik,Maharashtra,Sales & Marketing Manager,804900.00,2016-03-15
CUST04972,Meenakshi Reddy,Female,1977-12-31,Ujjain,Madhya Pradesh,Consultant,665200.00,2018-10-04
CUST04973,Deepika Singh,Female,1972-03-01,Bhubaneswar,Odisha,Retired,760800.00,2016-08-06
CUST04974,Suresh Joshi,Male,1976-07-07,Bhubaneswar,Odisha,Healthcare Worker / Nurse,601400.00,2020-03-24
CUST04975,Aadhya Patnaik,Female,1990-07-19,Chennai,Tamil Nadu,Business Owner,2716600.00,2021-02-10
CUST04976,Harsh Kumar,Male,1975-05-30,Ranchi,Jharkhand,Healthcare Worker / Nurse,673300.00,2023-02-19
CUST04977,Amit Tripathi,Male,1983-07-21,Panaji,Goa,Freelancer / Creator,913800.00,2023-05-27
CUST04978,Krishna Deshmukh,Male,1999-04-10,Panaji,Goa,Freelancer / Creator,585500.00,2021-07-09
CUST04979,Hemant Bhatia,Male,1990-05-26,Lucknow,Uttar Pradesh,Government Employee,1067000.00,2017-04-23
CUST04980,Reyansh Verma,Male,1968-10-17,Vadodara,Gujarat,Chartered Accountant,2453200.00,2015-08-09
CUST04981,Sonal Saikia,Female,1981-09-07,Mysuru,Karnataka,Lawyer,2161000.00,2015-04-20
CUST04982,Akash Gupta,Male,1971-06-22,Visakhapatnam,Andhra Pradesh,Freelancer / Creator,675700.00,2021-02-19
CUST04983,Kalyani Kumar,Female,1960-06-11,Gurugram,Haryana,Chartered Accountant,821900.00,2016-09-18
CUST04984,Manoj Choudhury,Male,2001-09-26,Lucknow,Uttar Pradesh,Sales & Marketing Manager,502400.00,2020-10-21
CUST04985,Naveen Singh,Male,1975-08-11,Siliguri,West Bengal,Sales & Marketing Manager,1062900.00,2022-03-12
CUST04986,Neha Pillai,Female,1999-02-07,Cuttack,Odisha,Consultant,1539600.00,2015-02-14
CUST04987,Krishna Verma,Male,1986-03-27,Indore,Madhya Pradesh,Government Employee,1130700.00,2017-11-13
CUST04988,Rahul Chatterjee,Male,1984-04-25,Dehradun,Uttarakhand,Software Engineer,1340400.00,2015-09-29
CUST04989,Aanya Banerjee,Female,1978-07-01,Jaipur,Rajasthan,Software Engineer,1732200.00,2016-03-28
CUST04990,Vikram Pandey,Male,1980-01-12,Durg,Chhattisgarh,Sales & Marketing Manager,1106900.00,2016-06-29
CUST04991,Pranav Bora,Male,1993-07-16,Jabalpur,Madhya Pradesh,Chartered Accountant,1922200.00,2021-09-10
CUST04992,Meenakshi Bora,Female,1958-11-06,Amritsar,Punjab,Lawyer,670200.00,2019-03-28
CUST04993,Ananya Patnaik,Female,1969-08-28,Kota,Rajasthan,Civil / Mechanical Engineer,1340900.00,2021-03-20
CUST04994,Kunal Kapoor,Male,1971-11-27,Kolkata,West Bengal,Freelancer / Creator,694200.00,2019-02-28
CUST04995,Anjali Bansal,Female,1972-11-06,Raipur,Chhattisgarh,Doctor,1083300.00,2017-05-22
CUST04996,Pari Saxena,Female,1967-03-09,Shillong,Meghalaya,Sales & Marketing Manager,1189700.00,2023-12-21
CUST04997,Ramesh Bansal,Male,1973-03-08,Gurugram,Haryana,Government Employee,797400.00,2021-08-01
CUST04998,Rajesh Nayak,Male,1970-12-04,Patna,Bihar,Retail Trader,1303400.00,2022-03-27
CUST04999,Bhavna Pradhan,Female,1989-02-08,Kanpur,Uttar Pradesh,Civil / Mechanical Engineer,955500.00,2022-09-09
CUST05000,Sumit Saha,Male,1978-01-23,Ujjain,Madhya Pradesh,Lawyer,580100.00,2022-01-09
