Loan_ID,Customer_ID,Branch_ID,Loan_Type,Loan_Amount,Interest_Rate,Loan_Term,Loan_Status,Loan_Start_Date
LOAN00001,CUST00157,BR012,Home Loan,6362000.00,7.93,180,In Arrears,2023-06-12
LOAN00002,CUST04397,BR018,Business Loan,6905000.00,14.44,60,Active,2023-08-05
LOAN00003,CUST01923,BR028,Auto Loan,1970000.00,9.67,60,Defaulted,2023-06-06
LOAN00004,CUST03677,BR034,Home Loan,5665000.00,7.91,240,Active,2020-06-22
LOAN00005,CUST00870,BR019,Business Loan,4825000.00,12.71,84,Active,2023-11-27
LOAN00006,CUST00811,BR013,Personal Loan,584000.00,15.60,36,Closed,2021-03-31
LOAN00007,CUST00407,BR041,Gold Loan,621000.00,11.78,36,Active,2022-04-17
LOAN00008,CUST03814,BR001,Personal Loan,301000.00,16.12,48,Active,2021-01-31
LOAN00009,CUST02467,BR036,Personal Loan,1055000.00,12.75,36,Active,2023-05-20
LOAN00010,CUST02891,BR041,Auto Loan,1825000.00,8.62,84,Active,2021-06-10
LOAN00011,CUST01137,BR031,Auto Loan,2087000.00,10.45,60,Closed,2017-04-07
LOAN00012,CUST01651,BR019,Education Loan,2260000.00,9.67,60,In Arrears,2022-12-24
LOAN00013,CUST01221,BR012,Auto Loan,797000.00,8.75,36,Closed,2019-05-18
LOAN00014,CUST04567,BR034,Business Loan,5619000.00,10.35,60,Active,2023-05-25
LOAN00015,CUST02418,BR021,Education Loan,742000.00,10.29,60,Closed,2019-02-22
LOAN00016,CUST01947,BR004,Business Loan,4104000.00,10.35,60,Closed,2019-02-18
LOAN00017,CUST01041,BR016,Personal Loan,459000.00,15.20,24,Active,2022-08-22
LOAN00018,CUST01274,BR049,Personal Loan,156000.00,13.19,24,Active,2023-10-09
LOAN00019,CUST00173,BR002,Personal Loan,224000.00,12.34,36,Active,2022-01-01
LOAN00020,CUST01320,BR032,Home Loan,2297000.00,9.01,240,Active,2022-10-31
LOAN00021,CUST01645,BR027,Personal Loan,770000.00,11.25,24,Closed,2020-01-25
LOAN00022,CUST02628,BR044,Home Loan,2587000.00,9.05,240,Active,2022-04-01
LOAN00023,CUST01564,BR032,Gold Loan,127000.00,10.86,36,Closed,2019-11-16
LOAN00024,CUST00859,BR020,Personal Loan,401000.00,11.36,48,Active,2020-09-28
LOAN00025,CUST00138,BR050,Home Loan,4627000.00,8.57,120,Closed,2023-12-29
LOAN00026,CUST00204,BR027,Home Loan,5546000.00,8.75,240,Active,2023-03-05
LOAN00027,CUST02052,BR028,Personal Loan,355000.00,13.02,24,Closed,2022-05-24
LOAN00028,CUST00297,BR038,Education Loan,1503000.00,10.65,120,Defaulted,2019-10-23
LOAN00029,CUST04236,BR044,Auto Loan,703000.00,10.15,60,In Arrears,2021-06-19
LOAN00030,CUST04362,BR036,Business Loan,4312000.00,12.80,120,Defaulted,2019-09-07
LOAN00031,CUST04090,BR022,Home Loan,4677000.00,8.64,120,In Arrears,2023-09-24
LOAN00032,CUST03924,BR023,Home Loan,8025000.00,8.85,180,Active,2022-10-29
LOAN00033,CUST03679,BR030,Personal Loan,483000.00,12.41,24,Defaulted,2023-11-27
LOAN00034,CUST03760,BR006,Home Loan,8456000.00,7.60,180,Defaulted,2022-04-15
LOAN00035,CUST01370,BR020,Auto Loan,1613000.00,9.69,84,Active,2021-08-30
LOAN00036,CUST00566,BR022,Business Loan,4086000.00,13.56,84,Active,2023-11-14
LOAN00037,CUST02317,BR002,Personal Loan,439000.00,14.47,12,Closed,2021-12-08
LOAN00038,CUST04765,BR003,Education Loan,2381000.00,10.40,84,Closed,2022-01-20
LOAN00039,CUST03392,BR036,Home Loan,5748000.00,8.06,120,Active,2022-10-06
LOAN00040,CUST00033,BR034,Home Loan,2553000.00,8.72,120,Closed,2020-04-27
LOAN00041,CUST03205,BR013,Personal Loan,898000.00,11.26,12,Active,2023-07-05
LOAN00042,CUST02905,BR003,Gold Loan,167000.00,12.43,24,Closed,2021-02-25
LOAN00043,CUST01037,BR018,Personal Loan,1171000.00,13.01,24,Closed,2022-06-23
LOAN00044,CUST00630,BR029,Business Loan,6888000.00,13.01,120,Active,2023-01-06
LOAN00045,CUST03164,BR027,Personal Loan,637000.00,13.34,12,Active,2023-11-23
LOAN00046,CUST02264,BR038,Personal Loan,863000.00,12.89,36,Active,2022-10-13
LOAN00047,CUST02564,BR021,Home Loan,9282000.00,7.56,120,Active,2017-07-06
LOAN00048,CUST00336,BR045,Personal Loan,117000.00,14.06,24,Active,2023-10-24
LOAN00049,CUST04521,BR011,Auto Loan,1650000.00,9.83,36,Active,2023-10-03
LOAN00050,CUST03409,BR041,Home Loan,2334000.00,8.26,240,In Arrears,2023-11-12
LOAN00051,CUST01643,BR007,Education Loan,1868000.00,10.83,120,Active,2022-06-24
LOAN00052,CUST01922,BR008,Personal Loan,314000.00,13.39,36,Closed,2020-04-20
LOAN00053,CUST03021,BR023,Home Loan,4693000.00,8.04,240,Active,2023-01-08
LOAN00054,CUST03756,BR004,Auto Loan,846000.00,9.29,60,Active,2020-11-13
LOAN00055,CUST04321,BR038,Auto Loan,398000.00,9.73,36,Closed,2023-02-25
LOAN00056,CUST02453,BR023,Personal Loan,267000.00,15.70,60,Active,2023-11-23
LOAN00057,CUST03234,BR037,Auto Loan,1581000.00,11.37,48,Defaulted,2020-04-01
LOAN00058,CUST02799,BR048,Auto Loan,751000.00,9.29,48,Active,2023-06-26
LOAN00059,CUST02956,BR028,Personal Loan,1001000.00,15.93,12,Closed,2023-03-12
LOAN00060,CUST01231,BR042,Gold Loan,792000.00,11.89,12,Defaulted,2023-03-07
LOAN00061,CUST03915,BR032,Personal Loan,635000.00,13.17,60,In Arrears,2020-04-09
LOAN00062,CUST04416,BR025,Auto Loan,1679000.00,9.78,84,Active,2023-07-26
LOAN00063,CUST03643,BR008,Personal Loan,648000.00,12.47,12,Closed,2023-01-14
LOAN00064,CUST04370,BR002,Gold Loan,139000.00,12.11,36,Closed,2020-12-02
LOAN00065,CUST00268,BR048,Auto Loan,417000.00,8.61,36,Closed,2017-09-27
LOAN00066,CUST01749,BR016,Auto Loan,1384000.00,11.47,84,Active,2020-09-04
LOAN00067,CUST01012,BR028,Home Loan,6419000.00,8.42,240,Active,2020-09-12
LOAN00068,CUST03802,BR041,Auto Loan,2068000.00,10.34,60,Active,2022-12-29
LOAN00069,CUST00905,BR013,Home Loan,5652000.00,9.35,240,Active,2023-12-29
LOAN00070,CUST01797,BR027,Personal Loan,643000.00,12.89,24,Active,2023-10-22
LOAN00071,CUST03192,BR031,Business Loan,2942000.00,10.48,36,Active,2021-07-23
LOAN00072,CUST01358,BR019,Home Loan,8111000.00,9.43,120,Active,2020-07-05
LOAN00073,CUST02566,BR034,Home Loan,5365000.00,8.87,120,Active,2023-09-05
LOAN00074,CUST03481,BR037,Home Loan,8920000.00,9.48,240,Active,2018-12-28
LOAN00075,CUST02148,BR016,Home Loan,7352000.00,8.56,300,Active,2018-06-13
LOAN00076,CUST03451,BR005,Personal Loan,630000.00,13.86,24,Closed,2020-06-11
LOAN00077,CUST04901,BR008,Home Loan,7742000.00,9.19,240,Active,2022-09-11
LOAN00078,CUST04838,BR046,Personal Loan,948000.00,12.45,48,Active,2022-06-22
LOAN00079,CUST00210,BR024,Business Loan,5499000.00,14.04,84,Active,2019-06-16
LOAN00080,CUST02562,BR035,Home Loan,7287000.00,9.25,120,Active,2020-03-13
LOAN00081,CUST04709,BR035,Home Loan,9231000.00,9.15,180,Active,2020-08-30
LOAN00082,CUST02947,BR030,Personal Loan,775000.00,11.89,48,Active,2022-06-01
LOAN00083,CUST04669,BR041,Auto Loan,559000.00,9.03,84,Active,2021-12-18
LOAN00084,CUST03712,BR030,Business Loan,6197000.00,13.30,36,Active,2023-10-28
LOAN00085,CUST04715,BR041,Auto Loan,2126000.00,10.89,48,Defaulted,2022-08-22
LOAN00086,CUST01044,BR026,Gold Loan,719000.00,10.86,36,Active,2023-04-06
LOAN00087,CUST02277,BR008,Auto Loan,932000.00,10.10,48,Active,2023-11-06
LOAN00088,CUST02403,BR047,Personal Loan,455000.00,15.07,12,Closed,2021-10-24
LOAN00089,CUST00637,BR045,Business Loan,3256000.00,14.71,84,In Arrears,2021-11-14
LOAN00090,CUST04013,BR050,Business Loan,4256000.00,10.35,120,Active,2023-09-08
LOAN00091,CUST03392,BR036,Home Loan,4455000.00,8.40,300,Active,2022-12-02
LOAN00092,CUST03943,BR018,Personal Loan,1158000.00,15.08,24,Active,2023-03-08
LOAN00093,CUST00686,BR021,Personal Loan,787000.00,16.21,48,Active,2021-12-13
LOAN00094,CUST01842,BR035,Personal Loan,563000.00,13.64,48,Closed,2017-05-14
LOAN00095,CUST02542,BR035,Auto Loan,2085000.00,9.17,60,Active,2020-11-10
LOAN00096,CUST01000,BR018,Auto Loan,1971000.00,10.41,84,Active,2023-10-01
LOAN00097,CUST02032,BR026,Auto Loan,452000.00,8.63,84,Defaulted,2016-05-24
LOAN00098,CUST01570,BR049,Home Loan,8026000.00,7.71,180,Active,2015-09-23
LOAN00099,CUST00052,BR034,Auto Loan,1239000.00,10.14,60,Active,2023-10-16
LOAN00100,CUST00585,BR020,Personal Loan,963000.00,12.25,24,Active,2023-09-04
LOAN00101,CUST02450,BR010,Personal Loan,394000.00,14.30,60,Active,2020-08-06
LOAN00102,CUST04409,BR035,Business Loan,806000.00,13.35,84,Active,2023-05-01
LOAN00103,CUST02897,BR050,Gold Loan,402000.00,11.55,36,Active,2021-12-24
LOAN00104,CUST02389,BR017,Education Loan,980000.00,10.55,60,Closed,2023-04-21
LOAN00105,CUST04771,BR014,Auto Loan,860000.00,8.83,84,Active,2019-04-06
LOAN00106,CUST00967,BR004,Business Loan,6011000.00,10.09,60,Active,2022-03-30
LOAN00107,CUST00258,BR049,Home Loan,7024000.00,7.70,240,Active,2023-03-02
LOAN00108,CUST04793,BR010,Home Loan,7589000.00,9.44,240,Active,2017-11-16
LOAN00109,CUST01794,BR009,Auto Loan,461000.00,9.61,60,In Arrears,2023-11-09
LOAN00110,CUST00697,BR050,Home Loan,6802000.00,7.51,240,Active,2022-08-24
LOAN00111,CUST01714,BR044,Home Loan,2818000.00,7.69,240,Active,2018-11-15
LOAN00112,CUST04422,BR010,Gold Loan,665000.00,9.62,24,Closed,2021-05-20
LOAN00113,CUST04851,BR030,Home Loan,9170000.00,8.06,240,Active,2022-10-24
LOAN00114,CUST01475,BR015,Education Loan,2942000.00,8.19,60,Defaulted,2018-05-01
LOAN00115,CUST00600,BR023,Auto Loan,963000.00,8.89,36,Active,2023-02-14
LOAN00116,CUST03413,BR020,Home Loan,9275000.00,9.17,120,Active,2021-12-11
LOAN00117,CUST04349,BR006,Auto Loan,1864000.00,9.58,36,Closed,2023-10-29
LOAN00118,CUST03515,BR022,Auto Loan,1992000.00,10.37,84,Active,2023-06-09
LOAN00119,CUST02200,BR003,Personal Loan,565000.00,11.88,60,Closed,2020-03-24
LOAN00120,CUST00230,BR010,Business Loan,935000.00,10.32,84,Active,2023-10-22
LOAN00121,CUST02711,BR018,Personal Loan,461000.00,12.42,36,Closed,2020-09-15
LOAN00122,CUST04576,BR024,Personal Loan,729000.00,12.39,12,Closed,2022-10-27
LOAN00123,CUST00672,BR050,Personal Loan,1043000.00,14.70,12,Closed,2022-03-01
LOAN00124,CUST01980,BR049,Personal Loan,559000.00,12.83,36,Active,2023-06-03
LOAN00125,CUST01775,BR018,Home Loan,5942000.00,8.24,240,Active,2018-10-28
LOAN00126,CUST02805,BR027,Gold Loan,321000.00,11.92,12,Closed,2022-12-19
LOAN00127,CUST04243,BR018,Gold Loan,671000.00,10.48,24,Active,2023-01-23
LOAN00128,CUST04151,BR003,Personal Loan,276000.00,13.29,48,Active,2023-05-13
LOAN00129,CUST03302,BR027,Personal Loan,513000.00,15.30,12,Closed,2021-12-20
LOAN00130,CUST01081,BR002,Personal Loan,1057000.00,15.38,48,Active,2022-03-09
LOAN00131,CUST03087,BR034,Auto Loan,262000.00,9.38,48,Closed,2020-01-31
LOAN00132,CUST01090,BR032,Education Loan,708000.00,10.84,120,Closed,2016-11-28
LOAN00133,CUST02164,BR009,Business Loan,5488000.00,12.31,60,Closed,2018-11-29
LOAN00134,CUST04669,BR041,Home Loan,2029000.00,8.56,120,In Arrears,2019-07-11
LOAN00135,CUST00277,BR004,Gold Loan,95000.00,10.09,24,Active,2023-10-24
LOAN00136,CUST01943,BR002,Business Loan,6518000.00,11.46,84,Defaulted,2022-06-30
LOAN00137,CUST00349,BR020,Auto Loan,1803000.00,9.41,60,Active,2023-10-07
LOAN00138,CUST02995,BR020,Auto Loan,1520000.00,8.97,48,Active,2022-05-19
LOAN00139,CUST00931,BR047,Auto Loan,893000.00,8.70,36,Closed,2018-09-04
LOAN00140,CUST02085,BR019,Business Loan,3968000.00,13.62,120,Active,2021-12-18
LOAN00141,CUST02282,BR049,Auto Loan,667000.00,8.80,48,Defaulted,2023-11-20
LOAN00142,CUST04016,BR020,Home Loan,5371000.00,9.45,180,Active,2023-11-08
LOAN00143,CUST03258,BR013,Business Loan,5881000.00,12.69,84,Active,2017-10-27
LOAN00144,CUST01809,BR009,Personal Loan,173000.00,12.45,12,Closed,2021-01-26
LOAN00145,CUST01525,BR011,Personal Loan,324000.00,15.86,36,Active,2022-02-11
LOAN00146,CUST00431,BR011,Home Loan,9020000.00,9.46,120,Closed,2020-03-29
LOAN00147,CUST04420,BR025,Education Loan,1412000.00,9.38,84,Active,2021-04-17
LOAN00148,CUST00101,BR049,Personal Loan,904000.00,15.61,60,Defaulted,2019-06-18
LOAN00149,CUST01612,BR017,Education Loan,397000.00,9.69,84,Defaulted,2018-10-21
LOAN00150,CUST03520,BR024,Personal Loan,546000.00,13.57,12,Active,2023-08-26
LOAN00151,CUST02194,BR005,Home Loan,5534000.00,9.36,300,Active,2023-05-08
LOAN00152,CUST00488,BR004,Home Loan,1540000.00,9.33,180,Active,2021-11-05
LOAN00153,CUST04108,BR001,Home Loan,1855000.00,8.68,120,Active,2022-11-20
LOAN00154,CUST03615,BR031,Gold Loan,632000.00,10.23,24,Active,2022-12-21
LOAN00155,CUST01992,BR036,Home Loan,3288000.00,9.25,240,Active,2023-10-22
LOAN00156,CUST00897,BR016,Home Loan,3219000.00,7.58,300,In Arrears,2022-11-19
LOAN00157,CUST03797,BR045,Personal Loan,627000.00,11.11,36,Defaulted,2018-02-27
LOAN00158,CUST03321,BR028,Home Loan,6517000.00,8.86,240,Active,2023-11-03
LOAN00159,CUST04417,BR011,Gold Loan,605000.00,9.95,24,Active,2023-11-14
LOAN00160,CUST04998,BR033,Home Loan,5019000.00,7.69,180,Active,2023-09-03
LOAN00161,CUST01919,BR021,Home Loan,5400000.00,7.79,240,Closed,2019-04-07
LOAN00162,CUST00374,BR025,Home Loan,8104000.00,8.04,180,Defaulted,2023-03-09
LOAN00163,CUST01507,BR050,Auto Loan,2023000.00,9.82,84,Active,2021-11-09
LOAN00164,CUST00773,BR021,Personal Loan,134000.00,11.37,24,Active,2023-09-08
LOAN00165,CUST01889,BR016,Gold Loan,229000.00,12.04,36,Closed,2018-04-08
LOAN00166,CUST04871,BR004,Home Loan,7101000.00,8.50,300,Active,2022-12-03
LOAN00167,CUST01473,BR008,Home Loan,4219000.00,8.99,240,Active,2020-03-15
LOAN00168,CUST01819,BR034,Personal Loan,358000.00,11.88,36,Active,2022-09-13
LOAN00169,CUST02707,BR014,Auto Loan,1418000.00,8.66,84,Active,2022-01-14
LOAN00170,CUST01364,BR031,Auto Loan,1839000.00,9.15,48,Active,2023-06-08
LOAN00171,CUST00126,BR027,Gold Loan,320000.00,11.49,36,Active,2021-10-07
LOAN00172,CUST04988,BR007,Personal Loan,301000.00,13.79,12,Closed,2022-07-23
LOAN00173,CUST00910,BR043,Business Loan,6647000.00,10.01,60,Closed,2017-12-22
LOAN00174,CUST01560,BR042,Personal Loan,447000.00,15.19,48,Active,2021-02-13
LOAN00175,CUST04920,BR020,Personal Loan,181000.00,14.12,12,Closed,2022-08-26
LOAN00176,CUST00242,BR033,Education Loan,2431000.00,10.99,60,Active,2021-04-05
LOAN00177,CUST02987,BR009,Gold Loan,670000.00,12.16,24,Active,2023-10-05
LOAN00178,CUST03089,BR031,Home Loan,8333000.00,8.10,180,Active,2023-09-18
LOAN00179,CUST04727,BR013,Personal Loan,826000.00,12.47,60,Active,2021-12-13
LOAN00180,CUST00176,BR018,Auto Loan,980000.00,11.48,48,Defaulted,2021-05-23
LOAN00181,CUST03967,BR031,Education Loan,1435000.00,8.32,84,Closed,2019-08-09
LOAN00182,CUST04447,BR037,Home Loan,3324000.00,8.99,120,Active,2019-07-31
LOAN00183,CUST01369,BR012,Personal Loan,282000.00,12.19,60,Active,2021-10-19
LOAN00184,CUST04518,BR033,Business Loan,1670000.00,10.60,60,Active,2022-11-11
LOAN00185,CUST04648,BR001,Personal Loan,649000.00,11.11,60,Active,2023-06-09
LOAN00186,CUST02240,BR008,Auto Loan,881000.00,10.07,60,Active,2022-06-14
LOAN00187,CUST00780,BR009,Personal Loan,233000.00,12.18,60,Active,2021-12-27
LOAN00188,CUST00314,BR013,Business Loan,1901000.00,14.05,36,In Arrears,2023-04-12
LOAN00189,CUST02041,BR029,Business Loan,7021000.00,10.95,36,Active,2023-03-29
LOAN00190,CUST02282,BR049,Education Loan,1847000.00,9.64,84,Active,2023-10-29
LOAN00191,CUST01260,BR006,Auto Loan,1898000.00,8.86,36,Closed,2019-05-18
LOAN00192,CUST00722,BR009,Gold Loan,321000.00,9.04,12,Closed,2022-08-15
LOAN00193,CUST00676,BR012,Personal Loan,1067000.00,11.67,60,Active,2023-09-04
LOAN00194,CUST03676,BR032,Education Loan,2769000.00,8.74,120,Active,2021-08-27
LOAN00195,CUST02420,BR048,Business Loan,1419000.00,14.38,36,Active,2023-08-24
LOAN00196,CUST00019,BR034,Auto Loan,1592000.00,9.42,36,Active,2023-11-08
LOAN00197,CUST04021,BR007,Personal Loan,872000.00,11.44,24,Closed,2022-08-16
LOAN00198,CUST00222,BR021,Home Loan,6567000.00,9.24,300,Active,2019-12-16
LOAN00199,CUST04446,BR040,Home Loan,4640000.00,8.11,300,Active,2022-01-29
LOAN00200,CUST04799,BR014,Home Loan,6357000.00,8.77,240,Active,2022-12-09
LOAN00201,CUST03610,BR045,Home Loan,3979000.00,8.21,240,Active,2022-01-16
LOAN00202,CUST00284,BR042,Personal Loan,1040000.00,12.07,48,Defaulted,2020-04-16
LOAN00203,CUST00098,BR004,Gold Loan,725000.00,9.79,24,Active,2023-10-20
LOAN00204,CUST00207,BR039,Personal Loan,617000.00,13.74,48,Active,2020-10-12
LOAN00205,CUST00263,BR020,Personal Loan,1114000.00,16.10,12,Closed,2020-09-19
LOAN00206,CUST02761,BR025,Personal Loan,482000.00,11.80,48,Active,2023-04-09
LOAN00207,CUST04095,BR029,Personal Loan,791000.00,16.15,24,Closed,2021-06-26
LOAN00208,CUST02377,BR032,Personal Loan,1001000.00,11.68,60,Closed,2018-07-27
LOAN00209,CUST02390,BR019,Home Loan,3279000.00,7.59,180,Active,2021-04-05
LOAN00210,CUST01969,BR001,Home Loan,4704000.00,9.19,180,Active,2017-08-31
LOAN00211,CUST04732,BR001,Business Loan,6839000.00,13.32,120,Closed,2023-03-16
LOAN00212,CUST01085,BR015,Personal Loan,1103000.00,16.43,36,Active,2023-03-26
LOAN00213,CUST02721,BR013,Personal Loan,806000.00,14.68,60,Closed,2022-09-29
LOAN00214,CUST00671,BR019,Personal Loan,1156000.00,14.20,48,Active,2023-08-20
LOAN00215,CUST02756,BR041,Personal Loan,810000.00,12.70,60,Active,2021-09-27
LOAN00216,CUST01200,BR011,Auto Loan,378000.00,10.14,84,Active,2023-10-03
LOAN00217,CUST02508,BR036,Auto Loan,1790000.00,9.70,36,Closed,2017-12-28
LOAN00218,CUST00011,BR001,Home Loan,9442000.00,8.11,180,Active,2023-10-08
LOAN00219,CUST00954,BR012,Home Loan,7251000.00,7.77,120,Active,2021-08-03
LOAN00220,CUST04079,BR027,Education Loan,1282000.00,10.27,120,Active,2019-12-22
LOAN00221,CUST04708,BR017,Personal Loan,116000.00,11.76,24,Defaulted,2019-01-12
LOAN00222,CUST02532,BR012,Personal Loan,1035000.00,13.95,24,Defaulted,2019-10-15
LOAN00223,CUST04628,BR021,Home Loan,2861000.00,8.31,240,Active,2019-01-14
LOAN00224,CUST04872,BR050,Education Loan,1387000.00,10.67,60,Active,2023-10-20
LOAN00225,CUST02442,BR004,Home Loan,1574000.00,9.00,240,Closed,2022-04-18
LOAN00226,CUST01579,BR041,Auto Loan,594000.00,9.84,84,Closed,2022-07-11
LOAN00227,CUST03608,BR034,Personal Loan,457000.00,13.92,24,Closed,2021-02-08
LOAN00228,CUST02230,BR005,Education Loan,2376000.00,10.62,60,Closed,2019-11-07
LOAN00229,CUST02285,BR047,Personal Loan,675000.00,16.31,36,Active,2022-07-16
LOAN00230,CUST00917,BR006,Home Loan,2085000.00,7.54,240,Active,2023-06-04
LOAN00231,CUST03193,BR045,Education Loan,2585000.00,9.60,120,In Arrears,2022-05-26
LOAN00232,CUST01749,BR016,Personal Loan,232000.00,12.28,60,Closed,2019-07-12
LOAN00233,CUST00168,BR019,Education Loan,256000.00,10.41,60,Closed,2018-01-26
LOAN00234,CUST02304,BR039,Personal Loan,801000.00,14.36,48,Active,2021-11-04
LOAN00235,CUST04942,BR037,Personal Loan,636000.00,11.20,36,Defaulted,2019-12-17
LOAN00236,CUST02084,BR032,Personal Loan,1179000.00,14.40,36,Active,2022-10-26
LOAN00237,CUST04703,BR038,Personal Loan,99000.00,11.82,36,Active,2023-06-16
LOAN00238,CUST00441,BR040,Personal Loan,1053000.00,13.85,24,Active,2022-10-30
LOAN00239,CUST03839,BR036,Education Loan,1927000.00,9.34,60,Active,2023-07-12
LOAN00240,CUST02271,BR047,Personal Loan,551000.00,12.54,12,Closed,2021-06-16
LOAN00241,CUST02270,BR004,Home Loan,4412000.00,8.68,240,Active,2018-07-03
LOAN00242,CUST04484,BR032,Gold Loan,348000.00,11.75,36,Closed,2019-12-15
LOAN00243,CUST00578,BR036,Personal Loan,1032000.00,15.30,12,Closed,2017-08-20
LOAN00244,CUST00299,BR024,Auto Loan,772000.00,9.16,36,Closed,2020-12-29
LOAN00245,CUST02429,BR017,Personal Loan,877000.00,14.48,24,Active,2023-11-11
LOAN00246,CUST00535,BR022,Personal Loan,60000.00,14.70,12,Closed,2023-06-25
LOAN00247,CUST02852,BR014,Personal Loan,466000.00,12.05,48,Active,2023-09-16
LOAN00248,CUST04168,BR043,Personal Loan,364000.00,15.70,36,Active,2021-08-18
LOAN00249,CUST01303,BR036,Personal Loan,894000.00,14.58,24,Active,2022-11-25
LOAN00250,CUST02960,BR007,Education Loan,3461000.00,10.51,60,Closed,2023-06-14
LOAN00251,CUST01155,BR003,Home Loan,8172000.00,8.32,300,Active,2021-06-28
LOAN00252,CUST04135,BR020,Auto Loan,1431000.00,9.60,60,Active,2023-04-29
LOAN00253,CUST04710,BR039,Personal Loan,1158000.00,15.67,24,Active,2023-04-17
LOAN00254,CUST03859,BR023,Personal Loan,603000.00,15.36,24,Closed,2021-03-09
LOAN00255,CUST04043,BR035,Personal Loan,772000.00,13.62,60,Active,2022-06-02
LOAN00256,CUST00765,BR036,Home Loan,5725000.00,8.58,300,Defaulted,2021-05-23
LOAN00257,CUST04581,BR025,Business Loan,1473000.00,12.03,60,Closed,2019-01-01
LOAN00258,CUST03254,BR005,Auto Loan,1386000.00,10.20,84,Active,2023-11-28
LOAN00259,CUST04912,BR002,Business Loan,2539000.00,14.08,84,Active,2022-11-21
LOAN00260,CUST00850,BR003,Business Loan,1243000.00,11.92,36,Active,2023-11-10
LOAN00261,CUST00759,BR046,Gold Loan,684000.00,11.28,12,Closed,2017-02-27
LOAN00262,CUST02299,BR031,Personal Loan,452000.00,11.14,48,Active,2021-02-13
LOAN00263,CUST00301,BR001,Business Loan,6082000.00,14.48,60,Active,2020-03-26
LOAN00264,CUST03740,BR015,Home Loan,7556000.00,8.60,240,Defaulted,2021-04-23
LOAN00265,CUST00728,BR008,Personal Loan,928000.00,13.12,60,Closed,2015-05-05
LOAN00266,CUST02640,BR012,Personal Loan,87000.00,12.21,12,Active,2023-09-01
LOAN00267,CUST04628,BR021,Personal Loan,732000.00,16.48,48,Closed,2020-10-17
LOAN00268,CUST01932,BR002,Home Loan,7967000.00,8.84,240,Active,2021-10-14
LOAN00269,CUST04189,BR044,Personal Loan,462000.00,14.27,12,Closed,2021-08-16
LOAN00270,CUST02417,BR034,Personal Loan,954000.00,11.62,60,Active,2022-08-14
LOAN00271,CUST00637,BR045,Personal Loan,174000.00,15.65,48,Active,2023-08-09
LOAN00272,CUST01250,BR030,Home Loan,3200000.00,7.71,300,In Arrears,2023-06-01
LOAN00273,CUST01679,BR027,Education Loan,2950000.00,10.15,120,Active,2017-09-03
LOAN00274,CUST00972,BR043,Home Loan,6784000.00,9.10,180,Active,2021-12-07
LOAN00275,CUST01999,BR047,Business Loan,6380000.00,10.30,36,Closed,2019-03-31
LOAN00276,CUST02187,BR005,Auto Loan,800000.00,9.89,84,Active,2023-03-24
LOAN00277,CUST00441,BR040,Business Loan,6726000.00,13.25,120,Closed,2020-08-18
LOAN00278,CUST03741,BR031,Auto Loan,1120000.00,8.73,84,Active,2017-11-01
LOAN00279,CUST02387,BR015,Home Loan,2194000.00,8.40,180,Active,2019-10-26
LOAN00280,CUST02947,BR030,Home Loan,1689000.00,9.09,180,Active,2019-05-18
LOAN00281,CUST02868,BR027,Personal Loan,955000.00,16.30,36,Closed,2020-04-01
LOAN00282,CUST01629,BR022,Personal Loan,1037000.00,11.56,12,Closed,2016-10-24
LOAN00283,CUST02730,BR042,Home Loan,7626000.00,8.26,120,Closed,2023-03-15
LOAN00284,CUST04066,BR015,Education Loan,3373000.00,8.89,84,Active,2021-07-14
LOAN00285,CUST04573,BR014,Home Loan,8550000.00,8.76,120,Closed,2016-02-15
LOAN00286,CUST04594,BR013,Auto Loan,802000.00,9.15,60,Active,2023-04-12
LOAN00287,CUST01507,BR050,Home Loan,5536000.00,8.71,180,Active,2016-03-10
LOAN00288,CUST01442,BR035,Home Loan,2615000.00,9.10,300,Active,2023-11-27
LOAN00289,CUST02798,BR048,Home Loan,6557000.00,8.61,240,Active,2023-07-31
LOAN00290,CUST00184,BR026,Home Loan,9041000.00,8.01,300,Active,2021-11-12
LOAN00291,CUST00872,BR039,Home Loan,6081000.00,8.48,180,Active,2022-09-06
LOAN00292,CUST02952,BR026,Home Loan,1581000.00,8.96,300,Active,2023-09-03
LOAN00293,CUST03456,BR001,Auto Loan,927000.00,8.90,48,Active,2020-10-23
LOAN00294,CUST02037,BR031,Personal Loan,363000.00,16.43,60,Active,2023-09-07
LOAN00295,CUST00522,BR008,Auto Loan,1985000.00,11.11,60,Closed,2019-09-14
LOAN00296,CUST00546,BR007,Auto Loan,1118000.00,11.04,60,Closed,2018-02-10
LOAN00297,CUST02036,BR015,Personal Loan,115000.00,13.78,60,Active,2019-11-06
LOAN00298,CUST04164,BR002,Business Loan,6135000.00,10.63,84,Active,2022-07-09
LOAN00299,CUST03665,BR038,Home Loan,5071000.00,8.20,300,Defaulted,2022-10-05
LOAN00300,CUST02902,BR031,Home Loan,3484000.00,7.89,120,Active,2022-05-20
LOAN00301,CUST02993,BR020,Home Loan,7604000.00,9.31,120,Active,2022-09-04
LOAN00302,CUST01443,BR004,Home Loan,5340000.00,8.87,180,Active,2016-10-08
LOAN00303,CUST01325,BR021,Personal Loan,743000.00,12.79,36,Closed,2020-06-20
LOAN00304,CUST01481,BR037,Home Loan,4811000.00,8.99,180,Closed,2022-02-22
LOAN00305,CUST04541,BR014,Home Loan,2390000.00,8.01,180,Active,2019-09-26
LOAN00306,CUST00455,BR015,Personal Loan,301000.00,12.86,48,Active,2021-07-16
LOAN00307,CUST04578,BR026,Gold Loan,630000.00,11.76,12,Defaulted,2022-12-18
LOAN00308,CUST04424,BR027,Home Loan,2720000.00,7.54,240,Active,2022-05-26
LOAN00309,CUST04461,BR016,Home Loan,7077000.00,8.59,120,Active,2019-06-15
LOAN00310,CUST04743,BR017,Home Loan,4685000.00,7.81,240,Active,2017-02-24
LOAN00311,CUST02327,BR048,Personal Loan,116000.00,12.12,12,Closed,2023-06-19
LOAN00312,CUST00143,BR030,Auto Loan,1716000.00,11.30,48,Defaulted,2019-01-27
LOAN00313,CUST04468,BR038,Personal Loan,544000.00,11.53,12,Closed,2022-11-02
LOAN00314,CUST02693,BR009,Gold Loan,770000.00,11.68,12,Closed,2021-07-31
LOAN00315,CUST03018,BR020,Auto Loan,1453000.00,10.77,60,Defaulted,2019-08-24
LOAN00316,CUST01475,BR015,Home Loan,1564000.00,9.39,120,Active,2022-09-08
LOAN00317,CUST04220,BR016,Personal Loan,1006000.00,14.08,48,Active,2022-02-21
LOAN00318,CUST04784,BR027,Auto Loan,1904000.00,11.36,60,Active,2019-09-23
LOAN00319,CUST03817,BR042,Home Loan,3138000.00,8.63,300,Active,2019-10-22
LOAN00320,CUST00753,BR048,Home Loan,3670000.00,8.41,120,Active,2021-12-01
LOAN00321,CUST02430,BR029,Personal Loan,138000.00,14.89,60,Defaulted,2023-02-08
LOAN00322,CUST00316,BR045,Personal Loan,246000.00,12.20,48,Active,2020-09-28
LOAN00323,CUST01588,BR005,Home Loan,2479000.00,7.69,240,Active,2021-12-29
LOAN00324,CUST03116,BR023,Auto Loan,2126000.00,11.44,84,Active,2020-05-14
LOAN00325,CUST02722,BR047,Personal Loan,296000.00,12.46,36,Closed,2020-09-11
LOAN00326,CUST00583,BR041,Personal Loan,102000.00,12.29,60,Active,2023-12-01
LOAN00327,CUST04106,BR049,Personal Loan,1024000.00,14.52,24,Closed,2021-09-23
LOAN00328,CUST01609,BR039,Education Loan,2789000.00,9.30,84,Active,2023-04-13
LOAN00329,CUST04689,BR019,Business Loan,655000.00,11.80,84,Active,2018-09-24
LOAN00330,CUST00715,BR045,Home Loan,9406000.00,9.38,180,Closed,2019-07-30
LOAN00331,CUST02973,BR042,Education Loan,1676000.00,10.90,84,Defaulted,2017-08-24
LOAN00332,CUST04821,BR049,Home Loan,4385000.00,7.95,240,Active,2022-01-30
LOAN00333,CUST04640,BR038,Auto Loan,1370000.00,10.87,36,Active,2023-05-05
LOAN00334,CUST03697,BR042,Home Loan,8843000.00,7.62,180,Active,2022-06-03
LOAN00335,CUST00946,BR011,Business Loan,3659000.00,10.77,84,Active,2023-11-30
LOAN00336,CUST02484,BR005,Home Loan,5942000.00,9.40,240,In Arrears,2023-07-22
LOAN00337,CUST00711,BR020,Home Loan,4070000.00,9.34,120,Active,2022-10-09
LOAN00338,CUST04679,BR023,Auto Loan,712000.00,9.98,48,Defaulted,2023-10-07
LOAN00339,CUST03400,BR043,Personal Loan,460000.00,13.57,36,In Arrears,2021-09-18
LOAN00340,CUST03665,BR038,Personal Loan,1162000.00,11.38,36,Active,2022-05-25
LOAN00341,CUST02866,BR039,Business Loan,2745000.00,14.55,60,Active,2023-03-03
LOAN00342,CUST03475,BR028,Home Loan,6842000.00,8.93,300,Active,2022-07-28
LOAN00343,CUST04454,BR031,Business Loan,5410000.00,10.79,120,Active,2022-01-06
LOAN00344,CUST04492,BR032,Home Loan,2574000.00,7.72,180,Active,2022-09-17
LOAN00345,CUST00779,BR012,Auto Loan,295000.00,9.95,60,Closed,2023-05-28
LOAN00346,CUST03171,BR029,Auto Loan,1299000.00,10.66,84,Active,2018-02-02
LOAN00347,CUST01556,BR009,Home Loan,7867000.00,8.75,240,Active,2022-08-29
LOAN00348,CUST03514,BR042,Auto Loan,1075000.00,9.25,60,Defaulted,2022-07-11
LOAN00349,CUST01882,BR004,Gold Loan,492000.00,11.16,36,Closed,2020-10-16
LOAN00350,CUST02793,BR029,Home Loan,4628000.00,7.63,240,Active,2023-09-28
LOAN00351,CUST04376,BR042,Home Loan,3807000.00,8.46,300,Closed,2020-02-01
LOAN00352,CUST00568,BR034,Home Loan,7714000.00,8.83,120,Active,2023-11-23
LOAN00353,CUST01219,BR049,Home Loan,3953000.00,8.30,180,In Arrears,2023-08-13
LOAN00354,CUST02889,BR008,Education Loan,3049000.00,10.69,60,In Arrears,2023-11-13
LOAN00355,CUST02671,BR044,Personal Loan,789000.00,16.31,48,Active,2023-10-22
LOAN00356,CUST03229,BR033,Personal Loan,1062000.00,13.49,12,Closed,2023-03-22
LOAN00357,CUST01380,BR004,Auto Loan,1596000.00,8.76,36,Active,2023-11-09
LOAN00358,CUST02029,BR014,Business Loan,1669000.00,11.01,120,Closed,2023-09-18
LOAN00359,CUST03651,BR007,Home Loan,3576000.00,7.60,240,Active,2023-08-21
LOAN00360,CUST00669,BR041,Business Loan,627000.00,12.72,36,In Arrears,2022-12-29
LOAN00361,CUST02558,BR033,Home Loan,7177000.00,7.83,300,Active,2022-07-10
LOAN00362,CUST04492,BR032,Home Loan,4912000.00,8.54,240,Closed,2019-08-09
LOAN00363,CUST03516,BR005,Home Loan,5505000.00,8.43,240,Closed,2022-05-24
LOAN00364,CUST03024,BR013,Home Loan,2382000.00,8.27,240,Closed,2023-04-29
LOAN00365,CUST01294,BR017,Education Loan,3418000.00,8.29,60,Active,2023-10-02
LOAN00366,CUST00112,BR026,Home Loan,6614000.00,8.43,120,Active,2022-07-24
LOAN00367,CUST02490,BR027,Home Loan,7685000.00,8.85,300,Active,2023-08-30
LOAN00368,CUST04810,BR035,Personal Loan,277000.00,13.73,60,Active,2023-07-18
LOAN00369,CUST00456,BR012,Home Loan,8503000.00,8.17,120,Active,2023-01-15
LOAN00370,CUST03408,BR015,Auto Loan,1524000.00,10.31,36,Active,2023-06-27
LOAN00371,CUST03152,BR012,Home Loan,2123000.00,9.29,180,Active,2022-11-22
LOAN00372,CUST03407,BR005,Personal Loan,138000.00,14.22,60,Defaulted,2022-11-26
LOAN00373,CUST00906,BR038,Auto Loan,1257000.00,8.68,48,Active,2023-11-11
LOAN00374,CUST03270,BR050,Home Loan,4264000.00,9.01,120,Active,2023-06-11
LOAN00375,CUST00527,BR044,Personal Loan,241000.00,14.29,36,Closed,2018-07-02
LOAN00376,CUST03194,BR041,Home Loan,4269000.00,8.88,180,Active,2023-12-01
LOAN00377,CUST00427,BR024,Education Loan,1971000.00,9.21,84,Active,2023-06-21
LOAN00378,CUST02422,BR030,Business Loan,3414000.00,12.53,60,Defaulted,2023-06-30
LOAN00379,CUST02096,BR005,Education Loan,1977000.00,10.14,120,Active,2021-10-29
LOAN00380,CUST03315,BR002,Auto Loan,1623000.00,11.46,36,Active,2021-09-01
LOAN00381,CUST04074,BR036,Education Loan,1000000.00,8.62,60,Closed,2020-05-27
LOAN00382,CUST02884,BR028,Business Loan,3051000.00,14.40,84,Active,2021-05-05
LOAN00383,CUST04862,BR015,Gold Loan,794000.00,9.97,12,Active,2023-11-15
LOAN00384,CUST02297,BR014,Auto Loan,1212000.00,10.36,48,Closed,2015-08-17
LOAN00385,CUST04788,BR018,Gold Loan,751000.00,12.24,12,Closed,2018-11-18
LOAN00386,CUST00270,BR044,Personal Loan,975000.00,15.14,36,Active,2022-12-13
LOAN00387,CUST00657,BR039,Education Loan,920000.00,9.36,120,Active,2022-12-16
LOAN00388,CUST02087,BR028,Personal Loan,374000.00,12.11,48,In Arrears,2023-09-01
LOAN00389,CUST03784,BR011,Home Loan,2028000.00,8.22,300,In Arrears,2022-01-06
LOAN00390,CUST04131,BR016,Gold Loan,436000.00,10.21,24,Closed,2019-12-04
LOAN00391,CUST00512,BR001,Home Loan,8500000.00,8.56,240,Active,2023-05-13
LOAN00392,CUST03303,BR041,Auto Loan,2129000.00,10.80,36,Closed,2021-01-01
LOAN00393,CUST02483,BR032,Personal Loan,541000.00,14.82,60,Defaulted,2023-10-25
LOAN00394,CUST02962,BR017,Home Loan,9110000.00,8.54,300,Closed,2018-07-21
LOAN00395,CUST03514,BR042,Home Loan,7916000.00,9.26,120,Active,2021-03-02
LOAN00396,CUST04489,BR034,Personal Loan,187000.00,13.62,36,Closed,2021-05-27
LOAN00397,CUST02339,BR025,Auto Loan,2169000.00,9.79,84,Active,2023-05-15
LOAN00398,CUST03521,BR043,Education Loan,439000.00,10.89,84,In Arrears,2022-02-13
LOAN00399,CUST04863,BR049,Personal Loan,480000.00,14.85,48,Closed,2020-12-08
LOAN00400,CUST03047,BR008,Education Loan,1983000.00,10.14,120,Active,2020-06-13
LOAN00401,CUST03650,BR032,Personal Loan,815000.00,13.17,48,Active,2022-12-29
LOAN00402,CUST03260,BR048,Home Loan,1723000.00,7.77,180,Defaulted,2017-02-19
LOAN00403,CUST01669,BR029,Home Loan,2711000.00,8.26,180,Active,2019-07-11
LOAN00404,CUST03615,BR031,Gold Loan,319000.00,11.79,12,Closed,2022-08-01
LOAN00405,CUST01879,BR021,Personal Loan,511000.00,13.44,24,Active,2023-06-17
LOAN00406,CUST02812,BR005,Home Loan,3656000.00,8.63,300,In Arrears,2020-07-06
LOAN00407,CUST00194,BR034,Education Loan,1018000.00,8.75,84,Active,2019-09-11
LOAN00408,CUST01038,BR041,Personal Loan,853000.00,14.29,36,Active,2023-02-07
LOAN00409,CUST04120,BR037,Personal Loan,472000.00,13.65,48,Active,2023-03-02
LOAN00410,CUST01798,BR002,Auto Loan,1134000.00,8.90,36,Closed,2019-08-14
LOAN00411,CUST02756,BR041,Gold Loan,782000.00,11.56,36,Closed,2016-06-12
LOAN00412,CUST01204,BR004,Home Loan,4380000.00,7.93,240,Active,2023-11-26
LOAN00413,CUST00185,BR041,Auto Loan,1976000.00,8.96,84,Active,2018-05-29
LOAN00414,CUST01131,BR042,Auto Loan,633000.00,10.73,36,Closed,2018-03-10
LOAN00415,CUST00102,BR005,Personal Loan,850000.00,15.83,36,Active,2023-06-24
LOAN00416,CUST00893,BR022,Home Loan,6089000.00,9.06,120,In Arrears,2021-04-19
LOAN00417,CUST03036,BR003,Business Loan,919000.00,11.15,120,Active,2022-05-11
LOAN00418,CUST03332,BR044,Home Loan,2057000.00,9.47,120,Active,2023-05-11
LOAN00419,CUST04673,BR028,Home Loan,7584000.00,9.16,240,Active,2023-11-05
LOAN00420,CUST00758,BR045,Auto Loan,2034000.00,10.83,48,Active,2023-12-07
LOAN00421,CUST00250,BR047,Personal Loan,1089000.00,14.50,60,Active,2020-01-19
LOAN00422,CUST00882,BR018,Auto Loan,1920000.00,9.97,36,Closed,2021-02-24
LOAN00423,CUST00682,BR025,Auto Loan,1260000.00,10.98,60,Closed,2019-01-12
LOAN00424,CUST00010,BR028,Home Loan,9072000.00,8.91,180,Active,2020-05-24
LOAN00425,CUST03979,BR030,Personal Loan,1015000.00,14.93,12,Closed,2019-07-01
LOAN00426,CUST01658,BR024,Home Loan,6451000.00,8.48,240,Active,2022-06-21
LOAN00427,CUST02328,BR043,Home Loan,2620000.00,7.98,120,Active,2023-10-02
LOAN00428,CUST01576,BR012,Gold Loan,698000.00,9.27,12,Closed,2022-12-14
LOAN00429,CUST03992,BR039,Home Loan,1649000.00,8.80,240,Active,2016-08-08
LOAN00430,CUST02122,BR012,Auto Loan,694000.00,8.66,60,Closed,2018-03-24
LOAN00431,CUST03741,BR031,Personal Loan,1025000.00,11.85,48,Closed,2018-07-28
LOAN00432,CUST00751,BR040,Home Loan,8505000.00,8.71,300,Closed,2022-07-28
LOAN00433,CUST04948,BR029,Gold Loan,430000.00,11.57,36,Active,2022-05-11
LOAN00434,CUST01598,BR011,Home Loan,7885000.00,8.81,120,In Arrears,2023-03-08
LOAN00435,CUST00088,BR034,Personal Loan,870000.00,15.73,12,Closed,2023-05-02
LOAN00436,CUST03960,BR040,Home Loan,7545000.00,7.71,300,Active,2020-10-25
LOAN00437,CUST02715,BR027,Business Loan,2770000.00,12.93,84,Active,2020-02-20
LOAN00438,CUST03210,BR017,Auto Loan,1911000.00,8.53,84,Active,2023-07-06
LOAN00439,CUST00938,BR046,Auto Loan,342000.00,11.41,60,Active,2021-09-18
LOAN00440,CUST01817,BR009,Personal Loan,159000.00,14.22,12,Active,2023-11-26
LOAN00441,CUST01880,BR033,Personal Loan,287000.00,11.30,36,Active,2022-11-15
LOAN00442,CUST00713,BR009,Gold Loan,690000.00,9.88,12,Closed,2022-12-31
LOAN00443,CUST00233,BR018,Home Loan,3727000.00,8.59,240,Active,2021-01-18
LOAN00444,CUST02200,BR003,Auto Loan,488000.00,10.04,60,Active,2021-04-07
LOAN00445,CUST02938,BR049,Home Loan,5850000.00,8.91,300,Active,2022-05-01
LOAN00446,CUST00401,BR018,Home Loan,7650000.00,7.69,300,Active,2022-04-07
LOAN00447,CUST02473,BR012,Home Loan,7426000.00,7.59,240,Active,2022-09-01
LOAN00448,CUST01237,BR026,Business Loan,1298000.00,14.85,36,Closed,2019-02-27
LOAN00449,CUST02737,BR004,Auto Loan,830000.00,9.13,48,Active,2022-06-30
LOAN00450,CUST01758,BR024,Gold Loan,596000.00,11.28,36,Active,2023-02-16
LOAN00451,CUST01633,BR002,Home Loan,7057000.00,8.36,300,Active,2016-07-11
LOAN00452,CUST03050,BR040,Home Loan,7717000.00,8.00,240,Active,2023-02-23
LOAN00453,CUST04719,BR033,Personal Loan,1117000.00,13.22,48,Active,2023-10-07
LOAN00454,CUST01024,BR017,Auto Loan,2200000.00,8.83,60,Active,2021-10-08
LOAN00455,CUST00159,BR047,Home Loan,6468000.00,7.99,120,Active,2023-11-01
LOAN00456,CUST03487,BR025,Home Loan,1640000.00,8.72,120,Active,2021-03-13
LOAN00457,CUST04119,BR047,Home Loan,7262000.00,7.92,240,Active,2019-08-15
LOAN00458,CUST02202,BR020,Home Loan,8618000.00,9.47,120,Active,2020-12-21
LOAN00459,CUST02601,BR009,Home Loan,8951000.00,8.65,240,Active,2022-02-05
LOAN00460,CUST02827,BR010,Personal Loan,952000.00,12.38,24,Active,2023-11-07
LOAN00461,CUST03966,BR006,Education Loan,926000.00,10.43,120,Active,2022-12-14
LOAN00462,CUST00949,BR012,Home Loan,4680000.00,9.18,300,Active,2017-12-10
LOAN00463,CUST04905,BR021,Auto Loan,1488000.00,9.86,36,Active,2023-02-13
LOAN00464,CUST01414,BR028,Business Loan,1968000.00,11.14,120,Active,2019-02-23
LOAN00465,CUST00221,BR009,Home Loan,3236000.00,9.44,240,Active,2020-05-24
LOAN00466,CUST01907,BR004,Home Loan,4700000.00,9.35,120,Active,2021-12-13
LOAN00467,CUST00175,BR004,Home Loan,8302000.00,8.02,240,Active,2020-02-08
LOAN00468,CUST03560,BR009,Auto Loan,1938000.00,10.24,36,Defaulted,2020-07-26
LOAN00469,CUST04543,BR001,Auto Loan,1243000.00,9.04,48,Active,2022-12-14
LOAN00470,CUST01234,BR016,Personal Loan,143000.00,13.06,48,Closed,2020-05-28
LOAN00471,CUST01084,BR016,Home Loan,1696000.00,9.42,180,Active,2023-10-07
LOAN00472,CUST02483,BR032,Auto Loan,1188000.00,10.09,60,Active,2023-10-28
LOAN00473,CUST00987,BR009,Personal Loan,428000.00,13.67,60,Active,2023-05-03
LOAN00474,CUST04262,BR001,Personal Loan,740000.00,15.11,48,Active,2020-10-27
LOAN00475,CUST01714,BR044,Auto Loan,490000.00,9.76,48,Active,2022-12-01
LOAN00476,CUST02746,BR038,Home Loan,6759000.00,9.49,300,Active,2020-09-11
LOAN00477,CUST00498,BR042,Auto Loan,784000.00,11.06,84,Active,2022-09-12
LOAN00478,CUST01065,BR018,Personal Loan,302000.00,15.15,36,Active,2023-01-28
LOAN00479,CUST03095,BR029,Gold Loan,320000.00,9.63,24,Active,2023-10-02
LOAN00480,CUST02026,BR001,Auto Loan,2144000.00,8.53,84,Active,2023-11-21
LOAN00481,CUST00050,BR038,Personal Loan,108000.00,13.25,24,Active,2023-02-15
LOAN00482,CUST02441,BR043,Personal Loan,751000.00,12.56,24,Closed,2018-12-22
LOAN00483,CUST04148,BR007,Personal Loan,423000.00,13.40,36,Closed,2020-04-12
LOAN00484,CUST01733,BR036,Home Loan,4203000.00,8.19,120,Active,2023-08-25
LOAN00485,CUST03940,BR046,Home Loan,8326000.00,7.58,240,Closed,2023-08-16
LOAN00486,CUST03871,BR006,Home Loan,5051000.00,8.34,240,Active,2020-08-31
LOAN00487,CUST03879,BR021,Home Loan,2684000.00,7.63,240,Defaulted,2020-12-22
LOAN00488,CUST02463,BR029,Auto Loan,675000.00,9.68,60,Active,2023-11-28
LOAN00489,CUST01606,BR028,Business Loan,5958000.00,13.88,36,Active,2023-09-29
LOAN00490,CUST03432,BR044,Personal Loan,314000.00,16.20,48,Active,2021-09-22
LOAN00491,CUST04864,BR030,Business Loan,6766000.00,13.02,60,Closed,2016-01-06
LOAN00492,CUST03841,BR040,Auto Loan,1259000.00,9.78,48,Closed,2016-06-12
LOAN00493,CUST01352,BR040,Auto Loan,1949000.00,9.21,36,Active,2023-11-04
LOAN00494,CUST02654,BR035,Personal Loan,400000.00,11.22,12,Closed,2022-05-27
LOAN00495,CUST00847,BR025,Business Loan,7388000.00,11.87,120,Active,2019-02-15
LOAN00496,CUST03545,BR020,Home Loan,2374000.00,8.17,180,Active,2023-08-06
LOAN00497,CUST04455,BR047,Business Loan,5970000.00,13.80,120,Active,2018-06-22
LOAN00498,CUST03805,BR026,Personal Loan,604000.00,16.32,60,Active,2023-10-11
LOAN00499,CUST00296,BR004,Business Loan,518000.00,13.07,84,Active,2021-03-21
LOAN00500,CUST02882,BR038,Personal Loan,762000.00,15.47,24,Active,2022-09-22
LOAN00501,CUST00342,BR006,Business Loan,4713000.00,10.49,120,Active,2022-07-04
LOAN00502,CUST02614,BR039,Home Loan,4207000.00,9.27,300,Defaulted,2022-06-03
LOAN00503,CUST03564,BR015,Business Loan,4230000.00,14.86,120,Active,2023-08-14
LOAN00504,CUST02924,BR030,Personal Loan,655000.00,12.20,36,Active,2023-06-07
LOAN00505,CUST02464,BR044,Business Loan,5871000.00,13.65,60,Closed,2019-03-10
LOAN00506,CUST00905,BR013,Gold Loan,93000.00,11.24,36,Active,2023-12-29
LOAN00507,CUST04679,BR023,Home Loan,6745000.00,8.47,300,Active,2023-11-20
LOAN00508,CUST02720,BR034,Personal Loan,628000.00,12.39,60,Closed,2018-06-09
LOAN00509,CUST00189,BR005,Gold Loan,331000.00,11.04,36,Closed,2020-09-09
LOAN00510,CUST02562,BR035,Home Loan,7883000.00,9.32,300,Active,2021-02-10
LOAN00511,CUST04895,BR045,Personal Loan,993000.00,12.70,24,Active,2022-11-10
LOAN00512,CUST03236,BR038,Home Loan,4175000.00,9.49,240,Active,2023-11-15
LOAN00513,CUST04120,BR037,Auto Loan,1027000.00,11.32,36,Active,2023-05-02
LOAN00514,CUST00391,BR028,Personal Loan,763000.00,13.07,12,Closed,2018-07-08
LOAN00515,CUST01699,BR030,Personal Loan,231000.00,15.31,12,Closed,2017-02-08
LOAN00516,CUST04252,BR031,Gold Loan,128000.00,9.67,12,Defaulted,2023-04-01
LOAN00517,CUST04138,BR047,Home Loan,5107000.00,8.13,120,Active,2019-11-25
LOAN00518,CUST04204,BR007,Education Loan,3292000.00,8.39,60,Active,2021-07-22
LOAN00519,CUST00967,BR004,Home Loan,2522000.00,9.19,240,In Arrears,2022-03-14
LOAN00520,CUST02647,BR023,Home Loan,9376000.00,7.86,120,Active,2021-03-15
LOAN00521,CUST01641,BR024,Auto Loan,512000.00,9.35,48,Closed,2020-03-24
LOAN00522,CUST01591,BR050,Auto Loan,1120000.00,11.49,36,Closed,2019-08-21
LOAN00523,CUST00920,BR046,Home Loan,5128000.00,9.03,120,Active,2022-12-05
LOAN00524,CUST01187,BR025,Education Loan,471000.00,10.32,120,Active,2019-06-14
LOAN00525,CUST02929,BR047,Personal Loan,1096000.00,11.55,48,Active,2021-06-22
LOAN00526,CUST04470,BR013,Home Loan,1952000.00,8.18,240,In Arrears,2021-04-30
LOAN00527,CUST02390,BR019,Education Loan,847000.00,10.78,84,Active,2018-12-04
LOAN00528,CUST01143,BR044,Personal Loan,69000.00,15.79,12,Active,2023-11-25
LOAN00529,CUST01965,BR016,Home Loan,7915000.00,9.44,240,Active,2017-01-08
LOAN00530,CUST00802,BR023,Business Loan,5817000.00,14.33,84,Active,2019-07-05
LOAN00531,CUST02952,BR026,Home Loan,5641000.00,9.17,300,Active,2023-02-20
LOAN00532,CUST03784,BR011,Personal Loan,357000.00,12.39,24,Closed,2020-10-27
LOAN00533,CUST03675,BR031,Auto Loan,926000.00,9.70,48,Active,2023-11-22
LOAN00534,CUST04669,BR041,Home Loan,6710000.00,7.76,120,Active,2023-03-16
LOAN00535,CUST00616,BR031,Business Loan,3532000.00,13.31,120,Active,2023-08-08
LOAN00536,CUST01271,BR047,Home Loan,2712000.00,8.63,120,Active,2023-07-21
LOAN00537,CUST01119,BR018,Business Loan,7473000.00,13.33,120,Closed,2019-05-08
LOAN00538,CUST00629,BR042,Personal Loan,1035000.00,11.49,36,Active,2021-12-05
LOAN00539,CUST00263,BR020,Home Loan,4065000.00,8.87,120,Active,2020-11-26
LOAN00540,CUST03391,BR038,Education Loan,2198000.00,9.10,120,In Arrears,2022-05-21
LOAN00541,CUST00375,BR032,Education Loan,897000.00,9.63,60,Active,2022-04-07
LOAN00542,CUST03072,BR007,Home Loan,7200000.00,8.63,120,Active,2017-05-04
LOAN00543,CUST03232,BR038,Personal Loan,151000.00,12.94,12,Defaulted,2023-01-21
LOAN00544,CUST02506,BR041,Personal Loan,1136000.00,13.63,60,Active,2022-01-12
LOAN00545,CUST04794,BR029,Personal Loan,752000.00,12.11,36,Active,2023-11-23
LOAN00546,CUST04564,BR013,Home Loan,8494000.00,9.01,120,Active,2020-08-22
LOAN00547,CUST02769,BR019,Business Loan,3399000.00,12.88,84,Active,2023-09-14
LOAN00548,CUST00306,BR019,Home Loan,8574000.00,8.85,120,Closed,2023-05-25
LOAN00549,CUST03223,BR043,Personal Loan,303000.00,11.94,12,Closed,2020-10-02
LOAN00550,CUST01328,BR019,Personal Loan,628000.00,16.41,36,Active,2023-11-11
LOAN00551,CUST03640,BR004,Personal Loan,171000.00,13.92,24,Closed,2016-01-12
LOAN00552,CUST05000,BR047,Personal Loan,1025000.00,14.15,48,Active,2023-05-11
LOAN00553,CUST02371,BR009,Business Loan,6874000.00,12.45,84,Active,2019-02-16
LOAN00554,CUST03538,BR022,Business Loan,4057000.00,12.77,36,Active,2023-11-21
LOAN00555,CUST01140,BR020,Personal Loan,1120000.00,12.72,60,Closed,2016-05-01
LOAN00556,CUST01255,BR047,Gold Loan,230000.00,10.92,36,Closed,2018-10-08
LOAN00557,CUST04808,BR003,Home Loan,8481000.00,9.24,240,Active,2023-05-21
LOAN00558,CUST01376,BR035,Personal Loan,319000.00,11.17,48,Closed,2016-08-17
LOAN00559,CUST03184,BR037,Personal Loan,475000.00,16.08,48,Active,2021-07-16
LOAN00560,CUST04758,BR029,Education Loan,706000.00,9.12,84,Active,2021-05-09
LOAN00561,CUST00341,BR024,Home Loan,4534000.00,7.98,180,Active,2020-07-26
LOAN00562,CUST02167,BR023,Home Loan,4782000.00,8.48,180,Active,2018-10-19
LOAN00563,CUST04441,BR045,Personal Loan,1155000.00,13.01,12,Closed,2022-10-03
LOAN00564,CUST04373,BR031,Personal Loan,526000.00,13.75,36,Active,2023-10-12
LOAN00565,CUST04875,BR037,Education Loan,938000.00,8.22,60,In Arrears,2023-02-20
LOAN00566,CUST04653,BR014,Personal Loan,1002000.00,11.51,36,Active,2023-11-08
LOAN00567,CUST00634,BR019,Personal Loan,190000.00,13.74,12,Active,2023-10-19
LOAN00568,CUST02317,BR002,Personal Loan,87000.00,14.84,60,Active,2021-12-03
LOAN00569,CUST04734,BR036,Home Loan,1968000.00,9.21,240,Active,2023-09-14
LOAN00570,CUST00973,BR038,Education Loan,1537000.00,8.89,120,Active,2021-05-27
LOAN00571,CUST03285,BR037,Personal Loan,509000.00,13.89,60,Active,2023-11-29
LOAN00572,CUST02255,BR013,Personal Loan,818000.00,14.13,60,Closed,2023-11-27
LOAN00573,CUST00286,BR043,Home Loan,8413000.00,8.25,240,Defaulted,2020-01-14
LOAN00574,CUST02886,BR028,Education Loan,1423000.00,8.50,84,In Arrears,2017-10-03
LOAN00575,CUST02572,BR034,Auto Loan,1949000.00,9.35,48,Closed,2019-01-07
LOAN00576,CUST01675,BR035,Personal Loan,612000.00,13.16,48,Closed,2017-04-26
LOAN00577,CUST04773,BR004,Auto Loan,1705000.00,9.59,84,Active,2021-10-17
LOAN00578,CUST00250,BR047,Education Loan,1941000.00,9.37,84,Active,2023-06-13
LOAN00579,CUST04818,BR034,Home Loan,2465000.00,8.97,180,Active,2019-06-29
LOAN00580,CUST01182,BR014,Gold Loan,486000.00,10.70,24,Defaulted,2019-05-21
LOAN00581,CUST04007,BR033,Home Loan,7104000.00,7.63,300,Active,2022-06-25
LOAN00582,CUST02471,BR022,Gold Loan,124000.00,11.29,36,Defaulted,2018-10-16
LOAN00583,CUST02479,BR043,Personal Loan,385000.00,15.85,48,Closed,2019-08-18
LOAN00584,CUST00825,BR035,Personal Loan,894000.00,14.38,36,Active,2023-09-10
LOAN00585,CUST00814,BR016,Home Loan,7709000.00,9.33,300,Active,2021-09-25
LOAN00586,CUST03314,BR035,Home Loan,3518000.00,7.68,300,Active,2016-11-05
LOAN00587,CUST02816,BR024,Business Loan,1994000.00,11.22,36,Closed,2017-03-02
LOAN00588,CUST03568,BR004,Personal Loan,1145000.00,12.67,36,Active,2023-01-24
LOAN00589,CUST03359,BR040,Personal Loan,538000.00,15.16,36,Defaulted,2015-08-24
LOAN00590,CUST00475,BR037,Personal Loan,617000.00,12.11,48,Active,2023-08-16
LOAN00591,CUST04008,BR044,Home Loan,1918000.00,8.94,300,Active,2023-12-08
LOAN00592,CUST04556,BR018,Gold Loan,630000.00,11.53,24,Active,2023-04-02
LOAN00593,CUST01772,BR013,Business Loan,2946000.00,10.19,36,Closed,2021-01-01
LOAN00594,CUST04426,BR012,Home Loan,5756000.00,8.43,180,Active,2020-10-11
LOAN00595,CUST03545,BR020,Home Loan,6705000.00,8.01,300,Active,2023-04-28
LOAN00596,CUST02425,BR038,Home Loan,7203000.00,7.89,300,Active,2019-01-24
LOAN00597,CUST04994,BR031,Gold Loan,186000.00,10.89,24,Closed,2020-01-08
LOAN00598,CUST01446,BR032,Personal Loan,504000.00,15.37,36,Active,2023-06-09
LOAN00599,CUST01393,BR037,Auto Loan,1329000.00,11.44,84,Active,2021-09-23
LOAN00600,CUST04536,BR047,Personal Loan,466000.00,14.58,36,Closed,2019-05-13
LOAN00601,CUST01140,BR020,Home Loan,3135000.00,8.87,180,Active,2015-09-28
LOAN00602,CUST00281,BR026,Personal Loan,932000.00,12.14,12,Active,2023-07-10
LOAN00603,CUST01857,BR007,Home Loan,8525000.00,9.21,300,Active,2022-09-04
LOAN00604,CUST01188,BR031,Gold Loan,519000.00,10.04,24,Active,2023-01-31
LOAN00605,CUST03478,BR038,Business Loan,903000.00,13.25,36,Active,2021-07-16
LOAN00606,CUST01327,BR004,Auto Loan,840000.00,10.45,60,Active,2021-10-10
LOAN00607,CUST03598,BR044,Auto Loan,883000.00,8.84,84,Active,2021-03-23
LOAN00608,CUST03717,BR017,Personal Loan,292000.00,14.45,36,Active,2022-08-05
LOAN00609,CUST00997,BR045,Education Loan,1076000.00,10.77,84,Active,2023-09-22
LOAN00610,CUST04457,BR048,Home Loan,4993000.00,7.82,300,Active,2023-10-24
LOAN00611,CUST00348,BR040,Auto Loan,1161000.00,11.37,60,Defaulted,2022-12-14
LOAN00612,CUST03064,BR013,Personal Loan,889000.00,12.65,24,Closed,2022-06-12
LOAN00613,CUST00936,BR019,Home Loan,7169000.00,8.06,180,In Arrears,2021-09-18
LOAN00614,CUST01198,BR017,Personal Loan,603000.00,11.82,60,Closed,2016-12-30
LOAN00615,CUST03345,BR022,Personal Loan,624000.00,12.73,48,Active,2023-06-27
LOAN00616,CUST00881,BR040,Personal Loan,248000.00,15.55,12,Closed,2021-06-26
LOAN00617,CUST00640,BR045,Auto Loan,1122000.00,8.81,60,Active,2023-06-14
LOAN00618,CUST03368,BR020,Personal Loan,689000.00,12.32,12,Closed,2016-09-18
LOAN00619,CUST00429,BR021,Education Loan,1992000.00,8.32,84,Active,2023-02-13
LOAN00620,CUST03111,BR004,Home Loan,6266000.00,8.17,180,Active,2022-01-02
LOAN00621,CUST01565,BR014,Gold Loan,441000.00,10.88,12,Active,2023-11-23
LOAN00622,CUST00292,BR049,Business Loan,693000.00,11.86,120,Active,2019-08-21
LOAN00623,CUST04599,BR036,Auto Loan,2089000.00,9.69,36,Defaulted,2023-12-17
LOAN00624,CUST02679,BR039,Education Loan,1259000.00,10.60,60,Active,2022-07-30
LOAN00625,CUST02123,BR025,Business Loan,2380000.00,13.27,84,Active,2023-08-27
LOAN00626,CUST02310,BR010,Business Loan,6029000.00,12.08,60,Active,2022-09-01
LOAN00627,CUST04506,BR015,Home Loan,4663000.00,8.40,240,Closed,2019-10-22
LOAN00628,CUST01874,BR018,Auto Loan,1467000.00,10.85,48,Active,2023-03-09
LOAN00629,CUST00792,BR019,Personal Loan,346000.00,15.85,60,Closed,2023-12-01
LOAN00630,CUST01629,BR022,Home Loan,4161000.00,9.14,180,Active,2018-03-15
LOAN00631,CUST04779,BR030,Personal Loan,578000.00,13.28,36,Active,2023-10-17
LOAN00632,CUST04446,BR040,Personal Loan,320000.00,15.85,36,Active,2022-11-29
LOAN00633,CUST00162,BR025,Auto Loan,1125000.00,9.62,84,Active,2020-02-11
LOAN00634,CUST03611,BR025,Home Loan,6860000.00,7.60,240,Active,2023-01-24
LOAN00635,CUST02492,BR045,Home Loan,2111000.00,8.00,240,Active,2022-03-28
LOAN00636,CUST02403,BR047,Education Loan,1394000.00,9.61,120,Active,2022-01-31
LOAN00637,CUST01041,BR016,Gold Loan,166000.00,11.40,12,Closed,2022-09-19
LOAN00638,CUST02689,BR042,Personal Loan,150000.00,11.74,24,Closed,2022-06-27
LOAN00639,CUST03916,BR010,Business Loan,2654000.00,14.85,36,Active,2022-08-13
LOAN00640,CUST04542,BR034,Home Loan,4573000.00,7.67,300,Active,2023-09-11
LOAN00641,CUST00126,BR027,Home Loan,7933000.00,7.50,120,Active,2019-08-31
LOAN00642,CUST01790,BR039,Gold Loan,203000.00,9.08,12,Closed,2017-09-04
LOAN00643,CUST00050,BR038,Business Loan,4409000.00,11.96,60,Closed,2022-10-12
LOAN00644,CUST01401,BR014,Gold Loan,480000.00,9.93,36,Closed,2017-04-09
LOAN00645,CUST04511,BR037,Auto Loan,1424000.00,9.52,48,Active,2023-06-03
LOAN00646,CUST01128,BR048,Home Loan,3576000.00,7.68,300,Active,2023-03-21
LOAN00647,CUST02445,BR009,Personal Loan,1034000.00,12.46,48,Active,2023-10-24
LOAN00648,CUST02111,BR006,Home Loan,8069000.00,8.22,240,Active,2023-08-07
LOAN00649,CUST04136,BR015,Auto Loan,1537000.00,11.48,84,Active,2017-07-12
LOAN00650,CUST01748,BR029,Education Loan,485000.00,8.47,60,Closed,2023-11-29
LOAN00651,CUST03746,BR050,Personal Loan,311000.00,12.59,36,Active,2023-05-27
LOAN00652,CUST00685,BR013,Auto Loan,903000.00,8.86,60,Closed,2022-12-22
LOAN00653,CUST01982,BR010,Auto Loan,1860000.00,9.90,48,Active,2023-10-17
LOAN00654,CUST00207,BR039,Auto Loan,1729000.00,9.64,48,Closed,2019-03-11
LOAN00655,CUST00963,BR002,Auto Loan,273000.00,10.45,36,Active,2022-02-01
LOAN00656,CUST01461,BR034,Home Loan,8808000.00,8.83,180,Closed,2021-12-10
LOAN00657,CUST02863,BR002,Home Loan,7126000.00,8.23,180,Active,2020-12-23
LOAN00658,CUST00482,BR040,Auto Loan,685000.00,9.47,36,Active,2021-11-13
LOAN00659,CUST02308,BR007,Business Loan,3197000.00,13.37,60,Active,2020-10-03
LOAN00660,CUST03714,BR002,Education Loan,2464000.00,10.03,84,Active,2023-08-15
LOAN00661,CUST03013,BR019,Personal Loan,608000.00,13.30,60,Active,2021-07-03
LOAN00662,CUST03692,BR013,Auto Loan,707000.00,11.04,84,Active,2023-04-29
LOAN00663,CUST04951,BR045,Auto Loan,1336000.00,9.23,60,Active,2022-10-09
LOAN00664,CUST00799,BR030,Personal Loan,242000.00,11.44,12,Active,2023-07-07
LOAN00665,CUST04332,BR036,Auto Loan,1996000.00,9.91,60,Active,2023-03-29
LOAN00666,CUST02891,BR041,Gold Loan,129000.00,10.85,24,Closed,2020-12-31
LOAN00667,CUST02884,BR028,Home Loan,7458000.00,9.34,300,Active,2021-01-22
LOAN00668,CUST00806,BR022,Personal Loan,471000.00,16.34,48,Active,2021-03-22
LOAN00669,CUST00256,BR028,Education Loan,3077000.00,10.81,84,Active,2023-09-24
LOAN00670,CUST02123,BR025,Auto Loan,408000.00,8.78,36,Closed,2020-03-04
LOAN00671,CUST03884,BR002,Personal Loan,66000.00,11.47,12,Defaulted,2016-10-03
LOAN00672,CUST02832,BR011,Home Loan,2189000.00,8.65,240,Defaulted,2020-05-09
LOAN00673,CUST01757,BR039,Auto Loan,399000.00,8.94,48,Closed,2020-06-09
LOAN00674,CUST02870,BR032,Education Loan,2320000.00,10.76,60,Active,2023-05-16
LOAN00675,CUST03222,BR012,Auto Loan,733000.00,9.78,84,Active,2022-02-16
LOAN00676,CUST00183,BR024,Home Loan,8010000.00,7.66,300,Active,2023-03-31
LOAN00677,CUST02981,BR037,Personal Loan,724000.00,15.46,12,Closed,2017-09-23
LOAN00678,CUST03920,BR032,Home Loan,6669000.00,9.13,120,Active,2022-01-08
LOAN00679,CUST00252,BR025,Business Loan,6049000.00,14.49,84,Active,2021-10-08
LOAN00680,CUST03802,BR041,Personal Loan,361000.00,13.69,36,Closed,2021-10-24
LOAN00681,CUST00611,BR006,Home Loan,4783000.00,8.68,240,Active,2021-12-17
LOAN00682,CUST00702,BR048,Home Loan,5722000.00,9.06,300,Closed,2022-05-09
LOAN00683,CUST04890,BR027,Personal Loan,804000.00,14.93,60,Active,2022-03-21
LOAN00684,CUST04375,BR023,Personal Loan,1098000.00,15.28,12,Active,2023-10-13
LOAN00685,CUST00768,BR040,Business Loan,797000.00,11.72,84,In Arrears,2022-04-15
LOAN00686,CUST01246,BR044,Home Loan,8906000.00,8.04,300,Active,2015-10-17
LOAN00687,CUST02219,BR042,Business Loan,1734000.00,14.86,60,Active,2023-05-13
LOAN00688,CUST01355,BR014,Auto Loan,1212000.00,8.69,48,Closed,2020-04-26
LOAN00689,CUST03027,BR025,Home Loan,3737000.00,8.53,240,Active,2023-09-13
LOAN00690,CUST04015,BR042,Auto Loan,1684000.00,10.79,60,Closed,2023-02-22
LOAN00691,CUST01480,BR033,Home Loan,8492000.00,8.33,300,Defaulted,2017-06-14
LOAN00692,CUST01341,BR005,Personal Loan,860000.00,14.37,48,Closed,2019-03-19
LOAN00693,CUST04710,BR039,Personal Loan,296000.00,15.89,60,Active,2021-10-21
LOAN00694,CUST01290,BR003,Personal Loan,361000.00,15.52,60,Active,2023-04-27
LOAN00695,CUST01660,BR034,Gold Loan,57000.00,11.27,12,Closed,2022-07-01
LOAN00696,CUST03308,BR017,Home Loan,5719000.00,7.88,300,Closed,2019-06-12
LOAN00697,CUST04386,BR008,Personal Loan,667000.00,14.28,60,Active,2020-03-26
LOAN00698,CUST01054,BR039,Personal Loan,448000.00,11.37,12,Closed,2018-04-07
LOAN00699,CUST00117,BR006,Business Loan,2287000.00,14.16,60,Active,2023-02-09
LOAN00700,CUST04389,BR043,Auto Loan,1522000.00,10.60,84,Active,2022-08-05
LOAN00701,CUST03363,BR035,Personal Loan,122000.00,12.28,36,Active,2021-07-15
LOAN00702,CUST02605,BR032,Auto Loan,470000.00,10.58,84,Active,2022-06-12
LOAN00703,CUST00416,BR050,Auto Loan,274000.00,9.22,60,Active,2023-08-13
LOAN00704,CUST02582,BR022,Auto Loan,2094000.00,10.78,36,Active,2022-06-17
LOAN00705,CUST02138,BR010,Business Loan,5014000.00,10.61,60,Active,2021-09-13
LOAN00706,CUST04121,BR027,Personal Loan,693000.00,11.69,36,Active,2022-12-29
LOAN00707,CUST03611,BR025,Personal Loan,179000.00,15.82,12,Closed,2022-11-22
LOAN00708,CUST01412,BR045,Personal Loan,516000.00,14.09,60,Closed,2019-06-02
LOAN00709,CUST02696,BR024,Personal Loan,476000.00,11.80,60,Active,2020-08-05
LOAN00710,CUST04445,BR033,Home Loan,6592000.00,9.24,120,Active,2018-08-12
LOAN00711,CUST03836,BR041,Home Loan,4281000.00,8.62,240,Closed,2023-09-22
LOAN00712,CUST02256,BR009,Personal Loan,902000.00,11.33,36,Active,2023-08-19
LOAN00713,CUST00175,BR004,Home Loan,4738000.00,8.54,120,Active,2020-10-29
LOAN00714,CUST04229,BR010,Auto Loan,432000.00,9.19,36,Active,2022-07-14
LOAN00715,CUST04580,BR006,Auto Loan,1839000.00,10.25,36,Closed,2018-12-29
LOAN00716,CUST00261,BR030,Home Loan,3799000.00,9.37,240,Closed,2021-11-26
LOAN00717,CUST00407,BR041,Business Loan,5715000.00,14.79,120,Active,2019-12-12
LOAN00718,CUST04286,BR048,Auto Loan,840000.00,10.11,48,Active,2023-01-26
LOAN00719,CUST00144,BR024,Personal Loan,567000.00,11.21,36,Active,2023-07-18
LOAN00720,CUST02544,BR006,Personal Loan,1123000.00,14.98,12,Closed,2021-03-31
LOAN00721,CUST02871,BR005,Auto Loan,1477000.00,10.36,48,Active,2022-11-03
LOAN00722,CUST04235,BR004,Gold Loan,719000.00,9.03,24,In Arrears,2023-04-26
LOAN00723,CUST01183,BR041,Personal Loan,220000.00,16.07,36,Closed,2017-03-29
LOAN00724,CUST00366,BR025,Personal Loan,357000.00,11.21,24,Defaulted,2021-11-14
LOAN00725,CUST00206,BR029,Auto Loan,1486000.00,11.41,48,Active,2023-11-12
LOAN00726,CUST01289,BR008,Personal Loan,673000.00,12.55,36,Active,2022-05-13
LOAN00727,CUST01328,BR019,Gold Loan,417000.00,11.50,24,Active,2023-08-04
LOAN00728,CUST02230,BR005,Personal Loan,123000.00,11.03,48,Active,2021-09-17
LOAN00729,CUST01741,BR012,Home Loan,8864000.00,9.38,300,Closed,2023-06-03
LOAN00730,CUST00442,BR018,Education Loan,3050000.00,9.11,60,Closed,2020-05-22
LOAN00731,CUST02601,BR009,Home Loan,5931000.00,8.92,120,Active,2017-04-25
LOAN00732,CUST02476,BR028,Auto Loan,673000.00,8.58,60,Defaulted,2019-01-13
LOAN00733,CUST04593,BR018,Personal Loan,389000.00,11.24,12,Closed,2022-12-16
LOAN00734,CUST00494,BR020,Auto Loan,379000.00,9.17,48,Active,2023-09-19
LOAN00735,CUST00684,BR047,Personal Loan,1146000.00,13.21,36,Active,2023-10-31
LOAN00736,CUST00063,BR009,Auto Loan,257000.00,10.47,60,Active,2021-08-02
LOAN00737,CUST04628,BR021,Auto Loan,592000.00,9.63,36,Closed,2018-10-23
LOAN00738,CUST00615,BR039,Personal Loan,1027000.00,16.24,48,Defaulted,2022-02-28
LOAN00739,CUST01272,BR022,Home Loan,7320000.00,7.87,180,Closed,2021-03-20
LOAN00740,CUST03263,BR035,Home Loan,6904000.00,7.79,120,Active,2020-08-06
LOAN00741,CUST03992,BR039,Business Loan,6004000.00,11.57,120,In Arrears,2023-10-09
LOAN00742,CUST02653,BR040,Business Loan,2706000.00,10.08,120,Active,2023-03-06
LOAN00743,CUST01885,BR032,Personal Loan,525000.00,15.21,60,Closed,2016-07-09
LOAN00744,CUST02811,BR045,Education Loan,1166000.00,9.40,60,Active,2021-08-05
LOAN00745,CUST03139,BR016,Home Loan,3491000.00,8.78,300,In Arrears,2022-08-31
LOAN00746,CUST03440,BR029,Home Loan,3921000.00,7.51,300,Active,2018-01-22
LOAN00747,CUST03392,BR036,Home Loan,8464000.00,7.74,180,Active,2022-07-20
LOAN00748,CUST01161,BR013,Home Loan,4882000.00,7.88,180,Active,2023-11-09
LOAN00749,CUST02736,BR026,Home Loan,2273000.00,8.29,120,Active,2023-03-14
LOAN00750,CUST01559,BR004,Personal Loan,1052000.00,13.75,60,Active,2023-04-06
LOAN00751,CUST00149,BR024,Personal Loan,895000.00,11.03,48,Active,2022-12-20
LOAN00752,CUST04473,BR006,Home Loan,7210000.00,7.66,180,Active,2021-10-08
LOAN00753,CUST02786,BR030,Personal Loan,1156000.00,15.27,12,Closed,2023-04-20
LOAN00754,CUST01862,BR007,Education Loan,3395000.00,9.28,60,Active,2023-12-29
LOAN00755,CUST02497,BR002,Home Loan,8443000.00,8.62,240,Active,2023-10-14
LOAN00756,CUST00884,BR040,Home Loan,8370000.00,8.52,120,Active,2023-01-15
LOAN00757,CUST04818,BR034,Home Loan,1982000.00,8.19,240,Active,2023-09-11
LOAN00758,CUST00303,BR003,Business Loan,3708000.00,11.49,36,Closed,2022-09-15
LOAN00759,CUST00298,BR003,Home Loan,7685000.00,9.24,240,Active,2023-11-07
LOAN00760,CUST02593,BR037,Business Loan,4725000.00,14.92,60,Closed,2018-01-08
LOAN00761,CUST01165,BR031,Auto Loan,1580000.00,9.59,84,Active,2023-09-06
LOAN00762,CUST01946,BR034,Personal Loan,528000.00,13.71,12,Closed,2021-01-28
LOAN00763,CUST02485,BR048,Gold Loan,739000.00,9.18,12,Defaulted,2020-04-19
LOAN00764,CUST00318,BR047,Gold Loan,515000.00,12.04,12,Closed,2021-02-23
LOAN00765,CUST00677,BR032,Home Loan,5714000.00,7.70,240,Closed,2022-12-30
LOAN00766,CUST00536,BR031,Home Loan,7889000.00,9.09,180,Active,2023-03-02
LOAN00767,CUST03246,BR011,Auto Loan,2055000.00,8.62,48,Active,2023-05-18
LOAN00768,CUST01423,BR039,Personal Loan,940000.00,15.51,48,Closed,2017-08-10
LOAN00769,CUST03879,BR021,Home Loan,3059000.00,9.28,240,Active,2020-11-03
LOAN00770,CUST00929,BR008,Home Loan,6536000.00,8.81,180,Closed,2019-07-27
LOAN00771,CUST01942,BR013,Auto Loan,2153000.00,9.50,48,Closed,2017-09-12
LOAN00772,CUST04520,BR012,Home Loan,2990000.00,8.77,180,Active,2016-10-05
LOAN00773,CUST04274,BR010,Home Loan,6393000.00,9.26,180,Active,2023-11-12
LOAN00774,CUST03997,BR044,Auto Loan,1911000.00,8.94,60,Active,2022-05-12
LOAN00775,CUST00470,BR032,Personal Loan,694000.00,14.92,12,Closed,2020-02-13
LOAN00776,CUST00223,BR049,Personal Loan,1103000.00,14.77,36,Closed,2021-06-08
LOAN00777,CUST03401,BR027,Personal Loan,386000.00,13.41,12,Closed,2022-09-09
LOAN00778,CUST01684,BR018,Auto Loan,1107000.00,11.02,60,In Arrears,2021-04-12
LOAN00779,CUST01970,BR041,Home Loan,7548000.00,8.11,120,Active,2017-06-25
LOAN00780,CUST03494,BR015,Business Loan,3423000.00,13.17,120,Active,2022-12-09
LOAN00781,CUST00280,BR015,Home Loan,2650000.00,9.08,300,Active,2020-05-09
LOAN00782,CUST00007,BR014,Home Loan,4727000.00,8.14,300,Closed,2022-05-01
LOAN00783,CUST04360,BR005,Education Loan,1567000.00,8.53,60,Active,2023-06-26
LOAN00784,CUST04145,BR005,Personal Loan,434000.00,15.01,12,Closed,2023-01-26
LOAN00785,CUST04735,BR035,Auto Loan,610000.00,8.68,48,Closed,2023-01-22
LOAN00786,CUST04332,BR036,Personal Loan,476000.00,15.15,24,Active,2022-07-20
LOAN00787,CUST03098,BR010,Personal Loan,335000.00,11.05,12,Closed,2017-09-30
LOAN00788,CUST01590,BR034,Auto Loan,845000.00,9.52,84,Active,2023-02-16
LOAN00789,CUST04060,BR029,Education Loan,1279000.00,9.46,60,Active,2022-05-26
LOAN00790,CUST02879,BR016,Home Loan,2262000.00,9.35,180,Active,2023-07-02
LOAN00791,CUST03013,BR019,Home Loan,7227000.00,8.28,300,Active,2021-01-04
LOAN00792,CUST04819,BR037,Home Loan,6572000.00,9.45,180,Active,2020-07-20
LOAN00793,CUST04076,BR006,Personal Loan,978000.00,11.22,60,Defaulted,2022-02-03
LOAN00794,CUST00525,BR010,Personal Loan,837000.00,13.09,60,Active,2022-12-14
LOAN00795,CUST00978,BR028,Auto Loan,1164000.00,9.91,36,Closed,2019-08-24
LOAN00796,CUST02897,BR050,Home Loan,9500000.00,7.63,240,Defaulted,2023-07-17
LOAN00797,CUST02661,BR037,Personal Loan,623000.00,11.87,60,Defaulted,2023-10-17
LOAN00798,CUST00248,BR031,Personal Loan,1141000.00,12.64,12,Closed,2022-09-20
LOAN00799,CUST00779,BR012,Auto Loan,1748000.00,10.13,84,Active,2020-11-03
LOAN00800,CUST00659,BR030,Personal Loan,348000.00,16.12,60,Active,2021-03-31
LOAN00801,CUST02607,BR031,Personal Loan,634000.00,15.60,36,Active,2021-11-04
LOAN00802,CUST01180,BR049,Home Loan,9344000.00,9.43,300,Active,2022-08-02
LOAN00803,CUST02964,BR049,Auto Loan,1774000.00,11.07,48,Closed,2019-06-23
LOAN00804,CUST01299,BR022,Auto Loan,1398000.00,10.77,84,Closed,2023-12-14
LOAN00805,CUST00035,BR040,Home Loan,9316000.00,8.35,120,Active,2016-08-24
LOAN00806,CUST04031,BR001,Gold Loan,273000.00,10.51,36,Active,2022-04-15
LOAN00807,CUST04065,BR011,Auto Loan,1920000.00,10.00,36,Defaulted,2023-11-28
LOAN00808,CUST04982,BR016,Personal Loan,599000.00,15.18,48,Closed,2023-03-19
LOAN00809,CUST02319,BR026,Home Loan,2406000.00,9.24,180,Defaulted,2022-08-10
LOAN00810,CUST04385,BR024,Home Loan,5520000.00,8.71,180,Active,2017-07-26
LOAN00811,CUST03541,BR015,Home Loan,2817000.00,7.96,240,Active,2023-09-09
LOAN00812,CUST03451,BR005,Business Loan,1275000.00,13.61,36,Closed,2021-01-03
LOAN00813,CUST02452,BR010,Business Loan,5078000.00,14.29,120,Active,2023-02-08
LOAN00814,CUST00433,BR039,Business Loan,3602000.00,13.02,84,Active,2022-12-17
LOAN00815,CUST03358,BR007,Education Loan,2055000.00,9.42,60,Active,2020-11-19
LOAN00816,CUST03819,BR039,Gold Loan,595000.00,12.09,24,Closed,2019-06-04
LOAN00817,CUST04622,BR007,Education Loan,2328000.00,9.29,60,Active,2023-10-20
LOAN00818,CUST00868,BR029,Personal Loan,434000.00,14.22,24,Closed,2019-10-15
LOAN00819,CUST01679,BR027,Home Loan,8125000.00,9.17,120,Active,2021-04-27
LOAN00820,CUST04559,BR028,Personal Loan,503000.00,13.36,36,Active,2022-01-10
LOAN00821,CUST01806,BR050,Auto Loan,2112000.00,10.90,48,Closed,2021-07-13
LOAN00822,CUST04083,BR042,Auto Loan,1586000.00,10.70,36,Active,2023-10-18
LOAN00823,CUST02854,BR026,Personal Loan,1119000.00,11.85,24,Closed,2020-06-23
LOAN00824,CUST00179,BR001,Auto Loan,1343000.00,9.77,84,Active,2020-08-17
LOAN00825,CUST01262,BR028,Education Loan,1907000.00,10.27,120,Closed,2020-10-01
LOAN00826,CUST04091,BR048,Auto Loan,1235000.00,10.74,60,Active,2021-12-12
LOAN00827,CUST03689,BR004,Education Loan,2784000.00,9.99,120,Active,2023-09-24
LOAN00828,CUST01374,BR021,Gold Loan,186000.00,10.11,24,Closed,2022-12-27
LOAN00829,CUST00664,BR031,Education Loan,1532000.00,9.63,60,Active,2023-10-08
LOAN00830,CUST01725,BR045,Auto Loan,586000.00,10.47,84,Active,2022-06-20
LOAN00831,CUST02927,BR049,Business Loan,1568000.00,12.05,84,In Arrears,2017-09-05
LOAN00832,CUST04698,BR023,Business Loan,4974000.00,11.45,36,Active,2022-02-22
LOAN00833,CUST02794,BR034,Business Loan,5437000.00,13.34,36,Closed,2020-10-10
LOAN00834,CUST00607,BR027,Home Loan,5973000.00,8.82,240,Active,2018-12-03
LOAN00835,CUST04941,BR043,Home Loan,6008000.00,9.45,240,Active,2021-01-27
LOAN00836,CUST00498,BR042,Personal Loan,839000.00,16.41,48,Closed,2023-02-15
LOAN00837,CUST02304,BR039,Personal Loan,72000.00,15.97,12,Closed,2020-06-14
LOAN00838,CUST04674,BR020,Home Loan,6911000.00,8.97,180,Active,2023-06-18
LOAN00839,CUST00659,BR030,Business Loan,6228000.00,11.98,120,Active,2020-06-22
LOAN00840,CUST03371,BR042,Home Loan,2558000.00,9.08,180,Active,2017-10-09
LOAN00841,CUST01375,BR042,Home Loan,7569000.00,8.34,240,Active,2019-12-03
LOAN00842,CUST00097,BR017,Home Loan,9233000.00,8.32,120,Active,2022-12-29
LOAN00843,CUST03859,BR023,Personal Loan,197000.00,11.26,36,Defaulted,2021-05-25
LOAN00844,CUST00409,BR021,Auto Loan,1485000.00,11.01,48,Active,2023-11-28
LOAN00845,CUST02210,BR011,Personal Loan,259000.00,11.15,12,Active,2023-08-30
LOAN00846,CUST03515,BR022,Auto Loan,569000.00,9.16,48,Closed,2023-04-19
LOAN00847,CUST01909,BR013,Gold Loan,442000.00,10.30,12,Closed,2021-10-13
LOAN00848,CUST03625,BR037,Home Loan,3775000.00,8.22,120,Active,2020-03-05
LOAN00849,CUST02121,BR009,Personal Loan,430000.00,13.25,48,Active,2022-02-12
LOAN00850,CUST02898,BR046,Auto Loan,392000.00,9.40,84,Active,2022-08-23
LOAN00851,CUST04284,BR011,Auto Loan,772000.00,10.75,60,Active,2019-08-06
LOAN00852,CUST02823,BR039,Personal Loan,502000.00,11.32,36,Closed,2018-12-23
LOAN00853,CUST03759,BR027,Home Loan,8457000.00,9.14,300,Active,2019-07-25
LOAN00854,CUST02411,BR029,Home Loan,1714000.00,7.66,120,Active,2022-03-24
LOAN00855,CUST02539,BR008,Personal Loan,943000.00,12.12,24,Closed,2021-04-02
LOAN00856,CUST02224,BR019,Home Loan,2467000.00,8.23,300,Closed,2020-10-31
LOAN00857,CUST01165,BR031,Auto Loan,1122000.00,10.45,48,Active,2023-03-20
LOAN00858,CUST03685,BR024,Education Loan,1974000.00,8.66,120,Active,2021-03-30
LOAN00859,CUST03330,BR011,Home Loan,7159000.00,7.73,180,Active,2020-05-18
LOAN00860,CUST03149,BR020,Home Loan,7241000.00,7.95,300,Active,2023-10-10
LOAN00861,CUST04386,BR008,Home Loan,6866000.00,8.52,300,Defaulted,2023-04-22
LOAN00862,CUST00389,BR019,Business Loan,5061000.00,14.75,60,Closed,2018-06-11
LOAN00863,CUST00011,BR001,Home Loan,3172000.00,9.14,120,Active,2023-02-16
LOAN00864,CUST00819,BR033,Personal Loan,782000.00,14.03,24,Active,2023-09-10
LOAN00865,CUST04113,BR012,Home Loan,8597000.00,8.16,240,In Arrears,2019-07-24
LOAN00866,CUST04980,BR026,Business Loan,5494000.00,10.40,84,Active,2017-08-15
LOAN00867,CUST04623,BR049,Personal Loan,879000.00,16.14,48,Closed,2022-06-28
LOAN00868,CUST01241,BR001,Personal Loan,572000.00,12.77,36,Active,2023-05-02
LOAN00869,CUST03765,BR034,Home Loan,7453000.00,7.70,120,Active,2020-06-13
LOAN00870,CUST00035,BR040,Home Loan,3914000.00,8.58,300,Active,2018-11-11
LOAN00871,CUST00698,BR034,Gold Loan,791000.00,11.24,24,Closed,2022-05-16
LOAN00872,CUST04688,BR011,Home Loan,2190000.00,8.09,180,Active,2022-10-15
LOAN00873,CUST00128,BR046,Business Loan,7352000.00,12.30,84,Active,2022-07-15
LOAN00874,CUST00040,BR028,Home Loan,2163000.00,8.12,120,Active,2022-01-29
LOAN00875,CUST04312,BR026,Personal Loan,487000.00,12.55,24,Active,2023-10-14
LOAN00876,CUST01597,BR046,Home Loan,9197000.00,9.26,300,Active,2020-12-18
LOAN00877,CUST01562,BR029,Business Loan,1864000.00,14.36,84,Active,2020-01-26
LOAN00878,CUST04589,BR014,Auto Loan,832000.00,10.56,60,Active,2023-06-27
LOAN00879,CUST00647,BR033,Auto Loan,2153000.00,11.24,48,Active,2023-10-13
LOAN00880,CUST03093,BR022,Personal Loan,311000.00,14.87,60,Closed,2018-02-05
LOAN00881,CUST04394,BR039,Home Loan,7112000.00,9.11,120,Defaulted,2023-08-31
LOAN00882,CUST00468,BR028,Auto Loan,275000.00,10.09,36,Active,2022-07-28
LOAN00883,CUST03596,BR027,Personal Loan,1123000.00,11.44,12,Defaulted,2023-08-29
LOAN00884,CUST04700,BR023,Personal Loan,886000.00,12.37,24,Closed,2020-02-19
LOAN00885,CUST00340,BR006,Home Loan,5899000.00,8.90,180,Active,2023-02-27
LOAN00886,CUST00603,BR035,Home Loan,6751000.00,7.70,300,Active,2023-03-28
LOAN00887,CUST03098,BR010,Auto Loan,1722000.00,8.64,48,Closed,2018-12-30
LOAN00888,CUST02466,BR004,Personal Loan,564000.00,11.11,12,Active,2023-11-20
LOAN00889,CUST00280,BR015,Personal Loan,690000.00,15.48,24,Defaulted,2023-07-24
LOAN00890,CUST02583,BR006,Home Loan,6426000.00,8.34,120,Active,2022-08-20
LOAN00891,CUST00981,BR014,Personal Loan,930000.00,13.95,36,Closed,2023-05-24
LOAN00892,CUST04357,BR033,Personal Loan,1029000.00,15.75,12,Closed,2020-03-11
LOAN00893,CUST04648,BR001,Auto Loan,1478000.00,8.99,48,Closed,2023-02-03
LOAN00894,CUST00008,BR035,Home Loan,4433000.00,8.10,300,Active,2021-02-28
LOAN00895,CUST02401,BR027,Home Loan,5506000.00,7.83,180,Closed,2023-05-30
LOAN00896,CUST00374,BR025,Business Loan,604000.00,13.37,36,Active,2022-06-19
LOAN00897,CUST03318,BR025,Business Loan,3103000.00,14.17,84,Closed,2023-08-30
LOAN00898,CUST01371,BR017,Auto Loan,1279000.00,11.14,48,Active,2023-12-16
LOAN00899,CUST01370,BR020,Home Loan,5396000.00,8.57,240,In Arrears,2019-03-20
LOAN00900,CUST01549,BR022,Personal Loan,322000.00,16.36,60,Active,2023-02-04
LOAN00901,CUST01314,BR033,Home Loan,3186000.00,7.50,180,Active,2020-09-03
LOAN00902,CUST04635,BR002,Business Loan,2550000.00,14.03,120,Active,2022-05-14
LOAN00903,CUST04513,BR041,Personal Loan,798000.00,15.57,60,In Arrears,2022-10-07
LOAN00904,CUST02766,BR034,Home Loan,8668000.00,8.22,120,Active,2022-11-01
LOAN00905,CUST00790,BR044,Home Loan,2749000.00,9.44,240,Active,2017-02-23
LOAN00906,CUST03023,BR009,Auto Loan,829000.00,10.88,60,Active,2019-11-08
LOAN00907,CUST02621,BR036,Personal Loan,270000.00,15.22,48,Closed,2019-02-01
LOAN00908,CUST04293,BR039,Personal Loan,539000.00,13.21,12,Closed,2021-11-13
LOAN00909,CUST03619,BR041,Personal Loan,567000.00,12.41,24,Active,2023-07-28
LOAN00910,CUST01952,BR049,Auto Loan,1228000.00,10.55,60,Closed,2019-04-17
LOAN00911,CUST03647,BR044,Business Loan,981000.00,12.61,60,In Arrears,2023-11-19
LOAN00912,CUST03738,BR008,Auto Loan,2029000.00,10.07,48,Active,2023-07-25
LOAN00913,CUST01869,BR002,Business Loan,3101000.00,11.91,84,Active,2018-08-03
LOAN00914,CUST00431,BR011,Business Loan,3972000.00,14.62,84,Active,2022-11-11
LOAN00915,CUST01532,BR026,Home Loan,6537000.00,8.51,240,Active,2023-02-05
LOAN00916,CUST02220,BR010,Personal Loan,1193000.00,14.30,12,Active,2023-10-23
LOAN00917,CUST04144,BR036,Gold Loan,583000.00,9.60,12,Closed,2021-05-13
LOAN00918,CUST02365,BR029,Education Loan,3316000.00,10.86,120,Active,2023-06-04
LOAN00919,CUST04241,BR010,Personal Loan,1046000.00,16.22,24,Active,2023-08-30
LOAN00920,CUST00191,BR040,Home Loan,6895000.00,9.19,120,Active,2020-04-29
LOAN00921,CUST02823,BR039,Education Loan,3189000.00,9.54,84,Active,2020-10-05
LOAN00922,CUST01275,BR011,Personal Loan,58000.00,11.30,60,Active,2023-02-04
LOAN00923,CUST03450,BR035,Personal Loan,834000.00,12.65,36,Defaulted,2021-05-19
LOAN00924,CUST01974,BR026,Business Loan,4809000.00,10.74,120,Active,2023-05-22
LOAN00925,CUST04116,BR035,Home Loan,2023000.00,7.86,180,Closed,2023-11-29
LOAN00926,CUST00609,BR009,Personal Loan,378000.00,11.84,12,Defaulted,2021-12-31
LOAN00927,CUST02987,BR009,Personal Loan,711000.00,12.79,12,Closed,2023-04-03
LOAN00928,CUST00304,BR007,Personal Loan,194000.00,12.54,36,Active,2021-12-27
LOAN00929,CUST01360,BR009,Home Loan,8732000.00,8.11,120,Closed,2019-04-17
LOAN00930,CUST04091,BR048,Gold Loan,416000.00,10.96,24,Closed,2021-04-12
LOAN00931,CUST04528,BR036,Personal Loan,352000.00,13.51,48,Closed,2019-07-05
LOAN00932,CUST00206,BR029,Gold Loan,694000.00,11.56,24,Defaulted,2023-10-15
LOAN00933,CUST02460,BR027,Home Loan,9430000.00,8.70,300,Active,2022-06-18
LOAN00934,CUST01146,BR004,Auto Loan,714000.00,9.37,48,Active,2022-05-03
LOAN00935,CUST00832,BR003,Education Loan,315000.00,8.89,84,Active,2020-09-08
LOAN00936,CUST00389,BR019,Personal Loan,863000.00,15.56,48,Closed,2022-05-26
LOAN00937,CUST04487,BR019,Personal Loan,172000.00,16.41,24,Active,2023-06-29
LOAN00938,CUST01274,BR049,Education Loan,2238000.00,10.65,60,Defaulted,2019-06-09
LOAN00939,CUST01401,BR014,Home Loan,3006000.00,8.12,300,Active,2017-10-30
LOAN00940,CUST02819,BR020,Gold Loan,463000.00,9.69,24,Active,2023-03-30
LOAN00941,CUST00418,BR003,Education Loan,2250000.00,9.52,120,Closed,2023-05-03
LOAN00942,CUST00428,BR005,Auto Loan,1820000.00,10.38,36,Active,2021-08-29
LOAN00943,CUST03092,BR034,Personal Loan,997000.00,14.91,36,Closed,2020-08-07
LOAN00944,CUST00395,BR001,Education Loan,1337000.00,8.06,120,Active,2016-09-09
LOAN00945,CUST03774,BR025,Personal Loan,799000.00,13.50,12,Defaulted,2019-01-17
LOAN00946,CUST03416,BR029,Home Loan,4929000.00,9.24,180,Active,2022-05-07
LOAN00947,CUST02658,BR023,Personal Loan,810000.00,11.81,60,Active,2023-10-30
LOAN00948,CUST02028,BR042,Business Loan,1063000.00,14.54,36,Closed,2016-03-05
LOAN00949,CUST02235,BR023,Home Loan,2662000.00,8.12,300,Defaulted,2022-09-12
LOAN00950,CUST00565,BR025,Gold Loan,627000.00,10.65,12,Closed,2023-03-22
LOAN00951,CUST01047,BR008,Auto Loan,822000.00,8.51,60,Active,2023-08-25
LOAN00952,CUST00348,BR040,Home Loan,7336000.00,7.60,120,Active,2020-04-17
LOAN00953,CUST02816,BR024,Education Loan,2540000.00,8.25,60,Closed,2018-02-27
LOAN00954,CUST01825,BR021,Home Loan,3724000.00,9.28,120,Active,2023-02-17
LOAN00955,CUST04952,BR042,Home Loan,5118000.00,8.96,180,Active,2022-07-12
LOAN00956,CUST01326,BR007,Business Loan,5674000.00,11.51,36,Closed,2019-11-02
LOAN00957,CUST01937,BR009,Gold Loan,283000.00,11.68,12,Closed,2018-10-20
LOAN00958,CUST02211,BR014,Home Loan,7349000.00,9.05,180,Active,2021-06-14
LOAN00959,CUST04122,BR016,Auto Loan,1522000.00,9.32,48,Active,2023-11-17
LOAN00960,CUST04959,BR036,Auto Loan,667000.00,10.70,84,Closed,2015-04-11
LOAN00961,CUST02330,BR010,Education Loan,2216000.00,9.97,60,Active,2023-01-04
LOAN00962,CUST00313,BR047,Business Loan,711000.00,14.24,60,Defaulted,2020-01-22
LOAN00963,CUST03443,BR017,Gold Loan,106000.00,9.19,24,Closed,2021-05-03
LOAN00964,CUST01022,BR028,Auto Loan,1707000.00,11.07,60,Closed,2023-06-26
LOAN00965,CUST00022,BR037,Education Loan,2092000.00,8.14,120,Active,2020-09-04
LOAN00966,CUST01213,BR012,Home Loan,2119000.00,8.57,300,Active,2023-10-19
LOAN00967,CUST00915,BR037,Gold Loan,651000.00,10.90,36,Closed,2020-11-15
LOAN00968,CUST03588,BR005,Personal Loan,1186000.00,14.39,36,Closed,2017-12-17
LOAN00969,CUST01404,BR005,Personal Loan,660000.00,14.65,24,Closed,2020-05-23
LOAN00970,CUST01689,BR017,Personal Loan,921000.00,13.62,48,Closed,2019-03-07
LOAN00971,CUST02783,BR046,Personal Loan,310000.00,14.74,48,Active,2020-10-04
LOAN00972,CUST03666,BR003,Gold Loan,504000.00,10.73,36,Closed,2020-05-04
LOAN00973,CUST03190,BR042,Home Loan,4786000.00,7.76,120,Active,2022-05-30
LOAN00974,CUST03280,BR016,Auto Loan,2019000.00,9.18,48,Closed,2018-10-17
LOAN00975,CUST00327,BR002,Home Loan,9245000.00,8.20,240,Active,2023-09-07
LOAN00976,CUST00092,BR047,Personal Loan,284000.00,12.01,24,Active,2023-09-21
LOAN00977,CUST03814,BR001,Home Loan,2869000.00,8.85,120,Active,2021-09-23
LOAN00978,CUST04476,BR050,Auto Loan,291000.00,9.82,84,Active,2023-01-18
LOAN00979,CUST03269,BR010,Auto Loan,1039000.00,9.29,84,Closed,2022-10-06
LOAN00980,CUST04071,BR007,Auto Loan,697000.00,9.70,48,Closed,2023-03-24
LOAN00981,CUST00730,BR043,Personal Loan,85000.00,11.71,24,Closed,2023-09-24
LOAN00982,CUST01159,BR008,Personal Loan,790000.00,13.50,12,Closed,2020-04-03
LOAN00983,CUST01105,BR027,Business Loan,3108000.00,12.07,84,Active,2021-11-01
LOAN00984,CUST00232,BR024,Home Loan,4297000.00,8.90,300,Active,2022-04-10
LOAN00985,CUST00017,BR043,Gold Loan,530000.00,10.67,24,Closed,2018-08-30
LOAN00986,CUST00088,BR034,Personal Loan,1161000.00,11.43,60,Active,2023-10-30
LOAN00987,CUST03801,BR036,Business Loan,7394000.00,12.66,60,Closed,2019-06-24
LOAN00988,CUST01289,BR008,Home Loan,5249000.00,8.52,120,Active,2023-10-04
LOAN00989,CUST02483,BR032,Auto Loan,1804000.00,8.74,48,Active,2023-11-22
LOAN00990,CUST04718,BR049,Education Loan,3208000.00,10.15,84,Active,2023-11-24
LOAN00991,CUST03140,BR009,Personal Loan,266000.00,16.42,12,Defaulted,2021-02-22
LOAN00992,CUST03940,BR046,Auto Loan,373000.00,9.86,48,Active,2023-09-23
LOAN00993,CUST01944,BR050,Personal Loan,565000.00,16.14,48,Closed,2023-09-26
LOAN00994,CUST04731,BR009,Gold Loan,655000.00,9.90,24,Closed,2019-09-28
LOAN00995,CUST03365,BR031,Home Loan,3229000.00,8.81,300,Active,2023-01-11
LOAN00996,CUST04277,BR031,Education Loan,1721000.00,8.41,84,Active,2022-01-07
LOAN00997,CUST02259,BR006,Auto Loan,463000.00,11.09,36,Closed,2016-08-02
LOAN00998,CUST04638,BR040,Personal Loan,1065000.00,14.55,60,Active,2022-05-14
LOAN00999,CUST02453,BR023,Auto Loan,1848000.00,10.30,48,Closed,2023-11-29
LOAN01000,CUST04076,BR006,Business Loan,7310000.00,10.92,60,Active,2020-02-05
LOAN01001,CUST03530,BR035,Auto Loan,410000.00,8.60,36,Defaulted,2020-12-16
LOAN01002,CUST03653,BR030,Home Loan,3060000.00,7.87,180,Active,2022-04-21
LOAN01003,CUST02587,BR019,Personal Loan,659000.00,12.64,12,Defaulted,2022-06-23
LOAN01004,CUST03340,BR014,Personal Loan,717000.00,11.89,24,Closed,2021-07-30
LOAN01005,CUST00048,BR026,Auto Loan,523000.00,9.15,48,Closed,2018-04-23
LOAN01006,CUST02038,BR021,Personal Loan,506000.00,14.73,60,Active,2022-01-12
LOAN01007,CUST04655,BR040,Home Loan,2624000.00,7.58,180,Active,2016-05-19
LOAN01008,CUST00621,BR042,Personal Loan,365000.00,15.55,48,Defaulted,2021-09-14
LOAN01009,CUST00037,BR042,Business Loan,5107000.00,10.57,36,Active,2021-07-08
LOAN01010,CUST02060,BR017,Business Loan,1717000.00,14.36,60,Active,2022-06-14
LOAN01011,CUST04808,BR003,Home Loan,6815000.00,9.42,120,Active,2022-12-18
LOAN01012,CUST02284,BR011,Home Loan,3173000.00,9.49,240,Active,2022-05-03
LOAN01013,CUST01963,BR009,Business Loan,3775000.00,13.05,36,Closed,2021-08-04
LOAN01014,CUST04743,BR017,Home Loan,7972000.00,9.15,120,Active,2019-02-04
LOAN01015,CUST01627,BR018,Gold Loan,613000.00,11.11,36,Active,2023-05-18
LOAN01016,CUST03164,BR027,Auto Loan,1656000.00,11.39,60,Active,2023-11-25
LOAN01017,CUST04197,BR021,Home Loan,2126000.00,7.69,240,Active,2022-08-18
LOAN01018,CUST02082,BR031,Home Loan,1624000.00,8.27,180,Active,2023-11-05
LOAN01019,CUST03524,BR006,Gold Loan,506000.00,11.96,12,Closed,2022-05-28
LOAN01020,CUST04288,BR021,Education Loan,3130000.00,10.91,60,Active,2023-07-09
LOAN01021,CUST01451,BR009,Auto Loan,1395000.00,10.58,84,Defaulted,2018-01-27
LOAN01022,CUST00162,BR025,Personal Loan,976000.00,14.41,48,Active,2021-09-26
LOAN01023,CUST04321,BR038,Home Loan,6432000.00,9.05,120,Active,2023-05-24
LOAN01024,CUST01936,BR028,Home Loan,4692000.00,8.53,180,Active,2018-11-09
LOAN01025,CUST01254,BR026,Education Loan,3408000.00,8.60,60,Active,2019-08-12
LOAN01026,CUST03977,BR045,Personal Loan,620000.00,11.68,24,Closed,2021-01-23
LOAN01027,CUST00874,BR033,Personal Loan,266000.00,16.41,48,Active,2023-02-28
LOAN01028,CUST00593,BR050,Personal Loan,390000.00,13.21,12,Active,2023-08-04
LOAN01029,CUST03757,BR036,Personal Loan,203000.00,13.80,36,Closed,2018-11-09
LOAN01030,CUST01442,BR035,Education Loan,2325000.00,8.17,120,Active,2023-11-27
LOAN01031,CUST03396,BR042,Auto Loan,873000.00,10.94,84,Active,2023-10-26
LOAN01032,CUST01431,BR013,Business Loan,7462000.00,13.03,36,Closed,2023-02-20
LOAN01033,CUST01659,BR038,Auto Loan,1312000.00,9.35,84,Active,2021-06-21
LOAN01034,CUST00543,BR036,Personal Loan,871000.00,14.92,36,Active,2021-10-31
LOAN01035,CUST03898,BR022,Auto Loan,1633000.00,10.44,60,Active,2019-08-14
LOAN01036,CUST02660,BR034,Home Loan,4567000.00,8.78,120,Active,2021-12-25
LOAN01037,CUST04458,BR002,Home Loan,2096000.00,8.65,120,Active,2022-10-03
LOAN01038,CUST01266,BR038,Personal Loan,734000.00,15.16,48,Closed,2018-04-07
LOAN01039,CUST04962,BR038,Home Loan,4674000.00,8.47,240,Active,2022-12-10
LOAN01040,CUST00682,BR025,Personal Loan,625000.00,14.07,60,Active,2021-09-09
LOAN01041,CUST04502,BR018,Home Loan,3859000.00,7.73,180,Active,2018-06-14
LOAN01042,CUST02870,BR032,Personal Loan,294000.00,13.44,24,Active,2023-09-13
LOAN01043,CUST03941,BR024,Business Loan,6352000.00,10.15,120,Active,2021-09-08
LOAN01044,CUST00195,BR039,Education Loan,3241000.00,9.21,60,Active,2022-08-17
LOAN01045,CUST03439,BR040,Personal Loan,193000.00,11.41,12,Closed,2021-08-02
LOAN01046,CUST04119,BR047,Home Loan,8134000.00,8.71,300,Active,2021-07-09
LOAN01047,CUST02514,BR007,Home Loan,2818000.00,8.52,180,Active,2023-03-13
LOAN01048,CUST01539,BR036,Personal Loan,348000.00,13.59,12,Defaulted,2023-09-07
LOAN01049,CUST01498,BR002,Personal Loan,561000.00,13.60,36,Closed,2019-11-03
LOAN01050,CUST00244,BR036,Education Loan,264000.00,9.31,84,Active,2019-01-25
LOAN01051,CUST01340,BR008,Personal Loan,486000.00,12.46,60,Active,2023-09-18
LOAN01052,CUST01369,BR012,Home Loan,9220000.00,8.25,180,In Arrears,2021-11-01
LOAN01053,CUST00544,BR007,Education Loan,918000.00,8.95,60,Defaulted,2021-01-21
LOAN01054,CUST02767,BR040,Gold Loan,180000.00,11.04,36,Active,2022-07-25
LOAN01055,CUST01360,BR009,Home Loan,2018000.00,7.73,180,Active,2019-08-31
LOAN01056,CUST01223,BR028,Home Loan,3863000.00,8.02,240,Active,2018-07-12
LOAN01057,CUST04494,BR027,Business Loan,4462000.00,11.47,36,Active,2022-08-04
LOAN01058,CUST04947,BR009,Personal Loan,498000.00,13.92,48,Active,2023-08-07
LOAN01059,CUST03689,BR004,Home Loan,3257000.00,7.85,240,Active,2023-10-10
LOAN01060,CUST01272,BR022,Business Loan,1095000.00,12.54,120,Active,2019-02-20
LOAN01061,CUST00885,BR014,Personal Loan,483000.00,13.43,12,Active,2023-11-11
LOAN01062,CUST04085,BR018,Business Loan,3457000.00,12.33,60,Closed,2020-07-26
LOAN01063,CUST00773,BR021,Auto Loan,288000.00,10.36,36,Active,2023-02-10
LOAN01064,CUST02060,BR017,Home Loan,5576000.00,9.48,180,Active,2023-10-04
LOAN01065,CUST04808,BR003,Education Loan,2238000.00,8.93,84,Defaulted,2023-03-11
LOAN01066,CUST01778,BR011,Home Loan,8905000.00,7.60,180,Active,2022-12-04
LOAN01067,CUST03830,BR044,Personal Loan,1081000.00,13.41,48,Closed,2019-05-19
LOAN01068,CUST00403,BR019,Auto Loan,604000.00,8.57,84,Active,2023-11-27
LOAN01069,CUST04517,BR031,Personal Loan,913000.00,13.50,24,Closed,2021-02-27
LOAN01070,CUST02278,BR042,Personal Loan,822000.00,12.74,12,Closed,2022-07-04
LOAN01071,CUST04606,BR029,Home Loan,4682000.00,7.93,120,Closed,2022-11-14
LOAN01072,CUST01371,BR017,Auto Loan,1368000.00,8.68,60,Active,2023-12-16
LOAN01073,CUST01598,BR011,Gold Loan,54000.00,9.99,12,Closed,2022-06-04
LOAN01074,CUST03343,BR045,Personal Loan,1177000.00,15.67,36,Closed,2020-12-11
LOAN01075,CUST03200,BR030,Auto Loan,2141000.00,8.88,48,Active,2022-08-01
LOAN01076,CUST00173,BR002,Auto Loan,884000.00,10.14,36,Closed,2018-06-10
LOAN01077,CUST01014,BR016,Personal Loan,535000.00,13.56,36,Defaulted,2023-08-07
LOAN01078,CUST03480,BR014,Home Loan,4456000.00,8.79,180,Active,2021-06-07
LOAN01079,CUST01547,BR035,Business Loan,6728000.00,12.92,120,Active,2022-02-12
LOAN01080,CUST00483,BR048,Home Loan,9381000.00,9.10,300,Active,2020-06-26
LOAN01081,CUST04005,BR025,Business Loan,976000.00,11.08,36,Closed,2020-10-15
LOAN01082,CUST04392,BR022,Gold Loan,317000.00,11.05,24,Active,2023-04-29
LOAN01083,CUST00915,BR037,Home Loan,8598000.00,7.65,120,Active,2023-05-21
LOAN01084,CUST00712,BR036,Personal Loan,63000.00,12.17,36,Defaulted,2022-09-18
LOAN01085,CUST02559,BR003,Education Loan,2728000.00,8.38,120,Active,2023-10-08
LOAN01086,CUST03338,BR046,Personal Loan,131000.00,12.86,12,Active,2023-08-05
LOAN01087,CUST01180,BR049,Auto Loan,1632000.00,10.37,48,Active,2022-02-24
LOAN01088,CUST04528,BR036,Auto Loan,1547000.00,10.21,84,Active,2018-11-12
LOAN01089,CUST04101,BR012,Auto Loan,943000.00,10.22,48,Active,2023-12-01
LOAN01090,CUST04154,BR041,Personal Loan,660000.00,13.40,12,Closed,2021-10-10
LOAN01091,CUST00316,BR045,Personal Loan,581000.00,11.20,24,Closed,2020-04-03
LOAN01092,CUST00024,BR007,Business Loan,618000.00,11.50,84,Defaulted,2020-04-15
LOAN01093,CUST00701,BR042,Home Loan,3233000.00,8.04,240,Defaulted,2021-01-14
LOAN01094,CUST03833,BR012,Education Loan,2862000.00,10.68,60,Active,2023-11-11
LOAN01095,CUST00229,BR005,Auto Loan,1543000.00,10.04,48,Closed,2019-05-25
LOAN01096,CUST02104,BR046,Personal Loan,498000.00,13.48,60,Defaulted,2023-10-27
LOAN01097,CUST03996,BR038,Personal Loan,231000.00,13.46,12,Closed,2022-10-07
LOAN01098,CUST02022,BR041,Personal Loan,787000.00,14.25,12,Defaulted,2018-10-13
LOAN01099,CUST04041,BR045,Home Loan,8120000.00,9.07,180,Active,2022-02-07
LOAN01100,CUST03428,BR028,Business Loan,1962000.00,12.43,36,Closed,2023-06-11
LOAN01101,CUST00612,BR010,Personal Loan,113000.00,14.58,12,Active,2023-08-30
LOAN01102,CUST02629,BR021,Personal Loan,799000.00,15.67,36,Closed,2018-08-01
LOAN01103,CUST03235,BR027,Business Loan,4456000.00,13.64,84,Active,2021-03-23
LOAN01104,CUST04877,BR028,Home Loan,7271000.00,8.00,240,Active,2023-03-04
LOAN01105,CUST02713,BR042,Personal Loan,366000.00,13.25,48,Closed,2017-05-14
LOAN01106,CUST03222,BR012,Auto Loan,848000.00,10.51,84,Active,2019-10-19
LOAN01107,CUST00939,BR031,Personal Loan,668000.00,12.32,12,Closed,2022-01-28
LOAN01108,CUST01918,BR045,Auto Loan,801000.00,10.24,36,In Arrears,2022-04-03
LOAN01109,CUST01226,BR049,Auto Loan,1854000.00,10.01,84,Active,2023-11-25
LOAN01110,CUST04241,BR010,Education Loan,298000.00,8.62,120,Active,2023-08-07
LOAN01111,CUST01058,BR031,Business Loan,6871000.00,10.45,84,Active,2023-02-20
LOAN01112,CUST03271,BR036,Auto Loan,760000.00,10.99,36,Closed,2021-02-09
LOAN01113,CUST01362,BR041,Home Loan,8725000.00,9.01,180,Active,2023-11-14
LOAN01114,CUST01602,BR033,Personal Loan,699000.00,11.83,48,Closed,2016-06-01
LOAN01115,CUST03299,BR023,Personal Loan,1085000.00,16.37,36,Closed,2018-10-08
LOAN01116,CUST03328,BR045,Home Loan,2629000.00,8.00,300,Active,2020-06-19
LOAN01117,CUST01980,BR049,Auto Loan,1052000.00,9.54,48,Active,2023-09-23
LOAN01118,CUST01987,BR005,Home Loan,7363000.00,7.91,120,Active,2022-09-23
LOAN01119,CUST04360,BR005,Home Loan,5994000.00,7.72,300,Active,2022-04-02
LOAN01120,CUST02145,BR043,Personal Loan,841000.00,16.19,12,Closed,2022-03-16
LOAN01121,CUST04135,BR020,Home Loan,4553000.00,8.90,240,Active,2022-11-08
LOAN01122,CUST01926,BR004,Home Loan,5274000.00,8.72,180,Active,2018-10-12
LOAN01123,CUST01113,BR024,Home Loan,4783000.00,9.47,120,Active,2023-11-18
LOAN01124,CUST00583,BR041,Gold Loan,693000.00,11.55,12,Active,2023-12-01
LOAN01125,CUST01162,BR009,Personal Loan,1101000.00,13.97,36,Active,2023-02-22
LOAN01126,CUST02472,BR013,Auto Loan,2111000.00,11.47,84,Defaulted,2022-02-08
LOAN01127,CUST00657,BR039,Auto Loan,725000.00,9.73,60,Active,2023-04-06
LOAN01128,CUST03234,BR037,Home Loan,7268000.00,8.57,240,Active,2019-06-06
LOAN01129,CUST02785,BR013,Business Loan,7490000.00,13.10,84,Active,2022-08-23
LOAN01130,CUST00346,BR028,Home Loan,1620000.00,7.85,300,Active,2022-02-17
LOAN01131,CUST04968,BR018,Personal Loan,1059000.00,12.28,48,Active,2021-09-13
LOAN01132,CUST02827,BR010,Home Loan,6081000.00,7.92,120,Active,2023-09-29
LOAN01133,CUST04675,BR041,Personal Loan,926000.00,14.50,36,Closed,2020-09-08
LOAN01134,CUST02966,BR005,Education Loan,908000.00,10.17,84,Active,2023-09-15
LOAN01135,CUST04534,BR020,Auto Loan,644000.00,11.47,36,Active,2022-09-15
LOAN01136,CUST03715,BR044,Education Loan,3267000.00,10.64,120,Active,2023-07-27
LOAN01137,CUST03896,BR011,Personal Loan,1106000.00,12.02,36,Active,2021-10-27
LOAN01138,CUST00481,BR025,Auto Loan,1087000.00,11.42,48,Active,2023-03-04
LOAN01139,CUST04771,BR014,Home Loan,4467000.00,8.74,180,Active,2021-06-19
LOAN01140,CUST00905,BR013,Home Loan,4162000.00,8.85,120,Active,2023-12-29
LOAN01141,CUST00956,BR005,Personal Loan,203000.00,13.46,24,Closed,2018-11-26
LOAN01142,CUST04793,BR010,Education Loan,2953000.00,9.11,84,Closed,2021-02-19
LOAN01143,CUST00919,BR032,Education Loan,1270000.00,8.04,120,Active,2023-09-18
LOAN01144,CUST04021,BR007,Home Loan,9116000.00,7.60,240,Defaulted,2023-05-09
LOAN01145,CUST00845,BR030,Business Loan,4751000.00,14.16,120,Active,2023-06-08
LOAN01146,CUST02454,BR014,Home Loan,7858000.00,7.83,120,In Arrears,2022-01-04
LOAN01147,CUST00560,BR044,Home Loan,2526000.00,7.59,180,Active,2018-07-14
LOAN01148,CUST04854,BR006,Gold Loan,61000.00,10.57,24,Closed,2020-09-02
LOAN01149,CUST01921,BR006,Home Loan,8248000.00,8.97,120,Closed,2023-03-25
LOAN01150,CUST00699,BR013,Home Loan,6140000.00,8.22,180,Active,2023-10-09
LOAN01151,CUST04070,BR017,Home Loan,4261000.00,7.88,300,Active,2022-08-08
LOAN01152,CUST04208,BR001,Business Loan,5494000.00,12.34,36,Defaulted,2020-06-22
LOAN01153,CUST00879,BR021,Home Loan,5254000.00,8.64,120,Active,2021-08-28
LOAN01154,CUST04854,BR006,Auto Loan,1791000.00,9.77,84,In Arrears,2020-11-02
LOAN01155,CUST00636,BR005,Home Loan,3541000.00,8.72,240,Active,2016-06-01
LOAN01156,CUST04631,BR021,Personal Loan,63000.00,15.40,60,Active,2023-09-10
LOAN01157,CUST04658,BR040,Education Loan,1450000.00,8.10,120,Active,2017-02-20
LOAN01158,CUST04973,BR032,Home Loan,2144000.00,7.80,240,Active,2017-03-08
LOAN01159,CUST02609,BR021,Personal Loan,781000.00,14.84,12,Active,2023-07-20
LOAN01160,CUST04431,BR039,Education Loan,2719000.00,8.49,120,Active,2022-11-26
LOAN01161,CUST03874,BR022,Home Loan,3222000.00,8.60,300,Defaulted,2023-12-23
LOAN01162,CUST00516,BR011,Business Loan,6606000.00,10.55,84,Active,2019-09-13
LOAN01163,CUST04237,BR044,Business Loan,4125000.00,10.42,36,Closed,2020-07-14
LOAN01164,CUST03054,BR049,Personal Loan,1144000.00,15.59,48,Closed,2020-02-23
LOAN01165,CUST04839,BR009,Personal Loan,117000.00,11.18,60,Active,2023-03-27
LOAN01166,CUST04931,BR008,Home Loan,4607000.00,7.63,240,Defaulted,2021-08-18
LOAN01167,CUST01074,BR026,Education Loan,967000.00,10.46,120,Active,2017-10-01
LOAN01168,CUST02048,BR007,Personal Loan,852000.00,11.48,36,Closed,2020-01-30
LOAN01169,CUST01589,BR035,Home Loan,6212000.00,8.43,300,Active,2022-05-31
LOAN01170,CUST00582,BR043,Home Loan,3418000.00,7.56,180,Active,2021-02-06
LOAN01171,CUST03919,BR010,Auto Loan,319000.00,9.29,36,Active,2023-02-27
LOAN01172,CUST01426,BR012,Auto Loan,1612000.00,10.02,84,Defaulted,2023-01-10
LOAN01173,CUST01580,BR012,Business Loan,1069000.00,11.50,84,Active,2020-12-22
LOAN01174,CUST01716,BR032,Home Loan,1904000.00,8.18,180,In Arrears,2022-08-04
LOAN01175,CUST01952,BR049,Home Loan,3919000.00,8.05,120,Closed,2021-06-17
LOAN01176,CUST01018,BR025,Home Loan,3436000.00,9.38,240,In Arrears,2022-08-23
LOAN01177,CUST02621,BR036,Home Loan,3408000.00,7.67,300,Active,2019-01-22
LOAN01178,CUST04912,BR002,Home Loan,6273000.00,9.22,180,Active,2023-01-22
LOAN01179,CUST02759,BR027,Business Loan,3088000.00,13.30,120,Active,2018-09-18
LOAN01180,CUST03172,BR023,Auto Loan,1646000.00,8.77,84,In Arrears,2023-12-05
LOAN01181,CUST00981,BR014,Home Loan,7918000.00,9.39,240,Active,2023-05-01
LOAN01182,CUST04788,BR018,Personal Loan,513000.00,15.67,48,Defaulted,2018-01-23
LOAN01183,CUST03229,BR033,Auto Loan,867000.00,10.19,48,Active,2023-09-30
LOAN01184,CUST02626,BR007,Home Loan,5976000.00,7.74,240,In Arrears,2020-12-25
LOAN01185,CUST01865,BR048,Business Loan,6249000.00,13.47,60,Active,2023-11-26
LOAN01186,CUST00565,BR025,Auto Loan,468000.00,9.66,84,Active,2023-06-23
LOAN01187,CUST00309,BR023,Gold Loan,311000.00,12.01,12,Closed,2023-11-11
LOAN01188,CUST03334,BR016,Education Loan,1324000.00,10.37,60,Active,2021-05-31
LOAN01189,CUST00199,BR043,Business Loan,2007000.00,13.31,120,Active,2023-09-05
LOAN01190,CUST02068,BR008,Personal Loan,651000.00,14.18,60,Active,2022-06-21
LOAN01191,CUST01102,BR034,Personal Loan,273000.00,13.10,12,Closed,2020-09-12
LOAN01192,CUST03881,BR033,Home Loan,9458000.00,9.32,180,In Arrears,2023-01-18
LOAN01193,CUST04933,BR006,Personal Loan,994000.00,15.50,60,Active,2022-09-29
LOAN01194,CUST04595,BR024,Home Loan,3457000.00,8.97,120,Active,2021-05-13
LOAN01195,CUST01862,BR007,Personal Loan,290000.00,15.91,36,Active,2023-12-29
LOAN01196,CUST03782,BR011,Business Loan,3551000.00,10.51,84,Closed,2023-10-09
LOAN01197,CUST01397,BR044,Personal Loan,1039000.00,12.19,36,Active,2022-01-23
LOAN01198,CUST03054,BR049,Home Loan,3283000.00,8.73,300,Active,2020-12-09
LOAN01199,CUST03060,BR039,Gold Loan,375000.00,12.41,24,Active,2023-11-30
LOAN01200,CUST03131,BR050,Home Loan,7638000.00,9.38,300,Active,2016-03-20
LOAN01201,CUST02754,BR044,Auto Loan,1174000.00,9.18,60,Active,2023-05-05
LOAN01202,CUST00426,BR004,Auto Loan,263000.00,10.24,60,Closed,2018-05-11
LOAN01203,CUST01603,BR025,Home Loan,2649000.00,8.99,240,Active,2022-05-31
LOAN01204,CUST01469,BR007,Home Loan,2404000.00,9.41,180,Active,2018-05-05
LOAN01205,CUST04157,BR017,Home Loan,6104000.00,7.93,180,Active,2022-02-06
LOAN01206,CUST03243,BR043,Home Loan,4837000.00,8.30,240,Active,2022-04-03
LOAN01207,CUST03380,BR014,Auto Loan,1442000.00,8.92,60,Defaulted,2020-04-23
LOAN01208,CUST04893,BR036,Auto Loan,1232000.00,10.10,60,Active,2022-04-30
LOAN01209,CUST01350,BR042,Education Loan,3082000.00,10.97,84,Active,2017-10-04
LOAN01210,CUST02499,BR006,Home Loan,8867000.00,7.62,240,Active,2021-05-10
LOAN01211,CUST04349,BR006,Personal Loan,172000.00,16.25,48,Active,2023-03-31
LOAN01212,CUST04203,BR003,Personal Loan,867000.00,13.16,60,Active,2023-08-03
LOAN01213,CUST01554,BR002,Personal Loan,292000.00,13.12,12,Active,2023-09-24
LOAN01214,CUST03559,BR006,Personal Loan,279000.00,11.46,12,Closed,2022-12-21
LOAN01215,CUST01191,BR019,Education Loan,2923000.00,10.59,84,Active,2020-11-12
LOAN01216,CUST00071,BR028,Personal Loan,599000.00,12.59,24,Closed,2020-07-26
LOAN01217,CUST04217,BR031,Home Loan,8969000.00,9.43,240,Active,2019-11-21
LOAN01218,CUST02069,BR024,Personal Loan,986000.00,14.84,24,Closed,2017-04-03
LOAN01219,CUST03134,BR043,Home Loan,2374000.00,7.96,180,Active,2023-01-31
LOAN01220,CUST04251,BR045,Personal Loan,1021000.00,13.50,60,Closed,2020-01-20
LOAN01221,CUST04007,BR033,Business Loan,3924000.00,11.83,60,Active,2023-10-12
LOAN01222,CUST01524,BR040,Personal Loan,1196000.00,14.56,24,Active,2023-04-16
LOAN01223,CUST03353,BR006,Home Loan,3778000.00,8.91,240,Defaulted,2023-10-23
LOAN01224,CUST01331,BR038,Home Loan,4228000.00,8.13,240,Active,2018-07-27
LOAN01225,CUST00217,BR035,Home Loan,7562000.00,7.77,120,Active,2021-01-19
LOAN01226,CUST00151,BR014,Personal Loan,628000.00,11.34,60,Active,2023-11-12
LOAN01227,CUST04000,BR049,Personal Loan,792000.00,13.65,60,Active,2020-06-23
LOAN01228,CUST02018,BR013,Personal Loan,111000.00,13.68,60,Active,2023-10-03
LOAN01229,CUST02127,BR027,Business Loan,5215000.00,10.13,36,Active,2023-02-12
LOAN01230,CUST01168,BR029,Personal Loan,371000.00,13.17,48,Active,2023-01-15
LOAN01231,CUST03281,BR044,Gold Loan,704000.00,9.91,24,Closed,2019-03-19
LOAN01232,CUST04796,BR045,Home Loan,5950000.00,7.61,120,Active,2023-11-17
LOAN01233,CUST01193,BR045,Home Loan,4823000.00,9.16,120,Active,2023-10-08
LOAN01234,CUST03217,BR035,Education Loan,2270000.00,9.30,120,In Arrears,2023-07-06
LOAN01235,CUST04485,BR005,Personal Loan,305000.00,11.69,24,Defaulted,2022-09-20
LOAN01236,CUST01470,BR015,Personal Loan,889000.00,13.26,36,Active,2023-08-24
LOAN01237,CUST02363,BR035,Personal Loan,297000.00,16.36,12,Closed,2018-03-13
LOAN01238,CUST03247,BR010,Education Loan,2407000.00,10.77,84,Closed,2021-06-07
LOAN01239,CUST00340,BR006,Auto Loan,1676000.00,9.69,84,Active,2022-12-26
LOAN01240,CUST04042,BR005,Auto Loan,2064000.00,9.94,36,Active,2022-12-18
LOAN01241,CUST02162,BR016,Education Loan,876000.00,9.12,84,Active,2022-05-06
LOAN01242,CUST01524,BR040,Home Loan,5187000.00,9.26,300,Active,2023-07-25
LOAN01243,CUST02617,BR043,Business Loan,7001000.00,13.09,36,Defaulted,2023-01-28
LOAN01244,CUST04138,BR047,Education Loan,675000.00,8.10,60,In Arrears,2022-04-26
LOAN01245,CUST04607,BR019,Personal Loan,785000.00,11.30,24,Closed,2020-12-26
LOAN01246,CUST02203,BR009,Home Loan,2571000.00,7.61,300,Active,2023-11-12
LOAN01247,CUST01279,BR003,Auto Loan,1987000.00,10.05,84,Active,2021-12-16
LOAN01248,CUST00465,BR011,Personal Loan,704000.00,11.06,24,Closed,2017-06-08
LOAN01249,CUST03091,BR047,Gold Loan,729000.00,11.26,24,Closed,2021-12-31
LOAN01250,CUST00688,BR011,Home Loan,2671000.00,8.27,180,Defaulted,2022-03-30
LOAN01251,CUST03647,BR044,Gold Loan,265000.00,11.41,12,Closed,2023-10-14
LOAN01252,CUST00520,BR045,Personal Loan,322000.00,13.24,12,Closed,2023-08-28
LOAN01253,CUST03160,BR032,Personal Loan,659000.00,15.19,36,Closed,2020-10-16
LOAN01254,CUST00684,BR047,Auto Loan,1226000.00,9.23,60,Active,2023-01-22
LOAN01255,CUST00669,BR041,Personal Loan,317000.00,11.98,60,Active,2020-01-21
LOAN01256,CUST01965,BR016,Auto Loan,733000.00,11.26,60,Active,2022-10-04
LOAN01257,CUST01805,BR042,Education Loan,1480000.00,8.08,60,Active,2023-01-18
LOAN01258,CUST02733,BR010,Business Loan,2170000.00,10.58,120,Active,2019-12-27
LOAN01259,CUST04097,BR005,Personal Loan,198000.00,13.54,24,Active,2023-12-30
LOAN01260,CUST02127,BR027,Education Loan,2102000.00,10.95,60,Active,2020-10-10
LOAN01261,CUST01859,BR008,Personal Loan,884000.00,15.87,48,Active,2023-08-30
LOAN01262,CUST04866,BR001,Home Loan,2531000.00,8.51,300,Defaulted,2022-11-11
LOAN01263,CUST01137,BR031,Business Loan,2961000.00,13.73,60,Active,2020-09-22
LOAN01264,CUST03178,BR002,Education Loan,1930000.00,9.10,60,Active,2023-07-24
LOAN01265,CUST03369,BR037,Auto Loan,657000.00,11.48,36,Closed,2019-03-04
LOAN01266,CUST02401,BR027,Home Loan,4230000.00,8.14,300,Active,2021-04-15
LOAN01267,CUST02238,BR035,Auto Loan,2106000.00,11.46,36,Active,2023-05-01
LOAN01268,CUST01441,BR030,Personal Loan,199000.00,13.37,60,Closed,2019-02-02
LOAN01269,CUST01861,BR048,Personal Loan,1154000.00,12.36,48,Defaulted,2020-05-18
LOAN01270,CUST03116,BR023,Home Loan,6090000.00,7.73,120,Active,2023-10-25
LOAN01271,CUST00577,BR010,Personal Loan,54000.00,12.97,48,Active,2020-07-06
LOAN01272,CUST03197,BR004,Home Loan,7286000.00,8.36,120,Active,2023-11-17
LOAN01273,CUST00930,BR028,Home Loan,5925000.00,9.00,240,Active,2023-09-12
LOAN01274,CUST00064,BR047,Personal Loan,1161000.00,15.35,60,Active,2023-09-14
LOAN01275,CUST03078,BR029,Auto Loan,880000.00,9.07,36,Closed,2021-03-04
LOAN01276,CUST03547,BR034,Auto Loan,700000.00,10.96,48,Active,2020-08-09
LOAN01277,CUST03190,BR042,Home Loan,2724000.00,8.31,120,Active,2023-03-03
LOAN01278,CUST00957,BR047,Education Loan,2035000.00,9.65,120,Active,2023-03-10
LOAN01279,CUST02448,BR040,Gold Loan,720000.00,9.58,24,Closed,2015-09-03
LOAN01280,CUST00890,BR016,Gold Loan,161000.00,9.13,12,Closed,2022-04-04
LOAN01281,CUST02945,BR027,Auto Loan,765000.00,10.06,60,Active,2019-11-23
LOAN01282,CUST03502,BR003,Education Loan,2074000.00,9.89,60,Active,2019-12-31
LOAN01283,CUST04200,BR048,Home Loan,7003000.00,8.10,240,Active,2021-12-13
LOAN01284,CUST00076,BR049,Personal Loan,684000.00,12.78,48,Active,2021-05-28
LOAN01285,CUST03916,BR010,Gold Loan,770000.00,11.96,12,Closed,2023-06-05
LOAN01286,CUST04431,BR039,Home Loan,7622000.00,8.28,180,Active,2023-07-28
LOAN01287,CUST00722,BR009,Education Loan,3222000.00,9.90,120,Active,2021-08-31
LOAN01288,CUST04514,BR045,Home Loan,4692000.00,8.18,300,Active,2020-08-14
LOAN01289,CUST03201,BR026,Home Loan,6460000.00,9.01,300,Active,2019-09-27
LOAN01290,CUST01157,BR009,Business Loan,6165000.00,10.70,120,Active,2017-05-14
LOAN01291,CUST04044,BR029,Business Loan,5436000.00,11.81,60,Active,2022-05-11
LOAN01292,CUST02916,BR039,Education Loan,859000.00,9.89,120,Closed,2019-04-24
LOAN01293,CUST04578,BR026,Business Loan,2584000.00,10.88,36,Active,2022-05-20
LOAN01294,CUST00993,BR029,Home Loan,4600000.00,7.96,120,Active,2022-10-15
LOAN01295,CUST01719,BR048,Education Loan,972000.00,8.43,120,Active,2017-12-26
LOAN01296,CUST03841,BR040,Personal Loan,537000.00,14.40,36,Closed,2021-12-05
LOAN01297,CUST01466,BR042,Personal Loan,915000.00,16.01,48,Active,2023-10-09
LOAN01298,CUST00340,BR006,Gold Loan,716000.00,10.80,24,Active,2023-01-05
LOAN01299,CUST02815,BR032,Gold Loan,764000.00,11.47,36,Closed,2021-06-13
LOAN01300,CUST04593,BR018,Home Loan,4596000.00,8.12,120,Active,2022-02-03
LOAN01301,CUST04017,BR043,Auto Loan,2123000.00,9.29,84,Closed,2016-11-16
LOAN01302,CUST01364,BR031,Education Loan,233000.00,9.29,120,Active,2023-03-07
LOAN01303,CUST02814,BR021,Home Loan,8701000.00,9.34,300,Active,2023-11-29
LOAN01304,CUST00152,BR042,Business Loan,6289000.00,13.14,36,Defaulted,2023-01-28
LOAN01305,CUST00005,BR011,Auto Loan,1075000.00,10.09,60,Active,2023-10-16
LOAN01306,CUST03471,BR012,Auto Loan,1584000.00,8.52,84,Closed,2019-12-08
LOAN01307,CUST00801,BR043,Personal Loan,512000.00,11.96,48,Closed,2020-03-26
LOAN01308,CUST02088,BR013,Auto Loan,2200000.00,8.70,48,Active,2023-08-06
LOAN01309,CUST02277,BR008,Gold Loan,254000.00,11.34,12,Closed,2022-04-01
LOAN01310,CUST02897,BR050,Auto Loan,1040000.00,8.72,36,Active,2022-11-08
LOAN01311,CUST04055,BR010,Business Loan,5224000.00,14.21,36,Closed,2020-02-22
LOAN01312,CUST02608,BR008,Auto Loan,321000.00,8.79,60,Closed,2016-01-10
LOAN01313,CUST03688,BR035,Personal Loan,128000.00,11.41,36,Active,2022-06-19
LOAN01314,CUST02104,BR046,Auto Loan,1395000.00,10.18,84,Active,2023-07-12
LOAN01315,CUST03342,BR007,Home Loan,7375000.00,7.99,240,Active,2023-08-07
LOAN01316,CUST00917,BR006,Home Loan,7178000.00,7.90,180,Active,2022-06-23
LOAN01317,CUST00148,BR003,Personal Loan,805000.00,15.08,36,Closed,2019-05-24
LOAN01318,CUST01538,BR002,Home Loan,8782000.00,7.91,180,Defaulted,2017-02-17
LOAN01319,CUST02899,BR044,Home Loan,1622000.00,9.09,120,Active,2023-10-25
LOAN01320,CUST01770,BR047,Home Loan,4260000.00,9.29,300,Active,2018-05-31
LOAN01321,CUST00761,BR011,Home Loan,2108000.00,8.78,300,Active,2023-09-15
LOAN01322,CUST04403,BR016,Personal Loan,280000.00,11.13,24,Closed,2017-12-30
LOAN01323,CUST02789,BR037,Education Loan,1081000.00,8.25,60,In Arrears,2023-11-26
LOAN01324,CUST01737,BR014,Home Loan,8479000.00,7.77,120,Active,2023-03-11
LOAN01325,CUST00491,BR048,Auto Loan,1904000.00,8.99,36,Defaulted,2018-06-14
LOAN01326,CUST03045,BR050,Auto Loan,792000.00,8.52,48,Active,2021-05-18
LOAN01327,CUST03551,BR033,Home Loan,5925000.00,7.57,120,Active,2023-05-17
LOAN01328,CUST02194,BR005,Personal Loan,720000.00,14.98,60,Active,2023-04-24
LOAN01329,CUST01567,BR025,Home Loan,7976000.00,8.08,240,Defaulted,2017-08-23
LOAN01330,CUST03234,BR037,Personal Loan,1130000.00,12.75,24,Defaulted,2020-07-30
LOAN01331,CUST04859,BR026,Business Loan,4684000.00,12.14,84,Active,2023-10-27
LOAN01332,CUST00663,BR017,Auto Loan,1599000.00,11.17,84,Active,2020-12-14
LOAN01333,CUST03054,BR049,Business Loan,953000.00,13.81,120,Defaulted,2022-10-26
LOAN01334,CUST04604,BR015,Personal Loan,1080000.00,14.35,24,Defaulted,2020-08-20
LOAN01335,CUST03217,BR035,Auto Loan,1061000.00,11.40,36,Active,2023-01-08
LOAN01336,CUST02342,BR018,Personal Loan,595000.00,14.56,12,Closed,2019-12-27
LOAN01337,CUST03140,BR009,Personal Loan,359000.00,14.61,60,Closed,2018-08-09
LOAN01338,CUST01410,BR030,Education Loan,305000.00,9.17,84,Active,2023-02-14
LOAN01339,CUST02536,BR002,Auto Loan,927000.00,9.16,60,Active,2023-11-16
LOAN01340,CUST04451,BR043,Education Loan,647000.00,8.02,60,Closed,2021-10-21
LOAN01341,CUST02956,BR028,Home Loan,7754000.00,7.91,300,Active,2021-05-07
LOAN01342,CUST04828,BR044,Gold Loan,333000.00,10.46,24,Active,2022-10-20
LOAN01343,CUST03403,BR050,Personal Loan,1006000.00,13.19,24,Active,2023-03-01
LOAN01344,CUST02888,BR036,Personal Loan,1101000.00,15.04,48,Active,2023-08-07
LOAN01345,CUST02057,BR031,Auto Loan,1435000.00,9.91,84,Active,2023-06-23
LOAN01346,CUST03159,BR015,Business Loan,1637000.00,11.21,84,Active,2023-05-08
LOAN01347,CUST00078,BR039,Auto Loan,2196000.00,8.68,84,Active,2023-03-05
LOAN01348,CUST01559,BR004,Education Loan,3226000.00,10.34,60,Active,2023-04-11
LOAN01349,CUST03244,BR008,Home Loan,5319000.00,7.96,120,Active,2023-02-14
LOAN01350,CUST01106,BR011,Gold Loan,691000.00,9.56,24,Active,2023-03-10
LOAN01351,CUST00590,BR022,Personal Loan,215000.00,15.98,60,Active,2022-10-19
LOAN01352,CUST01511,BR009,Home Loan,6842000.00,9.27,120,Closed,2021-11-28
LOAN01353,CUST00015,BR021,Business Loan,1622000.00,13.78,60,Closed,2019-04-21
LOAN01354,CUST00376,BR015,Auto Loan,723000.00,9.20,60,Active,2023-10-11
LOAN01355,CUST03162,BR001,Gold Loan,134000.00,10.54,12,Closed,2019-12-24
LOAN01356,CUST02365,BR029,Business Loan,4382000.00,10.89,60,Active,2020-09-17
LOAN01357,CUST02436,BR029,Auto Loan,1883000.00,9.24,84,Active,2023-02-02
LOAN01358,CUST01442,BR035,Auto Loan,1809000.00,9.21,84,Active,2023-10-16
LOAN01359,CUST02818,BR045,Personal Loan,293000.00,14.10,24,Closed,2017-04-13
LOAN01360,CUST01449,BR008,Home Loan,2191000.00,7.53,240,Closed,2023-06-09
LOAN01361,CUST02949,BR032,Home Loan,4868000.00,9.23,180,Active,2022-09-24
LOAN01362,CUST02311,BR017,Gold Loan,454000.00,11.73,36,Active,2022-06-17
LOAN01363,CUST04915,BR007,Gold Loan,482000.00,11.97,36,Closed,2020-02-21
LOAN01364,CUST04360,BR005,Auto Loan,506000.00,11.50,36,Active,2022-06-14
LOAN01365,CUST00799,BR030,Auto Loan,539000.00,8.52,84,Active,2023-10-01
LOAN01366,CUST00848,BR032,Auto Loan,1824000.00,9.91,84,Active,2022-08-12
LOAN01367,CUST02098,BR019,Gold Loan,654000.00,11.65,36,Closed,2018-02-26
LOAN01368,CUST04172,BR015,Auto Loan,1913000.00,9.99,48,Active,2023-07-24
LOAN01369,CUST04084,BR005,Personal Loan,820000.00,13.11,24,Closed,2022-05-10
LOAN01370,CUST02080,BR005,Auto Loan,1008000.00,9.60,84,Active,2023-09-28
LOAN01371,CUST04305,BR032,Auto Loan,520000.00,9.07,84,Active,2022-01-11
LOAN01372,CUST04700,BR023,Business Loan,5569000.00,11.66,84,Active,2018-04-30
LOAN01373,CUST04764,BR037,Auto Loan,361000.00,9.26,36,Active,2023-08-10
LOAN01374,CUST01091,BR009,Personal Loan,1101000.00,13.68,60,Active,2023-08-13
LOAN01375,CUST00020,BR038,Personal Loan,647000.00,14.75,48,Active,2023-06-26
LOAN01376,CUST01642,BR029,Gold Loan,179000.00,11.89,24,Closed,2017-06-10
LOAN01377,CUST04741,BR030,Home Loan,2062000.00,8.22,300,Active,2020-03-02
LOAN01378,CUST02161,BR031,Home Loan,6655000.00,8.91,120,Active,2022-08-28
LOAN01379,CUST01722,BR007,Home Loan,6632000.00,8.72,240,Active,2023-04-28
LOAN01380,CUST00175,BR004,Personal Loan,411000.00,15.77,48,Active,2023-06-28
LOAN01381,CUST01877,BR037,Personal Loan,93000.00,15.34,60,Active,2022-09-14
LOAN01382,CUST02955,BR048,Home Loan,8681000.00,8.93,300,Active,2022-03-26
LOAN01383,CUST02852,BR014,Business Loan,2832000.00,11.11,120,Active,2023-09-05
LOAN01384,CUST03484,BR033,Home Loan,6958000.00,8.97,300,Active,2022-04-19
LOAN01385,CUST00275,BR014,Personal Loan,1052000.00,15.96,48,Active,2020-10-01
LOAN01386,CUST04747,BR002,Auto Loan,1202000.00,8.88,36,Closed,2020-04-05
LOAN01387,CUST03045,BR050,Education Loan,234000.00,10.87,120,Active,2020-01-03
LOAN01388,CUST00025,BR035,Home Loan,9120000.00,9.08,180,Active,2017-01-24
LOAN01389,CUST04463,BR031,Business Loan,6733000.00,10.25,120,Active,2023-02-17
LOAN01390,CUST02308,BR007,Personal Loan,583000.00,13.05,60,Active,2023-07-02
LOAN01391,CUST03153,BR011,Home Loan,1815000.00,8.26,120,Active,2018-04-09
LOAN01392,CUST01168,BR029,Business Loan,2673000.00,11.79,60,Active,2023-09-09
LOAN01393,CUST01350,BR042,Auto Loan,2192000.00,8.65,84,Active,2019-06-05
LOAN01394,CUST00137,BR037,Home Loan,3120000.00,9.25,180,Active,2023-10-13
LOAN01395,CUST02922,BR005,Home Loan,2499000.00,9.22,240,Active,2021-06-23
LOAN01396,CUST02049,BR014,Auto Loan,923000.00,8.64,36,Closed,2017-08-01
LOAN01397,CUST00822,BR031,Gold Loan,533000.00,12.47,36,Active,2023-06-10
LOAN01398,CUST00487,BR026,Education Loan,2497000.00,8.24,60,Active,2021-08-09
LOAN01399,CUST00852,BR026,Personal Loan,460000.00,13.62,24,Active,2022-12-26
LOAN01400,CUST00520,BR045,Home Loan,9103000.00,8.29,120,Active,2023-07-09
LOAN01401,CUST03124,BR003,Home Loan,3237000.00,8.28,300,Closed,2023-04-14
LOAN01402,CUST00577,BR010,Business Loan,6804000.00,14.54,120,Active,2021-09-28
LOAN01403,CUST01891,BR045,Auto Loan,1595000.00,11.30,48,Closed,2019-08-07
LOAN01404,CUST02400,BR009,Home Loan,4802000.00,9.11,300,Active,2023-10-15
LOAN01405,CUST04048,BR012,Personal Loan,1073000.00,14.43,48,Active,2023-09-07
LOAN01406,CUST02455,BR002,Auto Loan,435000.00,10.64,84,Active,2020-05-06
LOAN01407,CUST02211,BR014,Auto Loan,1911000.00,10.25,60,Closed,2019-01-22
LOAN01408,CUST01558,BR027,Education Loan,1640000.00,9.28,84,Active,2023-11-30
LOAN01409,CUST04408,BR004,Personal Loan,981000.00,11.07,24,Active,2023-06-11
LOAN01410,CUST02621,BR036,Auto Loan,1821000.00,11.37,36,Closed,2021-06-05
LOAN01411,CUST02865,BR029,Home Loan,5721000.00,8.19,180,Active,2022-06-23
LOAN01412,CUST02555,BR036,Personal Loan,993000.00,15.42,24,Closed,2019-07-08
LOAN01413,CUST03439,BR040,Home Loan,7484000.00,8.90,180,Active,2023-05-21
LOAN01414,CUST04558,BR014,Home Loan,4636000.00,9.16,240,Active,2023-10-28
LOAN01415,CUST00783,BR002,Home Loan,3225000.00,8.32,240,Active,2023-07-19
LOAN01416,CUST00432,BR020,Home Loan,6605000.00,8.40,180,In Arrears,2016-10-10
LOAN01417,CUST01220,BR043,Home Loan,1538000.00,7.51,180,Active,2022-12-17
LOAN01418,CUST00424,BR002,Home Loan,5913000.00,8.15,180,Active,2022-02-25
LOAN01419,CUST02626,BR007,Personal Loan,493000.00,11.28,24,Closed,2022-06-28
LOAN01420,CUST03858,BR049,Gold Loan,395000.00,10.24,24,Closed,2021-07-20
LOAN01421,CUST03490,BR014,Education Loan,2468000.00,8.83,60,Active,2023-02-05
LOAN01422,CUST03144,BR049,Personal Loan,1121000.00,13.87,36,Closed,2021-06-21
LOAN01423,CUST03475,BR028,Education Loan,3346000.00,9.15,60,Active,2023-07-11
LOAN01424,CUST01567,BR025,Home Loan,7781000.00,8.77,240,Active,2021-07-10
LOAN01425,CUST01968,BR004,Personal Loan,522000.00,15.31,24,Defaulted,2023-08-23
LOAN01426,CUST03704,BR043,Business Loan,1375000.00,14.05,60,Active,2021-06-11
LOAN01427,CUST00324,BR009,Personal Loan,1001000.00,16.39,12,Closed,2018-05-20
LOAN01428,CUST04723,BR001,Personal Loan,65000.00,13.45,24,Closed,2020-05-23
LOAN01429,CUST02318,BR019,Auto Loan,997000.00,11.19,36,Active,2021-09-02
LOAN01430,CUST04433,BR038,Personal Loan,1035000.00,12.10,60,Active,2021-12-11
LOAN01431,CUST02055,BR003,Home Loan,6508000.00,8.42,240,Defaulted,2016-08-29
LOAN01432,CUST03923,BR019,Auto Loan,842000.00,9.95,48,Active,2023-11-20
LOAN01433,CUST04234,BR009,Home Loan,4708000.00,8.34,180,Active,2023-06-11
LOAN01434,CUST04917,BR029,Personal Loan,511000.00,14.85,48,Active,2023-02-07
LOAN01435,CUST03758,BR044,Education Loan,607000.00,8.26,120,Closed,2023-10-03
LOAN01436,CUST03081,BR050,Gold Loan,355000.00,9.53,24,Closed,2021-02-04
LOAN01437,CUST01590,BR034,Gold Loan,767000.00,10.51,24,Closed,2020-10-16
LOAN01438,CUST04976,BR034,Business Loan,2974000.00,14.88,84,Closed,2023-10-01
LOAN01439,CUST04698,BR023,Home Loan,5298000.00,7.52,300,Active,2018-05-31
LOAN01440,CUST03891,BR011,Home Loan,4318000.00,8.21,120,Active,2023-11-25
LOAN01441,CUST03962,BR037,Business Loan,1628000.00,11.29,84,Active,2023-06-03
LOAN01442,CUST03931,BR018,Auto Loan,2064000.00,10.59,36,Closed,2021-03-28
LOAN01443,CUST01427,BR019,Home Loan,4027000.00,8.32,240,Active,2023-04-20
LOAN01444,CUST00888,BR026,Personal Loan,789000.00,13.38,24,Closed,2023-10-20
LOAN01445,CUST04329,BR016,Auto Loan,1034000.00,11.48,60,Active,2019-10-05
LOAN01446,CUST01180,BR049,Home Loan,7747000.00,8.78,300,Active,2018-12-06
LOAN01447,CUST00720,BR006,Business Loan,623000.00,10.56,36,Active,2023-11-29
LOAN01448,CUST01229,BR009,Personal Loan,51000.00,15.27,24,Closed,2020-05-01
LOAN01449,CUST04545,BR049,Personal Loan,212000.00,13.18,60,Active,2022-07-02
LOAN01450,CUST00789,BR047,Auto Loan,1928000.00,11.43,84,Active,2023-07-29
LOAN01451,CUST00317,BR030,Home Loan,6368000.00,7.66,180,Closed,2020-04-24
LOAN01452,CUST02491,BR017,Home Loan,5544000.00,9.19,120,Active,2023-08-31
LOAN01453,CUST01270,BR046,Home Loan,7528000.00,8.12,180,Active,2018-08-03
LOAN01454,CUST04306,BR036,Business Loan,542000.00,11.10,60,Active,2019-07-31
LOAN01455,CUST03424,BR026,Business Loan,7444000.00,11.41,36,Active,2022-06-07
LOAN01456,CUST04825,BR015,Home Loan,7645000.00,8.55,240,Closed,2023-11-10
LOAN01457,CUST04313,BR014,Education Loan,1803000.00,8.68,84,Active,2019-04-26
LOAN01458,CUST03126,BR011,Personal Loan,376000.00,16.44,24,Closed,2021-03-28
LOAN01459,CUST04754,BR045,Auto Loan,1007000.00,11.06,84,Active,2020-08-24
LOAN01460,CUST00665,BR040,Personal Loan,902000.00,13.45,48,Active,2022-05-21
LOAN01461,CUST03604,BR045,Home Loan,2528000.00,8.53,240,Closed,2023-03-16
LOAN01462,CUST00178,BR014,Home Loan,8302000.00,8.36,240,Active,2023-11-25
LOAN01463,CUST02217,BR038,Home Loan,1726000.00,8.20,240,Active,2022-06-10
LOAN01464,CUST04408,BR004,Personal Loan,227000.00,11.09,48,Active,2022-10-13
LOAN01465,CUST03300,BR026,Education Loan,2472000.00,9.32,84,Active,2023-03-20
LOAN01466,CUST03929,BR005,Education Loan,1480000.00,10.69,120,Active,2017-07-27
LOAN01467,CUST01993,BR015,Home Loan,4782000.00,7.65,120,Active,2020-03-28
LOAN01468,CUST02359,BR012,Personal Loan,67000.00,12.48,24,Active,2022-10-10
LOAN01469,CUST01670,BR033,Personal Loan,588000.00,13.93,12,Closed,2019-09-28
LOAN01470,CUST01728,BR030,Business Loan,3686000.00,12.51,84,Closed,2022-12-22
LOAN01471,CUST04362,BR036,Business Loan,3529000.00,12.67,120,Active,2019-10-07
LOAN01472,CUST00703,BR003,Home Loan,1883000.00,7.54,300,Active,2023-10-11
LOAN01473,CUST02098,BR019,Personal Loan,535000.00,12.45,36,Closed,2019-03-25
LOAN01474,CUST00750,BR016,Auto Loan,1782000.00,11.41,60,In Arrears,2021-06-28
LOAN01475,CUST04048,BR012,Personal Loan,940000.00,16.19,60,Active,2023-07-15
LOAN01476,CUST00855,BR042,Auto Loan,1059000.00,11.36,60,Active,2021-03-18
LOAN01477,CUST02475,BR050,Personal Loan,1138000.00,15.18,60,Defaulted,2020-03-17
LOAN01478,CUST00902,BR012,Home Loan,6588000.00,9.10,240,Active,2017-05-02
LOAN01479,CUST04261,BR011,Home Loan,7171000.00,8.62,120,Active,2018-04-17
LOAN01480,CUST01139,BR025,Home Loan,6297000.00,8.96,240,Active,2023-09-06
LOAN01481,CUST01184,BR039,Gold Loan,570000.00,10.68,24,Closed,2020-06-03
LOAN01482,CUST00537,BR042,Auto Loan,512000.00,9.91,60,Defaulted,2022-08-02
LOAN01483,CUST00586,BR011,Gold Loan,684000.00,10.48,24,Closed,2019-10-04
LOAN01484,CUST01535,BR015,Personal Loan,1009000.00,12.95,60,Closed,2023-07-21
LOAN01485,CUST04059,BR014,Home Loan,6143000.00,8.28,180,Active,2023-11-11
LOAN01486,CUST04182,BR040,Education Loan,3240000.00,9.92,84,Active,2018-10-16
LOAN01487,CUST03022,BR030,Home Loan,4174000.00,8.46,300,Active,2021-12-01
LOAN01488,CUST03476,BR045,Home Loan,3197000.00,9.26,300,Active,2023-07-19
LOAN01489,CUST00366,BR025,Home Loan,8141000.00,7.92,300,Active,2019-09-17
LOAN01490,CUST01122,BR042,Personal Loan,625000.00,16.47,12,Defaulted,2022-09-05
LOAN01491,CUST01991,BR027,Home Loan,4536000.00,9.19,120,Active,2019-04-20
LOAN01492,CUST04115,BR040,Gold Loan,581000.00,11.09,24,Closed,2021-11-07
LOAN01493,CUST03799,BR004,Home Loan,4384000.00,9.17,120,Active,2021-05-18
LOAN01494,CUST00112,BR026,Home Loan,3126000.00,9.26,180,Active,2022-04-23
LOAN01495,CUST01842,BR035,Home Loan,9003000.00,7.84,240,Active,2019-10-19
LOAN01496,CUST03172,BR023,Personal Loan,618000.00,11.57,48,Active,2023-12-05
LOAN01497,CUST04672,BR012,Auto Loan,1617000.00,8.65,60,Closed,2020-10-14
LOAN01498,CUST02147,BR004,Home Loan,3744000.00,8.63,240,Active,2018-10-31
LOAN01499,CUST04732,BR001,Home Loan,4245000.00,7.81,180,Active,2022-10-18
LOAN01500,CUST04425,BR049,Education Loan,1639000.00,10.73,60,Active,2022-04-11
LOAN01501,CUST02086,BR023,Home Loan,8555000.00,7.77,240,Active,2023-01-05
LOAN01502,CUST04075,BR015,Personal Loan,471000.00,12.62,48,Active,2020-09-20
LOAN01503,CUST00499,BR039,Home Loan,7754000.00,8.16,120,Active,2023-04-22
LOAN01504,CUST03462,BR012,Home Loan,6042000.00,8.51,120,Active,2020-04-13
LOAN01505,CUST01277,BR028,Home Loan,8788000.00,9.08,300,Active,2022-01-22
LOAN01506,CUST02294,BR026,Auto Loan,1275000.00,10.34,48,Closed,2018-09-19
LOAN01507,CUST03243,BR043,Personal Loan,730000.00,15.73,48,Closed,2018-08-14
LOAN01508,CUST04002,BR031,Business Loan,770000.00,10.08,120,Active,2022-12-23
LOAN01509,CUST01950,BR027,Auto Loan,1519000.00,8.97,60,Active,2022-11-17
LOAN01510,CUST02653,BR040,Home Loan,6219000.00,8.14,240,Active,2022-12-10
LOAN01511,CUST01766,BR024,Personal Loan,587000.00,15.79,60,Active,2022-09-01
LOAN01512,CUST01575,BR042,Home Loan,4580000.00,8.62,120,Active,2017-07-16
LOAN01513,CUST04104,BR011,Business Loan,6226000.00,13.93,84,Active,2021-01-12
LOAN01514,CUST02466,BR004,Business Loan,5461000.00,12.54,84,Active,2023-11-08
LOAN01515,CUST03981,BR022,Home Loan,5611000.00,7.96,300,Active,2022-01-02
LOAN01516,CUST02371,BR009,Home Loan,3039000.00,8.01,180,Defaulted,2021-12-27
LOAN01517,CUST02299,BR031,Home Loan,4960000.00,7.70,300,Active,2019-11-26
LOAN01518,CUST01135,BR016,Personal Loan,1160000.00,13.25,36,Closed,2020-04-07
LOAN01519,CUST00227,BR043,Personal Loan,1191000.00,16.11,60,Defaulted,2023-09-05
LOAN01520,CUST04199,BR034,Home Loan,8781000.00,8.71,240,Active,2021-05-24
LOAN01521,CUST00299,BR024,Personal Loan,687000.00,13.40,12,Active,2023-09-28
LOAN01522,CUST00250,BR047,Home Loan,3049000.00,8.58,180,Active,2021-04-28
LOAN01523,CUST03515,BR022,Home Loan,5125000.00,8.81,180,Active,2021-01-24
LOAN01524,CUST02234,BR045,Auto Loan,1737000.00,11.41,60,Closed,2018-06-03
LOAN01525,CUST03368,BR020,Auto Loan,516000.00,10.78,84,Active,2018-02-10
LOAN01526,CUST02048,BR007,Home Loan,6044000.00,7.76,120,Active,2019-07-10
LOAN01527,CUST01366,BR002,Business Loan,7181000.00,13.50,60,Active,2020-07-30
LOAN01528,CUST03735,BR010,Personal Loan,1165000.00,11.57,12,Closed,2022-03-27
LOAN01529,CUST02792,BR011,Home Loan,3092000.00,7.64,300,Active,2022-02-22
LOAN01530,CUST00915,BR037,Auto Loan,615000.00,10.46,48,Defaulted,2020-04-02
LOAN01531,CUST01765,BR032,Home Loan,6844000.00,8.78,240,Active,2022-09-25
LOAN01532,CUST02499,BR006,Personal Loan,1130000.00,13.34,24,Active,2023-01-30
LOAN01533,CUST03607,BR008,Home Loan,3011000.00,9.17,300,Active,2023-11-26
LOAN01534,CUST02310,BR010,Home Loan,4596000.00,8.79,120,Active,2019-10-16
LOAN01535,CUST00839,BR026,Personal Loan,188000.00,12.77,60,Active,2023-06-17
LOAN01536,CUST03715,BR044,Personal Loan,275000.00,13.57,36,Active,2023-05-08
LOAN01537,CUST03914,BR035,Gold Loan,757000.00,10.57,24,Active,2023-08-06
LOAN01538,CUST04650,BR050,Personal Loan,214000.00,16.41,60,Active,2023-07-07
LOAN01539,CUST02694,BR024,Home Loan,8990000.00,8.67,120,Active,2018-03-17
LOAN01540,CUST02637,BR014,Education Loan,2247000.00,8.61,120,Active,2017-10-03
LOAN01541,CUST03643,BR008,Auto Loan,1792000.00,9.59,36,Active,2022-08-31
LOAN01542,CUST04511,BR037,Home Loan,6360000.00,7.56,300,Active,2019-11-08
LOAN01543,CUST01541,BR007,Auto Loan,1312000.00,9.61,60,Closed,2017-06-05
LOAN01544,CUST01768,BR016,Business Loan,4887000.00,13.74,120,Active,2023-09-01
LOAN01545,CUST00651,BR026,Gold Loan,730000.00,9.74,24,Closed,2022-01-10
LOAN01546,CUST03018,BR020,Personal Loan,150000.00,14.45,24,Closed,2020-08-18
LOAN01547,CUST04569,BR024,Personal Loan,581000.00,14.36,12,Closed,2019-09-06
LOAN01548,CUST01106,BR011,Home Loan,6881000.00,9.07,240,Active,2018-06-11
LOAN01549,CUST03329,BR001,Home Loan,4813000.00,7.77,240,Active,2021-06-12
LOAN01550,CUST01355,BR014,Auto Loan,929000.00,10.20,36,Closed,2018-10-11
LOAN01551,CUST04460,BR046,Auto Loan,885000.00,10.56,60,Closed,2022-09-16
LOAN01552,CUST02491,BR017,Auto Loan,944000.00,8.52,48,Active,2023-09-23
LOAN01553,CUST01115,BR018,Personal Loan,1092000.00,12.38,24,Defaulted,2023-01-09
LOAN01554,CUST01274,BR049,Education Loan,975000.00,9.64,60,Defaulted,2019-02-08
LOAN01555,CUST02255,BR013,Home Loan,7565000.00,8.47,240,Active,2023-10-29
LOAN01556,CUST02681,BR026,Auto Loan,1459000.00,9.83,84,Active,2023-03-29
LOAN01557,CUST02704,BR009,Personal Loan,107000.00,15.56,60,Active,2023-10-08
LOAN01558,CUST02635,BR023,Home Loan,9331000.00,8.76,120,Defaulted,2023-02-08
LOAN01559,CUST03977,BR045,Personal Loan,69000.00,16.27,36,Closed,2018-07-20
LOAN01560,CUST02477,BR031,Business Loan,6823000.00,10.86,84,Active,2018-10-23
LOAN01561,CUST04263,BR010,Personal Loan,428000.00,12.61,36,Active,2023-02-12
LOAN01562,CUST03349,BR024,Business Loan,2138000.00,10.45,120,Active,2023-09-03
LOAN01563,CUST03112,BR039,Home Loan,9443000.00,8.44,180,Active,2019-07-08
LOAN01564,CUST01848,BR010,Personal Loan,571000.00,12.80,12,Defaulted,2019-05-05
LOAN01565,CUST01992,BR036,Auto Loan,1956000.00,8.84,60,Active,2019-10-21
LOAN01566,CUST00838,BR042,Personal Loan,446000.00,16.30,36,Closed,2019-11-19
LOAN01567,CUST04996,BR040,Personal Loan,387000.00,15.12,48,Closed,2023-12-21
LOAN01568,CUST00341,BR024,Home Loan,6711000.00,7.65,300,Active,2022-01-31
LOAN01569,CUST04773,BR004,Personal Loan,162000.00,12.51,48,Closed,2018-06-13
LOAN01570,CUST03354,BR044,Gold Loan,550000.00,11.50,12,Closed,2021-05-16
LOAN01571,CUST04270,BR002,Education Loan,2396000.00,10.30,84,Closed,2017-01-24
LOAN01572,CUST04890,BR027,Business Loan,6781000.00,13.77,120,Active,2023-05-25
LOAN01573,CUST04206,BR041,Home Loan,5757000.00,8.82,180,Active,2023-07-26
LOAN01574,CUST04073,BR027,Auto Loan,791000.00,8.54,48,Active,2021-03-06
LOAN01575,CUST02251,BR010,Personal Loan,474000.00,15.21,12,Closed,2019-02-17
LOAN01576,CUST01852,BR046,Personal Loan,899000.00,13.09,24,Active,2022-07-28
LOAN01577,CUST04023,BR032,Personal Loan,824000.00,11.41,24,Closed,2022-02-07
LOAN01578,CUST03595,BR037,Auto Loan,2009000.00,9.47,84,Active,2022-12-12
LOAN01579,CUST00399,BR048,Personal Loan,155000.00,16.03,48,Active,2023-07-23
LOAN01580,CUST00136,BR037,Auto Loan,849000.00,11.45,84,Defaulted,2023-10-30
LOAN01581,CUST03873,BR027,Home Loan,8829000.00,8.05,180,Active,2023-10-10
LOAN01582,CUST00861,BR044,Home Loan,7880000.00,7.87,240,Active,2023-07-18
LOAN01583,CUST01061,BR043,Home Loan,2110000.00,8.67,180,In Arrears,2022-04-24
LOAN01584,CUST00263,BR020,Personal Loan,601000.00,12.22,12,Closed,2022-07-03
LOAN01585,CUST04029,BR008,Personal Loan,110000.00,14.56,12,Closed,2021-07-12
LOAN01586,CUST02046,BR043,Home Loan,4751000.00,8.82,300,Active,2022-07-28
LOAN01587,CUST04813,BR035,Auto Loan,255000.00,10.15,36,Active,2022-11-27
LOAN01588,CUST03692,BR013,Business Loan,5578000.00,13.14,60,Defaulted,2023-06-26
LOAN01589,CUST00044,BR007,Home Loan,2803000.00,7.96,240,Active,2022-12-16
LOAN01590,CUST00961,BR040,Personal Loan,1005000.00,13.26,48,Closed,2017-02-28
LOAN01591,CUST01088,BR009,Personal Loan,263000.00,12.21,24,Defaulted,2017-09-06
LOAN01592,CUST02670,BR048,Home Loan,3770000.00,8.12,240,Active,2020-11-12
LOAN01593,CUST00794,BR036,Personal Loan,610000.00,16.10,36,Active,2023-11-20
LOAN01594,CUST00747,BR024,Home Loan,4538000.00,8.77,300,Active,2021-09-17
LOAN01595,CUST04793,BR010,Business Loan,3409000.00,13.61,84,Active,2021-07-07
LOAN01596,CUST00569,BR035,Home Loan,6887000.00,9.44,120,Closed,2018-04-26
LOAN01597,CUST04643,BR039,Personal Loan,895000.00,11.84,60,Active,2021-07-12
LOAN01598,CUST03397,BR042,Personal Loan,675000.00,15.27,12,Closed,2023-05-10
LOAN01599,CUST03962,BR037,Auto Loan,1303000.00,10.22,84,Closed,2023-02-11
LOAN01600,CUST03818,BR043,Personal Loan,439000.00,12.16,24,Defaulted,2022-10-25
LOAN01601,CUST02826,BR010,Home Loan,4171000.00,8.92,180,Active,2022-10-28
LOAN01602,CUST02378,BR042,Home Loan,8451000.00,8.96,180,Active,2020-12-01
LOAN01603,CUST03826,BR046,Personal Loan,285000.00,15.41,24,In Arrears,2023-06-21
LOAN01604,CUST04129,BR004,Personal Loan,1173000.00,15.82,36,Active,2022-03-26
LOAN01605,CUST03173,BR037,Home Loan,3300000.00,8.88,180,Active,2023-09-06
LOAN01606,CUST02048,BR007,Home Loan,7937000.00,8.25,300,Active,2017-03-26
LOAN01607,CUST00764,BR038,Home Loan,4085000.00,8.39,120,Closed,2021-05-19
LOAN01608,CUST01481,BR037,Personal Loan,500000.00,13.91,60,Active,2023-11-02
LOAN01609,CUST00668,BR038,Home Loan,4146000.00,7.61,120,Active,2023-11-02
LOAN01610,CUST03873,BR027,Education Loan,1349000.00,10.57,60,Active,2023-05-30
LOAN01611,CUST03986,BR034,Auto Loan,461000.00,8.98,48,Active,2023-11-17
LOAN01612,CUST04936,BR038,Home Loan,2797000.00,7.55,180,Active,2020-12-18
LOAN01613,CUST04019,BR025,Education Loan,571000.00,8.95,84,Active,2023-03-19
LOAN01614,CUST00603,BR035,Home Loan,9058000.00,9.14,300,Active,2023-01-31
LOAN01615,CUST03980,BR043,Home Loan,5169000.00,7.86,120,Active,2020-11-20
LOAN01616,CUST02225,BR031,Education Loan,2077000.00,9.14,84,Active,2021-01-23
LOAN01617,CUST00383,BR009,Personal Loan,481000.00,14.91,12,Closed,2022-06-21
LOAN01618,CUST04827,BR016,Auto Loan,2023000.00,10.92,48,Active,2023-11-03
LOAN01619,CUST02345,BR025,Personal Loan,826000.00,11.31,12,Closed,2017-06-23
LOAN01620,CUST00862,BR032,Personal Loan,1152000.00,12.33,36,Defaulted,2023-07-17
LOAN01621,CUST01161,BR013,Education Loan,1250000.00,9.87,120,Active,2023-11-30
LOAN01622,CUST00045,BR012,Personal Loan,867000.00,11.37,24,Closed,2021-10-09
LOAN01623,CUST02354,BR026,Personal Loan,905000.00,12.96,36,Defaulted,2020-08-15
LOAN01624,CUST04169,BR030,Personal Loan,895000.00,16.36,24,Closed,2022-06-12
LOAN01625,CUST01907,BR004,Business Loan,5257000.00,12.34,120,Active,2021-05-26
LOAN01626,CUST03453,BR041,Home Loan,6423000.00,8.95,180,Active,2021-09-16
LOAN01627,CUST02868,BR027,Personal Loan,156000.00,11.81,36,Active,2022-04-02
LOAN01628,CUST00834,BR042,Business Loan,2357000.00,10.04,36,Closed,2021-06-01
LOAN01629,CUST00801,BR043,Business Loan,1105000.00,10.95,84,Active,2020-03-25
LOAN01630,CUST03870,BR031,Home Loan,7312000.00,8.23,180,Active,2019-01-22
LOAN01631,CUST01743,BR002,Business Loan,5815000.00,10.03,84,Active,2021-11-08
LOAN01632,CUST00285,BR012,Personal Loan,324000.00,15.79,60,Active,2021-02-23
LOAN01633,CUST03135,BR040,Personal Loan,51000.00,13.19,60,Active,2023-08-08
LOAN01634,CUST00292,BR049,Home Loan,4280000.00,8.96,240,Active,2023-08-14
LOAN01635,CUST01568,BR025,Home Loan,4465000.00,9.23,240,Active,2022-01-01
LOAN01636,CUST04387,BR035,Home Loan,3882000.00,9.35,240,Active,2022-07-08
LOAN01637,CUST03043,BR020,Personal Loan,634000.00,15.22,12,Active,2023-11-19
LOAN01638,CUST04653,BR014,Business Loan,5576000.00,10.51,120,Active,2019-10-26
LOAN01639,CUST04975,BR012,Education Loan,908000.00,9.61,60,Active,2021-07-25
LOAN01640,CUST01412,BR045,Education Loan,2923000.00,9.09,120,Active,2023-05-25
LOAN01641,CUST03752,BR018,Auto Loan,525000.00,9.20,36,Active,2023-06-11
LOAN01642,CUST04768,BR039,Home Loan,7765000.00,8.31,120,Active,2018-08-26
LOAN01643,CUST03123,BR004,Home Loan,1502000.00,8.30,120,Active,2023-10-26
LOAN01644,CUST00358,BR017,Auto Loan,1038000.00,8.82,48,Defaulted,2023-03-09
LOAN01645,CUST04196,BR023,Home Loan,4782000.00,8.17,240,Active,2020-03-11
LOAN01646,CUST04161,BR016,Home Loan,3637000.00,7.94,180,In Arrears,2022-09-29
LOAN01647,CUST04093,BR009,Gold Loan,94000.00,9.04,24,Active,2023-02-28
LOAN01648,CUST02727,BR028,Auto Loan,1483000.00,11.43,60,Defaulted,2019-12-10
LOAN01649,CUST02876,BR026,Home Loan,6226000.00,8.15,240,Active,2018-01-27
LOAN01650,CUST04232,BR013,Home Loan,8047000.00,7.98,180,Active,2020-04-28
LOAN01651,CUST01419,BR005,Personal Loan,73000.00,15.55,12,Closed,2023-06-25
LOAN01652,CUST04000,BR049,Business Loan,930000.00,14.97,84,Active,2023-10-07
LOAN01653,CUST04310,BR029,Auto Loan,1694000.00,9.52,60,Closed,2018-04-08
LOAN01654,CUST00435,BR036,Home Loan,1710000.00,8.13,300,Closed,2018-12-17
LOAN01655,CUST04217,BR031,Personal Loan,1039000.00,12.78,12,Closed,2019-07-22
LOAN01656,CUST00783,BR002,Education Loan,751000.00,10.42,84,Active,2022-06-17
LOAN01657,CUST00016,BR037,Education Loan,1018000.00,10.92,120,Active,2022-01-19
LOAN01658,CUST00432,BR020,Home Loan,8519000.00,8.97,180,Closed,2016-09-17
LOAN01659,CUST03594,BR008,Personal Loan,587000.00,12.20,36,Active,2023-08-14
LOAN01660,CUST01061,BR043,Personal Loan,1020000.00,12.05,24,Closed,2020-01-17
LOAN01661,CUST04157,BR017,Home Loan,5944000.00,8.70,240,Active,2022-10-28
LOAN01662,CUST03192,BR031,Auto Loan,383000.00,9.87,36,Active,2023-11-14
LOAN01663,CUST03009,BR007,Personal Loan,509000.00,12.66,36,Closed,2021-04-10
LOAN01664,CUST01986,BR028,Education Loan,716000.00,10.21,60,Active,2019-09-15
LOAN01665,CUST03746,BR050,Home Loan,7128000.00,9.02,120,Active,2019-04-03
LOAN01666,CUST01147,BR038,Home Loan,6287000.00,8.46,120,Defaulted,2017-11-23
LOAN01667,CUST04307,BR037,Home Loan,6451000.00,8.22,240,Closed,2018-05-03
LOAN01668,CUST01229,BR009,Business Loan,3570000.00,14.36,120,Active,2019-05-01
LOAN01669,CUST04210,BR007,Business Loan,989000.00,11.47,120,Active,2019-05-08
LOAN01670,CUST01141,BR025,Personal Loan,783000.00,13.53,60,Active,2023-12-01
LOAN01671,CUST00957,BR047,Home Loan,6461000.00,7.86,240,Active,2023-01-20
LOAN01672,CUST03457,BR042,Education Loan,1626000.00,10.40,120,Active,2023-01-26
LOAN01673,CUST01665,BR034,Home Loan,5171000.00,9.25,180,Active,2020-08-29
LOAN01674,CUST04712,BR019,Education Loan,3214000.00,9.41,60,Active,2022-06-24
LOAN01675,CUST04128,BR016,Personal Loan,808000.00,12.06,24,Closed,2023-04-19
LOAN01676,CUST03268,BR020,Business Loan,5839000.00,13.60,84,Active,2022-01-01
LOAN01677,CUST03396,BR042,Home Loan,5968000.00,9.32,120,Active,2023-10-27
LOAN01678,CUST01849,BR007,Home Loan,3615000.00,8.36,180,Active,2023-06-25
LOAN01679,CUST03948,BR028,Home Loan,5259000.00,8.07,240,Active,2022-01-04
LOAN01680,CUST02528,BR028,Personal Loan,902000.00,11.53,48,Closed,2019-05-11
LOAN01681,CUST00900,BR046,Personal Loan,757000.00,11.80,36,In Arrears,2023-04-13
LOAN01682,CUST03750,BR040,Gold Loan,526000.00,12.45,24,Defaulted,2023-09-23
LOAN01683,CUST01147,BR038,Business Loan,6434000.00,12.57,36,Closed,2019-07-23
LOAN01684,CUST02828,BR016,Education Loan,3142000.00,8.76,84,Closed,2017-06-25
LOAN01685,CUST02814,BR021,Business Loan,563000.00,11.70,120,Active,2023-11-18
LOAN01686,CUST00430,BR015,Auto Loan,265000.00,9.65,84,Active,2023-10-06
LOAN01687,CUST01808,BR020,Home Loan,6793000.00,7.79,180,Active,2022-11-16
LOAN01688,CUST04770,BR044,Education Loan,2517000.00,9.14,60,Closed,2017-05-15
LOAN01689,CUST01487,BR037,Business Loan,1799000.00,11.22,36,In Arrears,2021-12-29
LOAN01690,CUST02002,BR041,Auto Loan,1489000.00,8.87,36,Active,2022-11-03
LOAN01691,CUST04559,BR028,Personal Loan,173000.00,12.81,36,Active,2023-09-16
LOAN01692,CUST01973,BR008,Home Loan,4052000.00,9.30,180,Active,2018-05-26
LOAN01693,CUST02993,BR020,Home Loan,7697000.00,8.84,240,In Arrears,2022-09-11
LOAN01694,CUST03678,BR043,Home Loan,5651000.00,8.18,300,Active,2023-09-02
LOAN01695,CUST03544,BR021,Auto Loan,911000.00,9.25,48,Defaulted,2021-02-23
LOAN01696,CUST01828,BR012,Home Loan,1595000.00,8.41,180,Active,2023-09-12
LOAN01697,CUST00449,BR013,Business Loan,5385000.00,10.35,60,Active,2021-07-18
LOAN01698,CUST02694,BR024,Gold Loan,395000.00,12.47,36,Active,2023-01-05
LOAN01699,CUST00518,BR041,Business Loan,6265000.00,14.68,84,Active,2023-07-03
LOAN01700,CUST02562,BR035,Personal Loan,921000.00,14.78,48,Closed,2019-07-06
LOAN01701,CUST03295,BR003,Home Loan,6494000.00,8.72,120,Closed,2022-06-15
LOAN01702,CUST03383,BR022,Personal Loan,583000.00,15.15,60,Active,2023-06-04
LOAN01703,CUST03590,BR026,Auto Loan,2103000.00,10.80,60,Active,2021-12-30
LOAN01704,CUST03143,BR032,Gold Loan,183000.00,10.34,24,Active,2023-10-02
LOAN01705,CUST04164,BR002,Personal Loan,58000.00,15.77,12,Closed,2022-10-20
LOAN01706,CUST00719,BR004,Business Loan,4806000.00,12.95,120,Active,2023-08-09
LOAN01707,CUST03076,BR027,Home Loan,7604000.00,9.28,180,Active,2018-02-14
LOAN01708,CUST04685,BR033,Gold Loan,657000.00,11.45,24,Closed,2020-10-25
LOAN01709,CUST04487,BR019,Personal Loan,689000.00,16.22,24,Active,2022-11-17
LOAN01710,CUST00420,BR044,Personal Loan,576000.00,12.84,12,Closed,2017-08-27
LOAN01711,CUST03076,BR027,Home Loan,9192000.00,9.47,180,Active,2017-02-20
LOAN01712,CUST04971,BR027,Personal Loan,182000.00,12.65,24,Closed,2020-11-16
LOAN01713,CUST01992,BR036,Personal Loan,1062000.00,14.14,48,Closed,2019-03-15
LOAN01714,CUST03616,BR004,Business Loan,2545000.00,14.30,120,Active,2023-11-13
LOAN01715,CUST02275,BR040,Home Loan,7760000.00,9.37,180,Closed,2018-03-06
LOAN01716,CUST03170,BR037,Personal Loan,1102000.00,13.69,60,Active,2023-01-05
LOAN01717,CUST01655,BR001,Personal Loan,1109000.00,11.79,12,Closed,2023-06-08
LOAN01718,CUST00173,BR002,Auto Loan,1947000.00,9.48,48,Closed,2018-02-06
LOAN01719,CUST02152,BR014,Auto Loan,1740000.00,10.84,84,Defaulted,2021-07-14
LOAN01720,CUST00165,BR043,Auto Loan,1535000.00,10.85,36,Closed,2018-04-12
LOAN01721,CUST03864,BR029,Personal Loan,311000.00,13.91,24,Active,2023-09-04
LOAN01722,CUST01869,BR002,Home Loan,7920000.00,9.17,300,Closed,2019-05-22
LOAN01723,CUST02705,BR008,Home Loan,6765000.00,8.08,120,Active,2021-01-22
LOAN01724,CUST03106,BR030,Auto Loan,1811000.00,11.16,36,Active,2022-09-03
LOAN01725,CUST01091,BR009,Auto Loan,872000.00,9.56,60,In Arrears,2023-07-12
LOAN01726,CUST01967,BR041,Home Loan,3453000.00,9.46,240,Defaulted,2022-08-17
LOAN01727,CUST00914,BR042,Home Loan,6533000.00,9.16,240,Active,2021-10-29
LOAN01728,CUST01660,BR034,Home Loan,7699000.00,8.41,180,Active,2023-06-05
LOAN01729,CUST00524,BR031,Auto Loan,1638000.00,10.43,60,Closed,2019-01-15
LOAN01730,CUST03071,BR037,Home Loan,2461000.00,8.94,120,Active,2019-05-21
LOAN01731,CUST02902,BR031,Business Loan,6363000.00,12.19,120,Defaulted,2022-11-18
LOAN01732,CUST03930,BR006,Personal Loan,1174000.00,14.65,60,Active,2022-02-20
LOAN01733,CUST02454,BR014,Personal Loan,479000.00,16.14,24,Active,2022-08-10
LOAN01734,CUST01469,BR007,Education Loan,841000.00,9.25,60,Defaulted,2020-10-24
LOAN01735,CUST03037,BR020,Home Loan,6065000.00,8.48,180,Active,2022-04-21
LOAN01736,CUST03817,BR042,Home Loan,2342000.00,7.74,120,Active,2023-04-09
LOAN01737,CUST03453,BR041,Business Loan,6055000.00,12.91,84,Active,2022-10-06
LOAN01738,CUST01392,BR036,Personal Loan,151000.00,13.63,36,Active,2021-11-03
LOAN01739,CUST00582,BR043,Personal Loan,1020000.00,15.72,12,Closed,2021-08-23
LOAN01740,CUST01416,BR027,Personal Loan,1015000.00,15.37,24,Closed,2020-10-18
LOAN01741,CUST01041,BR016,Personal Loan,412000.00,12.37,48,Active,2022-03-06
LOAN01742,CUST03864,BR029,Personal Loan,676000.00,12.85,36,Active,2023-05-26
LOAN01743,CUST00972,BR043,Home Loan,2258000.00,9.36,180,Active,2022-01-03
LOAN01744,CUST04864,BR030,Education Loan,772000.00,10.22,60,Closed,2018-06-19
LOAN01745,CUST02885,BR034,Personal Loan,707000.00,12.60,36,Active,2022-09-13
LOAN01746,CUST01515,BR020,Auto Loan,476000.00,9.28,60,Active,2023-11-08
LOAN01747,CUST01011,BR015,Business Loan,6086000.00,11.62,120,Active,2023-11-14
LOAN01748,CUST02127,BR027,Auto Loan,927000.00,8.74,36,Active,2022-04-28
LOAN01749,CUST01310,BR047,Gold Loan,208000.00,11.33,24,Defaulted,2023-09-02
LOAN01750,CUST00081,BR039,Auto Loan,1051000.00,10.70,60,Active,2023-10-09
LOAN01751,CUST02586,BR040,Home Loan,8620000.00,7.80,180,Active,2022-09-14
LOAN01752,CUST00552,BR022,Education Loan,1967000.00,9.66,60,Closed,2016-10-09
LOAN01753,CUST04769,BR016,Education Loan,2887000.00,10.43,120,Active,2023-03-17
LOAN01754,CUST04237,BR044,Personal Loan,1136000.00,11.71,36,Active,2022-07-24
LOAN01755,CUST01826,BR013,Home Loan,4252000.00,7.63,240,Active,2017-01-09
LOAN01756,CUST03544,BR021,Auto Loan,685000.00,10.27,84,Active,2019-04-12
LOAN01757,CUST04572,BR028,Auto Loan,559000.00,10.59,60,Active,2022-07-12
LOAN01758,CUST00892,BR024,Personal Loan,620000.00,11.74,48,Active,2022-08-31
LOAN01759,CUST03934,BR017,Business Loan,5590000.00,12.69,36,Defaulted,2023-11-14
LOAN01760,CUST03230,BR034,Auto Loan,433000.00,11.16,60,Closed,2023-10-21
LOAN01761,CUST02873,BR035,Auto Loan,788000.00,11.35,48,Closed,2019-08-25
LOAN01762,CUST02039,BR050,Personal Loan,1041000.00,11.48,36,Active,2023-08-02
LOAN01763,CUST01408,BR045,Personal Loan,571000.00,14.08,12,Closed,2020-01-12
LOAN01764,CUST04305,BR032,Personal Loan,249000.00,14.25,24,In Arrears,2023-09-09
LOAN01765,CUST00005,BR011,Home Loan,3497000.00,8.39,300,Defaulted,2022-07-20
LOAN01766,CUST04464,BR030,Education Loan,2412000.00,9.41,84,Closed,2023-06-04
LOAN01767,CUST02615,BR047,Home Loan,3756000.00,7.83,300,In Arrears,2020-11-30
LOAN01768,CUST04669,BR041,Education Loan,2209000.00,10.63,84,Active,2021-01-29
LOAN01769,CUST03671,BR045,Home Loan,4315000.00,9.49,120,Active,2023-02-27
LOAN01770,CUST00332,BR007,Gold Loan,187000.00,10.51,24,Closed,2017-10-20
LOAN01771,CUST02543,BR007,Gold Loan,63000.00,9.79,12,Defaulted,2020-08-27
LOAN01772,CUST00899,BR018,Personal Loan,180000.00,15.74,36,Closed,2019-08-22
LOAN01773,CUST00990,BR037,Education Loan,3429000.00,10.42,60,Active,2020-09-04
LOAN01774,CUST03724,BR031,Education Loan,3382000.00,8.14,84,Closed,2019-06-18
LOAN01775,CUST01521,BR013,Personal Loan,881000.00,12.72,12,Closed,2020-06-02
LOAN01776,CUST00814,BR016,Personal Loan,1130000.00,12.34,60,Active,2022-10-27
LOAN01777,CUST04927,BR019,Gold Loan,621000.00,10.80,36,Closed,2020-07-27
LOAN01778,CUST03059,BR036,Education Loan,1465000.00,9.21,60,Active,2023-11-27
LOAN01779,CUST04649,BR008,Personal Loan,1083000.00,12.23,24,Closed,2021-08-01
LOAN01780,CUST00366,BR025,Gold Loan,285000.00,10.76,24,Defaulted,2019-08-26
LOAN01781,CUST00045,BR012,Home Loan,8918000.00,7.81,300,Active,2017-06-21
LOAN01782,CUST00672,BR050,Education Loan,3114000.00,9.93,84,In Arrears,2023-11-11
LOAN01783,CUST00357,BR042,Personal Loan,555000.00,15.99,24,Active,2023-11-05
LOAN01784,CUST04261,BR011,Personal Loan,445000.00,11.03,36,Closed,2018-06-21
LOAN01785,CUST01476,BR042,Home Loan,6033000.00,9.07,120,Active,2023-01-21
LOAN01786,CUST03108,BR014,Auto Loan,563000.00,9.44,36,Active,2021-11-28
LOAN01787,CUST03769,BR033,Home Loan,4338000.00,8.29,120,Active,2016-12-09
LOAN01788,CUST04889,BR003,Personal Loan,949000.00,15.71,60,Closed,2018-08-25
LOAN01789,CUST01800,BR011,Business Loan,2783000.00,11.75,120,Active,2022-03-01
LOAN01790,CUST02943,BR016,Home Loan,2082000.00,8.13,180,Active,2023-04-26
LOAN01791,CUST01497,BR034,Auto Loan,1394000.00,10.27,60,Active,2023-04-13
LOAN01792,CUST01890,BR022,Home Loan,3480000.00,9.32,300,Active,2022-02-15
LOAN01793,CUST04926,BR005,Personal Loan,1015000.00,15.41,36,Active,2023-11-14
LOAN01794,CUST03581,BR008,Personal Loan,688000.00,12.81,60,Active,2023-08-31
LOAN01795,CUST02457,BR005,Home Loan,1947000.00,8.58,240,Defaulted,2022-12-04
LOAN01796,CUST01186,BR027,Auto Loan,1942000.00,10.00,84,Defaulted,2016-12-19
LOAN01797,CUST02991,BR047,Home Loan,8215000.00,7.86,240,Active,2019-10-05
LOAN01798,CUST03299,BR023,Home Loan,4996000.00,8.35,300,Active,2018-07-30
LOAN01799,CUST00496,BR033,Personal Loan,673000.00,16.14,48,Active,2022-11-06
LOAN01800,CUST01805,BR042,Business Loan,4120000.00,10.06,120,Active,2022-01-20
LOAN01801,CUST01652,BR042,Home Loan,5747000.00,7.50,300,Active,2022-02-07
LOAN01802,CUST02418,BR021,Gold Loan,627000.00,11.60,36,Closed,2021-01-14
LOAN01803,CUST01947,BR004,Personal Loan,274000.00,11.09,60,Active,2022-09-17
LOAN01804,CUST02037,BR031,Education Loan,243000.00,9.15,120,Active,2023-06-26
LOAN01805,CUST03809,BR028,Home Loan,5873000.00,8.70,300,Active,2022-08-11
LOAN01806,CUST01478,BR049,Personal Loan,72000.00,16.24,12,Closed,2021-10-29
LOAN01807,CUST02311,BR017,Gold Loan,694000.00,12.29,24,Defaulted,2020-11-19
LOAN01808,CUST00276,BR040,Home Loan,3052000.00,9.28,240,Active,2019-11-12
LOAN01809,CUST04564,BR013,Business Loan,4479000.00,10.65,120,Active,2018-04-13
LOAN01810,CUST03987,BR016,Home Loan,6409000.00,7.81,180,Active,2023-01-12
LOAN01811,CUST03319,BR040,Auto Loan,1369000.00,9.90,36,Active,2023-11-13
LOAN01812,CUST03006,BR025,Auto Loan,1166000.00,9.63,48,Active,2023-11-03
LOAN01813,CUST04448,BR016,Auto Loan,1174000.00,8.72,84,Active,2017-10-07
LOAN01814,CUST04145,BR005,Personal Loan,125000.00,11.81,60,Active,2021-08-30
LOAN01815,CUST03814,BR001,Auto Loan,1759000.00,9.09,48,Closed,2020-05-27
LOAN01816,CUST02754,BR044,Education Loan,1211000.00,10.88,120,Active,2023-07-22
LOAN01817,CUST01977,BR049,Business Loan,2148000.00,12.37,36,Active,2023-10-17
LOAN01818,CUST03600,BR036,Home Loan,7629000.00,8.25,300,Active,2023-03-12
LOAN01819,CUST00624,BR036,Home Loan,7422000.00,8.70,300,Active,2022-10-23
LOAN01820,CUST00457,BR012,Home Loan,4614000.00,9.30,180,Active,2022-08-08
LOAN01821,CUST02364,BR011,Personal Loan,618000.00,11.85,60,Active,2022-11-06
LOAN01822,CUST03089,BR031,Auto Loan,1605000.00,10.16,36,Active,2023-07-08
LOAN01823,CUST03565,BR011,Education Loan,1778000.00,10.68,120,Closed,2023-06-20
LOAN01824,CUST03811,BR045,Auto Loan,1481000.00,9.30,36,Active,2022-06-26
LOAN01825,CUST01345,BR048,Home Loan,7711000.00,8.45,300,In Arrears,2022-12-12
LOAN01826,CUST03860,BR010,Home Loan,7974000.00,9.12,240,Active,2023-07-04
LOAN01827,CUST04121,BR027,Auto Loan,1206000.00,10.07,48,Active,2023-08-09
LOAN01828,CUST04338,BR044,Home Loan,4217000.00,8.60,240,Active,2022-08-19
LOAN01829,CUST00093,BR014,Personal Loan,215000.00,11.72,60,Active,2023-06-22
LOAN01830,CUST01547,BR035,Auto Loan,1654000.00,11.15,60,Active,2022-07-15
LOAN01831,CUST03904,BR006,Gold Loan,160000.00,9.34,24,Closed,2020-06-03
LOAN01832,CUST04202,BR045,Education Loan,1171000.00,9.68,60,Active,2019-10-08
LOAN01833,CUST04367,BR028,Home Loan,2259000.00,9.28,180,Closed,2023-03-21
LOAN01834,CUST00957,BR047,Business Loan,4508000.00,11.95,84,Active,2023-07-14
LOAN01835,CUST03901,BR025,Gold Loan,484000.00,11.18,24,Active,2023-04-08
LOAN01836,CUST01642,BR029,Auto Loan,1361000.00,10.44,48,Closed,2017-10-22
LOAN01837,CUST04596,BR046,Education Loan,1048000.00,10.89,84,Active,2023-01-13
LOAN01838,CUST00680,BR003,Business Loan,1928000.00,12.38,60,Active,2023-07-23
LOAN01839,CUST01250,BR030,Home Loan,7941000.00,8.90,120,Active,2023-06-09
LOAN01840,CUST04390,BR045,Personal Loan,1058000.00,11.54,60,Active,2023-02-02
LOAN01841,CUST03985,BR020,Home Loan,8700000.00,9.18,240,Defaulted,2023-06-16
LOAN01842,CUST00023,BR028,Home Loan,7172000.00,8.23,300,Defaulted,2022-04-03
LOAN01843,CUST01635,BR025,Auto Loan,1979000.00,9.77,60,Defaulted,2023-10-01
LOAN01844,CUST00624,BR036,Auto Loan,1759000.00,10.95,60,Closed,2018-12-30
LOAN01845,CUST04758,BR029,Personal Loan,1017000.00,11.93,12,Active,2023-09-24
LOAN01846,CUST04794,BR029,Personal Loan,978000.00,13.85,24,Active,2023-11-29
LOAN01847,CUST02446,BR026,Personal Loan,487000.00,16.10,48,Active,2023-11-05
LOAN01848,CUST00614,BR009,Auto Loan,1448000.00,11.03,48,Active,2022-12-01
LOAN01849,CUST03409,BR041,Education Loan,2468000.00,10.22,84,In Arrears,2023-10-04
LOAN01850,CUST00826,BR027,Home Loan,8266000.00,8.10,240,Active,2023-12-14
LOAN01851,CUST03247,BR010,Personal Loan,104000.00,13.79,12,Closed,2018-12-08
LOAN01852,CUST03429,BR046,Business Loan,1998000.00,10.38,36,Active,2022-03-02
LOAN01853,CUST00931,BR047,Business Loan,584000.00,12.64,36,Active,2022-02-28
LOAN01854,CUST01126,BR024,Education Loan,1938000.00,10.58,84,Active,2023-05-25
LOAN01855,CUST04819,BR037,Home Loan,7066000.00,7.92,120,Active,2019-03-21
LOAN01856,CUST03975,BR050,Personal Loan,1012000.00,15.20,36,Active,2023-04-29
LOAN01857,CUST03760,BR006,Home Loan,2088000.00,8.81,180,Active,2020-06-23
LOAN01858,CUST04487,BR019,Auto Loan,1700000.00,11.47,60,Active,2023-03-23
LOAN01859,CUST02274,BR041,Personal Loan,1139000.00,15.86,12,Closed,2018-10-10
LOAN01860,CUST03175,BR045,Education Loan,2818000.00,9.62,120,Active,2023-02-12
LOAN01861,CUST02142,BR047,Personal Loan,981000.00,15.64,12,Closed,2020-01-10
LOAN01862,CUST01410,BR030,Home Loan,3960000.00,7.90,120,Defaulted,2020-04-27
LOAN01863,CUST00014,BR013,Home Loan,4932000.00,8.43,180,In Arrears,2022-12-24
LOAN01864,CUST02182,BR004,Education Loan,3259000.00,9.30,60,Active,2021-05-05
LOAN01865,CUST03905,BR023,Personal Loan,845000.00,12.40,60,Closed,2016-01-01
LOAN01866,CUST01484,BR004,Auto Loan,1553000.00,8.99,48,Defaulted,2020-07-22
LOAN01867,CUST03343,BR045,Home Loan,9069000.00,9.04,240,Defaulted,2023-04-01
LOAN01868,CUST03618,BR026,Auto Loan,770000.00,10.76,36,Active,2023-03-30
LOAN01869,CUST01170,BR012,Education Loan,2416000.00,10.88,60,Active,2022-09-05
LOAN01870,CUST03621,BR021,Home Loan,8260000.00,8.21,240,Active,2023-09-16
LOAN01871,CUST04813,BR035,Home Loan,5668000.00,8.75,180,Active,2022-12-01
LOAN01872,CUST01504,BR040,Auto Loan,454000.00,10.74,84,Closed,2022-09-29
LOAN01873,CUST00390,BR003,Gold Loan,258000.00,10.07,24,Closed,2021-01-13
LOAN01874,CUST02482,BR003,Education Loan,561000.00,8.04,120,Closed,2022-08-06
LOAN01875,CUST00527,BR044,Home Loan,7514000.00,9.40,180,Active,2019-05-12
LOAN01876,CUST00395,BR001,Personal Loan,1026000.00,11.64,24,Closed,2021-04-22
LOAN01877,CUST03112,BR039,Personal Loan,489000.00,13.10,24,Active,2023-02-09
LOAN01878,CUST03541,BR015,Personal Loan,861000.00,12.83,24,Defaulted,2022-04-11
LOAN01879,CUST00970,BR023,Personal Loan,1177000.00,14.34,36,Defaulted,2020-04-22
LOAN01880,CUST04346,BR030,Education Loan,3436000.00,9.87,60,Active,2023-06-12
LOAN01881,CUST03095,BR029,Personal Loan,826000.00,13.04,60,Active,2023-10-11
LOAN01882,CUST00753,BR048,Gold Loan,560000.00,9.81,36,Active,2023-04-14
LOAN01883,CUST02903,BR034,Personal Loan,251000.00,13.47,48,Active,2023-09-29
LOAN01884,CUST01366,BR002,Personal Loan,1084000.00,12.83,12,Closed,2020-02-14
LOAN01885,CUST00298,BR003,Business Loan,7154000.00,14.51,36,Defaulted,2023-09-22
LOAN01886,CUST01285,BR002,Personal Loan,356000.00,16.35,60,Active,2021-08-23
LOAN01887,CUST00887,BR027,Personal Loan,1167000.00,14.27,60,Active,2020-05-11
LOAN01888,CUST01188,BR031,Education Loan,3110000.00,9.75,60,Active,2022-05-18
LOAN01889,CUST00393,BR041,Business Loan,532000.00,11.27,84,Active,2023-07-19
LOAN01890,CUST01499,BR016,Education Loan,277000.00,9.05,120,Closed,2023-06-10
LOAN01891,CUST03352,BR013,Personal Loan,729000.00,15.54,60,Active,2019-07-15
LOAN01892,CUST02687,BR025,Personal Loan,648000.00,11.75,36,Active,2023-05-16
LOAN01893,CUST02127,BR027,Auto Loan,689000.00,9.09,48,Closed,2019-10-12
LOAN01894,CUST00404,BR032,Personal Loan,581000.00,15.84,36,Closed,2021-05-23
LOAN01895,CUST02862,BR035,Auto Loan,1887000.00,10.23,60,Active,2023-01-23
LOAN01896,CUST03288,BR036,Personal Loan,524000.00,16.00,12,Closed,2017-10-22
LOAN01897,CUST01849,BR007,Business Loan,848000.00,13.31,36,Closed,2020-10-14
LOAN01898,CUST00442,BR018,Personal Loan,655000.00,16.17,60,Closed,2018-06-19
LOAN01899,CUST00746,BR006,Personal Loan,62000.00,16.15,48,Active,2023-07-23
LOAN01900,CUST02732,BR035,Personal Loan,299000.00,15.57,48,In Arrears,2020-11-06
LOAN01901,CUST02567,BR038,Auto Loan,407000.00,10.98,84,Defaulted,2022-11-07
LOAN01902,CUST03613,BR008,Education Loan,2913000.00,8.72,120,Defaulted,2019-07-11
LOAN01903,CUST02545,BR046,Education Loan,1730000.00,8.96,120,Active,2020-06-12
LOAN01904,CUST00554,BR014,Education Loan,1798000.00,9.85,120,Active,2022-12-24
LOAN01905,CUST02023,BR012,Business Loan,2646000.00,11.24,60,Active,2022-11-04
LOAN01906,CUST00050,BR038,Home Loan,5821000.00,8.37,120,Active,2023-06-02
LOAN01907,CUST01418,BR011,Home Loan,2457000.00,8.23,120,Active,2023-07-14
LOAN01908,CUST00107,BR029,Auto Loan,1291000.00,8.55,84,Active,2020-07-13
LOAN01909,CUST01384,BR047,Home Loan,4744000.00,8.46,240,Active,2023-02-25
LOAN01910,CUST04532,BR008,Personal Loan,648000.00,15.61,12,Defaulted,2019-12-03
LOAN01911,CUST02261,BR034,Home Loan,2974000.00,7.63,300,Active,2022-10-01
LOAN01912,CUST02927,BR049,Gold Loan,648000.00,9.11,12,Closed,2019-08-06
LOAN01913,CUST01278,BR033,Home Loan,5892000.00,9.48,180,Active,2020-05-08
LOAN01914,CUST03717,BR017,Home Loan,7458000.00,8.66,300,Defaulted,2022-10-03
LOAN01915,CUST01803,BR002,Auto Loan,1875000.00,10.66,60,Active,2019-12-30
LOAN01916,CUST04281,BR045,Business Loan,6846000.00,11.34,60,Defaulted,2023-10-09
LOAN01917,CUST04215,BR024,Home Loan,9030000.00,8.80,120,Active,2023-10-03
LOAN01918,CUST01503,BR008,Home Loan,4569000.00,7.90,300,Active,2023-10-12
LOAN01919,CUST00161,BR021,Home Loan,6107000.00,7.91,300,In Arrears,2022-06-20
LOAN01920,CUST04650,BR050,Home Loan,3217000.00,9.24,240,Active,2022-05-06
LOAN01921,CUST04177,BR007,Auto Loan,616000.00,9.00,60,Active,2023-08-09
LOAN01922,CUST03221,BR042,Gold Loan,434000.00,9.32,12,Closed,2020-06-05
LOAN01923,CUST00796,BR004,Gold Loan,407000.00,11.47,24,Closed,2021-04-06
LOAN01924,CUST01379,BR030,Home Loan,7595000.00,7.79,180,Active,2022-03-11
LOAN01925,CUST04027,BR049,Auto Loan,513000.00,8.86,48,Active,2020-09-19
LOAN01926,CUST04031,BR001,Business Loan,929000.00,13.56,120,Closed,2020-07-28
LOAN01927,CUST03761,BR030,Gold Loan,621000.00,12.16,24,Active,2023-10-29
LOAN01928,CUST04801,BR006,Personal Loan,1007000.00,15.88,60,Active,2023-11-02
LOAN01929,CUST04246,BR039,Personal Loan,95000.00,15.92,24,Closed,2019-10-22
LOAN01930,CUST00206,BR029,Business Loan,4381000.00,13.05,84,Active,2023-11-18
LOAN01931,CUST03989,BR017,Home Loan,2126000.00,8.35,120,Active,2023-09-04
LOAN01932,CUST04741,BR030,Home Loan,4954000.00,7.75,180,Active,2019-03-10
LOAN01933,CUST03202,BR043,Gold Loan,183000.00,10.92,12,Closed,2022-03-04
LOAN01934,CUST00210,BR024,Education Loan,2101000.00,9.64,84,Closed,2017-05-29
LOAN01935,CUST00707,BR033,Auto Loan,1098000.00,10.34,84,Closed,2023-03-26
LOAN01936,CUST01327,BR004,Personal Loan,556000.00,14.31,36,Closed,2020-06-13
LOAN01937,CUST04157,BR017,Home Loan,8043000.00,9.23,240,In Arrears,2022-04-05
LOAN01938,CUST04385,BR024,Home Loan,4113000.00,9.26,120,Active,2020-09-01
LOAN01939,CUST02986,BR002,Personal Loan,540000.00,12.36,48,Active,2022-01-25
LOAN01940,CUST04456,BR016,Personal Loan,1101000.00,15.24,60,Closed,2021-03-24
LOAN01941,CUST02214,BR023,Auto Loan,560000.00,11.27,48,Active,2021-08-30
LOAN01942,CUST01376,BR035,Personal Loan,874000.00,15.68,36,Closed,2016-12-20
LOAN01943,CUST04838,BR046,Auto Loan,1458000.00,10.43,60,Closed,2020-07-08
LOAN01944,CUST03296,BR019,Home Loan,4246000.00,7.76,300,Active,2022-02-17
LOAN01945,CUST01425,BR030,Business Loan,2525000.00,12.38,120,Active,2021-11-10
LOAN01946,CUST04268,BR046,Business Loan,4080000.00,14.00,120,Active,2023-07-15
LOAN01947,CUST02322,BR024,Personal Loan,500000.00,12.60,60,Defaulted,2022-08-19
LOAN01948,CUST04476,BR050,Education Loan,1433000.00,9.40,84,Active,2023-03-31
LOAN01949,CUST04482,BR039,Auto Loan,1879000.00,11.24,36,Active,2023-03-26
LOAN01950,CUST01043,BR038,Auto Loan,1584000.00,8.93,60,Active,2021-12-27
LOAN01951,CUST03926,BR033,Personal Loan,855000.00,13.02,36,Active,2023-10-29
LOAN01952,CUST00298,BR003,Education Loan,1435000.00,8.64,120,Active,2023-11-15
LOAN01953,CUST01620,BR038,Home Loan,6761000.00,9.34,300,Active,2023-08-11
LOAN01954,CUST04335,BR042,Personal Loan,618000.00,16.32,60,In Arrears,2021-03-10
LOAN01955,CUST04124,BR048,Gold Loan,277000.00,10.75,24,Closed,2021-05-12
LOAN01956,CUST00389,BR019,Personal Loan,294000.00,15.66,36,Active,2023-10-08
LOAN01957,CUST02450,BR010,Personal Loan,807000.00,12.27,12,Closed,2021-11-10
LOAN01958,CUST03567,BR014,Home Loan,5587000.00,8.24,120,Active,2023-08-27
LOAN01959,CUST00661,BR042,Auto Loan,1567000.00,8.88,36,Active,2022-06-10
LOAN01960,CUST01151,BR040,Auto Loan,1964000.00,8.99,36,Closed,2021-02-13
LOAN01961,CUST03872,BR040,Personal Loan,434000.00,11.57,36,Active,2022-06-07
LOAN01962,CUST02586,BR040,Gold Loan,437000.00,12.36,12,Closed,2022-06-15
LOAN01963,CUST00834,BR042,Personal Loan,1095000.00,12.72,36,Defaulted,2017-02-10
LOAN01964,CUST02885,BR034,Home Loan,8844000.00,9.28,180,Active,2023-04-04
LOAN01965,CUST02310,BR010,Business Loan,3791000.00,12.07,84,Active,2019-11-09
LOAN01966,CUST02645,BR019,Personal Loan,427000.00,14.73,24,Closed,2021-09-23
LOAN01967,CUST01258,BR006,Personal Loan,222000.00,15.27,48,Active,2023-03-20
LOAN01968,CUST01892,BR017,Auto Loan,1691000.00,9.65,36,Closed,2019-03-22
LOAN01969,CUST03893,BR031,Personal Loan,820000.00,16.30,48,Defaulted,2022-11-21
LOAN01970,CUST03501,BR046,Home Loan,3711000.00,7.69,240,Active,2019-04-03
LOAN01971,CUST00627,BR025,Home Loan,8340000.00,8.13,240,Active,2018-10-12
LOAN01972,CUST02545,BR046,Home Loan,6929000.00,9.39,240,Active,2018-09-21
LOAN01973,CUST04198,BR002,Auto Loan,1055000.00,10.51,84,Active,2021-12-02
LOAN01974,CUST01997,BR021,Gold Loan,419000.00,10.92,24,Active,2023-06-30
LOAN01975,CUST01738,BR036,Personal Loan,798000.00,11.14,12,Closed,2018-05-20
LOAN01976,CUST04043,BR035,Auto Loan,942000.00,10.22,36,Active,2023-11-03
LOAN01977,CUST00662,BR034,Home Loan,2753000.00,7.70,240,Active,2017-08-06
LOAN01978,CUST01689,BR017,Home Loan,2337000.00,8.52,300,Active,2018-09-13
LOAN01979,CUST01691,BR021,Personal Loan,844000.00,11.88,60,Closed,2023-02-06
LOAN01980,CUST00521,BR043,Personal Loan,397000.00,13.47,60,Active,2023-02-27
LOAN01981,CUST03988,BR020,Home Loan,1511000.00,7.98,120,Active,2020-03-28
LOAN01982,CUST03296,BR019,Home Loan,6232000.00,7.93,240,Active,2022-08-27
LOAN01983,CUST00139,BR044,Personal Loan,795000.00,15.54,36,Active,2022-10-04
LOAN01984,CUST01059,BR030,Personal Loan,567000.00,11.63,60,Active,2023-03-13
LOAN01985,CUST03074,BR025,Business Loan,1257000.00,13.04,120,Active,2023-03-29
LOAN01986,CUST03374,BR035,Gold Loan,660000.00,11.18,12,Closed,2022-02-14
LOAN01987,CUST03836,BR041,Home Loan,1640000.00,8.87,120,Active,2021-07-25
LOAN01988,CUST04217,BR031,Business Loan,2919000.00,10.31,36,Active,2023-10-01
LOAN01989,CUST02777,BR019,Business Loan,3217000.00,10.01,84,Active,2022-01-27
LOAN01990,CUST01939,BR014,Home Loan,2280000.00,8.34,300,Active,2023-09-30
LOAN01991,CUST04644,BR023,Home Loan,4687000.00,8.82,300,Active,2022-05-08
LOAN01992,CUST03471,BR012,Home Loan,8696000.00,8.64,240,Active,2021-09-29
LOAN01993,CUST02977,BR014,Home Loan,5676000.00,8.43,300,Active,2022-06-07
LOAN01994,CUST03759,BR027,Business Loan,3884000.00,12.46,84,Closed,2015-05-21
LOAN01995,CUST03538,BR022,Personal Loan,95000.00,12.17,24,Active,2023-11-23
LOAN01996,CUST00253,BR013,Personal Loan,596000.00,16.12,48,Active,2022-05-09
LOAN01997,CUST02189,BR033,Home Loan,3350000.00,8.26,300,Active,2023-08-09
LOAN01998,CUST03752,BR018,Auto Loan,469000.00,10.64,48,Active,2023-07-03
LOAN01999,CUST00226,BR028,Personal Loan,365000.00,16.45,36,Closed,2017-03-22
LOAN02000,CUST01614,BR044,Home Loan,9372000.00,9.34,180,Active,2023-10-04
LOAN02001,CUST01901,BR043,Home Loan,3236000.00,8.32,120,Active,2023-10-24
LOAN02002,CUST03032,BR012,Home Loan,5503000.00,9.34,180,Active,2018-09-08
LOAN02003,CUST00311,BR030,Auto Loan,1756000.00,10.02,36,Active,2021-09-29
LOAN02004,CUST03932,BR002,Gold Loan,414000.00,12.06,12,In Arrears,2023-08-14
LOAN02005,CUST04464,BR030,Gold Loan,756000.00,11.33,36,Closed,2018-01-10
LOAN02006,CUST03918,BR032,Home Loan,6011000.00,7.88,180,Active,2021-10-01
LOAN02007,CUST02607,BR031,Personal Loan,595000.00,13.01,12,Closed,2019-10-16
LOAN02008,CUST04176,BR003,Home Loan,7130000.00,8.64,180,Closed,2022-06-24
LOAN02009,CUST00344,BR025,Auto Loan,405000.00,10.96,48,Defaulted,2023-06-16
LOAN02010,CUST03792,BR023,Gold Loan,99000.00,11.98,36,Active,2023-08-09
LOAN02011,CUST01151,BR040,Auto Loan,1650000.00,10.60,36,Closed,2021-02-19
LOAN02012,CUST00234,BR008,Personal Loan,679000.00,14.56,36,Active,2023-09-29
LOAN02013,CUST00019,BR034,Home Loan,6506000.00,9.48,300,Active,2021-04-27
LOAN02014,CUST02626,BR007,Personal Loan,485000.00,14.68,48,Active,2021-10-15
LOAN02015,CUST04759,BR050,Personal Loan,1148000.00,14.09,36,Active,2021-11-27
LOAN02016,CUST03442,BR048,Personal Loan,155000.00,12.61,48,Closed,2018-04-08
LOAN02017,CUST03999,BR035,Home Loan,2397000.00,8.03,240,Closed,2023-10-08
LOAN02018,CUST04669,BR041,Personal Loan,842000.00,13.73,24,Closed,2021-03-14
LOAN02019,CUST04863,BR049,Home Loan,7989000.00,7.57,180,Active,2020-09-01
LOAN02020,CUST03335,BR027,Education Loan,2502000.00,9.62,84,Active,2021-12-10
LOAN02021,CUST00740,BR035,Gold Loan,349000.00,9.86,36,Closed,2020-08-21
LOAN02022,CUST02985,BR018,Personal Loan,931000.00,15.61,12,Closed,2022-12-18
LOAN02023,CUST02486,BR004,Personal Loan,495000.00,14.37,60,Active,2020-04-26
LOAN02024,CUST00768,BR040,Home Loan,4400000.00,8.11,300,Active,2021-12-07
LOAN02025,CUST03540,BR003,Home Loan,1571000.00,8.63,240,Active,2020-12-04
LOAN02026,CUST03831,BR034,Home Loan,6366000.00,9.31,240,Closed,2023-11-01
LOAN02027,CUST03726,BR027,Home Loan,4775000.00,7.57,120,Active,2023-03-15
LOAN02028,CUST03880,BR018,Education Loan,1746000.00,9.01,84,Active,2022-01-30
LOAN02029,CUST00777,BR013,Personal Loan,546000.00,15.68,36,Active,2023-11-24
LOAN02030,CUST01362,BR041,Auto Loan,2181000.00,9.49,36,Active,2021-09-04
LOAN02031,CUST04778,BR038,Home Loan,3601000.00,7.60,240,Active,2017-11-15
LOAN02032,CUST01886,BR035,Education Loan,2402000.00,9.32,120,Closed,2018-11-27
LOAN02033,CUST03826,BR046,Home Loan,3347000.00,8.27,240,Defaulted,2023-05-18
LOAN02034,CUST03059,BR036,Auto Loan,434000.00,11.17,84,Active,2023-11-24
LOAN02035,CUST01850,BR048,Home Loan,6057000.00,7.90,240,In Arrears,2019-01-15
LOAN02036,CUST04415,BR043,Personal Loan,63000.00,14.80,60,Active,2021-01-25
LOAN02037,CUST04884,BR045,Home Loan,8727000.00,7.55,300,Active,2023-01-05
LOAN02038,CUST01144,BR039,Home Loan,3969000.00,7.54,300,Active,2023-11-15
LOAN02039,CUST00567,BR040,Personal Loan,367000.00,13.67,24,Closed,2021-07-28
LOAN02040,CUST01715,BR033,Gold Loan,273000.00,11.07,36,Active,2023-07-30
LOAN02041,CUST04257,BR013,Home Loan,7870000.00,8.55,120,Active,2021-07-25
LOAN02042,CUST03130,BR030,Home Loan,7411000.00,9.11,120,Active,2021-06-22
LOAN02043,CUST01968,BR004,Home Loan,5852000.00,8.17,240,Active,2023-05-20
LOAN02044,CUST01030,BR046,Personal Loan,507000.00,11.26,12,Closed,2022-02-25
LOAN02045,CUST02955,BR048,Auto Loan,1963000.00,11.31,48,Active,2021-01-28
LOAN02046,CUST01146,BR004,Home Loan,7269000.00,7.51,240,Active,2022-12-13
LOAN02047,CUST01067,BR036,Education Loan,1091000.00,8.52,120,Closed,2018-11-20
LOAN02048,CUST04599,BR036,Personal Loan,866000.00,11.43,48,Active,2023-12-17
LOAN02049,CUST00568,BR034,Education Loan,3323000.00,8.18,60,Active,2022-01-04
LOAN02050,CUST04455,BR047,Education Loan,2161000.00,9.23,84,Active,2021-02-18
LOAN02051,CUST02356,BR035,Home Loan,5752000.00,8.83,240,Active,2023-04-14
LOAN02052,CUST01787,BR025,Home Loan,9103000.00,8.88,120,Active,2023-05-26
LOAN02053,CUST01110,BR004,Education Loan,545000.00,8.86,84,Active,2019-12-21
LOAN02054,CUST03168,BR019,Home Loan,3436000.00,8.59,120,In Arrears,2023-07-16
LOAN02055,CUST04828,BR044,Auto Loan,1048000.00,11.43,84,Active,2020-04-30
LOAN02056,CUST04763,BR033,Personal Loan,1046000.00,14.89,12,Closed,2020-06-25
LOAN02057,CUST02209,BR026,Education Loan,2906000.00,8.17,84,Active,2023-09-23
LOAN02058,CUST03821,BR019,Gold Loan,216000.00,11.35,12,Defaulted,2022-11-08
LOAN02059,CUST04165,BR011,Personal Loan,779000.00,11.38,48,Active,2023-10-18
LOAN02060,CUST04810,BR035,Home Loan,6979000.00,8.47,120,Active,2021-12-06
LOAN02061,CUST01070,BR031,Personal Loan,190000.00,16.04,12,Closed,2017-05-21
LOAN02062,CUST02237,BR045,Personal Loan,1112000.00,14.18,36,Closed,2019-09-09
LOAN02063,CUST04478,BR008,Home Loan,9321000.00,8.54,180,Active,2023-01-14
LOAN02064,CUST00633,BR026,Personal Loan,1006000.00,12.35,12,Closed,2022-08-14
LOAN02065,CUST04820,BR020,Personal Loan,468000.00,14.71,48,Active,2023-06-10
LOAN02066,CUST04113,BR012,Home Loan,5629000.00,7.89,240,Active,2020-07-14
LOAN02067,CUST03310,BR041,Auto Loan,273000.00,10.58,36,Active,2023-08-28
LOAN02068,CUST04131,BR016,Business Loan,652000.00,11.74,60,Active,2023-08-02
LOAN02069,CUST01532,BR026,Home Loan,1863000.00,7.55,240,Active,2023-08-28
LOAN02070,CUST04967,BR038,Auto Loan,2197000.00,9.39,84,Active,2023-10-17
LOAN02071,CUST04917,BR029,Home Loan,4267000.00,8.15,300,Active,2023-03-15
LOAN02072,CUST02991,BR047,Auto Loan,643000.00,9.36,84,Active,2022-12-15
LOAN02073,CUST04160,BR020,Personal Loan,976000.00,15.57,36,Active,2022-01-02
LOAN02074,CUST04651,BR044,Business Loan,1333000.00,14.13,36,Closed,2020-01-06
LOAN02075,CUST01418,BR011,Auto Loan,925000.00,9.82,84,Active,2023-04-08
LOAN02076,CUST02017,BR036,Auto Loan,351000.00,8.76,48,Active,2021-03-05
LOAN02077,CUST00472,BR004,Auto Loan,2000000.00,8.54,84,Defaulted,2023-11-04
LOAN02078,CUST04710,BR039,Home Loan,1666000.00,9.08,180,Active,2021-10-31
LOAN02079,CUST04251,BR045,Home Loan,5369000.00,8.75,180,Active,2021-04-08
LOAN02080,CUST01756,BR022,Personal Loan,228000.00,13.29,24,In Arrears,2022-07-01
LOAN02081,CUST01384,BR047,Personal Loan,999000.00,15.03,24,Active,2023-03-27
LOAN02082,CUST01737,BR014,Home Loan,2802000.00,9.09,180,Active,2023-10-18
LOAN02083,CUST02511,BR026,Personal Loan,116000.00,15.64,48,Active,2023-07-12
LOAN02084,CUST03196,BR035,Home Loan,4082000.00,8.94,180,Active,2023-11-28
LOAN02085,CUST00661,BR042,Home Loan,2482000.00,7.74,120,Active,2022-04-16
LOAN02086,CUST00910,BR043,Personal Loan,345000.00,15.72,36,Closed,2018-10-22
LOAN02087,CUST03646,BR002,Home Loan,8239000.00,7.66,180,Active,2020-08-05
LOAN02088,CUST04988,BR007,Personal Loan,53000.00,15.50,60,Active,2022-09-08
LOAN02089,CUST02769,BR019,Personal Loan,576000.00,11.17,36,Active,2023-01-14
LOAN02090,CUST01557,BR023,Auto Loan,577000.00,9.20,36,Closed,2018-01-01
LOAN02091,CUST03339,BR039,Business Loan,3316000.00,11.96,120,Active,2020-12-23
LOAN02092,CUST00800,BR015,Home Loan,4688000.00,7.99,240,Active,2022-10-30
LOAN02093,CUST04632,BR004,Home Loan,9116000.00,9.35,300,In Arrears,2020-05-01
LOAN02094,CUST01878,BR024,Home Loan,7742000.00,8.54,120,Active,2022-02-27
LOAN02095,CUST02903,BR034,Home Loan,6829000.00,8.58,240,Closed,2023-06-26
LOAN02096,CUST02527,BR016,Home Loan,5907000.00,8.85,240,Active,2023-10-10
LOAN02097,CUST00626,BR026,Business Loan,1490000.00,11.14,84,Active,2022-04-30
LOAN02098,CUST01082,BR033,Personal Loan,303000.00,15.82,60,Active,2019-08-23
LOAN02099,CUST01152,BR041,Home Loan,7467000.00,9.04,300,Defaulted,2021-04-08
LOAN02100,CUST04875,BR037,Business Loan,1496000.00,13.22,60,Closed,2019-06-14
LOAN02101,CUST04239,BR009,Gold Loan,424000.00,11.15,12,Active,2023-10-22
LOAN02102,CUST03740,BR015,Auto Loan,577000.00,9.14,36,Closed,2015-07-06
LOAN02103,CUST02307,BR032,Personal Loan,920000.00,12.57,60,Active,2023-11-17
LOAN02104,CUST00797,BR041,Business Loan,6933000.00,13.50,60,Active,2023-09-21
LOAN02105,CUST03948,BR028,Business Loan,4629000.00,11.07,120,Active,2016-11-06
LOAN02106,CUST01961,BR002,Personal Loan,716000.00,13.56,36,Defaulted,2022-04-09
LOAN02107,CUST00019,BR034,Education Loan,359000.00,9.62,84,Active,2020-02-23
LOAN02108,CUST04273,BR048,Personal Loan,966000.00,13.18,12,Closed,2017-07-13
LOAN02109,CUST02476,BR028,Home Loan,2079000.00,9.10,240,Active,2022-06-22
LOAN02110,CUST01783,BR015,Auto Loan,1362000.00,9.09,48,Defaulted,2021-04-10
LOAN02111,CUST01208,BR035,Personal Loan,1049000.00,14.46,24,Active,2022-11-06
LOAN02112,CUST01977,BR049,Auto Loan,2154000.00,9.90,60,Active,2023-08-19
LOAN02113,CUST04416,BR025,Home Loan,8128000.00,7.95,240,Active,2022-07-19
LOAN02114,CUST03126,BR011,Personal Loan,1145000.00,15.09,24,Closed,2018-08-26
LOAN02115,CUST01960,BR006,Gold Loan,343000.00,10.76,24,Closed,2022-02-26
LOAN02116,CUST00882,BR018,Home Loan,5918000.00,8.25,120,In Arrears,2015-11-21
LOAN02117,CUST04784,BR027,Home Loan,6382000.00,9.27,300,Active,2021-09-26
LOAN02118,CUST00491,BR048,Business Loan,6211000.00,10.03,60,Closed,2019-02-03
LOAN02119,CUST03387,BR041,Auto Loan,1776000.00,8.66,36,Active,2023-08-05
LOAN02120,CUST03245,BR009,Personal Loan,1147000.00,11.63,48,Active,2022-02-19
LOAN02121,CUST02898,BR046,Personal Loan,834000.00,13.95,12,Closed,2019-08-20
LOAN02122,CUST00184,BR026,Personal Loan,351000.00,12.24,12,Closed,2023-06-23
LOAN02123,CUST00845,BR030,Personal Loan,287000.00,13.60,24,Active,2023-08-09
LOAN02124,CUST02965,BR018,Auto Loan,609000.00,9.71,60,Closed,2018-02-05
LOAN02125,CUST00038,BR008,Personal Loan,1052000.00,12.23,24,Closed,2022-04-13
LOAN02126,CUST01180,BR049,Business Loan,5554000.00,11.70,60,Defaulted,2021-10-23
LOAN02127,CUST03195,BR045,Auto Loan,996000.00,11.39,60,Active,2023-08-01
LOAN02128,CUST02201,BR010,Home Loan,4052000.00,8.02,300,Active,2019-10-14
LOAN02129,CUST03867,BR040,Business Loan,6098000.00,10.98,120,Active,2022-07-21
LOAN02130,CUST04611,BR005,Gold Loan,461000.00,10.19,24,In Arrears,2023-10-29
LOAN02131,CUST01627,BR018,Business Loan,3799000.00,10.95,84,Active,2022-07-10
LOAN02132,CUST01481,BR037,Home Loan,2857000.00,9.49,240,Active,2021-11-30
LOAN02133,CUST00510,BR049,Home Loan,6836000.00,8.32,180,Defaulted,2023-09-08
LOAN02134,CUST04539,BR049,Auto Loan,842000.00,10.65,60,Active,2021-06-13
LOAN02135,CUST00943,BR033,Education Loan,1229000.00,10.51,84,Active,2020-03-24
LOAN02136,CUST04532,BR008,Auto Loan,1939000.00,8.92,36,Closed,2019-12-22
LOAN02137,CUST04334,BR001,Home Loan,8396000.00,8.02,180,Active,2023-10-21
LOAN02138,CUST01592,BR047,Business Loan,5278000.00,13.30,120,Active,2020-08-18
LOAN02139,CUST01390,BR042,Home Loan,7418000.00,7.57,300,Defaulted,2020-02-08
LOAN02140,CUST02418,BR021,Education Loan,3314000.00,8.12,60,Active,2023-10-28
LOAN02141,CUST02976,BR007,Personal Loan,784000.00,11.28,48,Active,2021-11-30
LOAN02142,CUST02192,BR049,Personal Loan,1194000.00,14.47,48,Active,2020-12-07
LOAN02143,CUST02969,BR012,Business Loan,2933000.00,12.55,36,Defaulted,2021-08-10
LOAN02144,CUST01167,BR011,Business Loan,6428000.00,10.10,84,Closed,2019-02-11
LOAN02145,CUST02188,BR012,Home Loan,6447000.00,9.13,300,Active,2022-07-10
LOAN02146,CUST02760,BR026,Auto Loan,1666000.00,10.75,84,Active,2022-03-27
LOAN02147,CUST01702,BR044,Business Loan,1667000.00,13.32,84,In Arrears,2021-12-12
LOAN02148,CUST04663,BR049,Personal Loan,907000.00,11.84,48,Defaulted,2020-02-07
LOAN02149,CUST03567,BR014,Auto Loan,2052000.00,9.80,36,Closed,2020-07-03
LOAN02150,CUST02764,BR037,Home Loan,4069000.00,8.74,120,Defaulted,2021-10-02
LOAN02151,CUST04498,BR048,Personal Loan,935000.00,11.66,60,In Arrears,2023-12-18
LOAN02152,CUST02890,BR050,Auto Loan,2021000.00,9.46,48,Active,2021-12-18
LOAN02153,CUST01627,BR018,Personal Loan,475000.00,13.88,12,Closed,2020-05-14
LOAN02154,CUST02976,BR007,Auto Loan,2060000.00,11.34,60,Defaulted,2019-07-26
LOAN02155,CUST01980,BR049,Home Loan,6542000.00,7.65,180,Active,2023-09-05
LOAN02156,CUST03044,BR034,Home Loan,4194000.00,8.70,120,Active,2023-12-27
LOAN02157,CUST01744,BR002,Personal Loan,960000.00,12.51,12,Closed,2017-06-21
LOAN02158,CUST02356,BR035,Personal Loan,656000.00,14.31,24,Active,2023-05-25
LOAN02159,CUST02402,BR046,Education Loan,1859000.00,8.31,60,Defaulted,2023-11-21
LOAN02160,CUST03001,BR025,Home Loan,5055000.00,8.85,300,Active,2023-07-01
LOAN02161,CUST03617,BR019,Home Loan,3433000.00,8.00,240,Closed,2021-01-11
LOAN02162,CUST03005,BR044,Home Loan,7476000.00,9.33,180,Active,2023-04-21
LOAN02163,CUST00827,BR048,Home Loan,8991000.00,7.99,180,Active,2022-11-13
LOAN02164,CUST04113,BR012,Business Loan,7156000.00,11.86,84,Active,2021-03-14
LOAN02165,CUST00591,BR028,Home Loan,6439000.00,7.64,240,Active,2020-01-30
LOAN02166,CUST02205,BR004,Gold Loan,722000.00,9.09,12,Closed,2023-09-23
LOAN02167,CUST04904,BR042,Home Loan,7691000.00,7.56,180,Active,2022-04-24
LOAN02168,CUST04667,BR044,Business Loan,6586000.00,11.60,120,Active,2020-09-25
LOAN02169,CUST01997,BR021,Business Loan,7464000.00,12.19,36,Defaulted,2023-08-29
LOAN02170,CUST00311,BR030,Auto Loan,1495000.00,9.79,48,Active,2022-07-04
LOAN02171,CUST02098,BR019,Auto Loan,312000.00,9.96,48,Active,2020-11-02
LOAN02172,CUST03144,BR049,Auto Loan,562000.00,10.69,48,Active,2021-08-15
LOAN02173,CUST00464,BR006,Home Loan,8174000.00,9.09,300,Active,2022-05-15
LOAN02174,CUST02887,BR009,Personal Loan,464000.00,14.51,48,Active,2021-06-05
LOAN02175,CUST04214,BR015,Auto Loan,597000.00,10.65,60,Active,2020-06-22
LOAN02176,CUST00404,BR032,Business Loan,6579000.00,11.07,60,Active,2023-04-03
LOAN02177,CUST03043,BR020,Personal Loan,989000.00,15.84,48,Closed,2022-09-05
LOAN02178,CUST04557,BR013,Business Loan,5959000.00,11.67,84,Active,2023-02-27
LOAN02179,CUST03237,BR049,Home Loan,4366000.00,9.24,120,Active,2020-06-23
LOAN02180,CUST03444,BR001,Auto Loan,1537000.00,10.12,84,Active,2018-08-12
LOAN02181,CUST04043,BR035,Business Loan,6244000.00,11.59,60,Active,2023-01-03
LOAN02182,CUST04334,BR001,Personal Loan,359000.00,14.27,60,Active,2023-10-08
LOAN02183,CUST04817,BR045,Personal Loan,1086000.00,11.72,48,Defaulted,2022-06-19
LOAN02184,CUST02243,BR014,Home Loan,3378000.00,8.46,120,Active,2023-08-06
LOAN02185,CUST03352,BR013,Home Loan,6006000.00,7.68,120,Active,2016-03-20
LOAN02186,CUST02742,BR043,Business Loan,696000.00,12.42,120,Active,2020-04-12
LOAN02187,CUST04574,BR044,Auto Loan,725000.00,10.58,36,Closed,2019-12-05
LOAN02188,CUST01063,BR011,Gold Loan,690000.00,11.38,24,Closed,2022-05-01
LOAN02189,CUST04965,BR037,Gold Loan,621000.00,9.35,36,Closed,2020-04-12
LOAN02190,CUST03704,BR043,Personal Loan,410000.00,14.12,12,Closed,2021-12-17
LOAN02191,CUST02391,BR033,Home Loan,6701000.00,8.88,240,Active,2018-11-09
LOAN02192,CUST04553,BR048,Home Loan,5564000.00,7.67,240,Active,2020-04-13
LOAN02193,CUST00357,BR042,Home Loan,5716000.00,7.68,120,Active,2023-07-28
LOAN02194,CUST02296,BR030,Home Loan,5106000.00,8.79,300,Active,2023-11-17
LOAN02195,CUST04319,BR041,Gold Loan,594000.00,9.97,12,Defaulted,2021-06-29
LOAN02196,CUST01376,BR035,Education Loan,3210000.00,10.77,120,Active,2020-10-31
LOAN02197,CUST00156,BR043,Home Loan,8005000.00,8.10,120,Active,2021-03-27
LOAN02198,CUST04114,BR001,Personal Loan,371000.00,12.39,12,Closed,2018-10-04
LOAN02199,CUST03533,BR023,Gold Loan,104000.00,10.83,12,In Arrears,2023-09-07
LOAN02200,CUST02180,BR028,Auto Loan,1570000.00,11.17,60,Active,2023-12-31
LOAN02201,CUST03057,BR044,Education Loan,943000.00,8.54,84,Active,2022-12-04
LOAN02202,CUST04058,BR028,Home Loan,3938000.00,8.03,240,Active,2023-10-07
LOAN02203,CUST01230,BR032,Auto Loan,2079000.00,10.01,84,Active,2021-03-07
LOAN02204,CUST03952,BR048,Auto Loan,1376000.00,8.78,48,Closed,2019-10-01
LOAN02205,CUST00680,BR003,Auto Loan,1585000.00,8.53,48,Active,2023-09-15
LOAN02206,CUST01197,BR044,Home Loan,2566000.00,8.33,180,Active,2023-01-07
LOAN02207,CUST03269,BR010,Home Loan,3796000.00,9.08,300,Active,2021-08-06
LOAN02208,CUST01873,BR006,Personal Loan,783000.00,14.61,12,Closed,2020-08-14
LOAN02209,CUST01697,BR039,Gold Loan,349000.00,11.25,36,Defaulted,2022-12-16
LOAN02210,CUST01044,BR026,Auto Loan,1408000.00,11.27,36,Closed,2023-07-06
LOAN02211,CUST04782,BR001,Auto Loan,1129000.00,8.95,84,Active,2023-11-20
LOAN02212,CUST00435,BR036,Personal Loan,343000.00,11.57,12,Closed,2023-01-22
LOAN02213,CUST04235,BR004,Personal Loan,189000.00,11.27,36,Active,2023-05-28
LOAN02214,CUST00160,BR031,Home Loan,5243000.00,9.23,300,Defaulted,2023-09-04
LOAN02215,CUST02831,BR015,Personal Loan,635000.00,14.18,36,Closed,2020-06-30
LOAN02216,CUST02223,BR017,Personal Loan,151000.00,11.41,12,Defaulted,2021-04-19
LOAN02217,CUST01803,BR002,Personal Loan,1029000.00,15.75,12,Defaulted,2021-10-26
LOAN02218,CUST03536,BR034,Education Loan,3277000.00,8.28,60,Active,2023-01-21
LOAN02219,CUST02588,BR025,Personal Loan,844000.00,14.30,12,Closed,2022-06-27
LOAN02220,CUST04837,BR013,Personal Loan,179000.00,11.13,48,Active,2023-10-01
LOAN02221,CUST00711,BR020,Business Loan,6128000.00,11.47,36,Closed,2020-04-17
LOAN02222,CUST03117,BR029,Personal Loan,90000.00,13.16,48,Defaulted,2022-08-01
LOAN02223,CUST01182,BR014,Home Loan,8301000.00,7.65,180,Active,2019-12-01
LOAN02224,CUST02906,BR014,Home Loan,3182000.00,8.38,120,Active,2023-11-14
LOAN02225,CUST02304,BR039,Home Loan,6127000.00,8.90,300,In Arrears,2023-03-09
LOAN02226,CUST02167,BR023,Home Loan,4824000.00,8.56,120,Closed,2021-01-07
LOAN02227,CUST03429,BR046,Business Loan,5288000.00,12.74,120,Closed,2022-03-01
LOAN02228,CUST03927,BR041,Education Loan,1232000.00,10.03,60,Active,2022-09-03
LOAN02229,CUST02670,BR048,Home Loan,2607000.00,8.05,240,Closed,2019-01-24
LOAN02230,CUST00770,BR036,Home Loan,2960000.00,8.63,240,Active,2022-10-04
LOAN02231,CUST01582,BR039,Personal Loan,595000.00,14.98,60,Active,2022-11-27
LOAN02232,CUST04458,BR002,Home Loan,6796000.00,8.75,180,Active,2020-02-09
LOAN02233,CUST00755,BR045,Personal Loan,721000.00,15.25,12,Closed,2020-12-08
LOAN02234,CUST03483,BR027,Personal Loan,820000.00,12.67,36,Closed,2018-05-21
LOAN02235,CUST04219,BR013,Gold Loan,655000.00,9.72,12,Closed,2021-04-16
LOAN02236,CUST04645,BR044,Personal Loan,816000.00,16.40,36,In Arrears,2023-01-06
LOAN02237,CUST00139,BR044,Personal Loan,635000.00,11.10,48,Active,2023-07-16
LOAN02238,CUST01045,BR029,Auto Loan,881000.00,10.28,48,Active,2022-10-14
LOAN02239,CUST02150,BR050,Education Loan,3201000.00,8.57,60,Closed,2018-01-09
LOAN02240,CUST02038,BR021,Home Loan,2925000.00,8.25,240,Active,2022-11-27
LOAN02241,CUST00550,BR038,Education Loan,2526000.00,10.03,120,Active,2021-11-15
LOAN02242,CUST00944,BR001,Home Loan,2358000.00,8.07,240,Active,2018-12-14
LOAN02243,CUST03153,BR011,Auto Loan,498000.00,9.06,36,Active,2022-02-20
LOAN02244,CUST04616,BR036,Auto Loan,1910000.00,8.55,60,Active,2022-07-15
LOAN02245,CUST03575,BR043,Personal Loan,501000.00,12.24,36,Closed,2021-02-27
LOAN02246,CUST03068,BR006,Personal Loan,987000.00,11.63,60,Active,2023-10-14
LOAN02247,CUST02357,BR035,Education Loan,1449000.00,10.94,60,Active,2020-09-12
LOAN02248,CUST03057,BR044,Home Loan,4613000.00,9.10,240,Active,2022-07-27
LOAN02249,CUST04768,BR039,Personal Loan,935000.00,12.34,12,Active,2023-09-14
LOAN02250,CUST00285,BR012,Business Loan,2800000.00,11.70,84,Active,2021-02-27
LOAN02251,CUST02654,BR035,Home Loan,5302000.00,8.97,300,Active,2022-08-29
LOAN02252,CUST03751,BR039,Home Loan,8478000.00,7.84,180,Active,2021-07-16
LOAN02253,CUST00104,BR043,Personal Loan,900000.00,15.73,48,Active,2021-05-10
LOAN02254,CUST01104,BR039,Personal Loan,156000.00,15.87,60,Closed,2017-10-31
LOAN02255,CUST01817,BR009,Personal Loan,358000.00,11.84,60,Active,2022-11-17
LOAN02256,CUST04842,BR040,Business Loan,935000.00,12.92,120,In Arrears,2018-04-04
LOAN02257,CUST02712,BR044,Home Loan,7983000.00,9.46,120,Active,2023-06-21
LOAN02258,CUST04274,BR010,Business Loan,7066000.00,12.55,120,Active,2023-07-09
LOAN02259,CUST04448,BR016,Business Loan,3972000.00,12.84,60,Active,2019-10-06
LOAN02260,CUST00513,BR015,Home Loan,8565000.00,8.03,180,Active,2020-03-14
LOAN02261,CUST02096,BR005,Personal Loan,412000.00,12.28,48,Active,2022-02-27
LOAN02262,CUST00120,BR022,Auto Loan,510000.00,8.74,36,In Arrears,2022-07-11
LOAN02263,CUST00643,BR016,Gold Loan,461000.00,11.32,24,Closed,2017-10-18
LOAN02264,CUST03620,BR023,Auto Loan,348000.00,9.08,48,Closed,2019-02-05
LOAN02265,CUST02326,BR010,Auto Loan,1206000.00,8.55,36,Closed,2020-09-25
LOAN02266,CUST03780,BR039,Home Loan,4474000.00,8.62,240,Active,2023-10-16
LOAN02267,CUST00193,BR046,Home Loan,2108000.00,7.50,300,Active,2019-01-29
LOAN02268,CUST00776,BR027,Home Loan,2958000.00,9.45,300,Closed,2021-02-06
LOAN02269,CUST02551,BR019,Auto Loan,877000.00,9.58,36,Active,2023-05-25
LOAN02270,CUST03374,BR035,Auto Loan,1915000.00,10.73,60,Active,2022-10-03
LOAN02271,CUST04315,BR029,Home Loan,3759000.00,8.18,240,Active,2023-11-02
LOAN02272,CUST03394,BR007,Education Loan,3085000.00,10.10,120,Active,2022-11-17
LOAN02273,CUST04535,BR034,Business Loan,3017000.00,13.15,84,Active,2023-05-01
LOAN02274,CUST00231,BR024,Personal Loan,395000.00,13.90,12,Closed,2021-07-11
LOAN02275,CUST01435,BR022,Home Loan,1955000.00,9.07,180,Active,2023-01-23
LOAN02276,CUST02711,BR018,Education Loan,3424000.00,10.02,120,Defaulted,2023-03-24
LOAN02277,CUST02610,BR004,Home Loan,1942000.00,7.72,300,Closed,2022-07-08
LOAN02278,CUST05000,BR047,Business Loan,6098000.00,10.75,36,Active,2022-09-29
LOAN02279,CUST04814,BR028,Business Loan,3299000.00,11.59,60,In Arrears,2023-06-15
LOAN02280,CUST03062,BR012,Business Loan,1575000.00,11.99,120,Active,2016-02-05
LOAN02281,CUST04612,BR039,Gold Loan,675000.00,10.04,24,Active,2022-12-26
LOAN02282,CUST00759,BR046,Education Loan,2577000.00,10.27,120,Active,2022-11-02
LOAN02283,CUST04048,BR012,Education Loan,1727000.00,9.42,120,Active,2019-11-01
LOAN02284,CUST02459,BR040,Home Loan,6853000.00,7.85,180,Active,2023-04-07
LOAN02285,CUST04006,BR016,Auto Loan,599000.00,9.75,84,Active,2022-04-18
LOAN02286,CUST01953,BR045,Home Loan,2213000.00,9.45,240,Closed,2021-06-12
LOAN02287,CUST04706,BR012,Auto Loan,527000.00,10.22,48,Active,2022-03-18
LOAN02288,CUST02886,BR028,Home Loan,3497000.00,8.56,240,Active,2017-06-06
LOAN02289,CUST03168,BR019,Home Loan,1742000.00,9.30,120,Active,2021-10-28
LOAN02290,CUST04656,BR050,Auto Loan,591000.00,10.42,36,Active,2022-02-18
LOAN02291,CUST04546,BR037,Education Loan,2330000.00,10.77,84,Closed,2022-06-06
LOAN02292,CUST01698,BR043,Home Loan,5548000.00,8.91,240,Closed,2018-08-22
LOAN02293,CUST00231,BR024,Home Loan,7559000.00,9.02,120,Active,2023-06-02
LOAN02294,CUST03178,BR002,Personal Loan,408000.00,14.24,12,Defaulted,2022-11-09
LOAN02295,CUST01056,BR037,Personal Loan,422000.00,14.04,24,Active,2023-11-15
LOAN02296,CUST01488,BR026,Auto Loan,1089000.00,9.73,36,Active,2023-05-13
LOAN02297,CUST03738,BR008,Personal Loan,593000.00,13.35,48,Active,2022-04-04
LOAN02298,CUST01998,BR039,Personal Loan,95000.00,15.68,24,Active,2023-07-13
LOAN02299,CUST01635,BR025,Auto Loan,1065000.00,11.26,60,Active,2023-05-23
LOAN02300,CUST03962,BR037,Personal Loan,628000.00,16.12,60,In Arrears,2022-11-13
LOAN02301,CUST00072,BR009,Home Loan,8762000.00,8.04,180,Closed,2021-01-17
LOAN02302,CUST03842,BR002,Home Loan,7742000.00,8.99,240,Defaulted,2020-03-30
LOAN02303,CUST02558,BR033,Gold Loan,259000.00,12.05,24,Closed,2022-08-24
LOAN02304,CUST03909,BR021,Gold Loan,716000.00,9.16,36,Active,2023-10-14
LOAN02305,CUST02081,BR026,Auto Loan,746000.00,9.81,60,Active,2019-10-24
LOAN02306,CUST02714,BR015,Gold Loan,141000.00,11.37,36,Closed,2020-07-17
LOAN02307,CUST01259,BR047,Gold Loan,667000.00,12.17,12,Closed,2023-04-12
LOAN02308,CUST02637,BR014,Auto Loan,1306000.00,8.68,84,Closed,2017-01-24
LOAN02309,CUST01589,BR035,Home Loan,1569000.00,9.04,240,Active,2023-04-23
LOAN02310,CUST01929,BR027,Personal Loan,928000.00,12.12,60,Active,2022-06-17
LOAN02311,CUST01007,BR012,Home Loan,7723000.00,8.30,180,Defaulted,2023-11-09
LOAN02312,CUST03239,BR034,Business Loan,2881000.00,10.53,84,Active,2018-07-24
LOAN02313,CUST03204,BR029,Education Loan,2306000.00,8.97,120,Active,2023-11-14
LOAN02314,CUST00546,BR007,Home Loan,6096000.00,8.47,180,Active,2017-05-20
LOAN02315,CUST03305,BR015,Gold Loan,400000.00,11.92,24,Closed,2019-06-05
LOAN02316,CUST03130,BR030,Auto Loan,424000.00,10.94,36,Active,2022-06-07
LOAN02317,CUST04480,BR049,Auto Loan,2150000.00,10.58,36,Active,2023-05-19
LOAN02318,CUST00579,BR026,Personal Loan,386000.00,13.45,24,Closed,2019-11-09
LOAN02319,CUST04040,BR015,Business Loan,5510000.00,14.73,36,Active,2022-10-01
LOAN02320,CUST03349,BR024,Education Loan,3396000.00,10.31,120,Active,2023-05-29
LOAN02321,CUST02681,BR026,Home Loan,7994000.00,7.53,120,In Arrears,2018-10-18
LOAN02322,CUST04647,BR041,Personal Loan,232000.00,13.06,12,Closed,2018-12-12
LOAN02323,CUST01345,BR048,Home Loan,9250000.00,9.27,300,Active,2023-07-22
LOAN02324,CUST04344,BR040,Personal Loan,185000.00,11.44,48,Closed,2022-01-18
LOAN02325,CUST03765,BR034,Home Loan,3304000.00,8.84,180,Active,2019-12-23
LOAN02326,CUST03893,BR031,Personal Loan,120000.00,11.38,60,Closed,2018-03-09
LOAN02327,CUST02443,BR038,Auto Loan,1127000.00,9.15,36,Closed,2019-01-01
LOAN02328,CUST00707,BR033,Auto Loan,1308000.00,9.31,36,Active,2022-11-20
LOAN02329,CUST04468,BR038,Home Loan,2868000.00,9.16,300,Closed,2018-06-15
LOAN02330,CUST01154,BR023,Education Loan,2352000.00,9.87,84,Active,2017-07-07
LOAN02331,CUST04873,BR019,Business Loan,2993000.00,12.46,36,Active,2023-03-02
LOAN02332,CUST00346,BR028,Education Loan,796000.00,9.83,120,Defaulted,2021-07-04
LOAN02333,CUST02495,BR020,Home Loan,3764000.00,9.22,300,Active,2023-11-21
LOAN02334,CUST02205,BR004,Home Loan,8393000.00,8.14,240,Active,2023-08-01
LOAN02335,CUST03074,BR025,Education Loan,2972000.00,8.99,84,Active,2023-01-09
LOAN02336,CUST00895,BR024,Personal Loan,645000.00,15.12,60,Active,2021-05-16
LOAN02337,CUST01813,BR033,Home Loan,6448000.00,8.08,300,Active,2022-08-24
LOAN02338,CUST02742,BR043,Personal Loan,1018000.00,14.96,36,Active,2023-10-30
LOAN02339,CUST02792,BR011,Personal Loan,328000.00,14.65,48,Active,2023-06-29
LOAN02340,CUST03414,BR014,Home Loan,3685000.00,9.01,240,Active,2023-09-28
LOAN02341,CUST02526,BR009,Home Loan,3592000.00,8.93,180,Active,2022-02-07
LOAN02342,CUST01804,BR021,Home Loan,2223000.00,7.53,120,Active,2021-03-05
LOAN02343,CUST03885,BR015,Personal Loan,1121000.00,12.64,60,Closed,2023-09-25
LOAN02344,CUST02513,BR023,Personal Loan,773000.00,11.53,48,Active,2022-06-15
LOAN02345,CUST03549,BR006,Home Loan,3841000.00,8.04,180,Active,2021-03-25
LOAN02346,CUST02785,BR013,Home Loan,2139000.00,8.99,120,Active,2023-09-24
LOAN02347,CUST01120,BR045,Business Loan,5976000.00,12.40,84,Active,2021-04-06
LOAN02348,CUST04035,BR035,Personal Loan,72000.00,12.81,48,Closed,2019-02-24
LOAN02349,CUST01834,BR022,Gold Loan,395000.00,10.47,24,Active,2023-11-06
LOAN02350,CUST03157,BR040,Personal Loan,817000.00,11.55,48,Active,2023-07-30
LOAN02351,CUST00286,BR043,Personal Loan,753000.00,11.04,60,Closed,2018-01-21
LOAN02352,CUST04037,BR025,Personal Loan,166000.00,14.66,36,Defaulted,2023-11-22
LOAN02353,CUST03709,BR003,Personal Loan,724000.00,14.99,24,Active,2023-06-22
LOAN02354,CUST01117,BR045,Auto Loan,954000.00,10.64,60,Active,2023-11-08
LOAN02355,CUST02325,BR037,Home Loan,8253000.00,9.35,300,Active,2022-02-21
LOAN02356,CUST01184,BR039,Auto Loan,1093000.00,8.91,60,Closed,2019-05-25
LOAN02357,CUST01997,BR021,Home Loan,1891000.00,8.66,180,Closed,2023-09-21
LOAN02358,CUST00067,BR006,Home Loan,5936000.00,7.51,300,Active,2022-03-19
LOAN02359,CUST02392,BR013,Personal Loan,997000.00,12.64,12,Defaulted,2021-01-19
LOAN02360,CUST04584,BR048,Home Loan,6361000.00,7.56,120,Defaulted,2022-03-03
LOAN02361,CUST03590,BR026,Home Loan,8818000.00,7.81,120,Active,2021-07-05
LOAN02362,CUST02216,BR008,Auto Loan,1918000.00,8.51,60,Active,2023-06-13
LOAN02363,CUST03184,BR037,Business Loan,1569000.00,11.72,120,Active,2018-08-09
LOAN02364,CUST03678,BR043,Gold Loan,517000.00,11.16,36,Closed,2017-02-03
LOAN02365,CUST01289,BR008,Personal Loan,544000.00,11.23,36,Active,2023-08-02
LOAN02366,CUST03087,BR034,Personal Loan,955000.00,12.54,48,Active,2021-05-29
LOAN02367,CUST01197,BR044,Personal Loan,229000.00,14.11,60,Closed,2019-04-18
LOAN02368,CUST04092,BR007,Auto Loan,1427000.00,11.16,48,Closed,2016-06-13
LOAN02369,CUST00502,BR020,Home Loan,7876000.00,7.54,180,Active,2022-07-09
LOAN02370,CUST02538,BR039,Auto Loan,666000.00,9.51,84,Active,2022-08-23
LOAN02371,CUST03019,BR006,Home Loan,2760000.00,8.76,240,Active,2023-10-15
LOAN02372,CUST01004,BR041,Home Loan,4736000.00,9.39,300,Active,2019-02-18
LOAN02373,CUST00073,BR028,Business Loan,5042000.00,13.94,36,Active,2022-03-07
LOAN02374,CUST03651,BR007,Home Loan,2836000.00,9.46,180,Closed,2023-01-12
LOAN02375,CUST02121,BR009,Home Loan,3224000.00,9.47,180,Active,2023-06-19
LOAN02376,CUST00767,BR022,Home Loan,4119000.00,9.39,120,Active,2023-02-15
LOAN02377,CUST04980,BR026,Gold Loan,592000.00,10.38,24,Defaulted,2016-07-21
LOAN02378,CUST00893,BR022,Home Loan,7462000.00,9.16,180,Active,2022-06-25
LOAN02379,CUST01152,BR041,Home Loan,7024000.00,8.61,180,Active,2021-08-23
LOAN02380,CUST02082,BR031,Personal Loan,401000.00,15.30,48,Active,2023-10-18
LOAN02381,CUST04116,BR035,Auto Loan,576000.00,9.16,60,Active,2023-11-29
LOAN02382,CUST00017,BR043,Auto Loan,511000.00,10.87,60,Closed,2021-05-05
LOAN02383,CUST03237,BR049,Personal Loan,249000.00,16.41,36,Closed,2020-04-27
LOAN02384,CUST04034,BR030,Personal Loan,757000.00,16.12,24,Closed,2022-04-02
LOAN02385,CUST01335,BR016,Home Loan,6335000.00,8.33,300,Defaulted,2017-10-24
LOAN02386,CUST04176,BR003,Personal Loan,365000.00,14.29,24,Closed,2022-11-16
LOAN02387,CUST03742,BR008,Personal Loan,106000.00,12.48,36,Active,2023-02-06
LOAN02388,CUST03587,BR007,Personal Loan,966000.00,15.93,24,Closed,2020-01-30
LOAN02389,CUST00012,BR008,Home Loan,4573000.00,8.01,120,Active,2022-05-07
LOAN02390,CUST00200,BR028,Auto Loan,630000.00,9.18,84,Active,2020-07-19
LOAN02391,CUST01927,BR022,Auto Loan,512000.00,10.63,48,Closed,2017-06-24
LOAN02392,CUST02448,BR040,Business Loan,2316000.00,11.71,60,Active,2020-05-23
LOAN02393,CUST03683,BR037,Gold Loan,773000.00,9.57,24,Closed,2022-01-21
LOAN02394,CUST02435,BR049,Home Loan,3785000.00,9.13,240,Active,2023-09-09
LOAN02395,CUST03960,BR040,Home Loan,9067000.00,8.53,180,In Arrears,2023-10-02
LOAN02396,CUST03234,BR037,Personal Loan,443000.00,14.22,12,Closed,2021-12-17
LOAN02397,CUST04703,BR038,Personal Loan,441000.00,12.86,60,Active,2023-08-14
LOAN02398,CUST01039,BR044,Business Loan,2065000.00,11.45,60,Active,2020-08-22
LOAN02399,CUST03840,BR042,Personal Loan,744000.00,16.16,12,Closed,2021-12-25
LOAN02400,CUST04685,BR033,Personal Loan,621000.00,11.24,36,Defaulted,2023-07-18
LOAN02401,CUST02446,BR026,Auto Loan,690000.00,8.85,84,Active,2017-10-25
LOAN02402,CUST04914,BR031,Auto Loan,1294000.00,11.08,60,Active,2022-05-14
LOAN02403,CUST04057,BR033,Home Loan,4630000.00,8.57,240,Active,2019-08-07
LOAN02404,CUST03316,BR045,Home Loan,5174000.00,8.91,180,Active,2022-11-28
LOAN02405,CUST01317,BR003,Auto Loan,582000.00,11.26,84,Closed,2022-10-10
LOAN02406,CUST02755,BR041,Business Loan,3516000.00,13.11,60,In Arrears,2022-06-21
LOAN02407,CUST03286,BR012,Auto Loan,1746000.00,10.84,36,Active,2023-07-06
LOAN02408,CUST02485,BR048,Education Loan,3262000.00,10.26,60,Active,2020-08-17
LOAN02409,CUST03042,BR035,Home Loan,8392000.00,9.06,180,Closed,2017-07-02
LOAN02410,CUST04407,BR007,Auto Loan,423000.00,10.16,60,Closed,2022-12-29
LOAN02411,CUST04389,BR043,Personal Loan,272000.00,15.14,36,Closed,2023-10-13
LOAN02412,CUST00941,BR045,Personal Loan,216000.00,11.18,60,Closed,2018-02-05
LOAN02413,CUST04790,BR040,Home Loan,5784000.00,8.92,120,Active,2015-11-02
LOAN02414,CUST01253,BR041,Personal Loan,1018000.00,13.33,24,Defaulted,2023-05-03
LOAN02415,CUST01112,BR009,Business Loan,6731000.00,14.10,36,Active,2023-02-12
LOAN02416,CUST00293,BR037,Personal Loan,235000.00,14.70,36,Active,2022-11-15
LOAN02417,CUST02873,BR035,Education Loan,1387000.00,8.51,84,Active,2021-06-06
LOAN02418,CUST04142,BR043,Home Loan,7024000.00,8.77,120,Active,2023-03-20
LOAN02419,CUST03891,BR011,Personal Loan,932000.00,11.84,24,Active,2023-12-01
LOAN02420,CUST00337,BR005,Gold Loan,442000.00,9.76,24,Active,2023-10-28
LOAN02421,CUST00487,BR026,Personal Loan,110000.00,12.14,48,Active,2023-09-14
LOAN02422,CUST02123,BR025,Personal Loan,458000.00,13.57,24,Closed,2021-07-17
LOAN02423,CUST03307,BR014,Education Loan,625000.00,9.13,120,Defaulted,2021-05-05
LOAN02424,CUST02740,BR036,Personal Loan,90000.00,13.58,12,Closed,2023-09-11
LOAN02425,CUST00879,BR021,Personal Loan,240000.00,13.41,36,Closed,2020-03-11
LOAN02426,CUST01933,BR040,Personal Loan,593000.00,16.22,24,Defaulted,2023-10-22
LOAN02427,CUST04440,BR004,Home Loan,5412000.00,8.44,240,Closed,2023-04-17
LOAN02428,CUST02707,BR014,Auto Loan,705000.00,8.51,84,Active,2021-08-04
LOAN02429,CUST01630,BR022,Home Loan,3034000.00,8.13,120,Active,2023-08-09
LOAN02430,CUST03791,BR016,Personal Loan,278000.00,15.79,12,Closed,2018-03-30
LOAN02431,CUST00920,BR046,Personal Loan,191000.00,12.68,48,Active,2023-02-28
LOAN02432,CUST02337,BR028,Home Loan,9041000.00,9.17,180,Active,2019-11-03
LOAN02433,CUST00081,BR039,Home Loan,5425000.00,8.33,240,Active,2023-02-25
LOAN02434,CUST04415,BR043,Home Loan,3251000.00,8.32,240,In Arrears,2023-05-24
LOAN02435,CUST03193,BR045,Home Loan,6259000.00,8.39,180,Active,2021-12-07
LOAN02436,CUST01270,BR046,Home Loan,8627000.00,8.79,180,In Arrears,2020-10-31
LOAN02437,CUST01501,BR044,Personal Loan,1073000.00,11.26,24,Defaulted,2021-07-13
LOAN02438,CUST02406,BR041,Business Loan,1676000.00,13.46,60,Closed,2018-10-07
LOAN02439,CUST03003,BR008,Auto Loan,1722000.00,11.04,84,Active,2023-12-14
LOAN02440,CUST02626,BR007,Home Loan,8158000.00,8.31,240,Active,2020-11-25
LOAN02441,CUST03312,BR032,Business Loan,5157000.00,12.70,36,In Arrears,2023-07-25
LOAN02442,CUST01634,BR020,Home Loan,3608000.00,8.18,240,Active,2023-11-04
LOAN02443,CUST00685,BR013,Personal Loan,1047000.00,15.45,36,Active,2022-07-16
LOAN02444,CUST04646,BR039,Gold Loan,355000.00,10.79,36,Closed,2017-11-06
LOAN02445,CUST01078,BR040,Home Loan,8931000.00,9.48,180,Active,2020-04-27
LOAN02446,CUST01512,BR035,Auto Loan,1440000.00,11.12,36,Active,2022-11-19
LOAN02447,CUST00397,BR009,Home Loan,7544000.00,9.43,300,Active,2023-06-27
LOAN02448,CUST03699,BR006,Home Loan,7809000.00,7.82,180,Active,2020-09-01
LOAN02449,CUST03133,BR015,Home Loan,6703000.00,8.46,180,Active,2023-10-04
LOAN02450,CUST02172,BR024,Home Loan,4908000.00,8.40,180,Active,2023-07-20
LOAN02451,CUST00409,BR021,Auto Loan,1003000.00,9.20,60,Active,2023-08-23
LOAN02452,CUST01894,BR004,Home Loan,3686000.00,8.27,120,In Arrears,2022-10-19
LOAN02453,CUST00172,BR022,Personal Loan,903000.00,12.25,60,Defaulted,2018-07-13
LOAN02454,CUST04967,BR038,Auto Loan,927000.00,8.88,36,Active,2023-10-30
LOAN02455,CUST02743,BR017,Personal Loan,1189000.00,13.65,60,Defaulted,2017-07-31
LOAN02456,CUST01592,BR047,Personal Loan,484000.00,16.42,36,Active,2022-03-08
LOAN02457,CUST02263,BR045,Personal Loan,718000.00,14.94,48,Active,2023-05-03
LOAN02458,CUST04121,BR027,Business Loan,7096000.00,14.24,36,Closed,2022-10-12
LOAN02459,CUST04581,BR025,Home Loan,5543000.00,8.78,300,Active,2020-01-07
LOAN02460,CUST03397,BR042,Business Loan,5863000.00,14.18,84,Active,2020-03-12
LOAN02461,CUST01372,BR021,Personal Loan,228000.00,12.57,24,Active,2023-11-25
LOAN02462,CUST04682,BR040,Home Loan,7016000.00,9.22,120,Active,2020-12-24
LOAN02463,CUST01290,BR003,Personal Loan,1170000.00,11.91,12,Closed,2021-11-02
LOAN02464,CUST03617,BR019,Personal Loan,272000.00,16.24,12,Closed,2021-04-27
LOAN02465,CUST03968,BR050,Personal Loan,1100000.00,14.13,48,Active,2023-10-26
LOAN02466,CUST04967,BR038,Home Loan,2202000.00,8.83,180,Active,2023-10-11
LOAN02467,CUST04583,BR040,Home Loan,5124000.00,8.13,240,Active,2020-11-17
LOAN02468,CUST00811,BR013,Personal Loan,842000.00,12.79,24,Closed,2020-09-20
LOAN02469,CUST03873,BR027,Personal Loan,947000.00,12.80,36,Active,2023-11-18
LOAN02470,CUST04692,BR001,Education Loan,287000.00,8.15,60,Active,2020-04-29
LOAN02471,CUST03799,BR004,Personal Loan,146000.00,14.14,60,In Arrears,2020-05-30
LOAN02472,CUST03315,BR002,Home Loan,5924000.00,8.43,120,Active,2022-01-24
LOAN02473,CUST02008,BR006,Education Loan,1953000.00,9.17,60,Active,2021-03-06
LOAN02474,CUST03883,BR002,Auto Loan,1634000.00,11.40,60,Defaulted,2017-04-20
LOAN02475,CUST04697,BR043,Home Loan,5243000.00,8.04,120,In Arrears,2020-05-29
LOAN02476,CUST02058,BR007,Gold Loan,300000.00,10.38,36,Defaulted,2022-12-25
LOAN02477,CUST02986,BR002,Personal Loan,126000.00,15.96,60,In Arrears,2020-09-23
LOAN02478,CUST02531,BR039,Education Loan,2042000.00,9.78,84,Closed,2019-10-10
LOAN02479,CUST02805,BR027,Auto Loan,1717000.00,11.43,60,Active,2023-05-04
LOAN02480,CUST04941,BR043,Gold Loan,498000.00,9.39,36,Closed,2016-02-22
LOAN02481,CUST01917,BR039,Auto Loan,979000.00,9.89,48,Active,2022-11-06
LOAN02482,CUST03008,BR044,Personal Loan,67000.00,15.66,36,Active,2022-01-31
LOAN02483,CUST00387,BR050,Personal Loan,753000.00,12.12,48,Active,2023-09-03
LOAN02484,CUST02826,BR010,Home Loan,9282000.00,7.89,120,In Arrears,2019-10-15
LOAN02485,CUST03535,BR041,Home Loan,7717000.00,7.92,120,Active,2022-06-15
LOAN02486,CUST02176,BR022,Personal Loan,587000.00,12.82,36,Active,2022-05-06
LOAN02487,CUST01428,BR006,Business Loan,1577000.00,11.76,120,Active,2016-09-25
LOAN02488,CUST01449,BR008,Home Loan,2284000.00,8.26,120,Active,2023-01-24
LOAN02489,CUST04632,BR004,Home Loan,3217000.00,9.42,300,Active,2019-11-16
LOAN02490,CUST03159,BR015,Gold Loan,324000.00,11.47,24,Active,2023-07-20
LOAN02491,CUST01804,BR021,Business Loan,7293000.00,11.24,84,Active,2018-09-07
LOAN02492,CUST02628,BR044,Auto Loan,907000.00,9.50,60,Active,2022-07-02
LOAN02493,CUST02498,BR013,Personal Loan,537000.00,11.59,60,Active,2022-11-17
LOAN02494,CUST04974,BR032,Personal Loan,900000.00,16.19,12,Closed,2023-06-11
LOAN02495,CUST00792,BR019,Home Loan,1892000.00,8.95,120,Active,2023-11-18
LOAN02496,CUST00932,BR045,Business Loan,5800000.00,10.44,84,Closed,2016-03-29
LOAN02497,CUST01520,BR041,Personal Loan,773000.00,16.24,36,Active,2023-09-04
LOAN02498,CUST01737,BR014,Personal Loan,285000.00,12.30,24,Defaulted,2023-07-09
LOAN02499,CUST02283,BR020,Personal Loan,700000.00,12.41,12,Closed,2022-12-12
LOAN02500,CUST02011,BR042,Home Loan,8715000.00,9.33,240,Active,2021-09-01
LOAN02501,CUST04026,BR030,Personal Loan,380000.00,11.58,36,Active,2023-03-23
LOAN02502,CUST00866,BR035,Personal Loan,829000.00,15.84,24,Closed,2023-11-24
LOAN02503,CUST01713,BR046,Personal Loan,420000.00,13.67,36,Active,2023-07-08
LOAN02504,CUST01602,BR033,Auto Loan,280000.00,11.48,36,Closed,2018-10-04
LOAN02505,CUST04554,BR001,Personal Loan,87000.00,14.29,24,Active,2023-09-20
LOAN02506,CUST04684,BR045,Business Loan,6340000.00,13.64,60,In Arrears,2023-06-18
LOAN02507,CUST02390,BR019,Education Loan,2015000.00,10.51,120,Active,2022-03-03
LOAN02508,CUST04416,BR025,Home Loan,7249000.00,8.05,120,Defaulted,2023-06-17
LOAN02509,CUST04727,BR013,Home Loan,6494000.00,8.49,120,Active,2022-12-21
LOAN02510,CUST01985,BR032,Personal Loan,792000.00,16.08,60,Closed,2022-11-15
LOAN02511,CUST00862,BR032,Home Loan,6951000.00,8.37,300,Active,2023-11-20
LOAN02512,CUST00382,BR011,Auto Loan,757000.00,10.01,84,Active,2018-06-06
LOAN02513,CUST01080,BR019,Home Loan,1984000.00,8.69,300,Active,2021-11-26
LOAN02514,CUST00764,BR038,Personal Loan,882000.00,15.28,48,Active,2021-07-29
LOAN02515,CUST00637,BR045,Auto Loan,1209000.00,8.57,60,Active,2023-03-17
LOAN02516,CUST04469,BR007,Personal Loan,111000.00,13.93,24,Active,2023-02-24
LOAN02517,CUST01900,BR010,Personal Loan,928000.00,12.53,48,Active,2020-10-23
LOAN02518,CUST00968,BR021,Home Loan,5178000.00,7.58,300,Defaulted,2020-03-06
LOAN02519,CUST04395,BR016,Home Loan,3395000.00,8.48,300,Active,2019-06-03
LOAN02520,CUST01507,BR050,Home Loan,7321000.00,9.28,120,Closed,2016-10-25
LOAN02521,CUST00442,BR018,Personal Loan,164000.00,12.29,36,Active,2022-10-05
LOAN02522,CUST04239,BR009,Personal Loan,372000.00,11.54,48,Active,2023-06-25
LOAN02523,CUST02142,BR047,Auto Loan,256000.00,11.17,36,Closed,2021-03-04
LOAN02524,CUST04435,BR043,Business Loan,3722000.00,10.02,60,Active,2023-11-30
LOAN02525,CUST02403,BR047,Personal Loan,1150000.00,15.44,60,Active,2019-10-02
LOAN02526,CUST03853,BR028,Home Loan,5718000.00,9.11,120,Active,2020-10-02
LOAN02527,CUST04444,BR013,Education Loan,500000.00,8.74,84,Active,2020-02-23
LOAN02528,CUST00226,BR028,Education Loan,1251000.00,10.58,84,Active,2020-03-14
LOAN02529,CUST00212,BR029,Home Loan,2502000.00,7.97,300,Active,2016-02-06
LOAN02530,CUST03001,BR025,Personal Loan,1023000.00,11.98,48,Active,2023-10-27
LOAN02531,CUST02520,BR041,Home Loan,5143000.00,7.54,300,Active,2023-08-08
LOAN02532,CUST01116,BR033,Home Loan,5162000.00,7.90,240,Active,2023-11-04
LOAN02533,CUST02040,BR024,Home Loan,1671000.00,8.36,240,Active,2019-06-12
LOAN02534,CUST02661,BR037,Auto Loan,511000.00,9.04,36,Active,2023-09-27
LOAN02535,CUST04834,BR024,Auto Loan,411000.00,10.78,60,In Arrears,2019-07-02
LOAN02536,CUST04394,BR039,Home Loan,7240000.00,8.31,120,Active,2021-02-17
LOAN02537,CUST03162,BR001,Home Loan,5214000.00,8.62,300,Active,2021-04-11
LOAN02538,CUST04483,BR016,Auto Loan,780000.00,9.20,60,Active,2023-10-31
LOAN02539,CUST01259,BR047,Home Loan,8710000.00,9.46,240,Active,2023-02-21
LOAN02540,CUST02719,BR002,Home Loan,2545000.00,7.79,180,Active,2023-08-21
LOAN02541,CUST04740,BR015,Home Loan,3707000.00,8.47,240,Active,2022-11-07
LOAN02542,CUST01810,BR025,Home Loan,3847000.00,8.74,180,Active,2020-07-10
LOAN02543,CUST03391,BR038,Auto Loan,1114000.00,9.24,60,Closed,2021-12-14
LOAN02544,CUST03166,BR048,Personal Loan,1161000.00,11.97,24,Closed,2022-05-20
LOAN02545,CUST03164,BR027,Personal Loan,1092000.00,13.54,12,Active,2023-11-25
LOAN02546,CUST00037,BR042,Home Loan,9371000.00,7.96,180,Active,2021-06-10
LOAN02547,CUST02947,BR030,Personal Loan,240000.00,11.44,60,Closed,2020-09-13
LOAN02548,CUST01205,BR013,Personal Loan,236000.00,12.10,24,Closed,2019-08-03
LOAN02549,CUST03092,BR034,Personal Loan,620000.00,13.69,48,Closed,2019-12-25
LOAN02550,CUST01720,BR032,Personal Loan,794000.00,13.84,48,Active,2023-04-13
LOAN02551,CUST02655,BR050,Business Loan,2385000.00,11.67,36,Defaulted,2020-09-05
LOAN02552,CUST02263,BR045,Home Loan,5772000.00,8.55,180,Active,2023-05-02
LOAN02553,CUST04651,BR044,Auto Loan,1543000.00,9.60,48,Closed,2017-07-04
LOAN02554,CUST03426,BR014,Home Loan,4265000.00,9.17,120,Active,2020-11-27
LOAN02555,CUST01877,BR037,Auto Loan,2167000.00,11.39,84,Active,2020-12-06
LOAN02556,CUST00843,BR041,Personal Loan,658000.00,16.36,48,Closed,2018-05-31
LOAN02557,CUST04807,BR006,Home Loan,6643000.00,8.11,300,Active,2020-06-19
LOAN02558,CUST00066,BR016,Auto Loan,397000.00,10.94,36,Active,2023-08-09
LOAN02559,CUST02029,BR014,Personal Loan,638000.00,11.09,36,Active,2023-06-07
LOAN02560,CUST04953,BR045,Auto Loan,1065000.00,10.88,84,Active,2021-10-30
LOAN02561,CUST02061,BR019,Home Loan,9295000.00,8.41,300,Closed,2017-03-14
LOAN02562,CUST01915,BR046,Business Loan,5121000.00,10.37,60,In Arrears,2022-02-26
LOAN02563,CUST03537,BR040,Personal Loan,377000.00,13.42,12,Closed,2023-01-02
LOAN02564,CUST00093,BR014,Business Loan,6915000.00,10.71,84,Active,2023-09-08
LOAN02565,CUST02056,BR047,Personal Loan,189000.00,12.90,48,Closed,2020-02-09
LOAN02566,CUST03044,BR034,Auto Loan,381000.00,10.43,84,Active,2023-12-27
LOAN02567,CUST00079,BR002,Home Loan,2590000.00,8.03,300,Defaulted,2022-08-31
LOAN02568,CUST02541,BR007,Auto Loan,1984000.00,10.65,48,Closed,2023-11-02
LOAN02569,CUST03086,BR012,Gold Loan,425000.00,9.99,36,Active,2022-07-26
LOAN02570,CUST01248,BR031,Auto Loan,854000.00,9.40,36,Closed,2020-10-27
LOAN02571,CUST01577,BR036,Home Loan,7691000.00,8.21,120,Defaulted,2023-04-11
LOAN02572,CUST02237,BR045,Education Loan,1526000.00,8.80,120,Active,2017-09-30
LOAN02573,CUST02082,BR031,Home Loan,3110000.00,8.34,180,Active,2023-11-06
LOAN02574,CUST03002,BR008,Gold Loan,268000.00,9.01,24,Active,2023-01-31
LOAN02575,CUST03546,BR027,Home Loan,3436000.00,9.42,300,Active,2021-06-12
LOAN02576,CUST00133,BR041,Personal Loan,379000.00,14.29,60,Active,2022-09-27
LOAN02577,CUST01866,BR040,Personal Loan,407000.00,11.60,60,Active,2022-02-15
LOAN02578,CUST04353,BR030,Home Loan,3991000.00,8.56,180,Active,2022-12-28
LOAN02579,CUST00097,BR017,Business Loan,669000.00,11.20,36,Closed,2018-07-06
LOAN02580,CUST02934,BR035,Education Loan,2682000.00,9.84,84,Active,2020-07-08
LOAN02581,CUST02156,BR023,Education Loan,1441000.00,10.48,84,Closed,2016-03-08
LOAN02582,CUST03857,BR037,Home Loan,2115000.00,8.87,180,Active,2017-01-17
LOAN02583,CUST01384,BR047,Gold Loan,389000.00,9.50,12,Closed,2022-11-25
LOAN02584,CUST00292,BR049,Personal Loan,709000.00,15.06,48,Closed,2017-08-10
LOAN02585,CUST04333,BR022,Auto Loan,1612000.00,9.23,36,Closed,2020-09-28
LOAN02586,CUST03519,BR028,Home Loan,7612000.00,7.62,120,Active,2023-11-08
LOAN02587,CUST03348,BR004,Personal Loan,799000.00,11.32,60,Active,2023-09-10
LOAN02588,CUST00664,BR031,Auto Loan,1712000.00,10.61,36,Active,2023-10-27
LOAN02589,CUST02882,BR038,Education Loan,1292000.00,10.39,60,Active,2022-08-09
LOAN02590,CUST04633,BR028,Personal Loan,710000.00,15.81,24,Closed,2021-10-14
LOAN02591,CUST02443,BR038,Personal Loan,175000.00,15.84,12,Closed,2022-08-28
LOAN02592,CUST03603,BR029,Home Loan,7680000.00,8.42,180,Active,2018-07-08
LOAN02593,CUST02082,BR031,Home Loan,8838000.00,8.97,180,Defaulted,2023-07-04
LOAN02594,CUST02591,BR005,Home Loan,6425000.00,8.66,240,In Arrears,2020-12-14
LOAN02595,CUST02538,BR039,Home Loan,9153000.00,7.65,300,Active,2021-09-13
LOAN02596,CUST00497,BR044,Business Loan,6674000.00,12.39,120,Active,2018-11-09
LOAN02597,CUST01060,BR031,Home Loan,4104000.00,8.03,180,Active,2017-01-22
LOAN02598,CUST01890,BR022,Home Loan,4569000.00,9.36,300,Active,2019-08-20
LOAN02599,CUST01715,BR033,Personal Loan,939000.00,15.45,24,Closed,2022-02-14
LOAN02600,CUST00744,BR048,Home Loan,8716000.00,8.19,240,Defaulted,2018-02-18
LOAN02601,CUST04693,BR008,Gold Loan,506000.00,11.32,36,Active,2023-11-02
LOAN02602,CUST02725,BR013,Business Loan,4407000.00,13.67,84,Active,2023-09-25
LOAN02603,CUST03841,BR040,Auto Loan,697000.00,10.22,60,Defaulted,2016-08-16
LOAN02604,CUST03691,BR041,Personal Loan,959000.00,12.35,24,Active,2022-08-11
LOAN02605,CUST04239,BR009,Home Loan,8314000.00,7.75,300,Defaulted,2021-11-04
LOAN02606,CUST00418,BR003,Personal Loan,893000.00,14.26,12,Closed,2023-05-09
LOAN02607,CUST03435,BR018,Education Loan,1231000.00,9.54,120,Closed,2019-05-09
LOAN02608,CUST03223,BR043,Home Loan,4283000.00,8.85,180,Closed,2023-09-15
LOAN02609,CUST02645,BR019,Auto Loan,1391000.00,9.26,36,In Arrears,2022-02-28
LOAN02610,CUST02329,BR049,Personal Loan,365000.00,13.92,24,Closed,2022-09-29
LOAN02611,CUST04112,BR022,Home Loan,2418000.00,8.82,120,Active,2018-08-28
LOAN02612,CUST01343,BR029,Auto Loan,501000.00,10.72,60,Active,2021-02-28
LOAN02613,CUST03269,BR010,Business Loan,2135000.00,10.51,36,Active,2023-01-10
LOAN02614,CUST03488,BR038,Auto Loan,411000.00,10.97,48,Active,2023-10-07
LOAN02615,CUST01667,BR042,Personal Loan,242000.00,13.19,12,Closed,2019-05-08
LOAN02616,CUST03632,BR039,Personal Loan,266000.00,13.08,24,Active,2023-11-18
LOAN02617,CUST04849,BR003,Education Loan,3173000.00,8.77,84,Active,2023-08-14
LOAN02618,CUST00344,BR025,Education Loan,2927000.00,10.43,120,Active,2021-06-09
LOAN02619,CUST00211,BR022,Education Loan,1343000.00,10.31,84,Active,2018-04-23
LOAN02620,CUST00642,BR013,Personal Loan,602000.00,15.55,24,Closed,2022-03-15
LOAN02621,CUST00223,BR049,Personal Loan,580000.00,13.11,24,Active,2023-05-13
LOAN02622,CUST01651,BR019,Home Loan,5596000.00,9.17,300,Active,2023-02-01
LOAN02623,CUST00559,BR045,Education Loan,1960000.00,10.54,60,Active,2023-10-07
LOAN02624,CUST01249,BR024,Education Loan,1964000.00,8.07,60,Active,2023-10-16
LOAN02625,CUST04150,BR006,Personal Loan,681000.00,14.97,12,Active,2023-11-04
LOAN02626,CUST01474,BR008,Personal Loan,277000.00,15.07,24,Active,2023-05-06
LOAN02627,CUST01578,BR005,Home Loan,5363000.00,8.33,300,Active,2023-10-08
LOAN02628,CUST03191,BR033,Personal Loan,92000.00,13.32,48,Active,2022-01-05
LOAN02629,CUST02879,BR016,Education Loan,3219000.00,10.74,84,Active,2020-09-12
LOAN02630,CUST00278,BR036,Home Loan,7873000.00,8.26,120,Closed,2022-06-05
LOAN02631,CUST03433,BR047,Personal Loan,1035000.00,15.51,60,Active,2021-04-04
LOAN02632,CUST02887,BR009,Personal Loan,156000.00,14.33,48,Closed,2018-03-01
LOAN02633,CUST00722,BR009,Business Loan,3893000.00,14.92,120,Closed,2023-09-11
LOAN02634,CUST04981,BR017,Home Loan,4495000.00,9.44,300,Closed,2020-10-02
LOAN02635,CUST04473,BR006,Auto Loan,404000.00,10.97,60,Active,2023-01-10
LOAN02636,CUST00331,BR004,Business Loan,638000.00,11.23,36,Closed,2018-11-04
LOAN02637,CUST02010,BR006,Personal Loan,855000.00,15.31,36,Closed,2017-05-10
LOAN02638,CUST00093,BR014,Personal Loan,339000.00,13.45,24,Active,2023-04-22
LOAN02639,CUST04633,BR028,Education Loan,3215000.00,8.14,60,Active,2021-10-25
LOAN02640,CUST00691,BR045,Business Loan,4109000.00,10.65,36,Closed,2019-05-16
LOAN02641,CUST01441,BR030,Personal Loan,922000.00,13.45,48,Closed,2020-03-16
LOAN02642,CUST03723,BR003,Gold Loan,625000.00,9.12,24,Closed,2022-05-01
LOAN02643,CUST03665,BR038,Home Loan,3611000.00,9.32,120,Active,2019-12-24
LOAN02644,CUST01369,BR012,Auto Loan,357000.00,10.24,84,Active,2023-11-03
LOAN02645,CUST03492,BR006,Home Loan,5880000.00,7.91,300,Active,2023-08-26
LOAN02646,CUST03113,BR035,Education Loan,2821000.00,8.52,120,Closed,2022-08-30
LOAN02647,CUST00431,BR011,Home Loan,3797000.00,8.27,120,Active,2022-08-24
LOAN02648,CUST01065,BR018,Business Loan,6486000.00,11.45,120,Active,2023-10-04
LOAN02649,CUST04474,BR002,Home Loan,7307000.00,9.31,120,In Arrears,2021-08-28
LOAN02650,CUST04916,BR040,Auto Loan,454000.00,9.58,60,Defaulted,2017-04-02
LOAN02651,CUST01323,BR019,Personal Loan,1121000.00,13.61,60,Active,2022-11-12
LOAN02652,CUST00487,BR026,Personal Loan,1150000.00,15.40,36,Active,2021-10-15
LOAN02653,CUST00614,BR009,Auto Loan,2042000.00,11.21,36,In Arrears,2022-12-24
LOAN02654,CUST02608,BR008,Personal Loan,237000.00,11.21,36,Defaulted,2018-10-26
LOAN02655,CUST03744,BR047,Home Loan,7778000.00,7.66,180,Active,2022-06-29
LOAN02656,CUST00970,BR023,Personal Loan,1147000.00,13.77,24,Closed,2018-06-28
LOAN02657,CUST03129,BR009,Education Loan,3105000.00,9.82,84,Active,2023-06-19
LOAN02658,CUST00937,BR033,Gold Loan,292000.00,11.42,36,Active,2023-12-01
LOAN02659,CUST00882,BR018,Personal Loan,108000.00,14.47,24,Active,2022-10-24
LOAN02660,CUST00552,BR022,Auto Loan,940000.00,9.17,36,Active,2021-10-08
LOAN02661,CUST02081,BR026,Home Loan,4771000.00,8.20,300,Active,2020-11-09
LOAN02662,CUST00934,BR039,Education Loan,2575000.00,10.36,84,Active,2023-10-24
LOAN02663,CUST03928,BR033,Personal Loan,912000.00,14.75,24,Active,2022-12-01
LOAN02664,CUST02424,BR040,Auto Loan,1390000.00,10.99,48,Active,2021-01-04
LOAN02665,CUST03376,BR013,Personal Loan,331000.00,13.76,36,Closed,2023-11-16
LOAN02666,CUST01324,BR031,Auto Loan,589000.00,9.64,60,Active,2019-08-26
LOAN02667,CUST04613,BR026,Auto Loan,1045000.00,10.96,48,Active,2022-03-22
LOAN02668,CUST00513,BR015,Home Loan,2675000.00,8.38,240,Closed,2020-10-14
LOAN02669,CUST03070,BR011,Personal Loan,1083000.00,13.48,48,Defaulted,2023-05-14
LOAN02670,CUST04610,BR044,Education Loan,2044000.00,9.04,84,Defaulted,2022-04-21
LOAN02671,CUST00766,BR004,Personal Loan,696000.00,12.17,48,Active,2022-12-06
LOAN02672,CUST01467,BR021,Personal Loan,968000.00,15.94,12,Closed,2019-08-12
LOAN02673,CUST02775,BR011,Personal Loan,721000.00,13.00,48,Active,2023-11-01
LOAN02674,CUST04236,BR044,Auto Loan,630000.00,9.25,84,Defaulted,2019-04-11
LOAN02675,CUST00884,BR040,Home Loan,1925000.00,7.59,180,Active,2021-03-15
LOAN02676,CUST01230,BR032,Home Loan,6991000.00,7.58,180,Active,2020-12-06
LOAN02677,CUST00710,BR029,Home Loan,8743000.00,9.16,120,Active,2016-10-19
LOAN02678,CUST03854,BR027,Education Loan,2015000.00,10.75,120,Active,2022-02-11
LOAN02679,CUST02687,BR025,Personal Loan,766000.00,11.96,48,Closed,2017-01-14
LOAN02680,CUST03291,BR040,Home Loan,9059000.00,7.61,120,Active,2023-05-03
LOAN02681,CUST00645,BR032,Personal Loan,467000.00,16.07,36,Active,2021-07-26
LOAN02682,CUST04723,BR001,Auto Loan,1059000.00,9.66,84,Active,2023-07-11
LOAN02683,CUST00844,BR049,Personal Loan,1075000.00,16.12,36,Closed,2019-08-10
LOAN02684,CUST00126,BR027,Business Loan,6476000.00,11.72,120,Active,2023-01-04
LOAN02685,CUST04198,BR002,Home Loan,8172000.00,8.72,240,Active,2023-11-24
LOAN02686,CUST01508,BR038,Home Loan,4344000.00,9.02,120,Defaulted,2018-03-08
LOAN02687,CUST01096,BR003,Personal Loan,1030000.00,13.78,24,Closed,2021-06-06
LOAN02688,CUST00048,BR026,Auto Loan,1859000.00,10.71,48,Active,2023-07-20
LOAN02689,CUST00862,BR032,Gold Loan,253000.00,11.72,36,Active,2023-08-16
LOAN02690,CUST04839,BR009,Gold Loan,444000.00,12.32,36,Closed,2018-10-04
LOAN02691,CUST00807,BR032,Business Loan,4703000.00,14.23,60,Active,2020-07-06
LOAN02692,CUST03719,BR043,Education Loan,2045000.00,9.78,84,Active,2018-04-07
LOAN02693,CUST03108,BR014,Personal Loan,393000.00,13.56,36,Active,2022-10-31
LOAN02694,CUST02901,BR041,Personal Loan,358000.00,12.50,36,Active,2022-09-08
LOAN02695,CUST00052,BR034,Auto Loan,1856000.00,11.27,60,Active,2023-04-14
LOAN02696,CUST01320,BR032,Home Loan,9223000.00,8.13,120,Active,2022-11-17
LOAN02697,CUST00694,BR010,Business Loan,4863000.00,12.04,84,Active,2021-03-26
LOAN02698,CUST01907,BR004,Home Loan,5704000.00,7.59,300,Active,2018-07-17
LOAN02699,CUST00494,BR020,Home Loan,8011000.00,7.70,240,In Arrears,2022-12-19
LOAN02700,CUST02967,BR049,Auto Loan,764000.00,11.26,48,Closed,2020-04-04
LOAN02701,CUST02083,BR044,Personal Loan,645000.00,13.76,36,Active,2023-11-21
LOAN02702,CUST03548,BR022,Personal Loan,268000.00,15.24,12,Closed,2020-11-15
LOAN02703,CUST02242,BR031,Auto Loan,949000.00,8.73,36,Active,2021-10-09
LOAN02704,CUST01797,BR027,Education Loan,2601000.00,9.88,60,Active,2022-06-19
LOAN02705,CUST01083,BR049,Personal Loan,440000.00,12.99,24,Closed,2020-05-27
LOAN02706,CUST01390,BR042,Home Loan,8049000.00,9.13,120,Active,2023-01-22
LOAN02707,CUST00516,BR011,Auto Loan,324000.00,10.70,60,Active,2021-06-03
LOAN02708,CUST04671,BR002,Personal Loan,742000.00,12.01,36,Closed,2020-07-21
LOAN02709,CUST01779,BR044,Personal Loan,199000.00,15.04,60,Defaulted,2022-08-30
LOAN02710,CUST00340,BR006,Education Loan,467000.00,8.42,60,Active,2023-03-01
LOAN02711,CUST04853,BR036,Auto Loan,947000.00,11.30,84,Active,2023-07-13
LOAN02712,CUST01701,BR036,Home Loan,7118000.00,8.10,240,Active,2019-06-19
LOAN02713,CUST01648,BR007,Education Loan,1319000.00,10.51,120,Closed,2020-02-09
LOAN02714,CUST02915,BR040,Home Loan,4393000.00,7.90,300,Active,2023-11-20
LOAN02715,CUST02582,BR022,Personal Loan,98000.00,15.11,36,Closed,2016-10-15
LOAN02716,CUST03909,BR021,Auto Loan,818000.00,10.74,84,Active,2023-11-12
LOAN02717,CUST00588,BR005,Home Loan,7284000.00,8.36,180,Active,2023-10-18
LOAN02718,CUST03643,BR008,Auto Loan,1059000.00,9.74,36,Active,2022-12-04
LOAN02719,CUST02813,BR010,Auto Loan,991000.00,8.51,48,Active,2022-02-07
LOAN02720,CUST00146,BR031,Home Loan,5738000.00,7.51,120,Active,2022-11-06
LOAN02721,CUST02623,BR026,Home Loan,8104000.00,8.10,120,Defaulted,2022-09-24
LOAN02722,CUST01789,BR003,Home Loan,1628000.00,8.24,120,Defaulted,2023-06-28
LOAN02723,CUST04351,BR037,Business Loan,2867000.00,10.91,84,Active,2019-03-17
LOAN02724,CUST00326,BR001,Auto Loan,538000.00,9.21,48,Active,2023-10-23
LOAN02725,CUST01679,BR027,Business Loan,6680000.00,13.68,84,Active,2020-03-25
LOAN02726,CUST02042,BR010,Home Loan,8122000.00,8.34,180,Active,2023-06-14
LOAN02727,CUST04850,BR002,Personal Loan,748000.00,15.48,12,Closed,2018-08-23
LOAN02728,CUST04708,BR017,Gold Loan,344000.00,10.42,36,Defaulted,2020-01-15
LOAN02729,CUST01740,BR035,Home Loan,6903000.00,8.37,120,Active,2020-09-24
LOAN02730,CUST01750,BR034,Education Loan,690000.00,9.45,60,Closed,2017-02-04
LOAN02731,CUST03007,BR031,Personal Loan,458000.00,13.92,48,Active,2022-03-22
LOAN02732,CUST02055,BR003,Personal Loan,354000.00,15.90,60,Closed,2018-09-12
LOAN02733,CUST02844,BR045,Business Loan,2848000.00,12.80,84,Active,2022-10-04
LOAN02734,CUST03343,BR045,Personal Loan,976000.00,13.05,48,Active,2023-01-27
LOAN02735,CUST02069,BR024,Home Loan,3427000.00,7.57,300,Closed,2018-02-15
LOAN02736,CUST02277,BR008,Personal Loan,308000.00,14.68,24,Closed,2022-04-03
LOAN02737,CUST03919,BR010,Home Loan,2699000.00,9.49,120,Active,2022-12-17
LOAN02738,CUST02228,BR036,Personal Loan,956000.00,14.55,60,Active,2022-01-10
LOAN02739,CUST04965,BR037,Auto Loan,1754000.00,8.90,84,Active,2020-07-30
LOAN02740,CUST00586,BR011,Auto Loan,1577000.00,10.35,84,Defaulted,2019-10-12
LOAN02741,CUST03884,BR002,Home Loan,4653000.00,8.91,240,Active,2019-02-06
LOAN02742,CUST00328,BR010,Personal Loan,377000.00,11.05,24,Closed,2021-05-08
LOAN02743,CUST03389,BR038,Home Loan,8003000.00,8.78,180,Defaulted,2022-09-07
LOAN02744,CUST02486,BR004,Home Loan,7574000.00,8.26,120,Closed,2018-03-29
LOAN02745,CUST01516,BR004,Personal Loan,828000.00,12.08,24,Defaulted,2017-09-23
LOAN02746,CUST00613,BR047,Business Loan,1477000.00,14.12,84,In Arrears,2022-03-02
LOAN02747,CUST03213,BR035,Home Loan,3603000.00,8.97,240,Defaulted,2016-03-01
LOAN02748,CUST04308,BR031,Home Loan,5278000.00,7.88,180,Active,2020-05-08
LOAN02749,CUST01518,BR031,Home Loan,4373000.00,7.68,240,Active,2016-04-16
LOAN02750,CUST02146,BR002,Home Loan,2249000.00,9.17,180,In Arrears,2022-06-07
LOAN02751,CUST00693,BR047,Personal Loan,577000.00,14.97,12,Closed,2023-06-29
LOAN02752,CUST04505,BR021,Education Loan,371000.00,10.01,60,Active,2022-07-25
LOAN02753,CUST03408,BR015,Auto Loan,1333000.00,10.63,48,Active,2021-08-23
LOAN02754,CUST01639,BR031,Home Loan,5622000.00,8.02,120,Active,2016-03-24
LOAN02755,CUST03149,BR020,Business Loan,5644000.00,12.94,60,Active,2023-10-18
LOAN02756,CUST01520,BR041,Business Loan,1119000.00,11.96,60,Active,2022-08-27
LOAN02757,CUST04966,BR027,Business Loan,4113000.00,10.11,84,Closed,2016-08-05
LOAN02758,CUST01559,BR004,Auto Loan,1507000.00,11.03,60,Active,2022-12-20
LOAN02759,CUST01002,BR023,Personal Loan,665000.00,14.58,36,Active,2022-05-20
LOAN02760,CUST03858,BR049,Auto Loan,281000.00,10.53,48,Active,2021-04-26
LOAN02761,CUST01993,BR015,Auto Loan,2098000.00,9.94,84,Active,2020-07-25
LOAN02762,CUST01535,BR015,Home Loan,4363000.00,8.97,120,Active,2022-04-10
LOAN02763,CUST03570,BR005,Home Loan,2804000.00,8.89,240,Active,2023-10-15
LOAN02764,CUST01747,BR019,Home Loan,9440000.00,8.57,180,Closed,2021-10-11
LOAN02765,CUST00899,BR018,Home Loan,2233000.00,7.85,180,Active,2022-05-15
LOAN02766,CUST01267,BR015,Personal Loan,743000.00,15.96,48,Closed,2017-02-21
LOAN02767,CUST01249,BR024,Personal Loan,563000.00,13.07,12,Defaulted,2023-06-10
LOAN02768,CUST00112,BR026,Business Loan,3959000.00,11.11,60,Closed,2016-03-26
LOAN02769,CUST01420,BR001,Home Loan,2810000.00,9.11,240,Closed,2020-02-01
LOAN02770,CUST01663,BR033,Home Loan,6663000.00,7.63,180,Active,2023-06-22
LOAN02771,CUST03534,BR011,Auto Loan,975000.00,8.83,60,Active,2022-09-04
LOAN02772,CUST04109,BR019,Personal Loan,131000.00,13.99,12,Closed,2021-05-08
LOAN02773,CUST04712,BR019,Home Loan,2895000.00,9.40,300,Defaulted,2021-02-06
LOAN02774,CUST02774,BR043,Home Loan,2262000.00,7.58,120,Active,2023-10-28
LOAN02775,CUST01077,BR034,Personal Loan,740000.00,14.95,36,Active,2023-02-07
LOAN02776,CUST04509,BR025,Personal Loan,100000.00,14.25,60,Active,2021-05-08
LOAN02777,CUST02331,BR038,Personal Loan,875000.00,11.37,24,Active,2022-11-24
LOAN02778,CUST01062,BR020,Home Loan,7808000.00,9.31,180,Active,2022-11-12
LOAN02779,CUST01540,BR028,Business Loan,4384000.00,11.61,36,Closed,2023-11-13
LOAN02780,CUST01326,BR007,Auto Loan,1322000.00,10.90,48,Closed,2018-01-02
LOAN02781,CUST04481,BR050,Auto Loan,2041000.00,9.24,60,Active,2021-03-05
LOAN02782,CUST02206,BR037,Gold Loan,236000.00,11.70,12,Defaulted,2018-09-21
LOAN02783,CUST01295,BR045,Home Loan,3720000.00,8.43,180,Active,2021-05-25
LOAN02784,CUST02545,BR046,Gold Loan,737000.00,9.73,36,Closed,2019-11-23
LOAN02785,CUST02646,BR030,Auto Loan,945000.00,8.74,36,Closed,2020-11-29
LOAN02786,CUST02328,BR043,Auto Loan,1699000.00,9.82,84,Active,2023-09-14
LOAN02787,CUST02293,BR039,Home Loan,3731000.00,7.89,180,Active,2021-12-15
LOAN02788,CUST04612,BR039,Business Loan,4130000.00,11.77,84,In Arrears,2020-02-13
LOAN02789,CUST04743,BR017,Education Loan,1288000.00,8.53,60,Defaulted,2020-06-20
LOAN02790,CUST00606,BR018,Business Loan,3680000.00,12.41,84,Defaulted,2023-01-04
LOAN02791,CUST01027,BR043,Personal Loan,111000.00,14.24,36,Closed,2016-02-14
LOAN02792,CUST03351,BR050,Home Loan,5655000.00,8.98,240,Active,2022-12-22
LOAN02793,CUST01876,BR036,Home Loan,7026000.00,7.99,300,Active,2023-07-31
LOAN02794,CUST04305,BR032,Auto Loan,681000.00,10.01,48,Defaulted,2022-06-06
LOAN02795,CUST04852,BR010,Business Loan,2853000.00,12.15,120,In Arrears,2021-08-01
LOAN02796,CUST03848,BR021,Education Loan,3437000.00,10.47,84,Active,2022-02-14
LOAN02797,CUST02072,BR034,Personal Loan,1080000.00,13.25,24,Closed,2019-03-03
LOAN02798,CUST03343,BR045,Personal Loan,1041000.00,11.73,60,Active,2020-06-30
LOAN02799,CUST03365,BR031,Home Loan,3446000.00,7.52,120,Active,2021-12-18
LOAN02800,CUST03635,BR021,Personal Loan,844000.00,11.67,12,Closed,2022-03-25
LOAN02801,CUST03204,BR029,Personal Loan,432000.00,16.09,24,Closed,2021-12-06
LOAN02802,CUST01832,BR001,Home Loan,3957000.00,9.14,120,Active,2021-11-07
LOAN02803,CUST02096,BR005,Home Loan,2720000.00,8.38,120,Active,2023-11-12
LOAN02804,CUST01139,BR025,Auto Loan,1167000.00,10.46,60,Active,2023-03-24
LOAN02805,CUST02653,BR040,Home Loan,3015000.00,8.49,180,Active,2023-08-07
LOAN02806,CUST00827,BR048,Business Loan,2520000.00,12.61,120,Active,2021-11-21
LOAN02807,CUST02107,BR039,Home Loan,8573000.00,9.35,120,Active,2023-11-18
LOAN02808,CUST01241,BR001,Gold Loan,206000.00,10.04,36,Active,2023-02-05
LOAN02809,CUST01796,BR044,Home Loan,9040000.00,8.33,300,Active,2023-08-15
LOAN02810,CUST01689,BR017,Home Loan,8598000.00,9.27,240,Active,2017-06-19
LOAN02811,CUST04144,BR036,Home Loan,5301000.00,9.15,120,Active,2023-02-15
LOAN02812,CUST03255,BR032,Gold Loan,747000.00,11.11,24,Active,2022-12-22
LOAN02813,CUST00957,BR047,Personal Loan,136000.00,12.14,36,In Arrears,2023-08-05
LOAN02814,CUST02291,BR034,Home Loan,2418000.00,8.93,240,Active,2023-07-22
LOAN02815,CUST04413,BR025,Personal Loan,882000.00,14.67,12,Closed,2021-11-04
LOAN02816,CUST01913,BR016,Auto Loan,2100000.00,8.56,36,Active,2022-05-23
LOAN02817,CUST03893,BR031,Personal Loan,920000.00,15.85,60,Active,2021-04-12
LOAN02818,CUST04285,BR036,Business Loan,6237000.00,10.86,120,Defaulted,2022-08-19
LOAN02819,CUST00351,BR026,Business Loan,713000.00,10.12,36,Active,2021-09-02
LOAN02820,CUST00995,BR046,Business Loan,5809000.00,10.09,120,Defaulted,2020-03-07
LOAN02821,CUST01524,BR040,Personal Loan,987000.00,11.80,12,Closed,2022-10-06
LOAN02822,CUST04445,BR033,Personal Loan,135000.00,15.09,12,Active,2023-07-11
LOAN02823,CUST01480,BR033,Auto Loan,573000.00,8.95,48,Closed,2020-03-24
LOAN02824,CUST01967,BR041,Personal Loan,1061000.00,15.96,12,Closed,2022-02-04
LOAN02825,CUST03564,BR015,Home Loan,6011000.00,9.23,240,Closed,2023-06-21
LOAN02826,CUST02309,BR034,Home Loan,4612000.00,9.10,180,Active,2023-08-19
LOAN02827,CUST01227,BR049,Home Loan,1749000.00,8.03,180,Active,2022-11-04
LOAN02828,CUST01588,BR005,Auto Loan,1059000.00,9.07,48,Active,2022-12-28
LOAN02829,CUST01806,BR050,Home Loan,7837000.00,8.93,120,Active,2018-02-19
LOAN02830,CUST03821,BR019,Education Loan,210000.00,10.99,120,Active,2021-09-09
LOAN02831,CUST01334,BR028,Personal Loan,256000.00,13.77,60,Defaulted,2017-08-15
LOAN02832,CUST01690,BR031,Auto Loan,558000.00,8.86,84,Active,2022-12-19
LOAN02833,CUST01841,BR007,Personal Loan,620000.00,13.77,48,Active,2022-07-03
LOAN02834,CUST01766,BR024,Personal Loan,71000.00,15.11,48,Active,2022-02-15
LOAN02835,CUST02754,BR044,Business Loan,7280000.00,12.32,120,Active,2023-01-03
LOAN02836,CUST02671,BR044,Personal Loan,1035000.00,11.83,60,Active,2023-11-04
LOAN02837,CUST01252,BR043,Business Loan,1498000.00,11.29,84,Active,2021-03-14
LOAN02838,CUST03653,BR030,Home Loan,2408000.00,8.10,240,In Arrears,2023-01-25
LOAN02839,CUST02238,BR035,Personal Loan,1103000.00,12.97,60,Active,2023-09-17
LOAN02840,CUST03874,BR022,Personal Loan,989000.00,13.27,60,Active,2023-12-23
LOAN02841,CUST00421,BR019,Home Loan,4844000.00,8.90,180,Closed,2019-02-07
LOAN02842,CUST01588,BR005,Business Loan,3016000.00,14.02,60,Active,2021-12-14
LOAN02843,CUST00239,BR005,Personal Loan,678000.00,13.40,24,Active,2023-02-04
LOAN02844,CUST01423,BR039,Personal Loan,1134000.00,11.93,60,Closed,2019-04-27
LOAN02845,CUST04557,BR013,Gold Loan,229000.00,12.38,12,Active,2023-09-01
LOAN02846,CUST03600,BR036,Auto Loan,488000.00,10.98,84,Active,2023-05-16
LOAN02847,CUST04838,BR046,Business Loan,4011000.00,10.21,84,Active,2021-08-07
LOAN02848,CUST03308,BR017,Gold Loan,196000.00,12.07,36,Active,2023-08-07
LOAN02849,CUST04932,BR037,Home Loan,4592000.00,8.09,240,Active,2020-05-20
LOAN02850,CUST03682,BR046,Auto Loan,1712000.00,10.34,84,Active,2023-11-14
LOAN02851,CUST02780,BR007,Home Loan,8438000.00,8.16,120,Active,2018-02-22
LOAN02852,CUST02091,BR046,Personal Loan,919000.00,14.60,12,Closed,2022-12-24
LOAN02853,CUST04610,BR044,Personal Loan,55000.00,11.73,60,Active,2021-05-21
LOAN02854,CUST00361,BR022,Personal Loan,532000.00,14.21,12,Closed,2022-07-27
LOAN02855,CUST02478,BR041,Personal Loan,363000.00,11.95,24,Active,2023-03-19
LOAN02856,CUST03225,BR046,Personal Loan,1066000.00,12.24,60,Defaulted,2020-12-20
LOAN02857,CUST04935,BR049,Personal Loan,869000.00,15.70,24,Active,2023-04-23
LOAN02858,CUST04340,BR022,Home Loan,4833000.00,8.59,180,Active,2017-06-20
LOAN02859,CUST03907,BR004,Auto Loan,587000.00,9.84,48,Active,2023-08-31
LOAN02860,CUST02959,BR015,Personal Loan,765000.00,13.32,24,Active,2023-10-27
LOAN02861,CUST01354,BR047,Personal Loan,653000.00,14.00,48,Active,2023-03-16
LOAN02862,CUST04445,BR033,Personal Loan,618000.00,11.99,36,Closed,2020-03-19
LOAN02863,CUST00119,BR036,Auto Loan,1783000.00,8.83,36,Active,2023-07-07
LOAN02864,CUST03426,BR014,Home Loan,7313000.00,8.35,120,Active,2021-07-01
LOAN02865,CUST00491,BR048,Auto Loan,518000.00,10.12,60,In Arrears,2020-11-08
LOAN02866,CUST01036,BR023,Business Loan,4607000.00,10.80,60,Active,2020-03-05
LOAN02867,CUST04762,BR017,Auto Loan,1005000.00,11.46,60,Closed,2016-04-28
LOAN02868,CUST00209,BR015,Auto Loan,784000.00,9.03,48,Active,2022-12-23
LOAN02869,CUST02673,BR032,Auto Loan,2158000.00,10.59,84,Closed,2016-12-18
LOAN02870,CUST04030,BR036,Home Loan,2756000.00,9.35,120,Defaulted,2023-01-23
LOAN02871,CUST01826,BR013,Gold Loan,593000.00,11.98,12,Closed,2022-11-22
LOAN02872,CUST03510,BR030,Business Loan,6981000.00,14.55,120,Defaulted,2019-10-06
LOAN02873,CUST03430,BR008,Home Loan,2691000.00,9.50,180,Closed,2022-03-08
LOAN02874,CUST01463,BR032,Home Loan,5246000.00,8.99,300,Active,2020-11-17
LOAN02875,CUST01375,BR042,Education Loan,924000.00,9.59,84,Active,2020-08-14
LOAN02876,CUST01436,BR026,Home Loan,2237000.00,8.81,180,Active,2022-02-17
LOAN02877,CUST03911,BR044,Personal Loan,919000.00,15.39,24,Closed,2023-10-15
LOAN02878,CUST02319,BR026,Home Loan,2583000.00,8.82,120,Active,2022-06-09
LOAN02879,CUST00370,BR009,Business Loan,2459000.00,14.49,120,Active,2022-04-05
LOAN02880,CUST01823,BR006,Home Loan,8198000.00,9.36,180,Closed,2020-10-21
LOAN02881,CUST02582,BR022,Personal Loan,497000.00,11.90,48,Closed,2018-01-26
LOAN02882,CUST03384,BR009,Auto Loan,1736000.00,10.69,36,Active,2022-01-20
LOAN02883,CUST04292,BR015,Personal Loan,513000.00,16.38,60,Closed,2019-04-10
LOAN02884,CUST00593,BR050,Auto Loan,1412000.00,9.62,60,Closed,2016-09-11
LOAN02885,CUST03858,BR049,Personal Loan,1149000.00,16.49,12,Closed,2020-12-12
LOAN02886,CUST03362,BR014,Personal Loan,1184000.00,11.54,12,Defaulted,2023-08-08
LOAN02887,CUST03380,BR014,Education Loan,1750000.00,9.32,84,Active,2022-10-14
LOAN02888,CUST01216,BR048,Auto Loan,1176000.00,8.88,84,Closed,2022-05-04
LOAN02889,CUST04705,BR014,Home Loan,6922000.00,9.17,300,Active,2023-09-10
LOAN02890,CUST00364,BR036,Personal Loan,740000.00,13.85,60,Active,2023-01-12
LOAN02891,CUST02627,BR002,Home Loan,5978000.00,9.41,300,Active,2022-12-17
LOAN02892,CUST03747,BR032,Home Loan,7870000.00,9.37,300,Active,2019-06-11
LOAN02893,CUST04550,BR033,Home Loan,8250000.00,8.23,300,Closed,2020-04-27
LOAN02894,CUST02881,BR001,Education Loan,284000.00,9.88,120,Active,2022-06-18
LOAN02895,CUST03510,BR030,Auto Loan,867000.00,10.14,36,Closed,2018-12-09
LOAN02896,CUST00050,BR038,Personal Loan,1097000.00,12.79,48,In Arrears,2022-04-12
LOAN02897,CUST03144,BR049,Home Loan,6069000.00,7.70,120,Active,2022-01-29
LOAN02898,CUST00366,BR025,Education Loan,2818000.00,9.41,120,Active,2020-07-04
LOAN02899,CUST04745,BR035,Personal Loan,305000.00,14.02,60,Active,2021-12-08
LOAN02900,CUST02937,BR014,Personal Loan,804000.00,13.16,24,Closed,2019-07-10
LOAN02901,CUST02749,BR037,Business Loan,6177000.00,11.01,60,Active,2022-12-12
LOAN02902,CUST02764,BR037,Business Loan,7222000.00,11.47,120,Active,2022-08-31
LOAN02903,CUST02593,BR037,Auto Loan,648000.00,8.99,48,Closed,2020-05-21
LOAN02904,CUST03052,BR038,Home Loan,7113000.00,8.89,300,Active,2023-05-10
LOAN02905,CUST00990,BR037,Personal Loan,1128000.00,14.68,36,Active,2022-12-18
LOAN02906,CUST04054,BR020,Personal Loan,1075000.00,13.56,36,Active,2021-09-13
LOAN02907,CUST00459,BR041,Personal Loan,56000.00,16.24,24,Defaulted,2020-02-12
LOAN02908,CUST02519,BR048,Business Loan,1841000.00,13.05,84,In Arrears,2019-04-09
LOAN02909,CUST02682,BR001,Auto Loan,1702000.00,9.67,48,Active,2022-03-23
LOAN02910,CUST02155,BR001,Home Loan,3790000.00,9.25,240,Active,2019-01-11
LOAN02911,CUST04813,BR035,Home Loan,5608000.00,9.45,120,Active,2023-11-05
LOAN02912,CUST00458,BR022,Home Loan,3199000.00,7.55,180,Active,2019-06-18
LOAN02913,CUST04379,BR050,Personal Loan,1054000.00,15.37,24,Closed,2020-03-22
LOAN02914,CUST01325,BR021,Home Loan,6196000.00,8.73,240,Defaulted,2021-07-01
LOAN02915,CUST01920,BR035,Home Loan,5624000.00,9.43,180,Active,2021-07-01
LOAN02916,CUST00648,BR030,Business Loan,2427000.00,13.45,84,Active,2019-09-17
LOAN02917,CUST02747,BR009,Home Loan,9239000.00,9.33,300,Active,2021-04-20
LOAN02918,CUST00816,BR027,Home Loan,7830000.00,8.94,180,Active,2023-09-14
LOAN02919,CUST04782,BR001,Auto Loan,2082000.00,10.17,36,Active,2021-11-16
LOAN02920,CUST02232,BR001,Personal Loan,705000.00,11.68,12,Closed,2020-10-10
LOAN02921,CUST01699,BR030,Personal Loan,537000.00,16.47,24,Closed,2022-03-09
LOAN02922,CUST04142,BR043,Auto Loan,281000.00,11.07,48,Active,2023-07-30
LOAN02923,CUST01514,BR030,Business Loan,6255000.00,10.11,120,Defaulted,2017-10-25
LOAN02924,CUST04255,BR021,Home Loan,8732000.00,9.45,180,Active,2022-06-07
LOAN02925,CUST04235,BR004,Business Loan,3842000.00,10.61,120,Active,2023-03-13
LOAN02926,CUST02549,BR009,Auto Loan,351000.00,10.39,48,Active,2023-08-22
LOAN02927,CUST00927,BR002,Auto Loan,495000.00,8.94,84,Active,2021-03-03
LOAN02928,CUST04961,BR039,Auto Loan,1965000.00,9.58,60,Active,2021-06-05
LOAN02929,CUST03532,BR039,Auto Loan,1548000.00,10.33,36,In Arrears,2023-04-13
LOAN02930,CUST04932,BR037,Personal Loan,335000.00,15.00,24,Closed,2020-11-06
LOAN02931,CUST01135,BR016,Personal Loan,893000.00,14.78,60,Closed,2018-11-23
LOAN02932,CUST04233,BR006,Home Loan,4808000.00,7.79,180,Active,2020-12-17
LOAN02933,CUST03048,BR032,Auto Loan,813000.00,10.54,60,Defaulted,2023-11-14
LOAN02934,CUST04011,BR029,Personal Loan,890000.00,16.14,12,Closed,2020-12-21
LOAN02935,CUST03727,BR021,Home Loan,4942000.00,8.32,180,Active,2023-01-11
LOAN02936,CUST01659,BR038,Personal Loan,922000.00,12.21,60,Active,2021-03-16
LOAN02937,CUST00993,BR029,Auto Loan,1657000.00,9.46,84,Active,2023-09-13
LOAN02938,CUST03367,BR021,Auto Loan,679000.00,9.86,36,Closed,2019-01-23
LOAN02939,CUST00704,BR047,Auto Loan,445000.00,9.12,60,Closed,2021-02-07
LOAN02940,CUST02540,BR043,Home Loan,4346000.00,8.16,300,Active,2020-07-20
LOAN02941,CUST02160,BR032,Home Loan,4246000.00,8.21,180,Active,2023-02-20
LOAN02942,CUST01130,BR002,Business Loan,4003000.00,12.30,36,Active,2022-02-27
LOAN02943,CUST03649,BR002,Auto Loan,921000.00,9.38,48,Closed,2020-06-10
LOAN02944,CUST01870,BR049,Business Loan,2240000.00,14.99,36,Active,2023-03-19
LOAN02945,CUST02127,BR027,Auto Loan,1196000.00,11.09,36,Closed,2023-11-18
LOAN02946,CUST04063,BR029,Education Loan,1850000.00,8.98,60,Active,2020-10-22
LOAN02947,CUST02743,BR017,Home Loan,2761000.00,7.60,240,Active,2018-04-16
LOAN02948,CUST01969,BR001,Auto Loan,824000.00,8.61,48,Closed,2018-02-22
LOAN02949,CUST03691,BR041,Auto Loan,1834000.00,9.91,60,Active,2022-09-28
LOAN02950,CUST04323,BR011,Personal Loan,192000.00,12.00,12,Defaulted,2023-06-15
LOAN02951,CUST02383,BR041,Auto Loan,324000.00,11.13,48,Active,2023-08-30
LOAN02952,CUST00509,BR012,Auto Loan,504000.00,8.82,36,Closed,2016-05-23
LOAN02953,CUST03725,BR045,Business Loan,5064000.00,14.81,120,Active,2023-10-27
LOAN02954,CUST03014,BR007,Personal Loan,736000.00,12.62,24,Closed,2022-05-26
LOAN02955,CUST04987,BR042,Personal Loan,852000.00,15.07,60,Active,2021-02-20
LOAN02956,CUST04369,BR037,Personal Loan,1147000.00,14.66,36,Active,2023-02-14
LOAN02957,CUST01714,BR044,Personal Loan,771000.00,13.46,60,Active,2021-06-02
LOAN02958,CUST01274,BR049,Personal Loan,779000.00,11.90,12,Closed,2017-06-20
LOAN02959,CUST02898,BR046,Personal Loan,441000.00,15.64,36,Active,2021-07-05
LOAN02960,CUST04884,BR045,Auto Loan,1702000.00,8.55,84,Active,2019-07-19
LOAN02961,CUST04755,BR045,Home Loan,7881000.00,7.56,180,Active,2020-02-02
LOAN02962,CUST02285,BR047,Auto Loan,1404000.00,10.61,36,Closed,2023-02-12
LOAN02963,CUST00954,BR012,Home Loan,2032000.00,8.43,180,Active,2023-07-07
LOAN02964,CUST00832,BR003,Business Loan,2869000.00,14.30,84,Active,2022-11-18
LOAN02965,CUST02667,BR011,Auto Loan,1471000.00,8.72,48,Closed,2018-09-13
LOAN02966,CUST03471,BR012,Home Loan,2825000.00,8.35,180,Closed,2023-04-30
LOAN02967,CUST04181,BR038,Education Loan,1297000.00,10.45,84,Active,2022-11-16
LOAN02968,CUST02504,BR045,Education Loan,1855000.00,8.19,84,Defaulted,2022-01-03
LOAN02969,CUST02429,BR017,Home Loan,8993000.00,8.55,120,Active,2023-09-18
LOAN02970,CUST02403,BR047,Education Loan,1727000.00,10.55,84,Defaulted,2023-10-02
LOAN02971,CUST03708,BR042,Home Loan,8131000.00,7.60,120,Active,2023-03-29
LOAN02972,CUST00750,BR016,Auto Loan,934000.00,9.83,60,Closed,2018-10-01
LOAN02973,CUST00311,BR030,Home Loan,5416000.00,8.01,240,Active,2020-10-01
LOAN02974,CUST01512,BR035,Auto Loan,2198000.00,10.97,60,Active,2020-03-05
LOAN02975,CUST02984,BR038,Personal Loan,1102000.00,16.35,36,Active,2023-11-19
LOAN02976,CUST04649,BR008,Personal Loan,973000.00,15.78,60,Defaulted,2017-09-23
LOAN02977,CUST03867,BR040,Gold Loan,572000.00,11.13,24,Defaulted,2022-09-30
LOAN02978,CUST02008,BR006,Home Loan,6617000.00,8.56,300,Active,2023-01-12
LOAN02979,CUST03839,BR036,Home Loan,9082000.00,9.11,180,Active,2019-10-12
LOAN02980,CUST03865,BR009,Education Loan,1703000.00,10.21,120,Active,2023-11-20
LOAN02981,CUST00515,BR034,Auto Loan,1121000.00,9.98,60,Active,2022-10-24
LOAN02982,CUST03596,BR027,Home Loan,7912000.00,7.58,180,Active,2022-04-20
LOAN02983,CUST04955,BR012,Auto Loan,438000.00,11.06,48,Active,2022-11-03
LOAN02984,CUST01952,BR049,Business Loan,5779000.00,13.37,120,Active,2022-11-05
LOAN02985,CUST00445,BR031,Gold Loan,287000.00,12.07,12,Active,2023-09-08
LOAN02986,CUST01296,BR013,Home Loan,3066000.00,9.13,240,Active,2023-02-27
LOAN02987,CUST00573,BR002,Education Loan,606000.00,10.17,120,Defaulted,2023-11-14
LOAN02988,CUST00028,BR017,Home Loan,1970000.00,9.34,300,Active,2022-02-09
LOAN02989,CUST03087,BR034,Home Loan,8492000.00,7.90,120,Active,2021-08-07
LOAN02990,CUST00914,BR042,Personal Loan,850000.00,13.93,24,Defaulted,2020-08-26
LOAN02991,CUST03361,BR029,Home Loan,1795000.00,7.96,120,Active,2022-01-22
LOAN02992,CUST02830,BR040,Home Loan,5096000.00,8.47,180,Active,2022-11-08
LOAN02993,CUST02404,BR012,Home Loan,6335000.00,8.84,180,Active,2022-02-28
LOAN02994,CUST01536,BR007,Home Loan,6244000.00,8.03,120,Active,2023-10-12
LOAN02995,CUST02928,BR035,Home Loan,2581000.00,9.33,240,Closed,2020-08-18
LOAN02996,CUST01621,BR043,Home Loan,5323000.00,8.67,120,In Arrears,2022-02-10
LOAN02997,CUST02410,BR010,Auto Loan,1966000.00,10.48,48,Active,2023-10-29
LOAN02998,CUST02600,BR036,Personal Loan,868000.00,14.90,36,Closed,2020-11-05
LOAN02999,CUST03710,BR039,Auto Loan,1777000.00,8.75,48,Closed,2019-12-12
LOAN03000,CUST03425,BR018,Gold Loan,692000.00,11.71,24,Active,2022-11-11
